SDRTrunk unified timeline v2 — CC + all traffic sessions
Window: from 22:42:52 to 22:43:58
Source: SDRTrunk capture session 20260418_22:42, CC @ 860.9625 MHz
Traffic frequencies: ['857.9875', '858.4375', '858.4625']

time       src           status     message
----------------------------------------------------------------------------------------------------------------------------------
22:42:52  CC             PASSED    <-> SYNC LOSS - BITS PROCESSED [712]
22:42:53  CC             PASSED    NAC:2209/x8A1 TSBK1 MOTOROLA TDMA DATA CHANNEL NOT ACTIVE MSG:1690423FFFFFFFFF0000D458
22:42:53  CC             PASSED    NAC:2209/x8A1 TSBK2 MOTOROLA TRAFFIC CHANNEL 059040C0C00000000800669F
22:42:53  CC             PASSED    NAC:2209/x8A1 TSBK3 TDMA_SYNC_BCST SYSTEM TIME UNLOCKED: 2026-04-18 21:46:40.350 -0500 LEAP-SECOND CORRECTION:0.0mS MICROSLOT-MINUTE ROLLOVER:SLOW
22:42:53  CC             PASSED    NAC:2209/x8A1 TSBK1 SEC_CCH_BROADCST RFSS:1/x01 SITE:1/x01 CHAN A:0-1277 SERVICE OPTIONS:[BACKUP CONTROL CHANNEL] CHAN B:0-1509 SERVICE OPTIONS:[BACKUP CONTROL CHANNEL]
22:42:53  CC             PASSED    NAC:2209/x8A1 TSBK2 GRP_VCH_GRNT_UPD GROUP A:300 CHAN A:0-1117
22:42:53  CC             PASSED    NAC:2209/x8A1 TSBK3 MOTOROLA SYSTEM LOADING MOTOROLA MSG:89900F000000000000000B4B
22:42:53  CC             PASSED    NAC:2209/x8A1 TSBK1 IDEN_UPDATE_TDMA ID:3 OFFSET:30000000 SPACING:12500 BASE:762006250 TDMA BW:12500 TIMESLOTS:2 VOCODER:HALF_RATE
22:42:53  CC             PASSED    NAC:2209/x8A1 TSBK2 RFSS_STATUS_BCST SYSTEM:2208/x8A0 RFSS:1/x01 SITE:1/x01 LRA:0/x00 CHAN:0-1593 ACTIVE NETWORK CONNECTION SERVICE OPTIONS:[DATA, VOICE, REGISTRATION]
22:42:53  CC             PASSED    NAC:2209/x8A1 TSBK3 NET_STATUS_BCAST WACN:781824/xBEE00 SYSTEM:2208/x8A0 LRA:0/x00 CHAN:0-1593 SERVICES:[DATA, VOICE, REGISTRATION]
22:42:53  CC             PASSED    NAC:2209/x8A1 TSBK1 IDEN_UPDATE ID:4 OFFSET:-39000000 SPACING:12500 BASE:935012500 FDMA BW:12500
22:42:53  CC             PASSED    NAC:2209/x8A1 TSBK2 SNDCP_DCH_ANN_EX CHAN:0-1193/----- AUTONOMOUS/REQUESTED-ACCESS DAC:1 **:0 SERVICE OPTIONS:NSAPI:0 HALF DUPLEX CIRCUIT MODE
22:42:53  CC             PASSED    NAC:2209/x8A1 TSBK3 IDEN_UPDATE_TDMA ID:5 OFFSET:-39000000 SPACING:12500 BASE:935012500 TDMA BW:12500 TIMESLOTS:2 VOCODER:HALF_RATE
22:42:53  CC             PASSED    NAC:2209/x8A1 TSBK1 MOTOROLA TDMA DATA CHANNEL NOT ACTIVE MSG:1690423FFFFFFFFF0000D458
22:42:53  CC             PASSED    NAC:2209/x8A1 TSBK2 MOTOROLA TRAFFIC CHANNEL 059040C0C00000000800669F
22:42:53  CC             PASSED    NAC:2209/x8A1 TSBK3 CCH BASE STAT ID CHAN:0-1593 CWID:
22:42:53  CC             PASSED    NAC:2209/x8A1 TSBK1 TDMA_SYNC_BCST SYSTEM TIME UNLOCKED: 2026-04-18 21:46:40.725 -0500 LEAP-SECOND CORRECTION:0.0mS MICROSLOT-MINUTE ROLLOVER:SLOW
22:42:53  CC             PASSED    NAC:2209/x8A1 TSBK2 SEC_CCH_BROADCST RFSS:1/x01 SITE:1/x01 CHAN A:0-1509 SERVICE OPTIONS:[BACKUP CONTROL CHANNEL] CHAN B:0-1349 SERVICE OPTIONS:[BACKUP CONTROL CHANNEL]
22:42:53  CC             PASSED    NAC:2209/x8A1 TSBK3 GRP_VCH_GRNT_UPD GROUP A:300 CHAN A:0-1117
22:42:53  CC             PASSED    NAC:2209/x8A1 TSBK1 MOTOROLA SYSTEM LOADING MOTOROLA MSG:09901040000000000000D6E5
22:42:53  CC             PASSED    NAC:2209/x8A1 TSBK2 IDEN_UPDATE ID:0 OFFSET:-45000000 SPACING:6250 BASE:851006250 FDMA BW:12500
22:42:53  CC             PASSED    NAC:2209/x8A1 TSBK3 RFSS_STATUS_BCST SYSTEM:2208/x8A0 RFSS:1/x01 SITE:1/x01 LRA:0/x00 CHAN:0-1593 ACTIVE NETWORK CONNECTION SERVICE OPTIONS:[DATA, VOICE, REGISTRATION]
22:42:53  CC             PASSED    NAC:2209/x8A1 TSBK1 NET_STATUS_BCAST WACN:781824/xBEE00 SYSTEM:2208/x8A0 LRA:0/x00 CHAN:0-1593 SERVICES:[DATA, VOICE, REGISTRATION]
22:42:53  CC             PASSED    NAC:2209/x8A1 TSBK2 IDEN_UPDATE ID:1 OFFSET:30000000 SPACING:6250 BASE:762006250 FDMA BW:12500
22:42:53  CC             PASSED    NAC:2209/x8A1 TSBK3 SNDCP_DCH_ANN_EX CHAN:0-1193/----- AUTONOMOUS/REQUESTED-ACCESS DAC:1 **:0 SERVICE OPTIONS:NSAPI:0 HALF DUPLEX CIRCUIT MODE
22:42:53  CC             PASSED    NAC:2209/x8A1 TSBK1 IDEN_UPDATE_TDMA ID:2 OFFSET:-45000000 SPACING:12500 BASE:851012500 TDMA BW:12500 TIMESLOTS:2 VOCODER:HALF_RATE
22:42:53  CC             PASSED    NAC:2209/x8A1 TSBK2 MOTOROLA TDMA DATA CHANNEL NOT ACTIVE MSG:1690423FFFFFFFFF0000D458
22:42:53  CC             PASSED    NAC:2209/x8A1 TSBK3 MOTOROLA TRAFFIC CHANNEL 859040C0C0000000080082AB
22:42:53  CC             PASSED    NAC:2209/x8A1 TSBK1 TDMA_SYNC_BCST SYSTEM TIME UNLOCKED: 2026-04-18 21:46:41.025 -0500 LEAP-SECOND CORRECTION:0.0mS MICROSLOT-MINUTE ROLLOVER:SLOW
22:42:53  CC             PASSED    NAC:2209/x8A1 TSBK2 SEC_CCH_BROADCST RFSS:1/x01 SITE:1/x01 CHAN A:0-1349 SERVICE OPTIONS:[BACKUP CONTROL CHANNEL] CHAN B:0-1277 SERVICE OPTIONS:[BACKUP CONTROL CHANNEL]
22:42:53  CC             PASSED    NAC:2209/x8A1 TSBK3 GRP_VCH_GRNT_UPD GROUP A:300 CHAN A:0-1117
22:42:53  CC             PASSED    NAC:2209/x8A1 TSBK1 MOTOROLA SYSTEM LOADING MOTOROLA MSG:09900F00000000000000EF7F
22:42:53  CC             PASSED    NAC:2209/x8A1 TSBK2 IDEN_UPDATE_TDMA ID:3 OFFSET:30000000 SPACING:12500 BASE:762006250 TDMA BW:12500 TIMESLOTS:2 VOCODER:HALF_RATE
22:42:53  CC             PASSED    NAC:2209/x8A1 TSBK3 RFSS_STATUS_BCST SYSTEM:2208/x8A0 RFSS:1/x01 SITE:1/x01 LRA:0/x00 CHAN:0-1593 ACTIVE NETWORK CONNECTION SERVICE OPTIONS:[DATA, VOICE, REGISTRATION]
22:42:53  CC             PASSED    NAC:2209/x8A1 TSBK1 NET_STATUS_BCAST WACN:781824/xBEE00 SYSTEM:2208/x8A0 LRA:0/x00 CHAN:0-1593 SERVICES:[DATA, VOICE, REGISTRATION]
22:42:53  CC             PASSED    NAC:2209/x8A1 TSBK2 IDEN_UPDATE ID:4 OFFSET:-39000000 SPACING:12500 BASE:935012500 FDMA BW:12500
22:42:53  CC             PASSED    NAC:2209/x8A1 TSBK3 SNDCP_DCH_ANN_EX CHAN:0-1193/----- AUTONOMOUS/REQUESTED-ACCESS DAC:1 **:0 SERVICE OPTIONS:NSAPI:0 HALF DUPLEX CIRCUIT MODE
22:42:53  CC             PASSED    NAC:2209/x8A1 TSBK1 IDEN_UPDATE_TDMA ID:5 OFFSET:-39000000 SPACING:12500 BASE:935012500 TDMA BW:12500 TIMESLOTS:2 VOCODER:HALF_RATE
22:42:53  CC             PASSED    NAC:2209/x8A1 TSBK2 CCH BASE STAT ID CHAN:0-1593 CWID:
22:42:53  CC             PASSED    NAC:2209/x8A1 TSBK3 MOTOROLA TDMA DATA CHANNEL NOT ACTIVE MSG:9690423FFFFFFFFF0000306C
22:42:53  CC             PASSED    NAC:2209/x8A1 TSBK1 MOTOROLA TRAFFIC CHANNEL 059040C0C00000000800669F
22:42:53  T1 857.9875    PASSED    <-> SYNC LOSS - BITS PROCESSED [116]
22:42:53  T1 857.9875    PASSED    <-> SYNC LOSS - BITS PROCESSED [1732]
22:42:53  T1 857.9875    PASSED    NAC:2209/x8A1 TDULC GROUP VOICE CHANNEL USER FM:0 TO:300 SERVICE OPTIONS:PRI4 CIRCUIT
22:42:54  CC             PASSED    NAC:2209/x8A1 TSBK2 TDMA_SYNC_BCST SYSTEM TIME UNLOCKED: 2026-04-18 21:46:41.325 -0500 LEAP-SECOND CORRECTION:0.0mS MICROSLOT-MINUTE ROLLOVER:SLOW
22:42:54  CC             PASSED    NAC:2209/x8A1 TSBK3 SEC_CCH_BROADCST RFSS:1/x01 SITE:1/x01 CHAN A:0-1277 SERVICE OPTIONS:[BACKUP CONTROL CHANNEL] CHAN B:0-1509 SERVICE OPTIONS:[BACKUP CONTROL CHANNEL]
22:42:54  CC             PASSED    NAC:2209/x8A1 TSBK1 GRP_VCH_GRNT_UPD GROUP A:300 CHAN A:0-1117
22:42:54  CC             PASSED    NAC:2209/x8A1 TSBK2 MOTOROLA SYSTEM LOADING MOTOROLA MSG:09901040000000000000D6E5
22:42:54  CC             PASSED    NAC:2209/x8A1 TSBK3 IDEN_UPDATE ID:0 OFFSET:-45000000 SPACING:6250 BASE:851006250 FDMA BW:12500
22:42:54  CC             PASSED    NAC:2209/x8A1 TSBK1 RFSS_STATUS_BCST SYSTEM:2208/x8A0 RFSS:1/x01 SITE:1/x01 LRA:0/x00 CHAN:0-1593 ACTIVE NETWORK CONNECTION SERVICE OPTIONS:[DATA, VOICE, REGISTRATION]
22:42:54  CC             PASSED    NAC:2209/x8A1 TSBK2 NET_STATUS_BCAST WACN:781824/xBEE00 SYSTEM:2208/x8A0 LRA:0/x00 CHAN:0-1593 SERVICES:[DATA, VOICE, REGISTRATION]
22:42:54  CC             PASSED    NAC:2209/x8A1 TSBK3 IDEN_UPDATE ID:1 OFFSET:30000000 SPACING:6250 BASE:762006250 FDMA BW:12500
22:42:54  CC             PASSED    NAC:2209/x8A1 TSBK1 SNDCP_DCH_ANN_EX CHAN:0-1193/----- AUTONOMOUS/REQUESTED-ACCESS DAC:1 **:0 SERVICE OPTIONS:NSAPI:0 HALF DUPLEX CIRCUIT MODE
22:42:54  CC             PASSED    NAC:2209/x8A1 TSBK2 IDEN_UPDATE_TDMA ID:2 OFFSET:-45000000 SPACING:12500 BASE:851012500 TDMA BW:12500 TIMESLOTS:2 VOCODER:HALF_RATE
22:42:54  CC             PASSED    NAC:2209/x8A1 TSBK3 MOTOROLA TDMA DATA CHANNEL NOT ACTIVE MSG:9690423FFFFFFFFF0000306C
22:42:54  CC             PASSED    NAC:2209/x8A1 TSBK1 MOTOROLA TRAFFIC CHANNEL 059040C0C00000000800669F
22:42:54  CC             PASSED    NAC:2209/x8A1 TSBK2 TDMA_SYNC_BCST SYSTEM TIME UNLOCKED: 2026-04-18 21:46:41.625 -0500 LEAP-SECOND CORRECTION:0.0mS MICROSLOT-MINUTE ROLLOVER:SLOW
22:42:54  CC             PASSED    NAC:2209/x8A1 TSBK3 SEC_CCH_BROADCST RFSS:1/x01 SITE:1/x01 CHAN A:0-1509 SERVICE OPTIONS:[BACKUP CONTROL CHANNEL] CHAN B:0-1349 SERVICE OPTIONS:[BACKUP CONTROL CHANNEL]
22:42:54  CC             PASSED    NAC:2209/x8A1 TSBK1 GRP_VCH_GRNT_UPD GROUP A:300 CHAN A:0-1117
22:42:54  CC             PASSED    NAC:2209/x8A1 TSBK2 MOTOROLA SYSTEM LOADING MOTOROLA MSG:09900F00000000000000EF7F
22:42:54  CC             PASSED    NAC:2209/x8A1 TSBK3 IDEN_UPDATE_TDMA ID:3 OFFSET:30000000 SPACING:12500 BASE:762006250 TDMA BW:12500 TIMESLOTS:2 VOCODER:HALF_RATE
22:42:54  CC             PASSED    NAC:2209/x8A1 TSBK1 RFSS_STATUS_BCST SYSTEM:2208/x8A0 RFSS:1/x01 SITE:1/x01 LRA:0/x00 CHAN:0-1593 ACTIVE NETWORK CONNECTION SERVICE OPTIONS:[DATA, VOICE, REGISTRATION]
22:42:54  CC             PASSED    NAC:2209/x8A1 TSBK2 NET_STATUS_BCAST WACN:781824/xBEE00 SYSTEM:2208/x8A0 LRA:0/x00 CHAN:0-1593 SERVICES:[DATA, VOICE, REGISTRATION]
22:42:54  CC             PASSED    NAC:2209/x8A1 TSBK3 IDEN_UPDATE ID:4 OFFSET:-39000000 SPACING:12500 BASE:935012500 FDMA BW:12500
22:42:54  CC             PASSED    NAC:2209/x8A1 TSBK1 CCH BASE STAT ID CHAN:0-1593 CWID:
22:42:54  CC             PASSED    NAC:2209/x8A1 TSBK2 SNDCP_DCH_ANN_EX CHAN:0-1193/----- AUTONOMOUS/REQUESTED-ACCESS DAC:1 **:0 SERVICE OPTIONS:NSAPI:0 HALF DUPLEX CIRCUIT MODE
22:42:54  CC             PASSED    NAC:2209/x8A1 TSBK3 IDEN_UPDATE_TDMA ID:5 OFFSET:-39000000 SPACING:12500 BASE:935012500 TDMA BW:12500 TIMESLOTS:2 VOCODER:HALF_RATE
22:42:54  CC             PASSED    NAC:2209/x8A1 TSBK1 MOTOROLA TDMA DATA CHANNEL NOT ACTIVE MSG:1690423FFFFFFFFF0000D458
22:42:54  CC             PASSED    NAC:2209/x8A1 TSBK2 MOTOROLA TRAFFIC CHANNEL 059040C0C00000000800669F
22:42:54  CC             PASSED    NAC:2209/x8A1 TSBK3 TDMA_SYNC_BCST SYSTEM TIME UNLOCKED: 2026-04-18 21:46:41.925 -0500 LEAP-SECOND CORRECTION:0.0mS MICROSLOT-MINUTE ROLLOVER:SLOW
22:42:54  CC             PASSED    NAC:2209/x8A1 TSBK1 SEC_CCH_BROADCST RFSS:1/x01 SITE:1/x01 CHAN A:0-1349 SERVICE OPTIONS:[BACKUP CONTROL CHANNEL] CHAN B:0-1277 SERVICE OPTIONS:[BACKUP CONTROL CHANNEL]
22:42:54  CC             PASSED    NAC:2209/x8A1 TSBK2 MOTOROLA SYSTEM LOADING MOTOROLA MSG:09900F00000000000000EF7F
22:42:54  CC             PASSED    NAC:2209/x8A1 TSBK3 IDEN_UPDATE ID:0 OFFSET:-45000000 SPACING:6250 BASE:851006250 FDMA BW:12500
22:42:54  CC             PASSED    NAC:2209/x8A1 TSBK1 RFSS_STATUS_BCST SYSTEM:2208/x8A0 RFSS:1/x01 SITE:1/x01 LRA:0/x00 CHAN:0-1593 ACTIVE NETWORK CONNECTION SERVICE OPTIONS:[DATA, VOICE, REGISTRATION]
22:42:54  CC             PASSED    NAC:2209/x8A1 TSBK2 NET_STATUS_BCAST WACN:781824/xBEE00 SYSTEM:2208/x8A0 LRA:0/x00 CHAN:0-1593 SERVICES:[DATA, VOICE, REGISTRATION]
22:42:54  CC             PASSED    NAC:2209/x8A1 TSBK3 IDEN_UPDATE ID:1 OFFSET:30000000 SPACING:6250 BASE:762006250 FDMA BW:12500
22:42:54  CC             PASSED    NAC:2209/x8A1 TSBK1 SNDCP_DCH_ANN_EX CHAN:0-1193/----- AUTONOMOUS/REQUESTED-ACCESS DAC:1 **:0 SERVICE OPTIONS:NSAPI:0 HALF DUPLEX CIRCUIT MODE
22:42:54  CC             PASSED    NAC:2209/x8A1 TSBK2 IDEN_UPDATE_TDMA ID:2 OFFSET:-45000000 SPACING:12500 BASE:851012500 TDMA BW:12500 TIMESLOTS:2 VOCODER:HALF_RATE
22:42:54  CC             PASSED    NAC:2209/x8A1 TSBK3 MOTOROLA TDMA DATA CHANNEL NOT ACTIVE MSG:9690423FFFFFFFFF0000306C
22:42:54  CC             PASSED    NAC:2209/x8A1 TSBK1 MOTOROLA TRAFFIC CHANNEL 059040C0C00000000800669F
22:42:54  CC             PASSED    NAC:2209/x8A1 TSBK2 TDMA_SYNC_BCST SYSTEM TIME UNLOCKED: 2026-04-18 21:46:42.225 -0500 LEAP-SECOND CORRECTION:0.0mS MICROSLOT-MINUTE ROLLOVER:SLOW
22:42:54  CC             PASSED    NAC:2209/x8A1 TSBK3 SEC_CCH_BROADCST RFSS:1/x01 SITE:1/x01 CHAN A:0-1277 SERVICE OPTIONS:[BACKUP CONTROL CHANNEL] CHAN B:0-1509 SERVICE OPTIONS:[BACKUP CONTROL CHANNEL]
22:42:54  CC             PASSED    NAC:2209/x8A1 TSBK1 MOTOROLA SYSTEM LOADING MOTOROLA MSG:09900DC000000000000016CC
22:42:54  T1 857.9875    PASSED    NAC:2209/x8A1 TDULC GROUP VOICE CHANNEL USER FM:0 TO:300 SERVICE OPTIONS:PRI4 CIRCUIT
22:42:54  T1 857.9875    PASSED    NAC:2209/x8A1 TDULC GROUP VOICE CHANNEL USER FM:0 TO:300 SERVICE OPTIONS:PRI4 CIRCUIT
22:42:54  T1 857.9875    PASSED    NAC:2209/x8A1 TDULC GROUP VOICE CHANNEL USER FM:0 TO:300 SERVICE OPTIONS:PRI4 CIRCUIT
22:42:54  T1 857.9875    PASSED    NAC:2209/x8A1 TDULC GROUP VOICE CHANNEL USER FM:0 TO:300 SERVICE OPTIONS:PRI4 CIRCUIT
22:42:54  T1 857.9875    PASSED    NAC:2209/x8A1 TDULC GROUP VOICE CHANNEL USER FM:0 TO:300 SERVICE OPTIONS:PRI4 CIRCUIT
22:42:54  T1 857.9875    PASSED    NAC:2209/x8A1 TDULC GROUP VOICE CHANNEL USER FM:0 TO:300 SERVICE OPTIONS:PRI4 CIRCUIT
22:42:54  T1 857.9875    PASSED    NAC:2209/x8A1 TDULC GROUP VOICE CHANNEL USER FM:0 TO:300 SERVICE OPTIONS:PRI4 CIRCUIT
22:42:54  T1 857.9875    PASSED    NAC:2209/x8A1 TDULC GROUP VOICE CHANNEL USER FM:0 TO:300 SERVICE OPTIONS:PRI4 CIRCUIT
22:42:54  T1 857.9875    PASSED    NAC:2209/x8A1 TDULC GROUP VOICE CHANNEL USER FM:0 TO:300 SERVICE OPTIONS:PRI4 CIRCUIT
22:42:54  T1 857.9875    PASSED    NAC:2209/x8A1 TDULC GROUP VOICE CHANNEL USER FM:0 TO:300 SERVICE OPTIONS:PRI4 CIRCUIT
22:42:54  T1 857.9875    PASSED    NAC:2209/x8A1 TDULC GROUP VOICE CHANNEL USER FM:0 TO:300 SERVICE OPTIONS:PRI4 CIRCUIT
22:42:54  T1 857.9875    PASSED    NAC:2209/x8A1 TDULC GROUP VOICE CHANNEL USER FM:0 TO:300 SERVICE OPTIONS:PRI4 CIRCUIT
22:42:54  T1 857.9875    PASSED    NAC:2209/x8A1 TDULC GROUP VOICE CHANNEL USER FM:0 TO:300 SERVICE OPTIONS:PRI4 CIRCUIT
22:42:54  T1 857.9875    PASSED    NAC:2209/x8A1 TDULC GROUP VOICE CHANNEL USER FM:0 TO:300 SERVICE OPTIONS:PRI4 CIRCUIT
22:42:54  T1 857.9875    PASSED    NAC:2209/x8A1 TDULC GROUP VOICE CHANNEL USER FM:0 TO:300 SERVICE OPTIONS:PRI4 CIRCUIT
22:42:54  T1 857.9875    PASSED    NAC:2209/x8A1 TDULC GROUP VOICE CHANNEL USER FM:0 TO:300 SERVICE OPTIONS:PRI4 CIRCUIT
22:42:55  CC             PASSED    NAC:2209/x8A1 TSBK2 IDEN_UPDATE_TDMA ID:3 OFFSET:30000000 SPACING:12500 BASE:762006250 TDMA BW:12500 TIMESLOTS:2 VOCODER:HALF_RATE
22:42:55  CC             PASSED    NAC:2209/x8A1 TSBK3 ACK_RESPONSE_FNE FM:16777213 TO:3416052 ACKNOWLEDGING:GRP_V_REQ
22:42:55  CC             PASSED    NAC:2209/x8A1 TSBK1 RFSS_STATUS_BCST SYSTEM:2208/x8A0 RFSS:1/x01 SITE:1/x01 LRA:0/x00 CHAN:0-1593 ACTIVE NETWORK CONNECTION SERVICE OPTIONS:[DATA, VOICE, REGISTRATION]
22:42:55  CC             PASSED    NAC:2209/x8A1 TSBK2 SNDCP_DCH_GRANT TO:3402099 CHAN:0-1193 SERVICE OPTIONS:NSAPI:1 HALF DUPLEX CIRCUIT MODE
22:42:55  CC             PASSED    NAC:2209/x8A1 TSBK3 GRP_VCH_GRANT FM:3416052 TO:417 CHAN:0-1189 PRI4 ENCRYPTED CIRCUIT
22:42:55  CC             PASSED    NAC:2209/x8A1 TSBK1 ACK_RESPONSE_FNE FM:16777213 TO:3416052 ACKNOWLEDGING:GRP_V_REQ
22:42:55  CC             PASSED    NAC:2209/x8A1 TSBK2 SNDCP_DCH_GRANT TO:3402099 CHAN:0-1193 SERVICE OPTIONS:NSAPI:1 HALF DUPLEX CIRCUIT MODE
22:42:55  CC             PASSED    NAC:2209/x8A1 TSBK3 GRP_VCH_GRANT FM:3416052 TO:417 CHAN:0-1189 PRI4 ENCRYPTED CIRCUIT
22:42:55  CC             PASSED    NAC:2209/x8A1 TSBK1 NET_STATUS_BCAST WACN:781824/xBEE00 SYSTEM:2208/x8A0 LRA:0/x00 CHAN:0-1593 SERVICES:[DATA, VOICE, REGISTRATION]
22:42:55  CC             PASSED    NAC:2209/x8A1 TSBK2 SNDCP_DCH_GRANT TO:3402099 CHAN:0-1193 SERVICE OPTIONS:NSAPI:1 HALF DUPLEX CIRCUIT MODE
22:42:55  CC             PASSED    NAC:2209/x8A1 TSBK3 GRP_VCH_GRNT_UPD GROUP A:417 CHAN A:0-1189
22:42:55  CC             PASSED    NAC:2209/x8A1 TSBK1 CCH BASE STAT ID CHAN:0-1593 CWID:
22:42:55  CC             PASSED    NAC:2209/x8A1 TSBK2 IDEN_UPDATE ID:4 OFFSET:-39000000 SPACING:12500 BASE:935012500 FDMA BW:12500
22:42:55  CC             PASSED    NAC:2209/x8A1 TSBK3 SNDCP_DCH_ANN_EX CHAN:0-1193/----- AUTONOMOUS/REQUESTED-ACCESS DAC:1 **:0 SERVICE OPTIONS:NSAPI:0 HALF DUPLEX CIRCUIT MODE
22:42:55  CC             PASSED    NAC:2209/x8A1 TSBK1 IDEN_UPDATE_TDMA ID:5 OFFSET:-39000000 SPACING:12500 BASE:935012500 TDMA BW:12500 TIMESLOTS:2 VOCODER:HALF_RATE
22:42:55  CC             PASSED    NAC:2209/x8A1 TSBK2 MOTOROLA TDMA DATA CHANNEL NOT ACTIVE MSG:1690423FFFFFFFFF0000D458
22:42:55  CC             PASSED    NAC:2209/x8A1 TSBK3 MOTOROLA TRAFFIC CHANNEL 859040C0C0000000080082AB
22:42:55  CC             PASSED    NAC:2209/x8A1 TSBK1 TDMA_SYNC_BCST SYSTEM TIME UNLOCKED: 2026-04-18 21:46:42.750 -0500 LEAP-SECOND CORRECTION:0.0mS MICROSLOT-MINUTE ROLLOVER:SLOW
22:42:55  CC             PASSED    NAC:2209/x8A1 TSBK2 SEC_CCH_BROADCST RFSS:1/x01 SITE:1/x01 CHAN A:0-1509 SERVICE OPTIONS:[BACKUP CONTROL CHANNEL] CHAN B:0-1349 SERVICE OPTIONS:[BACKUP CONTROL CHANNEL]
22:42:55  CC             PASSED    NAC:2209/x8A1 TSBK3 MOTOROLA SYSTEM LOADING MOTOROLA MSG:89901900000000000000B634
22:42:55  CC             PASSED    NAC:2209/x8A1 TSBK1 IDEN_UPDATE ID:0 OFFSET:-45000000 SPACING:6250 BASE:851006250 FDMA BW:12500
22:42:55  CC             PASSED    NAC:2209/x8A1 TSBK2 RFSS_STATUS_BCST SYSTEM:2208/x8A0 RFSS:1/x01 SITE:1/x01 LRA:0/x00 CHAN:0-1593 ACTIVE NETWORK CONNECTION SERVICE OPTIONS:[DATA, VOICE, REGISTRATION]
22:42:55  CC             PASSED    NAC:2209/x8A1 TSBK3 NET_STATUS_BCAST WACN:781824/xBEE00 SYSTEM:2208/x8A0 LRA:0/x00 CHAN:0-1593 SERVICES:[DATA, VOICE, REGISTRATION]
22:42:55  CC             PASSED    NAC:2209/x8A1 TSBK1 GRP_VCH_GRNT_UPD GROUP A:417 CHAN A:0-1189
22:42:55  CC             PASSED    NAC:2209/x8A1 TSBK2 IDEN_UPDATE ID:1 OFFSET:30000000 SPACING:6250 BASE:762006250 FDMA BW:12500
22:42:55  CC             PASSED    NAC:2209/x8A1 TSBK3 SNDCP_DCH_ANN_EX CHAN:0-1193/----- AUTONOMOUS/REQUESTED-ACCESS DAC:1 **:0 SERVICE OPTIONS:NSAPI:0 HALF DUPLEX CIRCUIT MODE
22:42:55  CC             PASSED    NAC:2209/x8A1 TSBK1 IDEN_UPDATE_TDMA ID:2 OFFSET:-45000000 SPACING:12500 BASE:851012500 TDMA BW:12500 TIMESLOTS:2 VOCODER:HALF_RATE
22:42:55  CC             PASSED    NAC:2209/x8A1 TSBK2 MOTOROLA TDMA DATA CHANNEL NOT ACTIVE MSG:1690423FFFFFFFFF0000D458
22:42:55  CC             PASSED    NAC:2209/x8A1 TSBK3 MOTOROLA TRAFFIC CHANNEL 859040C0C0000000080082AB
22:42:55  CC             PASSED    NAC:2209/x8A1 TSBK1 TDMA_SYNC_BCST SYSTEM TIME UNLOCKED: 2026-04-18 21:46:43.050 -0500 LEAP-SECOND CORRECTION:0.0mS MICROSLOT-MINUTE ROLLOVER:SLOW
22:42:55  CC             PASSED    NAC:2209/x8A1 TSBK2 SEC_CCH_BROADCST RFSS:1/x01 SITE:1/x01 CHAN A:0-1349 SERVICE OPTIONS:[BACKUP CONTROL CHANNEL] CHAN B:0-1277 SERVICE OPTIONS:[BACKUP CONTROL CHANNEL]
22:42:55  CC             PASSED    NAC:2209/x8A1 TSBK3 MOTOROLA SYSTEM LOADING MOTOROLA MSG:89900F000000000000000B4B
22:42:55  CC             PASSED    NAC:2209/x8A1 TSBK1 IDEN_UPDATE_TDMA ID:3 OFFSET:30000000 SPACING:12500 BASE:762006250 TDMA BW:12500 TIMESLOTS:2 VOCODER:HALF_RATE
22:42:55  CC             PASSED    NAC:2209/x8A1 TSBK2 RFSS_STATUS_BCST SYSTEM:2208/x8A0 RFSS:1/x01 SITE:1/x01 LRA:0/x00 CHAN:0-1593 ACTIVE NETWORK CONNECTION SERVICE OPTIONS:[DATA, VOICE, REGISTRATION]
22:42:55  CC             PASSED    NAC:2209/x8A1 TSBK3 CCH BASE STAT ID CHAN:0-1593 CWID:
22:42:55  CC             PASSED    NAC:2209/x8A1 TSBK1 NET_STATUS_BCAST WACN:781824/xBEE00 SYSTEM:2208/x8A0 LRA:0/x00 CHAN:0-1593 SERVICES:[DATA, VOICE, REGISTRATION]
22:42:55  CC             PASSED    NAC:2209/x8A1 TSBK2 GRP_VCH_GRNT_UPD GROUP A:417 CHAN A:0-1189
22:42:55  CC             PASSED    NAC:2209/x8A1 TSBK3 IDEN_UPDATE ID:4 OFFSET:-39000000 SPACING:12500 BASE:935012500 FDMA BW:12500
22:42:55  CC             PASSED    NAC:2209/x8A1 TSBK1 SNDCP_DCH_ANN_EX CHAN:0-1193/----- AUTONOMOUS/REQUESTED-ACCESS DAC:1 **:0 SERVICE OPTIONS:NSAPI:0 HALF DUPLEX CIRCUIT MODE
22:42:55  CC             PASSED    NAC:2209/x8A1 TSBK2 SNDCP_DCH_GRANT TO:3402043 CHAN:0-1193 SERVICE OPTIONS:NSAPI:1 HALF DUPLEX CIRCUIT MODE
22:42:55  CC             PASSED    NAC:2209/x8A1 TSBK3 IDEN_UPDATE_TDMA ID:5 OFFSET:-39000000 SPACING:12500 BASE:935012500 TDMA BW:12500 TIMESLOTS:2 VOCODER:HALF_RATE
22:42:55  T2 858.4625    PASSED    <-> SYNC LOSS - BITS PROCESSED [320]
22:42:55  T2 858.4625    PASSED    NAC:2209/x8A1 TDULC GROUP VOICE CHANNEL UPDATE TALKGROUP A:417 CHAN A:0-1189
22:42:55  T2 858.4625    PASSED    <-> SYNC LOSS - BITS PROCESSED [2016]
22:42:55  T2 858.4625    PASSED    NAC:2209/x8A1 TDULC GROUP VOICE CHANNEL UPDATE TALKGROUP A:417 CHAN A:0-1189
22:42:55  T2 858.4625    PASSED    NAC:2209/x8A1 TDULC RFSS STATUS BROADCAST LRA:0/x00 SYSTEM:2208/x8A0 SITE:1/x01-1/x01 CHAN:0-1593 SERVICE OPTIONS:[DATA, VOICE, REGISTRATION]
22:42:55  T2 858.4625    PASSED    NAC:2209/x8A1 TDULC GROUP VOICE CHANNEL UPDATE TALKGROUP A:417 CHAN A:0-1189
22:42:55  T2 858.4625    PASSED    NAC:2209/x8A1 TDULC RFSS STATUS BROADCAST LRA:0/x00 SYSTEM:2208/x8A0 SITE:1/x01-1/x01 CHAN:0-1593 SERVICE OPTIONS:[DATA, VOICE, REGISTRATION]
22:42:55  T2 858.4625    PASSED    NAC:2209/x8A1 TDU
22:42:55  T2 858.4625    PASSED    NAC:2209/x8A1 TDU
22:42:55  T2 858.4625    PASSED    NAC:2209/x8A1 TDU
22:42:55  T2 858.4625    PASSED    NAC:2209/x8A1 PDU RESPONSE TO:3402099 ALL BLOCKS RECEIVED
22:42:55  T2 858.4625    PASSED    NAC:2209/x8A1 TDU
22:42:55  T2 858.4625    PASSED    NAC:2209/x8A1 TDU
22:42:55  T2 858.4625    PASSED    NAC:2209/x8A1 TDULC GROUP VOICE CHANNEL UPDATE TALKGROUP A:417 CHAN A:0-1189
22:42:55  T2 858.4625    PASSED    NAC:2209/x8A1 TDULC RFSS STATUS BROADCAST LRA:0/x00 SYSTEM:2208/x8A0 SITE:1/x01-1/x01 CHAN:0-1593 SERVICE OPTIONS:[DATA, VOICE, REGISTRATION]
22:42:55  T2 858.4625    PASSED    NAC:2209/x8A1 TDULC GROUP VOICE CHANNEL UPDATE TALKGROUP A:417 CHAN A:0-1189
22:42:55  T2 858.4625    PASSED    NAC:2209/x8A1 TDULC RFSS STATUS BROADCAST LRA:0/x00 SYSTEM:2208/x8A0 SITE:1/x01-1/x01 CHAN:0-1593 SERVICE OPTIONS:[DATA, VOICE, REGISTRATION]
22:42:55  T2 858.4625    PASSED    NAC:2209/x8A1 TDULC GROUP VOICE CHANNEL UPDATE TALKGROUP A:417 CHAN A:0-1189
22:42:55  T2 858.4625    PASSED    NAC:2209/x8A1 TDULC RFSS STATUS BROADCAST LRA:0/x00 SYSTEM:2208/x8A0 SITE:1/x01-1/x01 CHAN:0-1593 SERVICE OPTIONS:[DATA, VOICE, REGISTRATION]
22:42:55  T2 858.4625    PASSED    NAC:2209/x8A1 TDULC GROUP VOICE CHANNEL UPDATE TALKGROUP A:417 CHAN A:0-1189
22:42:55  T3 858.4375    PASSED    <-> SYNC LOSS - BITS PROCESSED [214]
22:42:55  T3 858.4375    PASSED    NAC:2209/x8A1 TDULC GROUP VOICE CHANNEL USER FM:0 TO:417 SERVICE OPTIONS:PRI4 ENCRYPTED CIRCUIT
22:42:55  T3 858.4375    PASSED    NAC:2209/x8A1 TDULC GROUP VOICE CHANNEL USER FM:0 TO:417 SERVICE OPTIONS:PRI4 ENCRYPTED CIRCUIT
22:42:55  T3 858.4375    PASSED    NAC:2209/x8A1 TDULC GROUP VOICE CHANNEL USER FM:0 TO:417 SERVICE OPTIONS:PRI4 ENCRYPTED CIRCUIT
22:42:55  T3 858.4375    PASSED    NAC:2209/x8A1 TDULC GROUP VOICE CHANNEL USER FM:0 TO:417 SERVICE OPTIONS:PRI4 ENCRYPTED CIRCUIT
22:42:55  T3 858.4375    PASSED    NAC:2209/x8A1 TDULC GROUP VOICE CHANNEL USER FM:0 TO:417 SERVICE OPTIONS:PRI4 ENCRYPTED CIRCUIT
22:42:55  T3 858.4375    PASSED    NAC:2209/x8A1 TDULC GROUP VOICE CHANNEL USER FM:0 TO:417 SERVICE OPTIONS:PRI4 ENCRYPTED CIRCUIT
22:42:55  T3 858.4375    PASSED    NAC:2209/x8A1 HDU   TALKGROUP:417 ENCRYPTION:ENCRYPTION:AES-256 KEY:8259 MI:F8D6849E60979BD900
22:42:55  T3 858.4375    PASSED    NAC:2209/x8A1 LDU1  VOICE LSD:D9DF GROUP VOICE CHANNEL USER FM:0 TO:417 SERVICE OPTIONS:PRI4 ENCRYPTED CIRCUIT
22:42:55  T3 858.4375    PASSED    NAC:2209/x8A1 LDU2  VOICE LSD:4587 ENCRYPTION:AES-256 KEY:8259 MSG INDICATOR:55369B917909FA3400
22:42:56  CC             PASSED    NAC:2209/x8A1 TSBK1 SNDCP_DCH_GRANT TO:3402110 CHAN:0-1193 SERVICE OPTIONS:NSAPI:1 HALF DUPLEX CIRCUIT MODE
22:42:56  CC             PASSED    NAC:2209/x8A1 TSBK2 SNDCP_DCH_GRANT TO:3402043 CHAN:0-1193 SERVICE OPTIONS:NSAPI:1 HALF DUPLEX CIRCUIT MODE
22:42:56  CC             PASSED    NAC:2209/x8A1 TSBK3 MOTOROLA TDMA DATA CHANNEL NOT ACTIVE MSG:9690423FFFFFFFFF0000306C
22:42:56  CC             PASSED    NAC:2209/x8A1 TSBK1 SNDCP_DCH_GRANT TO:3402110 CHAN:0-1193 SERVICE OPTIONS:NSAPI:1 HALF DUPLEX CIRCUIT MODE
22:42:56  CC             PASSED    NAC:2209/x8A1 TSBK2 SNDCP_DCH_GRANT TO:3402043 CHAN:0-1193 SERVICE OPTIONS:NSAPI:1 HALF DUPLEX CIRCUIT MODE
22:42:56  CC             PASSED    NAC:2209/x8A1 TSBK3 MOTOROLA TRAFFIC CHANNEL 859040C0C0000000080082AB
22:42:56  CC             PASSED    NAC:2209/x8A1 TSBK1 SNDCP_DCH_GRANT TO:3402110 CHAN:0-1193 SERVICE OPTIONS:NSAPI:1 HALF DUPLEX CIRCUIT MODE
22:42:56  CC             PASSED    NAC:2209/x8A1 TSBK2 TDMA_SYNC_BCST SYSTEM TIME UNLOCKED: 2026-04-18 21:46:43.500 -0500 LEAP-SECOND CORRECTION:0.0mS MICROSLOT-MINUTE ROLLOVER:SLOW
22:42:56  CC             PASSED    NAC:2209/x8A1 TSBK3 SEC_CCH_BROADCST RFSS:1/x01 SITE:1/x01 CHAN A:0-1277 SERVICE OPTIONS:[BACKUP CONTROL CHANNEL] CHAN B:0-1509 SERVICE OPTIONS:[BACKUP CONTROL CHANNEL]
22:42:56  CC             PASSED    NAC:2209/x8A1 TSBK1 MOTOROLA SYSTEM LOADING MOTOROLA MSG:099017C0000000000000BA04
22:42:56  CC             PASSED    NAC:2209/x8A1 TSBK2 IDEN_UPDATE ID:0 OFFSET:-45000000 SPACING:6250 BASE:851006250 FDMA BW:12500
22:42:56  CC             PASSED    NAC:2209/x8A1 TSBK3 RFSS_STATUS_BCST SYSTEM:2208/x8A0 RFSS:1/x01 SITE:1/x01 LRA:0/x00 CHAN:0-1593 ACTIVE NETWORK CONNECTION SERVICE OPTIONS:[DATA, VOICE, REGISTRATION]
22:42:56  CC             PASSED    NAC:2209/x8A1 TSBK1 NET_STATUS_BCAST WACN:781824/xBEE00 SYSTEM:2208/x8A0 LRA:0/x00 CHAN:0-1593 SERVICES:[DATA, VOICE, REGISTRATION]
22:42:56  CC             PASSED    NAC:2209/x8A1 TSBK2 GRP_VCH_GRNT_UPD GROUP A:417 CHAN A:0-1189
22:42:56  CC             PASSED    NAC:2209/x8A1 TSBK3 IDEN_UPDATE ID:1 OFFSET:30000000 SPACING:6250 BASE:762006250 FDMA BW:12500
22:42:56  CC             PASSED    NAC:2209/x8A1 TSBK1 SNDCP_DCH_ANN_EX CHAN:0-1193/----- AUTONOMOUS/REQUESTED-ACCESS DAC:1 **:0 SERVICE OPTIONS:NSAPI:0 HALF DUPLEX CIRCUIT MODE
22:42:56  CC             PASSED    NAC:2209/x8A1 TSBK2 IDEN_UPDATE_TDMA ID:2 OFFSET:-45000000 SPACING:12500 BASE:851012500 TDMA BW:12500 TIMESLOTS:2 VOCODER:HALF_RATE
22:42:56  CC             PASSED    NAC:2209/x8A1 TSBK3 MOTOROLA TDMA DATA CHANNEL NOT ACTIVE MSG:9690423FFFFFFFFF0000306C
22:42:56  CC             PASSED    NAC:2209/x8A1 TSBK1 MOTOROLA TRAFFIC CHANNEL 059040C0C00000000800669F
22:42:56  CC             PASSED    NAC:2209/x8A1 TSBK2 TDMA_SYNC_BCST SYSTEM TIME UNLOCKED: 2026-04-18 21:46:43.800 -0500 LEAP-SECOND CORRECTION:0.0mS MICROSLOT-MINUTE ROLLOVER:SLOW
22:42:56  CC             PASSED    NAC:2209/x8A1 TSBK3 SEC_CCH_BROADCST RFSS:1/x01 SITE:1/x01 CHAN A:0-1509 SERVICE OPTIONS:[BACKUP CONTROL CHANNEL] CHAN B:0-1349 SERVICE OPTIONS:[BACKUP CONTROL CHANNEL]
22:42:56  CC             PASSED    NAC:2209/x8A1 TSBK1 MOTOROLA SYSTEM LOADING MOTOROLA MSG:09900F00000000000000EF7F
22:42:56  CC             PASSED    NAC:2209/x8A1 TSBK2 CCH BASE STAT ID CHAN:0-1593 CWID:
22:42:56  CC             PASSED    NAC:2209/x8A1 TSBK3 IDEN_UPDATE_TDMA ID:3 OFFSET:30000000 SPACING:12500 BASE:762006250 TDMA BW:12500 TIMESLOTS:2 VOCODER:HALF_RATE
22:42:56  CC             PASSED    NAC:2209/x8A1 TSBK1 RFSS_STATUS_BCST SYSTEM:2208/x8A0 RFSS:1/x01 SITE:1/x01 LRA:0/x00 CHAN:0-1593 ACTIVE NETWORK CONNECTION SERVICE OPTIONS:[DATA, VOICE, REGISTRATION]
22:42:56  CC             PASSED    NAC:2209/x8A1 TSBK2 NET_STATUS_BCAST WACN:781824/xBEE00 SYSTEM:2208/x8A0 LRA:0/x00 CHAN:0-1593 SERVICES:[DATA, VOICE, REGISTRATION]
22:42:56  CC             PASSED    NAC:2209/x8A1 TSBK3 GRP_VCH_GRNT_UPD GROUP A:417 CHAN A:0-1189
22:42:56  CC             PASSED    NAC:2209/x8A1 TSBK1 IDEN_UPDATE ID:4 OFFSET:-39000000 SPACING:12500 BASE:935012500 FDMA BW:12500
22:42:56  CC             PASSED    NAC:2209/x8A1 TSBK2 SNDCP_DCH_ANN_EX CHAN:0-1193/----- AUTONOMOUS/REQUESTED-ACCESS DAC:1 **:0 SERVICE OPTIONS:NSAPI:0 HALF DUPLEX CIRCUIT MODE
22:42:56  CC             PASSED    NAC:2209/x8A1 TSBK3 IDEN_UPDATE_TDMA ID:5 OFFSET:-39000000 SPACING:12500 BASE:935012500 TDMA BW:12500 TIMESLOTS:2 VOCODER:HALF_RATE
22:42:56  CC             PASSED    NAC:2209/x8A1 TSBK1 MOTOROLA TDMA DATA CHANNEL NOT ACTIVE MSG:1690423FFFFFFFFF0000D458
22:42:56  CC             PASSED    NAC:2209/x8A1 TSBK2 MOTOROLA TRAFFIC CHANNEL 059040C0C00000000800669F
22:42:56  CC             PASSED    NAC:2209/x8A1 TSBK3 TDMA_SYNC_BCST SYSTEM TIME UNLOCKED: 2026-04-18 21:46:44.100 -0500 LEAP-SECOND CORRECTION:0.0mS MICROSLOT-MINUTE ROLLOVER:SLOW
22:42:56  CC             PASSED    NAC:2209/x8A1 TSBK1 SEC_CCH_BROADCST RFSS:1/x01 SITE:1/x01 CHAN A:0-1349 SERVICE OPTIONS:[BACKUP CONTROL CHANNEL] CHAN B:0-1277 SERVICE OPTIONS:[BACKUP CONTROL CHANNEL]
22:42:56  CC             PASSED    NAC:2209/x8A1 TSBK2 MOTOROLA SYSTEM LOADING MOTOROLA MSG:09901040000000000000D6E5
22:42:56  CC             PASSED    NAC:2209/x8A1 TSBK3 IDEN_UPDATE ID:0 OFFSET:-45000000 SPACING:6250 BASE:851006250 FDMA BW:12500
22:42:56  CC             PASSED    NAC:2209/x8A1 TSBK1 RFSS_STATUS_BCST SYSTEM:2208/x8A0 RFSS:1/x01 SITE:1/x01 LRA:0/x00 CHAN:0-1593 ACTIVE NETWORK CONNECTION SERVICE OPTIONS:[DATA, VOICE, REGISTRATION]
22:42:56  CC             PASSED    NAC:2209/x8A1 TSBK2 NET_STATUS_BCAST WACN:781824/xBEE00 SYSTEM:2208/x8A0 LRA:0/x00 CHAN:0-1593 SERVICES:[DATA, VOICE, REGISTRATION]
22:42:56  CC             PASSED    NAC:2209/x8A1 TSBK3 GRP_VCH_GRNT_UPD GROUP A:417 CHAN A:0-1189
22:42:56  T2 858.4625    PASSED    NAC:2209/x8A1 TDULC RFSS STATUS BROADCAST LRA:0/x00 SYSTEM:2208/x8A0 SITE:1/x01-1/x01 CHAN:0-1593 SERVICE OPTIONS:[DATA, VOICE, REGISTRATION]
22:42:56  T2 858.4625    PASSED    NAC:2209/x8A1 TDULC GROUP VOICE CHANNEL UPDATE TALKGROUP A:417 CHAN A:0-1189
22:42:56  T2 858.4625    PASSED    <-> SYNC LOSS - BITS PROCESSED [1944]
22:42:56  T2 858.4625    PASSED    NAC:2209/x8A1 TDULC RFSS STATUS BROADCAST LRA:0/x00 SYSTEM:2208/x8A0 SITE:1/x01-1/x01 CHAN:0-1593 SERVICE OPTIONS:[DATA, VOICE, REGISTRATION]
22:42:56  T2 858.4625    PASSED    NAC:2209/x8A1 TDULC GROUP VOICE CHANNEL UPDATE TALKGROUP A:417 CHAN A:0-1189
22:42:56  T2 858.4625    PASSED    NAC:2209/x8A1 TDULC RFSS STATUS BROADCAST LRA:0/x00 SYSTEM:2208/x8A0 SITE:1/x01-1/x01 CHAN:0-1593 SERVICE OPTIONS:[DATA, VOICE, REGISTRATION]
22:42:56  T2 858.4625    PASSED    NAC:2209/x8A1 TDULC GROUP VOICE CHANNEL UPDATE TALKGROUP A:417 CHAN A:0-1189
22:42:56  T2 858.4625    PASSED    NAC:2209/x8A1 TDU
22:42:56  T2 858.4625    PASSED    NAC:2209/x8A1 TDU
22:42:56  T2 858.4625    PASSED    NAC:2209/x8A1 TDU
22:42:56  T2 858.4625    PASSED    NAC:2209/x8A1 PDU RESPONSE TO:3402043 ALL BLOCKS RECEIVED
22:42:56  T2 858.4625    PASSED    NAC:2209/x8A1 TDU
22:42:56  T2 858.4625    PASSED    NAC:2209/x8A1 TDU
22:42:56  T2 858.4625    PASSED    NAC:2209/x8A1 TDULC RFSS STATUS BROADCAST LRA:0/x00 SYSTEM:2208/x8A0 SITE:1/x01-1/x01 CHAN:0-1593 SERVICE OPTIONS:[DATA, VOICE, REGISTRATION]
22:42:56  T2 858.4625    PASSED    NAC:2209/x8A1 TDULC GROUP VOICE CHANNEL UPDATE TALKGROUP A:417 CHAN A:0-1189
22:42:56  T2 858.4625    PASSED    NAC:2209/x8A1 TDULC RFSS STATUS BROADCAST LRA:0/x00 SYSTEM:2208/x8A0 SITE:1/x01-1/x01 CHAN:0-1593 SERVICE OPTIONS:[DATA, VOICE, REGISTRATION]
22:42:56  T2 858.4625    PASSED    NAC:2209/x8A1 TDULC GROUP VOICE CHANNEL UPDATE TALKGROUP A:417 CHAN A:0-1189
22:42:56  T2 858.4625    PASSED    NAC:2209/x8A1 TDULC RFSS STATUS BROADCAST LRA:0/x00 SYSTEM:2208/x8A0 SITE:1/x01-1/x01 CHAN:0-1593 SERVICE OPTIONS:[DATA, VOICE, REGISTRATION]
22:42:56  T2 858.4625    PASSED    NAC:2209/x8A1 TDULC GROUP VOICE CHANNEL UPDATE TALKGROUP A:417 CHAN A:0-1189
22:42:56  T2 858.4625    PASSED    NAC:2209/x8A1 TDULC RFSS STATUS BROADCAST LRA:0/x00 SYSTEM:2208/x8A0 SITE:1/x01-1/x01 CHAN:0-1593 SERVICE OPTIONS:[DATA, VOICE, REGISTRATION]
22:42:56  T2 858.4625    PASSED    NAC:2209/x8A1 TDULC GROUP VOICE CHANNEL UPDATE TALKGROUP A:417 CHAN A:0-1189
22:42:56  T2 858.4625    PASSED    NAC:2209/x8A1 TDULC RFSS STATUS BROADCAST LRA:0/x00 SYSTEM:2208/x8A0 SITE:1/x01-1/x01 CHAN:0-1593 SERVICE OPTIONS:[DATA, VOICE, REGISTRATION]
22:42:56  T3 858.4375    PASSED    NAC:2209/x8A1 LDU1  VOICE LSD:0348 GROUP VOICE CHANNEL USER FM:0 TO:417 SERVICE OPTIONS:PRI4 ENCRYPTED CIRCUIT
22:42:56  T3 858.4375    PASSED    NAC:2209/x8A1 LDU2  VOICE LSD:2A43 ENCRYPTION:AES-256 KEY:8259 MSG INDICATOR:FF1B8EB35816E6F500
22:42:56  T3 858.4375    PASSED    NAC:2209/x8A1 LDU1  VOICE LSD:8265 GROUP VOICE CHANNEL USER FM:3416052 TO:417 SERVICE OPTIONS:PRI4 ENCRYPTED CIRCUIT
22:42:56  T3 858.4375    PASSED    NAC:2209/x8A1 LDU2  VOICE LSD:75DC ENCRYPTION:AES-256 KEY:8259 MSG INDICATOR:3BEE26C547387CDA00
22:42:56  T3 858.4375    PASSED    NAC:2209/x8A1 LDU1  VOICE LSD:CAEB GROUP VOICE CHANNEL USER FM:3416052 TO:417 SERVICE OPTIONS:PRI4 ENCRYPTED CIRCUIT
22:42:56  T3 858.4375    PASSED    NAC:2209/x8A1 LDU2  VOICE LSD:BEFA ENCRYPTION:AES-256 KEY:8259 MSG INDICATOR:44E45242F9ACB66D00
22:42:57  CC             PASSED    NAC:2209/x8A1 TSBK1 IDEN_UPDATE ID:1 OFFSET:30000000 SPACING:6250 BASE:762006250 FDMA BW:12500
22:42:57  CC             PASSED    NAC:2209/x8A1 TSBK2 SNDCP_DCH_ANN_EX CHAN:0-1193/----- AUTONOMOUS/REQUESTED-ACCESS DAC:1 **:0 SERVICE OPTIONS:NSAPI:0 HALF DUPLEX CIRCUIT MODE
22:42:57  CC             PASSED    NAC:2209/x8A1 TSBK3 IDEN_UPDATE_TDMA ID:2 OFFSET:-45000000 SPACING:12500 BASE:851012500 TDMA BW:12500 TIMESLOTS:2 VOCODER:HALF_RATE
22:42:57  CC             PASSED    NAC:2209/x8A1 TSBK1 MOTOROLA TDMA DATA CHANNEL NOT ACTIVE MSG:1690423FFFFFFFFF0000D458
22:42:57  CC             PASSED    NAC:2209/x8A1 TSBK2 MOTOROLA TRAFFIC CHANNEL 059040C0C00000000800669F
22:42:57  CC             PASSED    NAC:2209/x8A1 TSBK3 TDMA_SYNC_BCST SYSTEM TIME UNLOCKED: 2026-04-18 21:46:44.400 -0500 LEAP-SECOND CORRECTION:0.0mS MICROSLOT-MINUTE ROLLOVER:SLOW
22:42:57  CC             PASSED    NAC:2209/x8A1 TSBK1 CCH BASE STAT ID CHAN:0-1593 CWID:
22:42:57  CC             PASSED    NAC:2209/x8A1 TSBK2 SEC_CCH_BROADCST RFSS:1/x01 SITE:1/x01 CHAN A:0-1277 SERVICE OPTIONS:[BACKUP CONTROL CHANNEL] CHAN B:0-1509 SERVICE OPTIONS:[BACKUP CONTROL CHANNEL]
22:42:57  CC             PASSED    NAC:2209/x8A1 TSBK3 MOTOROLA SYSTEM LOADING MOTOROLA MSG:8990104000000000000032D1
22:42:57  CC             PASSED    NAC:2209/x8A1 TSBK1 IDEN_UPDATE_TDMA ID:3 OFFSET:30000000 SPACING:12500 BASE:762006250 TDMA BW:12500 TIMESLOTS:2 VOCODER:HALF_RATE
22:42:57  CC             PASSED    NAC:2209/x8A1 TSBK2 RFSS_STATUS_BCST SYSTEM:2208/x8A0 RFSS:1/x01 SITE:1/x01 LRA:0/x00 CHAN:0-1593 ACTIVE NETWORK CONNECTION SERVICE OPTIONS:[DATA, VOICE, REGISTRATION]
22:42:57  CC             PASSED    NAC:2209/x8A1 TSBK3 NET_STATUS_BCAST WACN:781824/xBEE00 SYSTEM:2208/x8A0 LRA:0/x00 CHAN:0-1593 SERVICES:[DATA, VOICE, REGISTRATION]
22:42:57  CC             PASSED    NAC:2209/x8A1 TSBK1 GRP_VCH_GRNT_UPD GROUP A:417 CHAN A:0-1189
22:42:57  CC             PASSED    NAC:2209/x8A1 TSBK2 IDEN_UPDATE ID:4 OFFSET:-39000000 SPACING:12500 BASE:935012500 FDMA BW:12500
22:42:57  CC             PASSED    NAC:2209/x8A1 TSBK3 SNDCP_DCH_ANN_EX CHAN:0-1193/----- AUTONOMOUS/REQUESTED-ACCESS DAC:1 **:0 SERVICE OPTIONS:NSAPI:0 HALF DUPLEX CIRCUIT MODE
22:42:57  CC             PASSED    NAC:2209/x8A1 TSBK1 IDEN_UPDATE_TDMA ID:5 OFFSET:-39000000 SPACING:12500 BASE:935012500 TDMA BW:12500 TIMESLOTS:2 VOCODER:HALF_RATE
22:42:57  CC             PASSED    NAC:2209/x8A1 TSBK2 MOTOROLA TDMA DATA CHANNEL NOT ACTIVE MSG:1690423FFFFFFFFF0000D458
22:42:57  CC             PASSED    NAC:2209/x8A1 TSBK3 MOTOROLA TRAFFIC CHANNEL 859040C0C0000000080082AB
22:42:57  CC             PASSED    NAC:2209/x8A1 TSBK1 TDMA_SYNC_BCST SYSTEM TIME UNLOCKED: 2026-04-18 21:46:44.775 -0500 LEAP-SECOND CORRECTION:0.0mS MICROSLOT-MINUTE ROLLOVER:SLOW
22:42:57  CC             PASSED    NAC:2209/x8A1 TSBK2 SEC_CCH_BROADCST RFSS:1/x01 SITE:1/x01 CHAN A:0-1509 SERVICE OPTIONS:[BACKUP CONTROL CHANNEL] CHAN B:0-1349 SERVICE OPTIONS:[BACKUP CONTROL CHANNEL]
22:42:57  CC             PASSED    NAC:2209/x8A1 TSBK3 MOTOROLA SYSTEM LOADING MOTOROLA MSG:89900F000000000000000B4B
22:42:57  CC             PASSED    NAC:2209/x8A1 TSBK1 IDEN_UPDATE ID:0 OFFSET:-45000000 SPACING:6250 BASE:851006250 FDMA BW:12500
22:42:57  CC             PASSED    NAC:2209/x8A1 TSBK2 RFSS_STATUS_BCST SYSTEM:2208/x8A0 RFSS:1/x01 SITE:1/x01 LRA:0/x00 CHAN:0-1593 ACTIVE NETWORK CONNECTION SERVICE OPTIONS:[DATA, VOICE, REGISTRATION]
22:42:57  CC             PASSED    NAC:2209/x8A1 TSBK3 NET_STATUS_BCAST WACN:781824/xBEE00 SYSTEM:2208/x8A0 LRA:0/x00 CHAN:0-1593 SERVICES:[DATA, VOICE, REGISTRATION]
22:42:57  CC             PASSED    NAC:2209/x8A1 TSBK1 GRP_VCH_GRNT_UPD GROUP A:417 CHAN A:0-1189
22:42:57  CC             PASSED    NAC:2209/x8A1 TSBK2 IDEN_UPDATE ID:1 OFFSET:30000000 SPACING:6250 BASE:762006250 FDMA BW:12500
22:42:57  CC             PASSED    NAC:2209/x8A1 TSBK3 SNDCP_DCH_ANN_EX CHAN:0-1193/----- AUTONOMOUS/REQUESTED-ACCESS DAC:1 **:0 SERVICE OPTIONS:NSAPI:0 HALF DUPLEX CIRCUIT MODE
22:42:57  CC             PASSED    NAC:2209/x8A1 TSBK1 IDEN_UPDATE_TDMA ID:2 OFFSET:-45000000 SPACING:12500 BASE:851012500 TDMA BW:12500 TIMESLOTS:2 VOCODER:HALF_RATE
22:42:57  CC             PASSED    NAC:2209/x8A1 TSBK2 MOTOROLA TDMA DATA CHANNEL NOT ACTIVE MSG:1690423FFFFFFFFF0000D458
22:42:57  CC             PASSED    NAC:2209/x8A1 TSBK3 CCH BASE STAT ID CHAN:0-1593 CWID:
22:42:57  CC             PASSED    NAC:2209/x8A1 TSBK1 MOTOROLA TRAFFIC CHANNEL 059040C0C00000000800669F
22:42:57  CC             PASSED    NAC:2209/x8A1 TSBK2 TDMA_SYNC_BCST SYSTEM TIME UNLOCKED: 2026-04-18 21:46:45.075 -0500 LEAP-SECOND CORRECTION:0.0mS MICROSLOT-MINUTE ROLLOVER:SLOW
22:42:57  CC             PASSED    NAC:2209/x8A1 TSBK3 SEC_CCH_BROADCST RFSS:1/x01 SITE:1/x01 CHAN A:0-1349 SERVICE OPTIONS:[BACKUP CONTROL CHANNEL] CHAN B:0-1277 SERVICE OPTIONS:[BACKUP CONTROL CHANNEL]
22:42:57  CC             PASSED    NAC:2209/x8A1 TSBK1 MOTOROLA SYSTEM LOADING MOTOROLA MSG:09901040000000000000D6E5
22:42:57  CC             PASSED    NAC:2209/x8A1 TSBK2 IDEN_UPDATE_TDMA ID:3 OFFSET:30000000 SPACING:12500 BASE:762006250 TDMA BW:12500 TIMESLOTS:2 VOCODER:HALF_RATE
22:42:57  CC             PASSED    NAC:2209/x8A1 TSBK3 RFSS_STATUS_BCST SYSTEM:2208/x8A0 RFSS:1/x01 SITE:1/x01 LRA:0/x00 CHAN:0-1593 ACTIVE NETWORK CONNECTION SERVICE OPTIONS:[DATA, VOICE, REGISTRATION]
22:42:57  CC             PASSED    NAC:2209/x8A1 TSBK1 NET_STATUS_BCAST WACN:781824/xBEE00 SYSTEM:2208/x8A0 LRA:0/x00 CHAN:0-1593 SERVICES:[DATA, VOICE, REGISTRATION]
22:42:57  CC             PASSED    NAC:2209/x8A1 TSBK2 GRP_VCH_GRNT_UPD GROUP A:417 CHAN A:0-1189
22:42:57  CC             PASSED    NAC:2209/x8A1 TSBK3 IDEN_UPDATE ID:4 OFFSET:-39000000 SPACING:12500 BASE:935012500 FDMA BW:12500
22:42:57  CC             PASSED    NAC:2209/x8A1 TSBK1 SNDCP_DCH_ANN_EX CHAN:0-1193/----- AUTONOMOUS/REQUESTED-ACCESS DAC:1 **:0 SERVICE OPTIONS:NSAPI:0 HALF DUPLEX CIRCUIT MODE
22:42:57  CC             PASSED    NAC:2209/x8A1 TSBK2 IDEN_UPDATE_TDMA ID:5 OFFSET:-39000000 SPACING:12500 BASE:935012500 TDMA BW:12500 TIMESLOTS:2 VOCODER:HALF_RATE
22:42:57  CC             PASSED    NAC:2209/x8A1 TSBK3 MOTOROLA TDMA DATA CHANNEL NOT ACTIVE MSG:9690423FFFFFFFFF0000306C
22:42:57  T2 858.4625    PASSED    NAC:2209/x8A1 TDULC GROUP VOICE CHANNEL UPDATE TALKGROUP A:417 CHAN A:0-1189
22:42:57  T2 858.4625    PASSED    NAC:2209/x8A1 TDULC RFSS STATUS BROADCAST LRA:0/x00 SYSTEM:2208/x8A0 SITE:1/x01-1/x01 CHAN:0-1593 SERVICE OPTIONS:[DATA, VOICE, REGISTRATION]
22:42:57  T2 858.4625    PASSED    NAC:2209/x8A1 TDULC GROUP VOICE CHANNEL UPDATE TALKGROUP A:417 CHAN A:0-1189
22:42:57  T2 858.4625    PASSED    NAC:2209/x8A1 TDULC RFSS STATUS BROADCAST LRA:0/x00 SYSTEM:2208/x8A0 SITE:1/x01-1/x01 CHAN:0-1593 SERVICE OPTIONS:[DATA, VOICE, REGISTRATION]
22:42:57  T2 858.4625    PASSED    NAC:2209/x8A1 TDULC GROUP VOICE CHANNEL UPDATE TALKGROUP A:417 CHAN A:0-1189
22:42:57  T2 858.4625    PASSED    NAC:2209/x8A1 TDULC RFSS STATUS BROADCAST LRA:0/x00 SYSTEM:2208/x8A0 SITE:1/x01-1/x01 CHAN:0-1593 SERVICE OPTIONS:[DATA, VOICE, REGISTRATION]
22:42:57  T2 858.4625    PASSED    NAC:2209/x8A1 TDULC GROUP VOICE CHANNEL UPDATE TALKGROUP A:417 CHAN A:0-1189
22:42:57  T2 858.4625    PASSED    NAC:2209/x8A1 TDULC RFSS STATUS BROADCAST LRA:0/x00 SYSTEM:2208/x8A0 SITE:1/x01-1/x01 CHAN:0-1593 SERVICE OPTIONS:[DATA, VOICE, REGISTRATION]
22:42:57  T2 858.4625    PASSED    NAC:2209/x8A1 TDULC GROUP VOICE CHANNEL UPDATE TALKGROUP A:417 CHAN A:0-1189
22:42:57  T2 858.4625    PASSED    NAC:2209/x8A1 TDULC RFSS STATUS BROADCAST LRA:0/x00 SYSTEM:2208/x8A0 SITE:1/x01-1/x01 CHAN:0-1593 SERVICE OPTIONS:[DATA, VOICE, REGISTRATION]
22:42:57  T2 858.4625    PASSED    NAC:2209/x8A1 TDULC GROUP VOICE CHANNEL UPDATE TALKGROUP A:417 CHAN A:0-1189
22:42:57  T2 858.4625    PASSED    NAC:2209/x8A1 TDULC RFSS STATUS BROADCAST LRA:0/x00 SYSTEM:2208/x8A0 SITE:1/x01-1/x01 CHAN:0-1593 SERVICE OPTIONS:[DATA, VOICE, REGISTRATION]
22:42:57  T2 858.4625    PASSED    NAC:2209/x8A1 TDULC GROUP VOICE CHANNEL UPDATE TALKGROUP A:417 CHAN A:0-1189
22:42:57  T2 858.4625    PASSED    NAC:2209/x8A1 TDULC RFSS STATUS BROADCAST LRA:0/x00 SYSTEM:2208/x8A0 SITE:1/x01-1/x01 CHAN:0-1593 SERVICE OPTIONS:[DATA, VOICE, REGISTRATION]
22:42:57  T2 858.4625    PASSED    NAC:2209/x8A1 TDULC GROUP VOICE CHANNEL UPDATE TALKGROUP A:417 CHAN A:0-1189
22:42:57  T2 858.4625    PASSED    NAC:2209/x8A1 TDULC RFSS STATUS BROADCAST LRA:0/x00 SYSTEM:2208/x8A0 SITE:1/x01-1/x01 CHAN:0-1593 SERVICE OPTIONS:[DATA, VOICE, REGISTRATION]
22:42:57  T2 858.4625    PASSED    NAC:2209/x8A1 TDULC GROUP VOICE CHANNEL UPDATE TALKGROUP A:417 CHAN A:0-1189
22:42:57  T2 858.4625    PASSED    NAC:2209/x8A1 TDULC RFSS STATUS BROADCAST LRA:0/x00 SYSTEM:2208/x8A0 SITE:1/x01-1/x01 CHAN:0-1593 SERVICE OPTIONS:[DATA, VOICE, REGISTRATION]
22:42:57  T2 858.4625    PASSED    NAC:2209/x8A1 TDULC GROUP VOICE CHANNEL UPDATE TALKGROUP A:417 CHAN A:0-1189
22:42:57  T2 858.4625    PASSED    NAC:2209/x8A1 TDULC RFSS STATUS BROADCAST LRA:0/x00 SYSTEM:2208/x8A0 SITE:1/x01-1/x01 CHAN:0-1593 SERVICE OPTIONS:[DATA, VOICE, REGISTRATION]
22:42:57  T2 858.4625    PASSED    NAC:2209/x8A1 TDULC GROUP VOICE CHANNEL UPDATE TALKGROUP A:417 CHAN A:0-1189
22:42:57  T2 858.4625    PASSED    NAC:2209/x8A1 TDULC RFSS STATUS BROADCAST LRA:0/x00 SYSTEM:2208/x8A0 SITE:1/x01-1/x01 CHAN:0-1593 SERVICE OPTIONS:[DATA, VOICE, REGISTRATION]
22:42:57  T2 858.4625    PASSED    NAC:2209/x8A1 TDULC GROUP VOICE CHANNEL UPDATE TALKGROUP A:417 CHAN A:0-1189
22:42:57  T3 858.4375    PASSED    NAC:2209/x8A1 LDU1  VOICE LSD:11C6 GROUP VOICE CHANNEL USER FM:3416052 TO:417 SERVICE OPTIONS:PRI4 ENCRYPTED CIRCUIT
22:42:57  T3 858.4375    PASSED    NAC:2209/x8A1 LDU2  VOICE LSD:2E70 ENCRYPTION:AES-256 KEY:8259 MSG INDICATOR:4CD41B23DF5CD62600
22:42:57  T3 858.4375    PASSED    NAC:2209/x8A1 LDU1  VOICE LSD:4037 GROUP VOICE CHANNEL USER FM:3416052 TO:417 SERVICE OPTIONS:PRI4 ENCRYPTED CIRCUIT
22:42:57  T3 858.4375    PASSED    NAC:2209/x8A1 LDU2  VOICE LSD:BB73 ENCRYPTION:AES-256 KEY:8259 MSG INDICATOR:DBA10A1E01C7245F00
22:42:57  T3 858.4375    PASSED    NAC:2209/x8A1 LDU1  VOICE LSD:46DF GROUP VOICE CHANNEL USER FM:3416052 TO:417 SERVICE OPTIONS:PRI4 ENCRYPTED CIRCUIT
22:42:58  CC             PASSED    NAC:2209/x8A1 TSBK1 MOTOROLA TRAFFIC CHANNEL 059040C0C00000000800669F
22:42:58  CC             PASSED    NAC:2209/x8A1 TSBK2 TDMA_SYNC_BCST SYSTEM TIME UNLOCKED: 2026-04-18 21:46:45.375 -0500 LEAP-SECOND CORRECTION:0.0mS MICROSLOT-MINUTE ROLLOVER:SLOW
22:42:58  CC             PASSED    NAC:2209/x8A1 TSBK3 SEC_CCH_BROADCST RFSS:1/x01 SITE:1/x01 CHAN A:0-1277 SERVICE OPTIONS:[BACKUP CONTROL CHANNEL] CHAN B:0-1509 SERVICE OPTIONS:[BACKUP CONTROL CHANNEL]
22:42:58  CC             PASSED    NAC:2209/x8A1 TSBK1 MOTOROLA SYSTEM LOADING MOTOROLA MSG:09900F00000000000000EF7F
22:42:58  CC             PASSED    NAC:2209/x8A1 TSBK2 IDEN_UPDATE ID:0 OFFSET:-45000000 SPACING:6250 BASE:851006250 FDMA BW:12500
22:42:58  CC             PASSED    NAC:2209/x8A1 TSBK3 RFSS_STATUS_BCST SYSTEM:2208/x8A0 RFSS:1/x01 SITE:1/x01 LRA:0/x00 CHAN:0-1593 ACTIVE NETWORK CONNECTION SERVICE OPTIONS:[DATA, VOICE, REGISTRATION]
22:42:58  CC             PASSED    NAC:2209/x8A1 TSBK1 NET_STATUS_BCAST WACN:781824/xBEE00 SYSTEM:2208/x8A0 LRA:0/x00 CHAN:0-1593 SERVICES:[DATA, VOICE, REGISTRATION]
22:42:58  CC             PASSED    NAC:2209/x8A1 TSBK2 GRP_VCH_GRNT_UPD GROUP A:417 CHAN A:0-1189
22:42:58  CC             PASSED    NAC:2209/x8A1 TSBK3 IDEN_UPDATE ID:1 OFFSET:30000000 SPACING:6250 BASE:762006250 FDMA BW:12500
22:42:58  CC             PASSED    NAC:2209/x8A1 TSBK1 SNDCP_DCH_ANN_EX CHAN:0-1193/----- AUTONOMOUS/REQUESTED-ACCESS DAC:1 **:0 SERVICE OPTIONS:NSAPI:0 HALF DUPLEX CIRCUIT MODE
22:42:58  CC             PASSED    NAC:2209/x8A1 TSBK2 CCH BASE STAT ID CHAN:0-1593 CWID:
22:42:58  CC             PASSED    NAC:2209/x8A1 TSBK3 IDEN_UPDATE_TDMA ID:2 OFFSET:-45000000 SPACING:12500 BASE:851012500 TDMA BW:12500 TIMESLOTS:2 VOCODER:HALF_RATE
22:42:58  CC             PASSED    NAC:2209/x8A1 TSBK1 MOTOROLA TDMA DATA CHANNEL NOT ACTIVE MSG:1690423FFFFFFFFF0000D458
22:42:58  CC             PASSED    NAC:2209/x8A1 TSBK2 MOTOROLA TRAFFIC CHANNEL 059040C0C00000000800669F
22:42:58  CC             PASSED    NAC:2209/x8A1 TSBK3 TDMA_SYNC_BCST SYSTEM TIME UNLOCKED: 2026-04-18 21:46:45.675 -0500 LEAP-SECOND CORRECTION:0.0mS MICROSLOT-MINUTE ROLLOVER:SLOW
22:42:58  CC             PASSED    NAC:2209/x8A1 TSBK1 SEC_CCH_BROADCST RFSS:1/x01 SITE:1/x01 CHAN A:0-1509 SERVICE OPTIONS:[BACKUP CONTROL CHANNEL] CHAN B:0-1349 SERVICE OPTIONS:[BACKUP CONTROL CHANNEL]
22:42:58  CC             PASSED    NAC:2209/x8A1 TSBK2 MOTOROLA SYSTEM LOADING MOTOROLA MSG:09901040000000000000D6E5
22:42:58  CC             PASSED    NAC:2209/x8A1 TSBK3 IDEN_UPDATE_TDMA ID:3 OFFSET:30000000 SPACING:12500 BASE:762006250 TDMA BW:12500 TIMESLOTS:2 VOCODER:HALF_RATE
22:42:58  CC             PASSED    NAC:2209/x8A1 TSBK1 RFSS_STATUS_BCST SYSTEM:2208/x8A0 RFSS:1/x01 SITE:1/x01 LRA:0/x00 CHAN:0-1593 ACTIVE NETWORK CONNECTION SERVICE OPTIONS:[DATA, VOICE, REGISTRATION]
22:42:58  CC             PASSED    NAC:2209/x8A1 TSBK2 NET_STATUS_BCAST WACN:781824/xBEE00 SYSTEM:2208/x8A0 LRA:0/x00 CHAN:0-1593 SERVICES:[DATA, VOICE, REGISTRATION]
22:42:58  CC             PASSED    NAC:2209/x8A1 TSBK3 GRP_VCH_GRNT_UPD GROUP A:417 CHAN A:0-1189
22:42:58  CC             PASSED    NAC:2209/x8A1 TSBK1 IDEN_UPDATE ID:4 OFFSET:-39000000 SPACING:12500 BASE:935012500 FDMA BW:12500
22:42:58  CC             PASSED    NAC:2209/x8A1 TSBK2 SNDCP_DCH_ANN_EX CHAN:0-1193/----- AUTONOMOUS/REQUESTED-ACCESS DAC:1 **:0 SERVICE OPTIONS:NSAPI:0 HALF DUPLEX CIRCUIT MODE
22:42:58  CC             PASSED    NAC:2209/x8A1 TSBK3 IDEN_UPDATE_TDMA ID:5 OFFSET:-39000000 SPACING:12500 BASE:935012500 TDMA BW:12500 TIMESLOTS:2 VOCODER:HALF_RATE
22:42:58  CC             PASSED    NAC:2209/x8A1 TSBK1 MOTOROLA TDMA DATA CHANNEL NOT ACTIVE MSG:1690423FFFFFFFFF0000D458
22:42:58  CC             PASSED    NAC:2209/x8A1 TSBK2 MOTOROLA TRAFFIC CHANNEL 059040C0C00000000800669F
22:42:58  CC             PASSED    NAC:2209/x8A1 TSBK3 TDMA_SYNC_BCST SYSTEM TIME UNLOCKED: 2026-04-18 21:46:45.975 -0500 LEAP-SECOND CORRECTION:0.0mS MICROSLOT-MINUTE ROLLOVER:SLOW
22:42:58  CC             PASSED    NAC:2209/x8A1 TSBK1 SEC_CCH_BROADCST RFSS:1/x01 SITE:1/x01 CHAN A:0-1349 SERVICE OPTIONS:[BACKUP CONTROL CHANNEL] CHAN B:0-1277 SERVICE OPTIONS:[BACKUP CONTROL CHANNEL]
22:42:58  CC             PASSED    NAC:2209/x8A1 TSBK2 MOTOROLA SYSTEM LOADING MOTOROLA MSG:09900F00000000000000EF7F
22:42:58  CC             PASSED    NAC:2209/x8A1 TSBK3 IDEN_UPDATE ID:0 OFFSET:-45000000 SPACING:6250 BASE:851006250 FDMA BW:12500
22:42:58  CC             PASSED    NAC:2209/x8A1 TSBK1 RFSS_STATUS_BCST SYSTEM:2208/x8A0 RFSS:1/x01 SITE:1/x01 LRA:0/x00 CHAN:0-1593 ACTIVE NETWORK CONNECTION SERVICE OPTIONS:[DATA, VOICE, REGISTRATION]
22:42:58  CC             PASSED    NAC:2209/x8A1 TSBK2 NET_STATUS_BCAST WACN:781824/xBEE00 SYSTEM:2208/x8A0 LRA:0/x00 CHAN:0-1593 SERVICES:[DATA, VOICE, REGISTRATION]
22:42:58  CC             PASSED    NAC:2209/x8A1 TSBK3 GRP_VCH_GRNT_UPD GROUP A:417 CHAN A:0-1189
22:42:58  CC             PASSED    NAC:2209/x8A1 TSBK1 CCH BASE STAT ID CHAN:0-1593 CWID:
22:42:58  CC             PASSED    NAC:2209/x8A1 TSBK2 IDEN_UPDATE ID:1 OFFSET:30000000 SPACING:6250 BASE:762006250 FDMA BW:12500
22:42:58  CC             PASSED    NAC:2209/x8A1 TSBK3 SNDCP_DCH_ANN_EX CHAN:0-1193/----- AUTONOMOUS/REQUESTED-ACCESS DAC:1 **:0 SERVICE OPTIONS:NSAPI:0 HALF DUPLEX CIRCUIT MODE
22:42:58  CC             PASSED    NAC:2209/x8A1 TSBK1 IDEN_UPDATE_TDMA ID:2 OFFSET:-45000000 SPACING:12500 BASE:851012500 TDMA BW:12500 TIMESLOTS:2 VOCODER:HALF_RATE
22:42:58  CC             PASSED    NAC:2209/x8A1 TSBK2 MOTOROLA TDMA DATA CHANNEL NOT ACTIVE MSG:1690423FFFFFFFFF0000D458
22:42:58  CC             PASSED    NAC:2209/x8A1 TSBK3 MOTOROLA TRAFFIC CHANNEL 859040C0C0000000080082AB
22:42:58  T2 858.4625    PASSED    NAC:2209/x8A1 TDULC RFSS STATUS BROADCAST LRA:0/x00 SYSTEM:2208/x8A0 SITE:1/x01-1/x01 CHAN:0-1593 SERVICE OPTIONS:[DATA, VOICE, REGISTRATION]
22:42:58  T2 858.4625    PASSED    NAC:2209/x8A1 TDULC GROUP VOICE CHANNEL UPDATE TALKGROUP A:417 CHAN A:0-1189
22:42:58  T2 858.4625    PASSED    NAC:2209/x8A1 TDULC RFSS STATUS BROADCAST LRA:0/x00 SYSTEM:2208/x8A0 SITE:1/x01-1/x01 CHAN:0-1593 SERVICE OPTIONS:[DATA, VOICE, REGISTRATION]
22:42:58  T2 858.4625    PASSED    NAC:2209/x8A1 TDULC GROUP VOICE CHANNEL UPDATE TALKGROUP A:417 CHAN A:0-1189
22:42:58  T2 858.4625    PASSED    NAC:2209/x8A1 TDULC RFSS STATUS BROADCAST LRA:0/x00 SYSTEM:2208/x8A0 SITE:1/x01-1/x01 CHAN:0-1593 SERVICE OPTIONS:[DATA, VOICE, REGISTRATION]
22:42:58  T2 858.4625    PASSED    NAC:2209/x8A1 TDULC GROUP VOICE CHANNEL UPDATE TALKGROUP A:417 CHAN A:0-1189
22:42:58  T2 858.4625    PASSED    NAC:2209/x8A1 TDULC RFSS STATUS BROADCAST LRA:0/x00 SYSTEM:2208/x8A0 SITE:1/x01-1/x01 CHAN:0-1593 SERVICE OPTIONS:[DATA, VOICE, REGISTRATION]
22:42:58  T2 858.4625    PASSED    NAC:2209/x8A1 TDULC GROUP VOICE CHANNEL UPDATE TALKGROUP A:417 CHAN A:0-1189
22:42:58  T2 858.4625    PASSED    NAC:2209/x8A1 TDULC RFSS STATUS BROADCAST LRA:0/x00 SYSTEM:2208/x8A0 SITE:1/x01-1/x01 CHAN:0-1593 SERVICE OPTIONS:[DATA, VOICE, REGISTRATION]
22:42:58  T2 858.4625    PASSED    NAC:2209/x8A1 TDULC GROUP VOICE CHANNEL UPDATE TALKGROUP A:417 CHAN A:0-1189
22:42:58  T2 858.4625    PASSED    NAC:2209/x8A1 TDULC RFSS STATUS BROADCAST LRA:0/x00 SYSTEM:2208/x8A0 SITE:1/x01-1/x01 CHAN:0-1593 SERVICE OPTIONS:[DATA, VOICE, REGISTRATION]
22:42:58  T2 858.4625    PASSED    NAC:2209/x8A1 TDULC GROUP VOICE CHANNEL UPDATE TALKGROUP A:417 CHAN A:0-1189
22:42:58  T2 858.4625    PASSED    NAC:2209/x8A1 TDULC RFSS STATUS BROADCAST LRA:0/x00 SYSTEM:2208/x8A0 SITE:1/x01-1/x01 CHAN:0-1593 SERVICE OPTIONS:[DATA, VOICE, REGISTRATION]
22:42:58  T2 858.4625    PASSED    NAC:2209/x8A1 TDULC GROUP VOICE CHANNEL UPDATE TALKGROUP A:417 CHAN A:0-1189
22:42:58  T2 858.4625    PASSED    NAC:2209/x8A1 TDULC RFSS STATUS BROADCAST LRA:0/x00 SYSTEM:2208/x8A0 SITE:1/x01-1/x01 CHAN:0-1593 SERVICE OPTIONS:[DATA, VOICE, REGISTRATION]
22:42:58  T2 858.4625    PASSED    NAC:2209/x8A1 TDULC GROUP VOICE CHANNEL UPDATE TALKGROUP A:417 CHAN A:0-1189
22:42:58  T2 858.4625    PASSED    NAC:2209/x8A1 TDULC RFSS STATUS BROADCAST LRA:0/x00 SYSTEM:2208/x8A0 SITE:1/x01-1/x01 CHAN:0-1593 SERVICE OPTIONS:[DATA, VOICE, REGISTRATION]
22:42:58  T2 858.4625    PASSED    NAC:2209/x8A1 TDULC GROUP VOICE CHANNEL UPDATE TALKGROUP A:417 CHAN A:0-1189
22:42:58  T2 858.4625    PASSED    NAC:2209/x8A1 TDULC RFSS STATUS BROADCAST LRA:0/x00 SYSTEM:2208/x8A0 SITE:1/x01-1/x01 CHAN:0-1593 SERVICE OPTIONS:[DATA, VOICE, REGISTRATION]
22:42:58  T2 858.4625    PASSED    NAC:2209/x8A1 TDULC GROUP VOICE CHANNEL UPDATE TALKGROUP A:417 CHAN A:0-1189
22:42:58  T2 858.4625    PASSED    NAC:2209/x8A1 TDULC RFSS STATUS BROADCAST LRA:0/x00 SYSTEM:2208/x8A0 SITE:1/x01-1/x01 CHAN:0-1593 SERVICE OPTIONS:[DATA, VOICE, REGISTRATION]
22:42:58  T2 858.4625    PASSED    NAC:2209/x8A1 TDULC GROUP VOICE CHANNEL UPDATE TALKGROUP A:417 CHAN A:0-1189
22:42:58  T3 858.4375    PASSED    NAC:2209/x8A1 LDU2  VOICE LSD:E160 ENCRYPTION:AES-256 KEY:8259 MSG INDICATOR:9501981A79F617E400
22:42:58  T3 858.4375    PASSED    NAC:2209/x8A1 TDULC MOTOROLA TALK COMPLETE BY:3416052 UNK1:10 UNK2:10
22:42:58  T3 858.4375    PASSED    NAC:2209/x8A1 TDULC GROUP VOICE CHANNEL USER FM:0 TO:417 SERVICE OPTIONS:PRI4 ENCRYPTED CIRCUIT
22:42:58  T3 858.4375    PASSED    NAC:2209/x8A1 TDULC GROUP VOICE CHANNEL USER FM:0 TO:417 SERVICE OPTIONS:PRI4 ENCRYPTED CIRCUIT
22:42:58  T3 858.4375    PASSED    NAC:2209/x8A1 TDULC GROUP VOICE CHANNEL USER FM:0 TO:417 SERVICE OPTIONS:PRI4 ENCRYPTED CIRCUIT
22:42:58  T3 858.4375    PASSED    NAC:2209/x8A1 TDULC GROUP VOICE CHANNEL USER FM:0 TO:417 SERVICE OPTIONS:PRI4 ENCRYPTED CIRCUIT
22:42:58  T3 858.4375    PASSED    NAC:2209/x8A1 TDULC GROUP VOICE CHANNEL USER FM:0 TO:417 SERVICE OPTIONS:PRI4 ENCRYPTED CIRCUIT
22:42:58  T3 858.4375    PASSED    NAC:2209/x8A1 TDULC GROUP VOICE CHANNEL USER FM:0 TO:417 SERVICE OPTIONS:PRI4 ENCRYPTED CIRCUIT
22:42:58  T3 858.4375    PASSED    NAC:2209/x8A1 TDULC GROUP VOICE CHANNEL USER FM:0 TO:417 SERVICE OPTIONS:PRI4 ENCRYPTED CIRCUIT
22:42:58  T3 858.4375    PASSED    NAC:2209/x8A1 TDULC GROUP VOICE CHANNEL USER FM:0 TO:417 SERVICE OPTIONS:PRI4 ENCRYPTED CIRCUIT
22:42:58  T3 858.4375    PASSED    NAC:2209/x8A1 TDULC GROUP VOICE CHANNEL USER FM:0 TO:417 SERVICE OPTIONS:PRI4 ENCRYPTED CIRCUIT
22:42:58  T3 858.4375    PASSED    NAC:2209/x8A1 TDULC GROUP VOICE CHANNEL USER FM:0 TO:417 SERVICE OPTIONS:PRI4 ENCRYPTED CIRCUIT
22:42:58  T3 858.4375    PASSED    NAC:2209/x8A1 TDULC GROUP VOICE CHANNEL USER FM:0 TO:417 SERVICE OPTIONS:PRI4 ENCRYPTED CIRCUIT
22:42:58  T3 858.4375    PASSED    NAC:2209/x8A1 TDULC GROUP VOICE CHANNEL USER FM:0 TO:417 SERVICE OPTIONS:PRI4 ENCRYPTED CIRCUIT
22:42:58  T3 858.4375    PASSED    NAC:2209/x8A1 TDULC GROUP VOICE CHANNEL USER FM:0 TO:417 SERVICE OPTIONS:PRI4 ENCRYPTED CIRCUIT
22:42:58  T3 858.4375    PASSED    NAC:2209/x8A1 TDULC GROUP VOICE CHANNEL USER FM:0 TO:417 SERVICE OPTIONS:PRI4 ENCRYPTED CIRCUIT
22:42:58  T3 858.4375    PASSED    NAC:2209/x8A1 TDULC GROUP VOICE CHANNEL USER FM:0 TO:417 SERVICE OPTIONS:PRI4 ENCRYPTED CIRCUIT
22:42:58  T3 858.4375    PASSED    NAC:2209/x8A1 TDULC GROUP VOICE CHANNEL USER FM:0 TO:417 SERVICE OPTIONS:PRI4 ENCRYPTED CIRCUIT
22:42:58  T3 858.4375    PASSED    NAC:2209/x8A1 TDULC GROUP VOICE CHANNEL USER FM:0 TO:417 SERVICE OPTIONS:PRI4 ENCRYPTED CIRCUIT
22:42:58  T3 858.4375    PASSED    NAC:2209/x8A1 TDULC GROUP VOICE CHANNEL USER FM:0 TO:417 SERVICE OPTIONS:PRI4 ENCRYPTED CIRCUIT
22:42:58  T3 858.4375    PASSED    NAC:2209/x8A1 TDULC GROUP VOICE CHANNEL USER FM:0 TO:417 SERVICE OPTIONS:PRI4 ENCRYPTED CIRCUIT
22:42:58  T3 858.4375    PASSED    NAC:2209/x8A1 TDULC GROUP VOICE CHANNEL USER FM:0 TO:417 SERVICE OPTIONS:PRI4 ENCRYPTED CIRCUIT
22:42:59  CC             PASSED    NAC:2209/x8A1 TSBK1 TDMA_SYNC_BCST SYSTEM TIME UNLOCKED: 2026-04-18 21:46:46.350 -0500 LEAP-SECOND CORRECTION:0.0mS MICROSLOT-MINUTE ROLLOVER:SLOW
22:42:59  CC             PASSED    NAC:2209/x8A1 TSBK2 SEC_CCH_BROADCST RFSS:1/x01 SITE:1/x01 CHAN A:0-1277 SERVICE OPTIONS:[BACKUP CONTROL CHANNEL] CHAN B:0-1509 SERVICE OPTIONS:[BACKUP CONTROL CHANNEL]
22:42:59  CC             PASSED    NAC:2209/x8A1 TSBK3 MOTOROLA SYSTEM LOADING MOTOROLA MSG:8990104000000000000032D1
22:42:59  CC             PASSED    NAC:2209/x8A1 TSBK1 IDEN_UPDATE_TDMA ID:3 OFFSET:30000000 SPACING:12500 BASE:762006250 TDMA BW:12500 TIMESLOTS:2 VOCODER:HALF_RATE
22:42:59  CC             PASSED    NAC:2209/x8A1 TSBK2 RFSS_STATUS_BCST SYSTEM:2208/x8A0 RFSS:1/x01 SITE:1/x01 LRA:0/x00 CHAN:0-1593 ACTIVE NETWORK CONNECTION SERVICE OPTIONS:[DATA, VOICE, REGISTRATION]
22:42:59  CC             PASSED    NAC:2209/x8A1 TSBK3 NET_STATUS_BCAST WACN:781824/xBEE00 SYSTEM:2208/x8A0 LRA:0/x00 CHAN:0-1593 SERVICES:[DATA, VOICE, REGISTRATION]
22:42:59  CC             PASSED    NAC:2209/x8A1 TSBK1 GRP_VCH_GRNT_UPD GROUP A:417 CHAN A:0-1189
22:42:59  CC             PASSED    NAC:2209/x8A1 TSBK2 IDEN_UPDATE ID:4 OFFSET:-39000000 SPACING:12500 BASE:935012500 FDMA BW:12500
22:42:59  CC             PASSED    NAC:2209/x8A1 TSBK3 SNDCP_DCH_ANN_EX CHAN:0-1193/----- AUTONOMOUS/REQUESTED-ACCESS DAC:1 **:0 SERVICE OPTIONS:NSAPI:0 HALF DUPLEX CIRCUIT MODE
22:42:59  CC             PASSED    NAC:2209/x8A1 TSBK1 IDEN_UPDATE_TDMA ID:5 OFFSET:-39000000 SPACING:12500 BASE:935012500 TDMA BW:12500 TIMESLOTS:2 VOCODER:HALF_RATE
22:42:59  CC             PASSED    NAC:2209/x8A1 TSBK2 MOTOROLA TDMA DATA CHANNEL NOT ACTIVE MSG:1690423FFFFFFFFF0000D458
22:42:59  CC             PASSED    NAC:2209/x8A1 TSBK3 MOTOROLA TRAFFIC CHANNEL 859040C0C0000000080082AB
22:42:59  CC             PASSED    NAC:2209/x8A1 TSBK1 TDMA_SYNC_BCST SYSTEM TIME UNLOCKED: 2026-04-18 21:46:46.650 -0500 LEAP-SECOND CORRECTION:0.0mS MICROSLOT-MINUTE ROLLOVER:SLOW
22:42:59  CC             PASSED    NAC:2209/x8A1 TSBK2 SEC_CCH_BROADCST RFSS:1/x01 SITE:1/x01 CHAN A:0-1509 SERVICE OPTIONS:[BACKUP CONTROL CHANNEL] CHAN B:0-1349 SERVICE OPTIONS:[BACKUP CONTROL CHANNEL]
22:42:59  CC             PASSED    NAC:2209/x8A1 TSBK3 MOTOROLA SYSTEM LOADING MOTOROLA MSG:89900F000000000000000B4B
22:42:59  CC             PASSED    NAC:2209/x8A1 TSBK1 IDEN_UPDATE ID:0 OFFSET:-45000000 SPACING:6250 BASE:851006250 FDMA BW:12500
22:42:59  CC             PASSED    NAC:2209/x8A1 TSBK2 RFSS_STATUS_BCST SYSTEM:2208/x8A0 RFSS:1/x01 SITE:1/x01 LRA:0/x00 CHAN:0-1593 ACTIVE NETWORK CONNECTION SERVICE OPTIONS:[DATA, VOICE, REGISTRATION]
22:42:59  CC             PASSED    NAC:2209/x8A1 TSBK3 CCH BASE STAT ID CHAN:0-1593 CWID:
22:42:59  CC             PASSED    NAC:2209/x8A1 TSBK1 NET_STATUS_BCAST WACN:781824/xBEE00 SYSTEM:2208/x8A0 LRA:0/x00 CHAN:0-1593 SERVICES:[DATA, VOICE, REGISTRATION]
22:42:59  CC             PASSED    NAC:2209/x8A1 TSBK2 GRP_VCH_GRNT_UPD GROUP A:417 CHAN A:0-1189
22:42:59  CC             PASSED    NAC:2209/x8A1 TSBK3 IDEN_UPDATE ID:1 OFFSET:30000000 SPACING:6250 BASE:762006250 FDMA BW:12500
22:42:59  CC             PASSED    NAC:2209/x8A1 TSBK1 SNDCP_DCH_ANN_EX CHAN:0-1193/----- AUTONOMOUS/REQUESTED-ACCESS DAC:1 **:0 SERVICE OPTIONS:NSAPI:0 HALF DUPLEX CIRCUIT MODE
22:42:59  CC             PASSED    NAC:2209/x8A1 TSBK2 IDEN_UPDATE_TDMA ID:2 OFFSET:-45000000 SPACING:12500 BASE:851012500 TDMA BW:12500 TIMESLOTS:2 VOCODER:HALF_RATE
22:42:59  CC             PASSED    NAC:2209/x8A1 TSBK3 MOTOROLA TDMA DATA CHANNEL NOT ACTIVE MSG:9690423FFFFFFFFF0000306C
22:42:59  CC             PASSED    NAC:2209/x8A1 TSBK1 MOTOROLA TRAFFIC CHANNEL 059040C0C00000000800669F
22:42:59  CC             PASSED    NAC:2209/x8A1 TSBK2 TDMA_SYNC_BCST SYSTEM TIME UNLOCKED: 2026-04-18 21:46:46.950 -0500 LEAP-SECOND CORRECTION:0.0mS MICROSLOT-MINUTE ROLLOVER:SLOW
22:42:59  CC             PASSED    NAC:2209/x8A1 TSBK3 SEC_CCH_BROADCST RFSS:1/x01 SITE:1/x01 CHAN A:0-1349 SERVICE OPTIONS:[BACKUP CONTROL CHANNEL] CHAN B:0-1277 SERVICE OPTIONS:[BACKUP CONTROL CHANNEL]
22:42:59  CC             PASSED    NAC:2209/x8A1 TSBK1 MOTOROLA SYSTEM LOADING MOTOROLA MSG:09901040000000000000D6E5
22:42:59  CC             PASSED    NAC:2209/x8A1 TSBK2 IDEN_UPDATE_TDMA ID:3 OFFSET:30000000 SPACING:12500 BASE:762006250 TDMA BW:12500 TIMESLOTS:2 VOCODER:HALF_RATE
22:42:59  CC             PASSED    NAC:2209/x8A1 TSBK3 RFSS_STATUS_BCST SYSTEM:2208/x8A0 RFSS:1/x01 SITE:1/x01 LRA:0/x00 CHAN:0-1593 ACTIVE NETWORK CONNECTION SERVICE OPTIONS:[DATA, VOICE, REGISTRATION]
22:42:59  CC             PASSED    NAC:2209/x8A1 TSBK1 NET_STATUS_BCAST WACN:781824/xBEE00 SYSTEM:2208/x8A0 LRA:0/x00 CHAN:0-1593 SERVICES:[DATA, VOICE, REGISTRATION]
22:42:59  CC             PASSED    NAC:2209/x8A1 TSBK2 IDEN_UPDATE ID:4 OFFSET:-39000000 SPACING:12500 BASE:935012500 FDMA BW:12500
22:42:59  CC             PASSED    NAC:2209/x8A1 TSBK3 SNDCP_DCH_ANN_EX CHAN:0-1193/----- AUTONOMOUS/REQUESTED-ACCESS DAC:1 **:0 SERVICE OPTIONS:NSAPI:0 HALF DUPLEX CIRCUIT MODE
22:42:59  CC             PASSED    NAC:2209/x8A1 TSBK1 IDEN_UPDATE_TDMA ID:5 OFFSET:-39000000 SPACING:12500 BASE:935012500 TDMA BW:12500 TIMESLOTS:2 VOCODER:HALF_RATE
22:42:59  CC             PASSED    NAC:2209/x8A1 TSBK2 MOTOROLA TDMA DATA CHANNEL NOT ACTIVE MSG:1690423FFFFFFFFF0000D458
22:42:59  CC             PASSED    NAC:2209/x8A1 TSBK3 MOTOROLA TRAFFIC CHANNEL 859040C0C0000000080082AB
22:42:59  CC             PASSED    NAC:2209/x8A1 TSBK1 TDMA_SYNC_BCST SYSTEM TIME UNLOCKED: 2026-04-18 21:46:47.250 -0500 LEAP-SECOND CORRECTION:0.0mS MICROSLOT-MINUTE ROLLOVER:SLOW
22:42:59  CC             PASSED    NAC:2209/x8A1 TSBK2 SEC_CCH_BROADCST RFSS:1/x01 SITE:1/x01 CHAN A:0-1277 SERVICE OPTIONS:[BACKUP CONTROL CHANNEL] CHAN B:0-1509 SERVICE OPTIONS:[BACKUP CONTROL CHANNEL]
22:42:59  CC             PASSED    NAC:2209/x8A1 TSBK3 MOTOROLA SYSTEM LOADING MOTOROLA MSG:89900DC0000000000000F2F8
22:42:59  CC             PASSED    NAC:2209/x8A1 TSBK2 CCH BASE STAT ID CHAN:0-1593 CWID:
22:42:59  T2 858.4625    PASSED    NAC:2209/x8A1 TDULC RFSS STATUS BROADCAST LRA:0/x00 SYSTEM:2208/x8A0 SITE:1/x01-1/x01 CHAN:0-1593 SERVICE OPTIONS:[DATA, VOICE, REGISTRATION]
22:42:59  T2 858.4625    PASSED    NAC:2209/x8A1 TDULC GROUP VOICE CHANNEL UPDATE TALKGROUP A:417 CHAN A:0-1189
22:42:59  T2 858.4625    PASSED    NAC:2209/x8A1 TDULC RFSS STATUS BROADCAST LRA:0/x00 SYSTEM:2208/x8A0 SITE:1/x01-1/x01 CHAN:0-1593 SERVICE OPTIONS:[DATA, VOICE, REGISTRATION]
22:42:59  T2 858.4625    PASSED    NAC:2209/x8A1 TDULC GROUP VOICE CHANNEL UPDATE TALKGROUP A:417 CHAN A:0-1189
22:42:59  T2 858.4625    PASSED    NAC:2209/x8A1 TDULC RFSS STATUS BROADCAST LRA:0/x00 SYSTEM:2208/x8A0 SITE:1/x01-1/x01 CHAN:0-1593 SERVICE OPTIONS:[DATA, VOICE, REGISTRATION]
22:42:59  T2 858.4625    PASSED    NAC:2209/x8A1 TDULC GROUP VOICE CHANNEL UPDATE TALKGROUP A:417 CHAN A:0-1189
22:42:59  T2 858.4625    PASSED    NAC:2209/x8A1 TDULC RFSS STATUS BROADCAST LRA:0/x00 SYSTEM:2208/x8A0 SITE:1/x01-1/x01 CHAN:0-1593 SERVICE OPTIONS:[DATA, VOICE, REGISTRATION]
22:42:59  T2 858.4625    PASSED    NAC:2209/x8A1 TDULC GROUP VOICE CHANNEL UPDATE TALKGROUP A:417 CHAN A:0-1189
22:42:59  T2 858.4625    PASSED    NAC:2209/x8A1 TDULC RFSS STATUS BROADCAST LRA:0/x00 SYSTEM:2208/x8A0 SITE:1/x01-1/x01 CHAN:0-1593 SERVICE OPTIONS:[DATA, VOICE, REGISTRATION]
22:42:59  T2 858.4625    PASSED    NAC:2209/x8A1 TDULC GROUP VOICE CHANNEL UPDATE TALKGROUP A:417 CHAN A:0-1189
22:42:59  T2 858.4625    PASSED    NAC:2209/x8A1 TDULC RFSS STATUS BROADCAST LRA:0/x00 SYSTEM:2208/x8A0 SITE:1/x01-1/x01 CHAN:0-1593 SERVICE OPTIONS:[DATA, VOICE, REGISTRATION]
22:42:59  T2 858.4625    PASSED    NAC:2209/x8A1 TDULC RFSS STATUS BROADCAST LRA:0/x00 SYSTEM:2208/x8A0 SITE:1/x01-1/x01 CHAN:0-1593 SERVICE OPTIONS:[DATA, VOICE, REGISTRATION]
22:42:59  T2 858.4625    PASSED    NAC:2209/x8A1 TDULC RFSS STATUS BROADCAST LRA:0/x00 SYSTEM:2208/x8A0 SITE:1/x01-1/x01 CHAN:0-1593 SERVICE OPTIONS:[DATA, VOICE, REGISTRATION]
22:42:59  T2 858.4625    PASSED    NAC:2209/x8A1 TDULC RFSS STATUS BROADCAST LRA:0/x00 SYSTEM:2208/x8A0 SITE:1/x01-1/x01 CHAN:0-1593 SERVICE OPTIONS:[DATA, VOICE, REGISTRATION]
22:42:59  T2 858.4625    PASSED    NAC:2209/x8A1 TDULC RFSS STATUS BROADCAST LRA:0/x00 SYSTEM:2208/x8A0 SITE:1/x01-1/x01 CHAN:0-1593 SERVICE OPTIONS:[DATA, VOICE, REGISTRATION]
22:42:59  T2 858.4625    PASSED    NAC:2209/x8A1 TDULC RFSS STATUS BROADCAST LRA:0/x00 SYSTEM:2208/x8A0 SITE:1/x01-1/x01 CHAN:0-1593 SERVICE OPTIONS:[DATA, VOICE, REGISTRATION]
22:42:59  T2 858.4625    PASSED    NAC:2209/x8A1 TDULC RFSS STATUS BROADCAST LRA:0/x00 SYSTEM:2208/x8A0 SITE:1/x01-1/x01 CHAN:0-1593 SERVICE OPTIONS:[DATA, VOICE, REGISTRATION]
22:42:59  T2 858.4625    PASSED    NAC:2209/x8A1 TDULC RFSS STATUS BROADCAST LRA:0/x00 SYSTEM:2208/x8A0 SITE:1/x01-1/x01 CHAN:0-1593 SERVICE OPTIONS:[DATA, VOICE, REGISTRATION]
22:42:59  T2 858.4625    PASSED    NAC:2209/x8A1 TDULC RFSS STATUS BROADCAST LRA:0/x00 SYSTEM:2208/x8A0 SITE:1/x01-1/x01 CHAN:0-1593 SERVICE OPTIONS:[DATA, VOICE, REGISTRATION]
22:42:59  T2 858.4625    PASSED    NAC:2209/x8A1 TDULC RFSS STATUS BROADCAST LRA:0/x00 SYSTEM:2208/x8A0 SITE:1/x01-1/x01 CHAN:0-1593 SERVICE OPTIONS:[DATA, VOICE, REGISTRATION]
22:42:59  T2 858.4625    PASSED    NAC:2209/x8A1 TDULC RFSS STATUS BROADCAST LRA:0/x00 SYSTEM:2208/x8A0 SITE:1/x01-1/x01 CHAN:0-1593 SERVICE OPTIONS:[DATA, VOICE, REGISTRATION]
22:42:59  T3 858.4375    PASSED    NAC:2209/x8A1 TDULC GROUP VOICE CHANNEL USER FM:0 TO:417 SERVICE OPTIONS:PRI4 ENCRYPTED CIRCUIT
22:42:59  T3 858.4375    PASSED    NAC:2209/x8A1 TDULC GROUP VOICE CHANNEL USER FM:0 TO:417 SERVICE OPTIONS:PRI4 ENCRYPTED CIRCUIT
22:42:59  T3 858.4375    PASSED    NAC:2209/x8A1 TDULC GROUP VOICE CHANNEL USER FM:0 TO:417 SERVICE OPTIONS:PRI4 ENCRYPTED CIRCUIT
22:42:59  T3 858.4375    PASSED    NAC:2209/x8A1 TDULC GROUP VOICE CHANNEL USER FM:0 TO:417 SERVICE OPTIONS:PRI4 ENCRYPTED CIRCUIT
22:42:59  T3 858.4375    PASSED    NAC:2209/x8A1 TDULC GROUP VOICE CHANNEL USER FM:0 TO:417 SERVICE OPTIONS:PRI4 ENCRYPTED CIRCUIT
22:42:59  T3 858.4375    PASSED    NAC:2209/x8A1 TDULC GROUP VOICE CHANNEL USER FM:0 TO:417 SERVICE OPTIONS:PRI4 ENCRYPTED CIRCUIT
22:42:59  T3 858.4375    PASSED    NAC:2209/x8A1 TDULC GROUP VOICE CHANNEL USER FM:0 TO:417 SERVICE OPTIONS:PRI4 ENCRYPTED CIRCUIT
22:42:59  T3 858.4375    PASSED    NAC:2209/x8A1 TDULC GROUP VOICE CHANNEL USER FM:0 TO:417 SERVICE OPTIONS:PRI4 ENCRYPTED CIRCUIT
22:42:59  T3 858.4375    PASSED    NAC:2209/x8A1 TDULC GROUP VOICE CHANNEL USER FM:0 TO:417 SERVICE OPTIONS:PRI4 ENCRYPTED CIRCUIT
22:42:59  T3 858.4375    PASSED    NAC:2209/x8A1 TDULC GROUP VOICE CHANNEL USER FM:0 TO:417 SERVICE OPTIONS:PRI4 ENCRYPTED CIRCUIT
22:42:59  T3 858.4375    PASSED    NAC:2209/x8A1 TDULC GROUP VOICE CHANNEL USER FM:0 TO:417 SERVICE OPTIONS:PRI4 ENCRYPTED CIRCUIT
22:42:59  T3 858.4375    PASSED    NAC:2209/x8A1 TDULC GROUP VOICE CHANNEL USER FM:0 TO:417 SERVICE OPTIONS:PRI4 ENCRYPTED CIRCUIT
22:42:59  T3 858.4375    PASSED    NAC:2209/x8A1 TDULC GROUP VOICE CHANNEL USER FM:0 TO:417 SERVICE OPTIONS:PRI4 ENCRYPTED CIRCUIT
22:42:59  T3 858.4375    PASSED    NAC:2209/x8A1 TDULC GROUP VOICE CHANNEL USER FM:0 TO:417 SERVICE OPTIONS:PRI4 ENCRYPTED CIRCUIT
22:42:59  T3 858.4375    PASSED    NAC:2209/x8A1 TDULC GROUP VOICE CHANNEL USER FM:0 TO:417 SERVICE OPTIONS:PRI4 ENCRYPTED CIRCUIT
22:43:00  CC             PASSED    NAC:2209/x8A1 TSBK1 IDEN_UPDATE ID:0 OFFSET:-45000000 SPACING:6250 BASE:851006250 FDMA BW:12500
22:43:00  CC             PASSED    NAC:2209/x8A1 TSBK3 RFSS_STATUS_BCST SYSTEM:2208/x8A0 RFSS:1/x01 SITE:1/x01 LRA:0/x00 CHAN:0-1593 ACTIVE NETWORK CONNECTION SERVICE OPTIONS:[DATA, VOICE, REGISTRATION]
22:43:00  CC             PASSED    NAC:2209/x8A1 TSBK1 NET_STATUS_BCAST WACN:781824/xBEE00 SYSTEM:2208/x8A0 LRA:0/x00 CHAN:0-1593 SERVICES:[DATA, VOICE, REGISTRATION]
22:43:00  CC             PASSED    NAC:2209/x8A1 TSBK2 IDEN_UPDATE ID:1 OFFSET:30000000 SPACING:6250 BASE:762006250 FDMA BW:12500
22:43:00  CC             PASSED    NAC:2209/x8A1 TSBK3 SNDCP_DCH_ANN_EX CHAN:0-1193/----- AUTONOMOUS/REQUESTED-ACCESS DAC:1 **:0 SERVICE OPTIONS:NSAPI:0 HALF DUPLEX CIRCUIT MODE
22:43:00  CC             PASSED    NAC:2209/x8A1 TSBK1 IDEN_UPDATE_TDMA ID:2 OFFSET:-45000000 SPACING:12500 BASE:851012500 TDMA BW:12500 TIMESLOTS:2 VOCODER:HALF_RATE
22:43:00  CC             PASSED    NAC:2209/x8A1 TSBK2 MOTOROLA TDMA DATA CHANNEL NOT ACTIVE MSG:1690423FFFFFFFFF0000D458
22:43:00  CC             PASSED    NAC:2209/x8A1 TSBK3 MOTOROLA TRAFFIC CHANNEL 859040C0C0000000080082AB
22:43:00  CC             PASSED    NAC:2209/x8A1 TSBK1 TDMA_SYNC_BCST SYSTEM TIME UNLOCKED: 2026-04-18 21:46:47.550 -0500 LEAP-SECOND CORRECTION:0.0mS MICROSLOT-MINUTE ROLLOVER:SLOW
22:43:00  CC             PASSED    NAC:2209/x8A1 TSBK2 SEC_CCH_BROADCST RFSS:1/x01 SITE:1/x01 CHAN A:0-1509 SERVICE OPTIONS:[BACKUP CONTROL CHANNEL] CHAN B:0-1349 SERVICE OPTIONS:[BACKUP CONTROL CHANNEL]
22:43:00  CC             PASSED    NAC:2209/x8A1 TSBK3 MOTOROLA SYSTEM LOADING MOTOROLA MSG:89900F000000000000000B4B
22:43:00  CC             PASSED    NAC:2209/x8A1 TSBK1 IDEN_UPDATE_TDMA ID:3 OFFSET:30000000 SPACING:12500 BASE:762006250 TDMA BW:12500 TIMESLOTS:2 VOCODER:HALF_RATE
22:43:00  CC             PASSED    NAC:2209/x8A1 TSBK2 RFSS_STATUS_BCST SYSTEM:2208/x8A0 RFSS:1/x01 SITE:1/x01 LRA:0/x00 CHAN:0-1593 ACTIVE NETWORK CONNECTION SERVICE OPTIONS:[DATA, VOICE, REGISTRATION]
22:43:00  CC             PASSED    NAC:2209/x8A1 TSBK3 NET_STATUS_BCAST WACN:781824/xBEE00 SYSTEM:2208/x8A0 LRA:0/x00 CHAN:0-1593 SERVICES:[DATA, VOICE, REGISTRATION]
22:43:00  CC             PASSED    NAC:2209/x8A1 TSBK1 IDEN_UPDATE ID:4 OFFSET:-39000000 SPACING:12500 BASE:935012500 FDMA BW:12500
22:43:00  CC             PASSED    NAC:2209/x8A1 TSBK2 SNDCP_DCH_ANN_EX CHAN:0-1193/----- AUTONOMOUS/REQUESTED-ACCESS DAC:1 **:0 SERVICE OPTIONS:NSAPI:0 HALF DUPLEX CIRCUIT MODE
22:43:00  CC             PASSED    NAC:2209/x8A1 TSBK3 IDEN_UPDATE_TDMA ID:5 OFFSET:-39000000 SPACING:12500 BASE:935012500 TDMA BW:12500 TIMESLOTS:2 VOCODER:HALF_RATE
22:43:00  CC             PASSED    NAC:2209/x8A1 TSBK1 MOTOROLA TDMA DATA CHANNEL NOT ACTIVE MSG:1690423FFFFFFFFF0000D458
22:43:00  CC             PASSED    NAC:2209/x8A1 TSBK2 MOTOROLA TRAFFIC CHANNEL 059040C0C00000000800669F
22:43:00  CC             PASSED    NAC:2209/x8A1 TSBK3 TDMA_SYNC_BCST SYSTEM TIME UNLOCKED: 2026-04-18 21:46:47.775 -0500 LEAP-SECOND CORRECTION:0.0mS MICROSLOT-MINUTE ROLLOVER:SLOW
22:43:00  CC             PASSED    NAC:2209/x8A1 TSBK1 SEC_CCH_BROADCST RFSS:1/x01 SITE:1/x01 CHAN A:0-1349 SERVICE OPTIONS:[BACKUP CONTROL CHANNEL] CHAN B:0-1277 SERVICE OPTIONS:[BACKUP CONTROL CHANNEL]
22:43:00  CC             PASSED    NAC:2209/x8A1 TSBK2 MOTOROLA SYSTEM LOADING MOTOROLA MSG:09900DC000000000000016CC
22:43:00  CC             PASSED    NAC:2209/x8A1 TSBK3 CCH BASE STAT ID CHAN:0-1593 CWID:
22:43:00  CC             PASSED    NAC:2209/x8A1 TSBK1 IDEN_UPDATE ID:0 OFFSET:-45000000 SPACING:6250 BASE:851006250 FDMA BW:12500
22:43:00  CC             PASSED    NAC:2209/x8A1 TSBK2 RFSS_STATUS_BCST SYSTEM:2208/x8A0 RFSS:1/x01 SITE:1/x01 LRA:0/x00 CHAN:0-1593 ACTIVE NETWORK CONNECTION SERVICE OPTIONS:[DATA, VOICE, REGISTRATION]
22:43:00  CC             PASSED    NAC:2209/x8A1 TSBK3 NET_STATUS_BCAST WACN:781824/xBEE00 SYSTEM:2208/x8A0 LRA:0/x00 CHAN:0-1593 SERVICES:[DATA, VOICE, REGISTRATION]
22:43:00  CC             PASSED    NAC:2209/x8A1 TSBK1 IDEN_UPDATE ID:1 OFFSET:30000000 SPACING:6250 BASE:762006250 FDMA BW:12500
22:43:00  CC             PASSED    NAC:2209/x8A1 TSBK2 SNDCP_DCH_ANN_EX CHAN:0-1193/----- AUTONOMOUS/REQUESTED-ACCESS DAC:1 **:0 SERVICE OPTIONS:NSAPI:0 HALF DUPLEX CIRCUIT MODE
22:43:00  CC             PASSED    NAC:2209/x8A1 TSBK3 IDEN_UPDATE_TDMA ID:2 OFFSET:-45000000 SPACING:12500 BASE:851012500 TDMA BW:12500 TIMESLOTS:2 VOCODER:HALF_RATE
22:43:00  CC             PASSED    NAC:2209/x8A1 TSBK1 MOTOROLA TDMA DATA CHANNEL NOT ACTIVE MSG:1690423FFFFFFFFF0000D458
22:43:00  CC             PASSED    NAC:2209/x8A1 TSBK2 MOTOROLA TRAFFIC CHANNEL 059040C0C00000000800669F
22:43:00  CC             PASSED    NAC:2209/x8A1 TSBK3 TDMA_SYNC_BCST SYSTEM TIME UNLOCKED: 2026-04-18 21:46:48.075 -0500 LEAP-SECOND CORRECTION:0.0mS MICROSLOT-MINUTE ROLLOVER:SLOW
22:43:00  CC             PASSED    NAC:2209/x8A1 TSBK1 SEC_CCH_BROADCST RFSS:1/x01 SITE:1/x01 CHAN A:0-1277 SERVICE OPTIONS:[BACKUP CONTROL CHANNEL] CHAN B:0-1509 SERVICE OPTIONS:[BACKUP CONTROL CHANNEL]
22:43:00  CC             PASSED    NAC:2209/x8A1 TSBK2 MOTOROLA SYSTEM LOADING MOTOROLA MSG:09900F00000000000000EF7F
22:43:00  CC             PASSED    NAC:2209/x8A1 TSBK3 IDEN_UPDATE_TDMA ID:3 OFFSET:30000000 SPACING:12500 BASE:762006250 TDMA BW:12500 TIMESLOTS:2 VOCODER:HALF_RATE
22:43:00  CC             PASSED    NAC:2209/x8A1 TSBK1 RFSS_STATUS_BCST SYSTEM:2208/x8A0 RFSS:1/x01 SITE:1/x01 LRA:0/x00 CHAN:0-1593 ACTIVE NETWORK CONNECTION SERVICE OPTIONS:[DATA, VOICE, REGISTRATION]
22:43:00  CC             PASSED    NAC:2209/x8A1 TSBK2 NET_STATUS_BCAST WACN:781824/xBEE00 SYSTEM:2208/x8A0 LRA:0/x00 CHAN:0-1593 SERVICES:[DATA, VOICE, REGISTRATION]
22:43:00  CC             PASSED    NAC:2209/x8A1 TSBK3 IDEN_UPDATE ID:4 OFFSET:-39000000 SPACING:12500 BASE:935012500 FDMA BW:12500
22:43:00  CC             PASSED    NAC:2209/x8A1 TSBK1 SNDCP_DCH_ANN_EX CHAN:0-1193/----- AUTONOMOUS/REQUESTED-ACCESS DAC:1 **:0 SERVICE OPTIONS:NSAPI:0 HALF DUPLEX CIRCUIT MODE
22:43:00  CC             PASSED    NAC:2209/x8A1 TSBK2 GRP_VCH_GRANT FM:1001 TO:417 CHAN:0-1117 PRI4 ENCRYPTED CIRCUIT
22:43:00  CC             PASSED    NAC:2209/x8A1 TSBK3 IDEN_UPDATE_TDMA ID:5 OFFSET:-39000000 SPACING:12500 BASE:935012500 TDMA BW:12500 TIMESLOTS:2 VOCODER:HALF_RATE
22:43:00  T2 858.4625    PASSED    NAC:2209/x8A1 TDULC RFSS STATUS BROADCAST LRA:0/x00 SYSTEM:2208/x8A0 SITE:1/x01-1/x01 CHAN:0-1593 SERVICE OPTIONS:[DATA, VOICE, REGISTRATION]
22:43:00  T2 858.4625    PASSED    NAC:2209/x8A1 TDULC RFSS STATUS BROADCAST LRA:0/x00 SYSTEM:2208/x8A0 SITE:1/x01-1/x01 CHAN:0-1593 SERVICE OPTIONS:[DATA, VOICE, REGISTRATION]
22:43:00  T2 858.4625    PASSED    NAC:2209/x8A1 TDU
22:43:00  T2 858.4625    PASSED    NAC:2209/x8A1 TDU
22:43:00  T2 858.4625    PASSED    NAC:2209/x8A1 TDU
22:43:00  T2 858.4625    PASSED    NAC:2209/x8A1 PDU RESPONSE TO:3404048 ALL BLOCKS RECEIVED
22:43:00  T2 858.4625    PASSED    NAC:2209/x8A1 TDU
22:43:00  T2 858.4625    PASSED    NAC:2209/x8A1 TDU
22:43:00  T2 858.4625    PASSED    NAC:2209/x8A1 TDULC RFSS STATUS BROADCAST LRA:0/x00 SYSTEM:2208/x8A0 SITE:1/x01-1/x01 CHAN:0-1593 SERVICE OPTIONS:[DATA, VOICE, REGISTRATION]
22:43:00  T2 858.4625    PASSED    NAC:2209/x8A1 TDULC RFSS STATUS BROADCAST LRA:0/x00 SYSTEM:2208/x8A0 SITE:1/x01-1/x01 CHAN:0-1593 SERVICE OPTIONS:[DATA, VOICE, REGISTRATION]
22:43:00  T2 858.4625    PASSED    NAC:2209/x8A1 TDULC RFSS STATUS BROADCAST LRA:0/x00 SYSTEM:2208/x8A0 SITE:1/x01-1/x01 CHAN:0-1593 SERVICE OPTIONS:[DATA, VOICE, REGISTRATION]
22:43:00  T2 858.4625    PASSED    NAC:2209/x8A1 TDU
22:43:00  T2 858.4625    PASSED    NAC:2209/x8A1 TDU
22:43:00  T2 858.4625    PASSED    NAC:2209/x8A1 TDU
22:43:00  T2 858.4625    PASSED    NAC:2209/x8A1 PDU RESPONSE TO:3404043 SELECTIVE RETRY - RESEND BLOCKS [1]
22:43:00  T2 858.4625    PASSED    NAC:2209/x8A1 TDU
22:43:00  T2 858.4625    PASSED    NAC:2209/x8A1 TDU
22:43:00  T2 858.4625    PASSED    NAC:2209/x8A1 TDULC RFSS STATUS BROADCAST LRA:0/x00 SYSTEM:2208/x8A0 SITE:1/x01-1/x01 CHAN:0-1593 SERVICE OPTIONS:[DATA, VOICE, REGISTRATION]
22:43:00  T2 858.4625    PASSED    NAC:2209/x8A1 TDU
22:43:00  T2 858.4625    PASSED    NAC:2209/x8A1 TDU
22:43:00  T2 858.4625    PASSED    NAC:2209/x8A1 TDU
22:43:00  T2 858.4625    PASSED    NAC:2209/x8A1 TDULC CALL TERMINATION BY:3416323
22:43:00  T2 858.4625    PASSED    NAC:2209/x8A1 TDULC CALL TERMINATION BY:3416323
22:43:00  T2 858.4625    PASSED    NAC:2209/x8A1 TDU
22:43:00  T2 858.4625    PASSED    NAC:2209/x8A1 TDU
22:43:00  T2 858.4625    PASSED    NAC:2209/x8A1 TDULC RFSS STATUS BROADCAST LRA:0/x00 SYSTEM:2208/x8A0 SITE:1/x01-1/x01 CHAN:0-1593 SERVICE OPTIONS:[DATA, VOICE, REGISTRATION]
22:43:00  T2 858.4625    PASSED    NAC:2209/x8A1 TDULC RFSS STATUS BROADCAST LRA:0/x00 SYSTEM:2208/x8A0 SITE:1/x01-1/x01 CHAN:0-1593 SERVICE OPTIONS:[DATA, VOICE, REGISTRATION]
22:43:00  T2 858.4625    PASSED    NAC:2209/x8A1 TDULC RFSS STATUS BROADCAST LRA:0/x00 SYSTEM:2208/x8A0 SITE:1/x01-1/x01 CHAN:0-1593 SERVICE OPTIONS:[DATA, VOICE, REGISTRATION]
22:43:00  T2 858.4625    PASSED    NAC:2209/x8A1 TDULC RFSS STATUS BROADCAST LRA:0/x00 SYSTEM:2208/x8A0 SITE:1/x01-1/x01 CHAN:0-1593 SERVICE OPTIONS:[DATA, VOICE, REGISTRATION]
22:43:00  T2 858.4625    PASSED    NAC:2209/x8A1 TDULC RFSS STATUS BROADCAST LRA:0/x00 SYSTEM:2208/x8A0 SITE:1/x01-1/x01 CHAN:0-1593 SERVICE OPTIONS:[DATA, VOICE, REGISTRATION]
22:43:00  T2 858.4625    PASSED    NAC:2209/x8A1 TDULC RFSS STATUS BROADCAST LRA:0/x00 SYSTEM:2208/x8A0 SITE:1/x01-1/x01 CHAN:0-1593 SERVICE OPTIONS:[DATA, VOICE, REGISTRATION]
22:43:00  T2 858.4625    PASSED    NAC:2209/x8A1 TDU
22:43:00  T2 858.4625    PASSED    NAC:2209/x8A1 TDU
22:43:00  T2 858.4625    PASSED    NAC:2209/x8A1 TDU
22:43:00  T2 858.4625    PASSED    NAC:2209/x8A1 PDU RESPONSE TO:3402110 ALL BLOCKS RECEIVED
22:43:01  CC             PASSED    NAC:2209/x8A1 TSBK1 MOTOROLA TDMA DATA CHANNEL NOT ACTIVE MSG:1690423FFFFFFFFF0000D458
22:43:01  CC             PASSED    NAC:2209/x8A1 TSBK2 GRP_VCH_GRANT FM:1001 TO:417 CHAN:0-1117 PRI4 ENCRYPTED CIRCUIT
22:43:01  CC             PASSED    NAC:2209/x8A1 TSBK3 MOTOROLA TRAFFIC CHANNEL 859040C0C0000000080082AB
22:43:01  CC             PASSED    NAC:2209/x8A1 TSBK1 TDMA_SYNC_BCST SYSTEM TIME UNLOCKED: 2026-04-18 21:46:48.450 -0500 LEAP-SECOND CORRECTION:0.0mS MICROSLOT-MINUTE ROLLOVER:SLOW
22:43:01  CC             PASSED    NAC:2209/x8A1 TSBK2 GRP_VCH_GRNT_UPD GROUP A:417 CHAN A:0-1117
22:43:01  CC             PASSED    NAC:2209/x8A1 TSBK3 SEC_CCH_BROADCST RFSS:1/x01 SITE:1/x01 CHAN A:0-1509 SERVICE OPTIONS:[BACKUP CONTROL CHANNEL] CHAN B:0-1349 SERVICE OPTIONS:[BACKUP CONTROL CHANNEL]
22:43:01  CC             PASSED    NAC:2209/x8A1 TSBK1 CCH BASE STAT ID CHAN:0-1593 CWID:
22:43:01  CC             PASSED    NAC:2209/x8A1 TSBK2 MOTOROLA SYSTEM LOADING MOTOROLA MSG:099012C0000000000000F2BA
22:43:01  CC             PASSED    NAC:2209/x8A1 TSBK3 IDEN_UPDATE ID:0 OFFSET:-45000000 SPACING:6250 BASE:851006250 FDMA BW:12500
22:43:01  CC             PASSED    NAC:2209/x8A1 TSBK1 RFSS_STATUS_BCST SYSTEM:2208/x8A0 RFSS:1/x01 SITE:1/x01 LRA:0/x00 CHAN:0-1593 ACTIVE NETWORK CONNECTION SERVICE OPTIONS:[DATA, VOICE, REGISTRATION]
22:43:01  CC             PASSED    NAC:2209/x8A1 TSBK2 NET_STATUS_BCAST WACN:781824/xBEE00 SYSTEM:2208/x8A0 LRA:0/x00 CHAN:0-1593 SERVICES:[DATA, VOICE, REGISTRATION]
22:43:01  CC             PASSED    NAC:2209/x8A1 TSBK3 IDEN_UPDATE ID:1 OFFSET:30000000 SPACING:6250 BASE:762006250 FDMA BW:12500
22:43:01  CC             PASSED    NAC:2209/x8A1 TSBK1 SNDCP_DCH_ANN_EX CHAN:0-1193/----- AUTONOMOUS/REQUESTED-ACCESS DAC:1 **:0 SERVICE OPTIONS:NSAPI:0 HALF DUPLEX CIRCUIT MODE
22:43:01  CC             PASSED    NAC:2209/x8A1 TSBK2 IDEN_UPDATE_TDMA ID:2 OFFSET:-45000000 SPACING:12500 BASE:851012500 TDMA BW:12500 TIMESLOTS:2 VOCODER:HALF_RATE
22:43:01  CC             PASSED    NAC:2209/x8A1 TSBK3 MOTOROLA TDMA DATA CHANNEL NOT ACTIVE MSG:9690423FFFFFFFFF0000306C
22:43:01  CC             PASSED    NAC:2209/x8A1 TSBK1 MOTOROLA TRAFFIC CHANNEL 059040C0C00000000800669F
22:43:01  CC             PASSED    NAC:2209/x8A1 TSBK2 TDMA_SYNC_BCST SYSTEM TIME UNLOCKED: 2026-04-18 21:46:48.750 -0500 LEAP-SECOND CORRECTION:0.0mS MICROSLOT-MINUTE ROLLOVER:SLOW
22:43:01  CC             PASSED    NAC:2209/x8A1 TSBK3 GRP_VCH_GRNT_UPD GROUP A:417 CHAN A:0-1117
22:43:01  CC             PASSED    NAC:2209/x8A1 TSBK1 SEC_CCH_BROADCST RFSS:1/x01 SITE:1/x01 CHAN A:0-1349 SERVICE OPTIONS:[BACKUP CONTROL CHANNEL] CHAN B:0-1277 SERVICE OPTIONS:[BACKUP CONTROL CHANNEL]
22:43:01  CC             PASSED    NAC:2209/x8A1 TSBK2 MOTOROLA SYSTEM LOADING MOTOROLA MSG:09900F00000000000000EF7F
22:43:01  CC             PASSED    NAC:2209/x8A1 TSBK3 IDEN_UPDATE_TDMA ID:3 OFFSET:30000000 SPACING:12500 BASE:762006250 TDMA BW:12500 TIMESLOTS:2 VOCODER:HALF_RATE
22:43:01  CC             PASSED    NAC:2209/x8A1 TSBK1 RFSS_STATUS_BCST SYSTEM:2208/x8A0 RFSS:1/x01 SITE:1/x01 LRA:0/x00 CHAN:0-1593 ACTIVE NETWORK CONNECTION SERVICE OPTIONS:[DATA, VOICE, REGISTRATION]
22:43:01  CC             PASSED    NAC:2209/x8A1 TSBK2 NET_STATUS_BCAST WACN:781824/xBEE00 SYSTEM:2208/x8A0 LRA:0/x00 CHAN:0-1593 SERVICES:[DATA, VOICE, REGISTRATION]
22:43:01  CC             PASSED    NAC:2209/x8A1 TSBK3 IDEN_UPDATE ID:4 OFFSET:-39000000 SPACING:12500 BASE:935012500 FDMA BW:12500
22:43:01  CC             PASSED    NAC:2209/x8A1 TSBK1 SNDCP_DCH_ANN_EX CHAN:0-1193/----- AUTONOMOUS/REQUESTED-ACCESS DAC:1 **:0 SERVICE OPTIONS:NSAPI:0 HALF DUPLEX CIRCUIT MODE
22:43:01  CC             PASSED    NAC:2209/x8A1 TSBK2 IDEN_UPDATE_TDMA ID:5 OFFSET:-39000000 SPACING:12500 BASE:935012500 TDMA BW:12500 TIMESLOTS:2 VOCODER:HALF_RATE
22:43:01  CC             PASSED    NAC:2209/x8A1 TSBK3 MOTOROLA TDMA DATA CHANNEL NOT ACTIVE MSG:9690423FFFFFFFFF0000306C
22:43:01  CC             PASSED    NAC:2209/x8A1 TSBK1 MOTOROLA TRAFFIC CHANNEL 059040C0C00000000800669F
22:43:01  CC             PASSED    NAC:2209/x8A1 TSBK2 TDMA_SYNC_BCST SYSTEM TIME UNLOCKED: 2026-04-18 21:46:49.050 -0500 LEAP-SECOND CORRECTION:0.0mS MICROSLOT-MINUTE ROLLOVER:SLOW
22:43:01  CC             PASSED    NAC:2209/x8A1 TSBK3 CCH BASE STAT ID CHAN:0-1593 CWID:
22:43:01  CC             PASSED    NAC:2209/x8A1 TSBK1 GRP_VCH_GRNT_UPD GROUP A:417 CHAN A:0-1117
22:43:01  CC             PASSED    NAC:2209/x8A1 TSBK2 SEC_CCH_BROADCST RFSS:1/x01 SITE:1/x01 CHAN A:0-1277 SERVICE OPTIONS:[BACKUP CONTROL CHANNEL] CHAN B:0-1509 SERVICE OPTIONS:[BACKUP CONTROL CHANNEL]
22:43:01  CC             PASSED    NAC:2209/x8A1 TSBK3 MOTOROLA SYSTEM LOADING MOTOROLA MSG:8990104000000000000032D1
22:43:01  CC             PASSED    NAC:2209/x8A1 TSBK1 IDEN_UPDATE ID:0 OFFSET:-45000000 SPACING:6250 BASE:851006250 FDMA BW:12500
22:43:01  CC             PASSED    NAC:2209/x8A1 TSBK2 RFSS_STATUS_BCST SYSTEM:2208/x8A0 RFSS:1/x01 SITE:1/x01 LRA:0/x00 CHAN:0-1593 ACTIVE NETWORK CONNECTION SERVICE OPTIONS:[DATA, VOICE, REGISTRATION]
22:43:01  CC             PASSED    NAC:2209/x8A1 TSBK3 NET_STATUS_BCAST WACN:781824/xBEE00 SYSTEM:2208/x8A0 LRA:0/x00 CHAN:0-1593 SERVICES:[DATA, VOICE, REGISTRATION]
22:43:01  CC             PASSED    NAC:2209/x8A1 TSBK1 IDEN_UPDATE ID:1 OFFSET:30000000 SPACING:6250 BASE:762006250 FDMA BW:12500
22:43:01  CC             PASSED    NAC:2209/x8A1 TSBK2 SNDCP_DCH_ANN_EX CHAN:0-1193/----- AUTONOMOUS/REQUESTED-ACCESS DAC:1 **:0 SERVICE OPTIONS:NSAPI:0 HALF DUPLEX CIRCUIT MODE
22:43:01  CC             PASSED    NAC:2209/x8A1 TSBK3 IDEN_UPDATE_TDMA ID:2 OFFSET:-45000000 SPACING:12500 BASE:851012500 TDMA BW:12500 TIMESLOTS:2 VOCODER:HALF_RATE
22:43:01  T1 857.9875    PASSED    <-> SYNC LOSS - BITS PROCESSED [184]
22:43:01  T1 857.9875    PASSED    NAC:2209/x8A1 TDULC GROUP VOICE CHANNEL USER FM:0 TO:417 SERVICE OPTIONS:PRI4 ENCRYPTED CIRCUIT
22:43:01  T1 857.9875    PASSED    NAC:2209/x8A1 TDULC GROUP VOICE CHANNEL USER FM:0 TO:417 SERVICE OPTIONS:PRI4 ENCRYPTED CIRCUIT
22:43:01  T1 857.9875    PASSED    NAC:2209/x8A1 TDULC GROUP VOICE CHANNEL USER FM:0 TO:417 SERVICE OPTIONS:PRI4 ENCRYPTED CIRCUIT
22:43:01  T1 857.9875    PASSED    NAC:2209/x8A1 HDU   TALKGROUP:417 ENCRYPTION:ENCRYPTION:AES-256 KEY:8259 MI:110AF4406F425CB400
22:43:01  T1 857.9875    PASSED    NAC:2209/x8A1 LDU1  VOICE LSD:775C GROUP VOICE CHANNEL USER FM:0 TO:417 SERVICE OPTIONS:PRI4 ENCRYPTED CIRCUIT
22:43:01  T1 857.9875    PASSED    NAC:2209/x8A1 LDU2  VOICE LSD:7AA6 ENCRYPTION:AES-256 KEY:8259 MSG INDICATOR:D4BFAEDFB9802AD500
22:43:01  T1 857.9875    PASSED    NAC:2209/x8A1 LDU1  VOICE LSD:377A GROUP VOICE CHANNEL USER FM:0 TO:417 SERVICE OPTIONS:PRI4 ENCRYPTED CIRCUIT
22:43:01  T1 857.9875    PASSED    NAC:2209/x8A1 LDU2  VOICE LSD:0000 ***CRC-FAIL***
22:43:01  T2 858.4625    PASSED    <-> SYNC LOSS - BITS PROCESSED [1726]
22:43:01  T2 858.4625    PASSED    NAC:2209/x8A1 TDULC RFSS STATUS BROADCAST LRA:0/x00 SYSTEM:2208/x8A0 SITE:1/x01-1/x01 CHAN:0-1593 SERVICE OPTIONS:[DATA, VOICE, REGISTRATION]
22:43:01  T2 858.4625    PASSED    NAC:2209/x8A1 TDULC GROUP VOICE CHANNEL UPDATE TALKGROUP A:417 CHAN A:0-1117
22:43:01  T2 858.4625    PASSED    NAC:2209/x8A1 TDULC RFSS STATUS BROADCAST LRA:0/x00 SYSTEM:2208/x8A0 SITE:1/x01-1/x01 CHAN:0-1593 SERVICE OPTIONS:[DATA, VOICE, REGISTRATION]
22:43:01  T2 858.4625    PASSED    NAC:2209/x8A1 TDULC GROUP VOICE CHANNEL UPDATE TALKGROUP A:417 CHAN A:0-1117
22:43:01  T2 858.4625    PASSED    NAC:2209/x8A1 TDULC RFSS STATUS BROADCAST LRA:0/x00 SYSTEM:2208/x8A0 SITE:1/x01-1/x01 CHAN:0-1593 SERVICE OPTIONS:[DATA, VOICE, REGISTRATION]
22:43:01  T2 858.4625    PASSED    NAC:2209/x8A1 TDULC GROUP VOICE CHANNEL UPDATE TALKGROUP A:417 CHAN A:0-1117
22:43:01  T2 858.4625    PASSED    NAC:2209/x8A1 TDULC RFSS STATUS BROADCAST LRA:0/x00 SYSTEM:2208/x8A0 SITE:1/x01-1/x01 CHAN:0-1593 SERVICE OPTIONS:[DATA, VOICE, REGISTRATION]
22:43:01  T2 858.4625    PASSED    NAC:2209/x8A1 TDULC GROUP VOICE CHANNEL UPDATE TALKGROUP A:417 CHAN A:0-1117
22:43:01  T2 858.4625    PASSED    NAC:2209/x8A1 TDULC RFSS STATUS BROADCAST LRA:0/x00 SYSTEM:2208/x8A0 SITE:1/x01-1/x01 CHAN:0-1593 SERVICE OPTIONS:[DATA, VOICE, REGISTRATION]
22:43:01  T2 858.4625    PASSED    NAC:2209/x8A1 TDULC GROUP VOICE CHANNEL UPDATE TALKGROUP A:417 CHAN A:0-1117
22:43:01  T2 858.4625    PASSED    NAC:2209/x8A1 TDULC RFSS STATUS BROADCAST LRA:0/x00 SYSTEM:2208/x8A0 SITE:1/x01-1/x01 CHAN:0-1593 SERVICE OPTIONS:[DATA, VOICE, REGISTRATION]
22:43:01  T2 858.4625    PASSED    NAC:2209/x8A1 TDULC GROUP VOICE CHANNEL UPDATE TALKGROUP A:417 CHAN A:0-1117
22:43:01  T2 858.4625    PASSED    NAC:2209/x8A1 TDULC RFSS STATUS BROADCAST LRA:0/x00 SYSTEM:2208/x8A0 SITE:1/x01-1/x01 CHAN:0-1593 SERVICE OPTIONS:[DATA, VOICE, REGISTRATION]
22:43:01  T2 858.4625    PASSED    NAC:2209/x8A1 TDULC GROUP VOICE CHANNEL UPDATE TALKGROUP A:417 CHAN A:0-1117
22:43:01  T2 858.4625    PASSED    NAC:2209/x8A1 TDULC RFSS STATUS BROADCAST LRA:0/x00 SYSTEM:2208/x8A0 SITE:1/x01-1/x01 CHAN:0-1593 SERVICE OPTIONS:[DATA, VOICE, REGISTRATION]
22:43:01  T2 858.4625    PASSED    NAC:2209/x8A1 TDULC GROUP VOICE CHANNEL UPDATE TALKGROUP A:417 CHAN A:0-1117
22:43:01  T2 858.4625    PASSED    NAC:2209/x8A1 TDULC RFSS STATUS BROADCAST LRA:0/x00 SYSTEM:2208/x8A0 SITE:1/x01-1/x01 CHAN:0-1593 SERVICE OPTIONS:[DATA, VOICE, REGISTRATION]
22:43:01  T2 858.4625    PASSED    NAC:2209/x8A1 TDULC GROUP VOICE CHANNEL UPDATE TALKGROUP A:417 CHAN A:0-1117
22:43:02  CC             PASSED    NAC:2209/x8A1 TSBK1 MOTOROLA TDMA DATA CHANNEL NOT ACTIVE MSG:1690423FFFFFFFFF0000D458
22:43:02  CC             PASSED    NAC:2209/x8A1 TSBK2 MOTOROLA TRAFFIC CHANNEL 059040C0C00000000800669F
22:43:02  CC             PASSED    NAC:2209/x8A1 TSBK3 TDMA_SYNC_BCST SYSTEM TIME UNLOCKED: 2026-04-18 21:46:49.350 -0500 LEAP-SECOND CORRECTION:0.0mS MICROSLOT-MINUTE ROLLOVER:SLOW
22:43:02  CC             PASSED    NAC:2209/x8A1 TSBK1 GRP_VCH_GRNT_UPD GROUP A:417 CHAN A:0-1117
22:43:02  CC             PASSED    NAC:2209/x8A1 TSBK2 SEC_CCH_BROADCST RFSS:1/x01 SITE:1/x01 CHAN A:0-1509 SERVICE OPTIONS:[BACKUP CONTROL CHANNEL] CHAN B:0-1349 SERVICE OPTIONS:[BACKUP CONTROL CHANNEL]
22:43:02  CC             PASSED    NAC:2209/x8A1 TSBK3 MOTOROLA SYSTEM LOADING MOTOROLA MSG:89900F000000000000000B4B
22:43:02  CC             PASSED    NAC:2209/x8A1 TSBK1 IDEN_UPDATE_TDMA ID:3 OFFSET:30000000 SPACING:12500 BASE:762006250 TDMA BW:12500 TIMESLOTS:2 VOCODER:HALF_RATE
22:43:02  CC             PASSED    NAC:2209/x8A1 TSBK2 RFSS_STATUS_BCST SYSTEM:2208/x8A0 RFSS:1/x01 SITE:1/x01 LRA:0/x00 CHAN:0-1593 ACTIVE NETWORK CONNECTION SERVICE OPTIONS:[DATA, VOICE, REGISTRATION]
22:43:02  CC             PASSED    NAC:2209/x8A1 TSBK3 NET_STATUS_BCAST WACN:781824/xBEE00 SYSTEM:2208/x8A0 LRA:0/x00 CHAN:0-1593 SERVICES:[DATA, VOICE, REGISTRATION]
22:43:02  CC             PASSED    NAC:2209/x8A1 TSBK1 IDEN_UPDATE ID:4 OFFSET:-39000000 SPACING:12500 BASE:935012500 FDMA BW:12500
22:43:02  CC             PASSED    NAC:2209/x8A1 TSBK2 SNDCP_DCH_ANN_EX CHAN:0-1193/----- AUTONOMOUS/REQUESTED-ACCESS DAC:1 **:0 SERVICE OPTIONS:NSAPI:0 HALF DUPLEX CIRCUIT MODE
22:43:02  CC             PASSED    NAC:2209/x8A1 TSBK3 IDEN_UPDATE_TDMA ID:5 OFFSET:-39000000 SPACING:12500 BASE:935012500 TDMA BW:12500 TIMESLOTS:2 VOCODER:HALF_RATE
22:43:02  CC             PASSED    NAC:2209/x8A1 TSBK1 ACK_RESPONSE_FNE FM:16777213 TO:3400030 ACKNOWLEDGING:GRP_V_REQ
22:43:02  CC             PASSED    NAC:2209/x8A1 TSBK2 MOTOROLA TDMA DATA CHANNEL NOT ACTIVE MSG:1690423FFFFFFFFF0000D458
22:43:02  CC             PASSED    NAC:2209/x8A1 TSBK3 CCH BASE STAT ID CHAN:0-1593 CWID:
22:43:02  CC             PASSED    NAC:2209/x8A1 TSBK1 ACK_RESPONSE_FNE FM:16777213 TO:3400030 ACKNOWLEDGING:GRP_V_REQ
22:43:02  CC             PASSED    NAC:2209/x8A1 TSBK2 MOTOROLA TRAFFIC CHANNEL 059040C0C00000000800669F
22:43:02  CC             PASSED    NAC:2209/x8A1 TSBK3 TDMA_SYNC_BCST SYSTEM TIME UNLOCKED: 2026-04-18 21:46:49.725 -0500 LEAP-SECOND CORRECTION:0.0mS MICROSLOT-MINUTE ROLLOVER:SLOW
22:43:02  CC             PASSED    NAC:2209/x8A1 TSBK1 GRP_VCH_GRNT_UPD GROUP A:417 CHAN A:0-1117
22:43:02  CC             PASSED    NAC:2209/x8A1 TSBK2 SEC_CCH_BROADCST RFSS:1/x01 SITE:1/x01 CHAN A:0-1349 SERVICE OPTIONS:[BACKUP CONTROL CHANNEL] CHAN B:0-1277 SERVICE OPTIONS:[BACKUP CONTROL CHANNEL]
22:43:02  CC             PASSED    NAC:2209/x8A1 TSBK3 GRP_VCH_GRANT FM:3400030 TO:300 CHAN:0-1189 PRI4 CIRCUIT
22:43:02  CC             PASSED    NAC:2209/x8A1 TSBK1 MOTOROLA SYSTEM LOADING MOTOROLA MSG:099014000000000000000464
22:43:02  CC             PASSED    NAC:2209/x8A1 TSBK2 IDEN_UPDATE ID:0 OFFSET:-45000000 SPACING:6250 BASE:851006250 FDMA BW:12500
22:43:02  CC             PASSED    NAC:2209/x8A1 TSBK3 GRP_VCH_GRANT FM:3400030 TO:300 CHAN:0-1189 PRI4 CIRCUIT
22:43:02  CC             PASSED    NAC:2209/x8A1 TSBK1 GRP_VCH_GRNT_UPD GROUP A:417 CHAN A:0-1117
22:43:02  CC             PASSED    NAC:2209/x8A1 TSBK2 RFSS_STATUS_BCST SYSTEM:2208/x8A0 RFSS:1/x01 SITE:1/x01 LRA:0/x00 CHAN:0-1593 ACTIVE NETWORK CONNECTION SERVICE OPTIONS:[DATA, VOICE, REGISTRATION]
22:43:02  CC             PASSED    NAC:2209/x8A1 TSBK3 GRP_VCH_GRNT_UPD GROUP A:300 CHAN A:0-1189
22:43:02  CC             PASSED    NAC:2209/x8A1 TSBK1 NET_STATUS_BCAST WACN:781824/xBEE00 SYSTEM:2208/x8A0 LRA:0/x00 CHAN:0-1593 SERVICES:[DATA, VOICE, REGISTRATION]
22:43:02  CC             PASSED    NAC:2209/x8A1 TSBK2 IDEN_UPDATE ID:1 OFFSET:30000000 SPACING:6250 BASE:762006250 FDMA BW:12500
22:43:02  CC             PASSED    NAC:2209/x8A1 TSBK3 SNDCP_DCH_ANN_EX CHAN:0-1193/----- AUTONOMOUS/REQUESTED-ACCESS DAC:1 **:0 SERVICE OPTIONS:NSAPI:0 HALF DUPLEX CIRCUIT MODE
22:43:02  CC             PASSED    NAC:2209/x8A1 TSBK1 IDEN_UPDATE_TDMA ID:2 OFFSET:-45000000 SPACING:12500 BASE:851012500 TDMA BW:12500 TIMESLOTS:2 VOCODER:HALF_RATE
22:43:02  CC             PASSED    NAC:2209/x8A1 TSBK2 MOTOROLA TDMA DATA CHANNEL NOT ACTIVE MSG:1690423FFFFFFFFF0000D458
22:43:02  CC             PASSED    NAC:2209/x8A1 TSBK3 MOTOROLA TRAFFIC CHANNEL 859040C0C0000000080082AB
22:43:02  CC             PASSED    NAC:2209/x8A1 TSBK1 TDMA_SYNC_BCST SYSTEM TIME UNLOCKED: 2026-04-18 21:46:50.175 -0500 LEAP-SECOND CORRECTION:0.0mS MICROSLOT-MINUTE ROLLOVER:SLOW
22:43:02  CC             PASSED    NAC:2209/x8A1 TSBK2 GRP_VCH_GRNT_UPD GROUP A:300 CHAN A:0-1189 GROUP B:417 CHAN B:0-1117
22:43:02  CC             PASSED    NAC:2209/x8A1 TSBK3 ACK_RESPONSE_FNE FM:16777213 TO:3402099 ACKNOWLEDGING:CAN_SRV_REQ
22:43:02  CC             PASSED    NAC:2209/x8A1 TSBK1 ACK_RESPONSE_FNE FM:16777213 TO:3402077 ACKNOWLEDGING:CAN_SRV_REQ
22:43:02  CC             PASSED    NAC:2209/x8A1 TSBK2 SEC_CCH_BROADCST RFSS:1/x01 SITE:1/x01 CHAN A:0-1277 SERVICE OPTIONS:[BACKUP CONTROL CHANNEL] CHAN B:0-1509 SERVICE OPTIONS:[BACKUP CONTROL CHANNEL]
22:43:02  CC             PASSED    NAC:2209/x8A1 TSBK3 ACK_RESPONSE_FNE FM:16777213 TO:3402099 ACKNOWLEDGING:CAN_SRV_REQ
22:43:02  CC             PASSED    NAC:2209/x8A1 TSBK1 ACK_RESPONSE_FNE FM:16777213 TO:3402077 ACKNOWLEDGING:CAN_SRV_REQ
22:43:02  T1 857.9875    PASSED    NAC:2209/x8A1 TDULC GROUP VOICE CHANNEL USER FM:0 TO:417 SERVICE OPTIONS:PRI4 ENCRYPTED CIRCUIT
22:43:02  T1 857.9875    PASSED    NAC:2209/x8A1 TDULC GROUP VOICE CHANNEL USER FM:0 TO:417 SERVICE OPTIONS:PRI4 ENCRYPTED CIRCUIT
22:43:02  T1 857.9875    PASSED    NAC:2209/x8A1 TDULC GROUP VOICE CHANNEL USER FM:0 TO:417 SERVICE OPTIONS:PRI4 ENCRYPTED CIRCUIT
22:43:02  T1 857.9875    PASSED    NAC:2209/x8A1 TDULC GROUP VOICE CHANNEL USER FM:0 TO:417 SERVICE OPTIONS:PRI4 ENCRYPTED CIRCUIT
22:43:02  T1 857.9875    PASSED    NAC:2209/x8A1 TDULC GROUP VOICE CHANNEL USER FM:0 TO:417 SERVICE OPTIONS:PRI4 ENCRYPTED CIRCUIT
22:43:02  T1 857.9875    PASSED    NAC:2209/x8A1 TDULC GROUP VOICE CHANNEL USER FM:0 TO:417 SERVICE OPTIONS:PRI4 ENCRYPTED CIRCUIT
22:43:02  T1 857.9875    PASSED    NAC:2209/x8A1 TDULC GROUP VOICE CHANNEL USER FM:0 TO:417 SERVICE OPTIONS:PRI4 ENCRYPTED CIRCUIT
22:43:02  T1 857.9875    PASSED    NAC:2209/x8A1 TDULC GROUP VOICE CHANNEL USER FM:0 TO:417 SERVICE OPTIONS:PRI4 ENCRYPTED CIRCUIT
22:43:02  T1 857.9875    PASSED    NAC:2209/x8A1 TDULC GROUP VOICE CHANNEL USER FM:0 TO:417 SERVICE OPTIONS:PRI4 ENCRYPTED CIRCUIT
22:43:02  T1 857.9875    PASSED    NAC:2209/x8A1 TDULC GROUP VOICE CHANNEL USER FM:0 TO:417 SERVICE OPTIONS:PRI4 ENCRYPTED CIRCUIT
22:43:02  T1 857.9875    PASSED    NAC:2209/x8A1 TDULC GROUP VOICE CHANNEL USER FM:0 TO:417 SERVICE OPTIONS:PRI4 ENCRYPTED CIRCUIT
22:43:02  T1 857.9875    PASSED    NAC:2209/x8A1 TDULC GROUP VOICE CHANNEL USER FM:0 TO:417 SERVICE OPTIONS:PRI4 ENCRYPTED CIRCUIT
22:43:02  T1 857.9875    PASSED    NAC:2209/x8A1 TDULC GROUP VOICE CHANNEL UPDATE TALKGROUP A:300 CHAN A:0-1189
22:43:02  T1 857.9875    PASSED    NAC:2209/x8A1 TDULC GROUP VOICE CHANNEL UPDATE TALKGROUP A:300 CHAN A:0-1189
22:43:02  T1 857.9875    PASSED    NAC:2209/x8A1 TDULC GROUP VOICE CHANNEL USER FM:0 TO:417 SERVICE OPTIONS:PRI4 ENCRYPTED CIRCUIT
22:43:02  T1 857.9875    PASSED    NAC:2209/x8A1 TDULC GROUP VOICE CHANNEL UPDATE TALKGROUP A:300 CHAN A:0-1189
22:43:02  T1 857.9875    PASSED    NAC:2209/x8A1 TDULC GROUP VOICE CHANNEL USER FM:0 TO:417 SERVICE OPTIONS:PRI4 ENCRYPTED CIRCUIT
22:43:02  T1 857.9875    PASSED    NAC:2209/x8A1 TDULC GROUP VOICE CHANNEL UPDATE TALKGROUP A:300 CHAN A:0-1189
22:43:02  T1 857.9875    PASSED    NAC:2209/x8A1 TDULC GROUP VOICE CHANNEL USER FM:0 TO:417 SERVICE OPTIONS:PRI4 ENCRYPTED CIRCUIT
22:43:02  T1 857.9875    PASSED    NAC:2209/x8A1 TDULC GROUP VOICE CHANNEL UPDATE TALKGROUP A:300 CHAN A:0-1189
22:43:02  T1 857.9875    PASSED    NAC:2209/x8A1 TDULC GROUP VOICE CHANNEL USER FM:0 TO:417 SERVICE OPTIONS:PRI4 ENCRYPTED CIRCUIT
22:43:02  T1 857.9875    PASSED    NAC:2209/x8A1 TDULC GROUP VOICE CHANNEL UPDATE TALKGROUP A:300 CHAN A:0-1189
22:43:02  T1 857.9875    PASSED    NAC:2209/x8A1 TDULC GROUP VOICE CHANNEL USER FM:0 TO:417 SERVICE OPTIONS:PRI4 ENCRYPTED CIRCUIT
22:43:02  T2 858.4625    PASSED    NAC:2209/x8A1 TDULC RFSS STATUS BROADCAST LRA:0/x00 SYSTEM:2208/x8A0 SITE:1/x01-1/x01 CHAN:0-1593 SERVICE OPTIONS:[DATA, VOICE, REGISTRATION]
22:43:02  T2 858.4625    PASSED    NAC:2209/x8A1 TDULC GROUP VOICE CHANNEL UPDATE TALKGROUP A:417 CHAN A:0-1117
22:43:02  T2 858.4625    PASSED    NAC:2209/x8A1 TDULC RFSS STATUS BROADCAST LRA:0/x00 SYSTEM:2208/x8A0 SITE:1/x01-1/x01 CHAN:0-1593 SERVICE OPTIONS:[DATA, VOICE, REGISTRATION]
22:43:02  T2 858.4625    PASSED    NAC:2209/x8A1 TDULC GROUP VOICE CHANNEL UPDATE TALKGROUP A:417 CHAN A:0-1117
22:43:02  T2 858.4625    PASSED    NAC:2209/x8A1 TDULC RFSS STATUS BROADCAST LRA:0/x00 SYSTEM:2208/x8A0 SITE:1/x01-1/x01 CHAN:0-1593 SERVICE OPTIONS:[DATA, VOICE, REGISTRATION]
22:43:02  T2 858.4625    PASSED    NAC:2209/x8A1 TDULC GROUP VOICE CHANNEL UPDATE TALKGROUP A:417 CHAN A:0-1117
22:43:02  T2 858.4625    PASSED    NAC:2209/x8A1 TDULC RFSS STATUS BROADCAST LRA:0/x00 SYSTEM:2208/x8A0 SITE:1/x01-1/x01 CHAN:0-1593 SERVICE OPTIONS:[DATA, VOICE, REGISTRATION]
22:43:02  T2 858.4625    PASSED    NAC:2209/x8A1 TDULC GROUP VOICE CHANNEL UPDATE TALKGROUP A:417 CHAN A:0-1117
22:43:02  T2 858.4625    PASSED    NAC:2209/x8A1 TDULC RFSS STATUS BROADCAST LRA:0/x00 SYSTEM:2208/x8A0 SITE:1/x01-1/x01 CHAN:0-1593 SERVICE OPTIONS:[DATA, VOICE, REGISTRATION]
22:43:02  T2 858.4625    PASSED    NAC:2209/x8A1 TDULC GROUP VOICE CHANNEL UPDATE TALKGROUP A:417 CHAN A:0-1117
22:43:02  T2 858.4625    PASSED    NAC:2209/x8A1 TDULC RFSS STATUS BROADCAST LRA:0/x00 SYSTEM:2208/x8A0 SITE:1/x01-1/x01 CHAN:0-1593 SERVICE OPTIONS:[DATA, VOICE, REGISTRATION]
22:43:02  T2 858.4625    PASSED    NAC:2209/x8A1 TDULC GROUP VOICE CHANNEL UPDATE TALKGROUP A:417 CHAN A:0-1117
22:43:02  T2 858.4625    PASSED    NAC:2209/x8A1 TDULC GROUP VOICE CHANNEL UPDATE TALKGROUP A:300 CHAN A:0-1189
22:43:02  T2 858.4625    PASSED    NAC:2209/x8A1 TDU
22:43:02  T2 858.4625    PASSED    NAC:2209/x8A1 TDU
22:43:02  T2 858.4625    PASSED    NAC:2209/x8A1 TDU
22:43:02  T2 858.4625    PASSED    NAC:2209/x8A1 PDU RESPONSE TO:3412558 ALL BLOCKS RECEIVED
22:43:02  T2 858.4625    PASSED    NAC:2209/x8A1 TDU
22:43:02  T2 858.4625    PASSED    NAC:2209/x8A1 TDU
22:43:02  T2 858.4625    PASSED    NAC:2209/x8A1 TDULC GROUP VOICE CHANNEL UPDATE TALKGROUP A:300 CHAN A:0-1189 TALKGROUP B:417 CHAN B:0-1117
22:43:02  T2 858.4625    PASSED    NAC:2209/x8A1 TDULC RFSS STATUS BROADCAST LRA:0/x00 SYSTEM:2208/x8A0 SITE:1/x01-1/x01 CHAN:0-1593 SERVICE OPTIONS:[DATA, VOICE, REGISTRATION]
22:43:02  T2 858.4625    PASSED    NAC:2209/x8A1 TDULC GROUP VOICE CHANNEL UPDATE TALKGROUP A:300 CHAN A:0-1189 TALKGROUP B:417 CHAN B:0-1117
22:43:02  T2 858.4625    PASSED    NAC:2209/x8A1 TDULC RFSS STATUS BROADCAST LRA:0/x00 SYSTEM:2208/x8A0 SITE:1/x01-1/x01 CHAN:0-1593 SERVICE OPTIONS:[DATA, VOICE, REGISTRATION]
22:43:02  T2 858.4625    PASSED    NAC:2209/x8A1 TDULC GROUP VOICE CHANNEL UPDATE TALKGROUP A:300 CHAN A:0-1189 TALKGROUP B:417 CHAN B:0-1117
22:43:02  T2 858.4625    PASSED    NAC:2209/x8A1 TDULC RFSS STATUS BROADCAST LRA:0/x00 SYSTEM:2208/x8A0 SITE:1/x01-1/x01 CHAN:0-1593 SERVICE OPTIONS:[DATA, VOICE, REGISTRATION]
22:43:02  T2 858.4625    PASSED    NAC:2209/x8A1 TDULC GROUP VOICE CHANNEL UPDATE TALKGROUP A:300 CHAN A:0-1189 TALKGROUP B:417 CHAN B:0-1117
22:43:02  T3 858.4375    PASSED    <-> SYNC LOSS - BITS PROCESSED [250]
22:43:02  T3 858.4375    PASSED    NAC:2209/x8A1 TDULC GROUP VOICE CHANNEL USER FM:0 TO:300 SERVICE OPTIONS:PRI4 CIRCUIT
22:43:02  T3 858.4375    PASSED    NAC:2209/x8A1 TDULC GROUP VOICE CHANNEL UPDATE TALKGROUP A:417 CHAN A:0-1117
22:43:02  T3 858.4375    PASSED    NAC:2209/x8A1 TDULC GROUP VOICE CHANNEL USER FM:0 TO:300 SERVICE OPTIONS:PRI4 CIRCUIT
22:43:02  T3 858.4375    PASSED    NAC:2209/x8A1 TDULC GROUP VOICE CHANNEL UPDATE TALKGROUP A:417 CHAN A:0-1117
22:43:02  T3 858.4375    PASSED    NAC:2209/x8A1 TDULC GROUP VOICE CHANNEL USER FM:0 TO:300 SERVICE OPTIONS:PRI4 CIRCUIT
22:43:02  T3 858.4375    PASSED    NAC:2209/x8A1 TDULC GROUP VOICE CHANNEL UPDATE TALKGROUP A:417 CHAN A:0-1117
22:43:02  T3 858.4375    PASSED    NAC:2209/x8A1 HDU   TALKGROUP:300 UNENCRYPTED
22:43:03  CC             PASSED    NAC:2209/x8A1 TSBK2 MOTOROLA SYSTEM LOADING MOTOROLA MSG:099017C0000000000000BA04
22:43:03  CC             PASSED    NAC:2209/x8A1 TSBK3 IDEN_UPDATE_TDMA ID:3 OFFSET:30000000 SPACING:12500 BASE:762006250 TDMA BW:12500 TIMESLOTS:2 VOCODER:HALF_RATE
22:43:03  CC             PASSED    NAC:2209/x8A1 TSBK1 RFSS_STATUS_BCST SYSTEM:2208/x8A0 RFSS:1/x01 SITE:1/x01 LRA:0/x00 CHAN:0-1593 ACTIVE NETWORK CONNECTION SERVICE OPTIONS:[DATA, VOICE, REGISTRATION]
22:43:03  CC             PASSED    NAC:2209/x8A1 TSBK2 NET_STATUS_BCAST WACN:781824/xBEE00 SYSTEM:2208/x8A0 LRA:0/x00 CHAN:0-1593 SERVICES:[DATA, VOICE, REGISTRATION]
22:43:03  CC             PASSED    NAC:2209/x8A1 TSBK3 IDEN_UPDATE ID:4 OFFSET:-39000000 SPACING:12500 BASE:935012500 FDMA BW:12500
22:43:03  CC             PASSED    NAC:2209/x8A1 TSBK1 SNDCP_DCH_ANN_EX CHAN:0-1193/----- AUTONOMOUS/REQUESTED-ACCESS DAC:1 **:0 SERVICE OPTIONS:NSAPI:0 HALF DUPLEX CIRCUIT MODE
22:43:03  CC             PASSED    NAC:2209/x8A1 TSBK2 CCH BASE STAT ID CHAN:0-1593 CWID:
22:43:03  CC             PASSED    NAC:2209/x8A1 TSBK3 IDEN_UPDATE_TDMA ID:5 OFFSET:-39000000 SPACING:12500 BASE:935012500 TDMA BW:12500 TIMESLOTS:2 VOCODER:HALF_RATE
22:43:03  CC             PASSED    NAC:2209/x8A1 TSBK1 MOTOROLA TDMA DATA CHANNEL NOT ACTIVE MSG:1690423FFFFFFFFF0000D458
22:43:03  CC             PASSED    NAC:2209/x8A1 TSBK2 MOTOROLA TRAFFIC CHANNEL 059040C0C00000000800669F
22:43:03  CC             PASSED    NAC:2209/x8A1 TSBK3 TDMA_SYNC_BCST SYSTEM TIME UNLOCKED: 2026-04-18 21:46:50.550 -0500 LEAP-SECOND CORRECTION:0.0mS MICROSLOT-MINUTE ROLLOVER:SLOW
22:43:03  CC             PASSED    NAC:2209/x8A1 TSBK1 GRP_VCH_GRNT_UPD GROUP A:300 CHAN A:0-1189
22:43:03  CC             PASSED    NAC:2209/x8A1 TSBK2 SEC_CCH_BROADCST RFSS:1/x01 SITE:1/x01 CHAN A:0-1509 SERVICE OPTIONS:[BACKUP CONTROL CHANNEL] CHAN B:0-1349 SERVICE OPTIONS:[BACKUP CONTROL CHANNEL]
22:43:03  CC             PASSED    NAC:2209/x8A1 TSBK3 MOTOROLA SYSTEM LOADING MOTOROLA MSG:8990104000000000000032D1
22:43:03  CC             PASSED    NAC:2209/x8A1 TSBK1 IDEN_UPDATE ID:0 OFFSET:-45000000 SPACING:6250 BASE:851006250 FDMA BW:12500
22:43:03  CC             PASSED    NAC:2209/x8A1 TSBK2 ACK_RESPONSE_FNE FM:16777213 TO:3416052 ACKNOWLEDGING:GRP_V_REQ
22:43:03  CC             PASSED    NAC:2209/x8A1 TSBK3 RFSS_STATUS_BCST SYSTEM:2208/x8A0 RFSS:1/x01 SITE:1/x01 LRA:0/x00 CHAN:0-1593 ACTIVE NETWORK CONNECTION SERVICE OPTIONS:[DATA, VOICE, REGISTRATION]
22:43:03  CC             PASSED    NAC:2209/x8A1 TSBK1 NET_STATUS_BCAST WACN:781824/xBEE00 SYSTEM:2208/x8A0 LRA:0/x00 CHAN:0-1593 SERVICES:[DATA, VOICE, REGISTRATION]
22:43:03  CC             PASSED    NAC:2209/x8A1 TSBK2 GRP_VCH_GRANT FM:3416052 TO:417 CHAN:0-1117 PRI4 ENCRYPTED CIRCUIT
22:43:03  CC             PASSED    NAC:2209/x8A1 TSBK3 ACK_RESPONSE_FNE FM:16777213 TO:3416052 ACKNOWLEDGING:GRP_V_REQ
22:43:03  CC             PASSED    NAC:2209/x8A1 TSBK1 IDEN_UPDATE ID:1 OFFSET:30000000 SPACING:6250 BASE:762006250 FDMA BW:12500
22:43:03  CC             PASSED    NAC:2209/x8A1 TSBK2 GRP_VCH_GRANT FM:3416052 TO:417 CHAN:0-1117 PRI4 ENCRYPTED CIRCUIT
22:43:03  CC             PASSED    NAC:2209/x8A1 TSBK3 GRP_VCH_GRNT_UPD GROUP A:300 CHAN A:0-1189
22:43:03  CC             PASSED    NAC:2209/x8A1 TSBK1 SNDCP_DCH_ANN_EX CHAN:0-1193/----- AUTONOMOUS/REQUESTED-ACCESS DAC:1 **:0 SERVICE OPTIONS:NSAPI:0 HALF DUPLEX CIRCUIT MODE
22:43:03  CC             PASSED    NAC:2209/x8A1 TSBK2 GRP_VCH_GRNT_UPD GROUP A:417 CHAN A:0-1117
22:43:03  CC             PASSED    NAC:2209/x8A1 TSBK3 IDEN_UPDATE_TDMA ID:2 OFFSET:-45000000 SPACING:12500 BASE:851012500 TDMA BW:12500 TIMESLOTS:2 VOCODER:HALF_RATE
22:43:03  CC             PASSED    NAC:2209/x8A1 TSBK1 MOTOROLA TDMA DATA CHANNEL NOT ACTIVE MSG:1690423FFFFFFFFF0000D458
22:43:03  CC             PASSED    NAC:2209/x8A1 TSBK2 MOTOROLA TRAFFIC CHANNEL 059040C0C00000000800669F
22:43:03  CC             PASSED    NAC:2209/x8A1 TSBK3 TDMA_SYNC_BCST SYSTEM TIME UNLOCKED: 2026-04-18 21:46:51.000 -0500 LEAP-SECOND CORRECTION:0.0mS MICROSLOT-MINUTE ROLLOVER:SLOW
22:43:03  CC             PASSED    NAC:2209/x8A1 TSBK1 GRP_VCH_GRNT_UPD GROUP A:417 CHAN A:0-1117 GROUP B:300 CHAN B:0-1189
22:43:03  CC             PASSED    NAC:2209/x8A1 TSBK2 SEC_CCH_BROADCST RFSS:1/x01 SITE:1/x01 CHAN A:0-1349 SERVICE OPTIONS:[BACKUP CONTROL CHANNEL] CHAN B:0-1277 SERVICE OPTIONS:[BACKUP CONTROL CHANNEL]
22:43:03  CC             PASSED    NAC:2209/x8A1 TSBK3 MOTOROLA SYSTEM LOADING MOTOROLA MSG:89901680000000000000C40F
22:43:03  CC             PASSED    NAC:2209/x8A1 TSBK1 IDEN_UPDATE_TDMA ID:3 OFFSET:30000000 SPACING:12500 BASE:762006250 TDMA BW:12500 TIMESLOTS:2 VOCODER:HALF_RATE
22:43:03  CC             PASSED    NAC:2209/x8A1 TSBK2 RFSS_STATUS_BCST SYSTEM:2208/x8A0 RFSS:1/x01 SITE:1/x01 LRA:0/x00 CHAN:0-1593 ACTIVE NETWORK CONNECTION SERVICE OPTIONS:[DATA, VOICE, REGISTRATION]
22:43:03  CC             PASSED    NAC:2209/x8A1 TSBK3 NET_STATUS_BCAST WACN:781824/xBEE00 SYSTEM:2208/x8A0 LRA:0/x00 CHAN:0-1593 SERVICES:[DATA, VOICE, REGISTRATION]
22:43:03  CC             PASSED    NAC:2209/x8A1 TSBK1 CCH BASE STAT ID CHAN:0-1593 CWID:
22:43:03  CC             PASSED    NAC:2209/x8A1 TSBK2 IDEN_UPDATE ID:4 OFFSET:-39000000 SPACING:12500 BASE:935012500 FDMA BW:12500
22:43:03  CC             PASSED    NAC:2209/x8A1 TSBK3 SNDCP_DCH_ANN_EX CHAN:0-1193/----- AUTONOMOUS/REQUESTED-ACCESS DAC:1 **:0 SERVICE OPTIONS:NSAPI:0 HALF DUPLEX CIRCUIT MODE
22:43:03  CC             PASSED    NAC:2209/x8A1 TSBK1 IDEN_UPDATE_TDMA ID:5 OFFSET:-39000000 SPACING:12500 BASE:935012500 TDMA BW:12500 TIMESLOTS:2 VOCODER:HALF_RATE
22:43:03  CC             PASSED    NAC:2209/x8A1 TSBK2 MOTOROLA TDMA DATA CHANNEL NOT ACTIVE MSG:1690423FFFFFFFFF0000D458
22:43:03  T1 857.9875    PASSED    NAC:2209/x8A1 TDULC GROUP VOICE CHANNEL UPDATE TALKGROUP A:300 CHAN A:0-1189
22:43:03  T1 857.9875    PASSED    NAC:2209/x8A1 TDULC GROUP VOICE CHANNEL USER FM:0 TO:417 SERVICE OPTIONS:PRI4 ENCRYPTED CIRCUIT
22:43:03  T1 857.9875    PASSED    NAC:2209/x8A1 TDULC GROUP VOICE CHANNEL UPDATE TALKGROUP A:300 CHAN A:0-1189
22:43:03  T1 857.9875    PASSED    NAC:2209/x8A1 TDULC GROUP VOICE CHANNEL USER FM:0 TO:417 SERVICE OPTIONS:PRI4 ENCRYPTED CIRCUIT
22:43:03  T1 857.9875    PASSED    NAC:2209/x8A1 TDULC GROUP VOICE CHANNEL UPDATE TALKGROUP A:300 CHAN A:0-1189
22:43:03  T1 857.9875    PASSED    <-> SYNC LOSS - BITS PROCESSED [134]
22:43:03  T1 857.9875    PASSED    NAC:2209/x8A1 TDULC GROUP VOICE CHANNEL USER FM:0 TO:417 SERVICE OPTIONS:PRI4 ENCRYPTED CIRCUIT
22:43:03  T1 857.9875    PASSED    NAC:2209/x8A1 TDULC GROUP VOICE CHANNEL UPDATE TALKGROUP A:300 CHAN A:0-1189
22:43:03  T1 857.9875    PASSED    NAC:2209/x8A1 TDULC GROUP VOICE CHANNEL USER FM:0 TO:417 SERVICE OPTIONS:PRI4 ENCRYPTED CIRCUIT
22:43:03  T1 857.9875    PASSED    NAC:2209/x8A1 TDULC GROUP VOICE CHANNEL UPDATE TALKGROUP A:300 CHAN A:0-1189
22:43:03  T1 857.9875    PASSED    NAC:2209/x8A1 TDULC GROUP VOICE CHANNEL USER FM:0 TO:417 SERVICE OPTIONS:PRI4 ENCRYPTED CIRCUIT
22:43:03  T1 857.9875    PASSED    NAC:2209/x8A1 TDULC GROUP VOICE CHANNEL UPDATE TALKGROUP A:300 CHAN A:0-1189
22:43:03  T1 857.9875    PASSED    NAC:2209/x8A1 TDULC GROUP VOICE CHANNEL USER FM:0 TO:417 SERVICE OPTIONS:PRI4 ENCRYPTED CIRCUIT
22:43:03  T1 857.9875    PASSED    NAC:2209/x8A1 HDU   TALKGROUP:417 ENCRYPTION:ENCRYPTION:AES-256 KEY:8259 MI:A20D1A920DFECAB200
22:43:03  T2 858.4625    PASSED    NAC:2209/x8A1 TDULC RFSS STATUS BROADCAST LRA:0/x00 SYSTEM:2208/x8A0 SITE:1/x01-1/x01 CHAN:0-1593 SERVICE OPTIONS:[DATA, VOICE, REGISTRATION]
22:43:03  T2 858.4625    PASSED    NAC:2209/x8A1 TDULC GROUP VOICE CHANNEL UPDATE TALKGROUP A:300 CHAN A:0-1189 TALKGROUP B:417 CHAN B:0-1117
22:43:03  T2 858.4625    PASSED    NAC:2209/x8A1 TDULC RFSS STATUS BROADCAST LRA:0/x00 SYSTEM:2208/x8A0 SITE:1/x01-1/x01 CHAN:0-1593 SERVICE OPTIONS:[DATA, VOICE, REGISTRATION]
22:43:03  T2 858.4625    PASSED    NAC:2209/x8A1 TDULC GROUP VOICE CHANNEL UPDATE TALKGROUP A:300 CHAN A:0-1189
22:43:03  T2 858.4625    PASSED    NAC:2209/x8A1 TDULC RFSS STATUS BROADCAST LRA:0/x00 SYSTEM:2208/x8A0 SITE:1/x01-1/x01 CHAN:0-1593 SERVICE OPTIONS:[DATA, VOICE, REGISTRATION]
22:43:03  T2 858.4625    PASSED    NAC:2209/x8A1 TDULC GROUP VOICE CHANNEL UPDATE TALKGROUP A:300 CHAN A:0-1189
22:43:03  T2 858.4625    PASSED    NAC:2209/x8A1 TDULC RFSS STATUS BROADCAST LRA:0/x00 SYSTEM:2208/x8A0 SITE:1/x01-1/x01 CHAN:0-1593 SERVICE OPTIONS:[DATA, VOICE, REGISTRATION]
22:43:03  T2 858.4625    PASSED    NAC:2209/x8A1 TDULC GROUP VOICE CHANNEL UPDATE TALKGROUP A:300 CHAN A:0-1189
22:43:03  T2 858.4625    PASSED    NAC:2209/x8A1 TDULC RFSS STATUS BROADCAST LRA:0/x00 SYSTEM:2208/x8A0 SITE:1/x01-1/x01 CHAN:0-1593 SERVICE OPTIONS:[DATA, VOICE, REGISTRATION]
22:43:03  T2 858.4625    PASSED    NAC:2209/x8A1 TDULC GROUP VOICE CHANNEL UPDATE TALKGROUP A:300 CHAN A:0-1189
22:43:03  T2 858.4625    PASSED    NAC:2209/x8A1 TDULC RFSS STATUS BROADCAST LRA:0/x00 SYSTEM:2208/x8A0 SITE:1/x01-1/x01 CHAN:0-1593 SERVICE OPTIONS:[DATA, VOICE, REGISTRATION]
22:43:03  T2 858.4625    PASSED    NAC:2209/x8A1 TDULC GROUP VOICE CHANNEL UPDATE TALKGROUP A:300 CHAN A:0-1189 TALKGROUP B:417 CHAN B:0-1117
22:43:03  T2 858.4625    PASSED    NAC:2209/x8A1 TDULC RFSS STATUS BROADCAST LRA:0/x00 SYSTEM:2208/x8A0 SITE:1/x01-1/x01 CHAN:0-1593 SERVICE OPTIONS:[DATA, VOICE, REGISTRATION]
22:43:03  T2 858.4625    PASSED    NAC:2209/x8A1 TDULC GROUP VOICE CHANNEL UPDATE TALKGROUP A:300 CHAN A:0-1189 TALKGROUP B:417 CHAN B:0-1117
22:43:03  T2 858.4625    PASSED    NAC:2209/x8A1 TDULC RFSS STATUS BROADCAST LRA:0/x00 SYSTEM:2208/x8A0 SITE:1/x01-1/x01 CHAN:0-1593 SERVICE OPTIONS:[DATA, VOICE, REGISTRATION]
22:43:03  T2 858.4625    PASSED    NAC:2209/x8A1 TDULC GROUP VOICE CHANNEL UPDATE TALKGROUP A:300 CHAN A:0-1189 TALKGROUP B:417 CHAN B:0-1117
22:43:03  T2 858.4625    PASSED    NAC:2209/x8A1 TDULC RFSS STATUS BROADCAST LRA:0/x00 SYSTEM:2208/x8A0 SITE:1/x01-1/x01 CHAN:0-1593 SERVICE OPTIONS:[DATA, VOICE, REGISTRATION]
22:43:03  T2 858.4625    PASSED    NAC:2209/x8A1 TDULC GROUP VOICE CHANNEL UPDATE TALKGROUP A:300 CHAN A:0-1189 TALKGROUP B:417 CHAN B:0-1117
22:43:03  T2 858.4625    PASSED    NAC:2209/x8A1 TDULC RFSS STATUS BROADCAST LRA:0/x00 SYSTEM:2208/x8A0 SITE:1/x01-1/x01 CHAN:0-1593 SERVICE OPTIONS:[DATA, VOICE, REGISTRATION]
22:43:03  T2 858.4625    PASSED    NAC:2209/x8A1 TDULC GROUP VOICE CHANNEL UPDATE TALKGROUP A:300 CHAN A:0-1189 TALKGROUP B:417 CHAN B:0-1117
22:43:03  T2 858.4625    PASSED    NAC:2209/x8A1 TDULC RFSS STATUS BROADCAST LRA:0/x00 SYSTEM:2208/x8A0 SITE:1/x01-1/x01 CHAN:0-1593 SERVICE OPTIONS:[DATA, VOICE, REGISTRATION]
22:43:03  T2 858.4625    PASSED    NAC:2209/x8A1 TDULC GROUP VOICE CHANNEL UPDATE TALKGROUP A:300 CHAN A:0-1189 TALKGROUP B:417 CHAN B:0-1117
22:43:03  T3 858.4375    PASSED    NAC:2209/x8A1 LDU1  VOICE LSD:0000 GROUP VOICE CHANNEL USER FM:0 TO:300 SERVICE OPTIONS:PRI4 CIRCUIT
22:43:03  T3 858.4375    PASSED    NAC:2209/x8A1 LDU2  VOICE LSD:0000 UNENCRYPTED
22:43:03  T3 858.4375    PASSED    NAC:2209/x8A1 LDU1  VOICE LSD:0000 GROUP VOICE CHANNEL UPDATE TALKGROUP A:417 CHAN A:0-1117
22:43:03  T3 858.4375    PASSED    NAC:2209/x8A1 LDU2  VOICE LSD:0000 UNENCRYPTED
22:43:03  T3 858.4375    PASSED    NAC:2209/x8A1 LDU1  VOICE LSD:0000 GROUP VOICE CHANNEL USER FM:3400030 TO:300 SERVICE OPTIONS:PRI4 CIRCUIT
22:43:03  T3 858.4375    PASSED    NAC:2209/x8A1 LDU2  VOICE LSD:0000 UNENCRYPTED
22:43:04  CC             PASSED    NAC:2209/x8A1 TSBK3 MOTOROLA TRAFFIC CHANNEL 859040C0C0000000080082AB
22:43:04  CC             PASSED    NAC:2209/x8A1 TSBK1 TDMA_SYNC_BCST SYSTEM TIME UNLOCKED: 2026-04-18 21:46:51.375 -0500 LEAP-SECOND CORRECTION:0.0mS MICROSLOT-MINUTE ROLLOVER:SLOW
22:43:04  CC             PASSED    NAC:2209/x8A1 TSBK2 GRP_VCH_GRNT_UPD GROUP A:417 CHAN A:0-1117 GROUP B:300 CHAN B:0-1189
22:43:04  CC             PASSED    NAC:2209/x8A1 TSBK3 SEC_CCH_BROADCST RFSS:1/x01 SITE:1/x01 CHAN A:0-1277 SERVICE OPTIONS:[BACKUP CONTROL CHANNEL] CHAN B:0-1509 SERVICE OPTIONS:[BACKUP CONTROL CHANNEL]
22:43:04  CC             PASSED    NAC:2209/x8A1 TSBK1 MOTOROLA SYSTEM LOADING MOTOROLA MSG:09901040000000000000D6E5
22:43:04  CC             PASSED    NAC:2209/x8A1 TSBK2 IDEN_UPDATE ID:0 OFFSET:-45000000 SPACING:6250 BASE:851006250 FDMA BW:12500
22:43:04  CC             PASSED    NAC:2209/x8A1 TSBK3 RFSS_STATUS_BCST SYSTEM:2208/x8A0 RFSS:1/x01 SITE:1/x01 LRA:0/x00 CHAN:0-1593 ACTIVE NETWORK CONNECTION SERVICE OPTIONS:[DATA, VOICE, REGISTRATION]
22:43:04  CC             PASSED    NAC:2209/x8A1 TSBK1 NET_STATUS_BCAST WACN:781824/xBEE00 SYSTEM:2208/x8A0 LRA:0/x00 CHAN:0-1593 SERVICES:[DATA, VOICE, REGISTRATION]
22:43:04  CC             PASSED    NAC:2209/x8A1 TSBK2 IDEN_UPDATE ID:1 OFFSET:30000000 SPACING:6250 BASE:762006250 FDMA BW:12500
22:43:04  CC             PASSED    NAC:2209/x8A1 TSBK3 SNDCP_DCH_ANN_EX CHAN:0-1193/----- AUTONOMOUS/REQUESTED-ACCESS DAC:1 **:0 SERVICE OPTIONS:NSAPI:0 HALF DUPLEX CIRCUIT MODE
22:43:04  CC             PASSED    NAC:2209/x8A1 TSBK1 IDEN_UPDATE_TDMA ID:2 OFFSET:-45000000 SPACING:12500 BASE:851012500 TDMA BW:12500 TIMESLOTS:2 VOCODER:HALF_RATE
22:43:04  CC             PASSED    NAC:2209/x8A1 TSBK2 MOTOROLA TDMA DATA CHANNEL NOT ACTIVE MSG:1690423FFFFFFFFF0000D458
22:43:04  CC             PASSED    NAC:2209/x8A1 TSBK3 MOTOROLA TRAFFIC CHANNEL 859040C0C0000000080082AB
22:43:04  CC             PASSED    NAC:2209/x8A1 TSBK1 TDMA_SYNC_BCST SYSTEM TIME UNLOCKED: 2026-04-18 21:46:51.675 -0500 LEAP-SECOND CORRECTION:0.0mS MICROSLOT-MINUTE ROLLOVER:SLOW
22:43:04  CC             PASSED    NAC:2209/x8A1 TSBK2 GRP_VCH_GRNT_UPD GROUP A:417 CHAN A:0-1117 GROUP B:300 CHAN B:0-1189
22:43:04  CC             PASSED    NAC:2209/x8A1 TSBK3 SEC_CCH_BROADCST RFSS:1/x01 SITE:1/x01 CHAN A:0-1509 SERVICE OPTIONS:[BACKUP CONTROL CHANNEL] CHAN B:0-1349 SERVICE OPTIONS:[BACKUP CONTROL CHANNEL]
22:43:04  CC             PASSED    NAC:2209/x8A1 TSBK1 MOTOROLA SYSTEM LOADING MOTOROLA MSG:09900F00000000000000EF7F
22:43:04  CC             PASSED    NAC:2209/x8A1 TSBK2 IDEN_UPDATE_TDMA ID:3 OFFSET:30000000 SPACING:12500 BASE:762006250 TDMA BW:12500 TIMESLOTS:2 VOCODER:HALF_RATE
22:43:04  CC             PASSED    NAC:2209/x8A1 TSBK3 CCH BASE STAT ID CHAN:0-1593 CWID:
22:43:04  CC             PASSED    NAC:2209/x8A1 TSBK1 RFSS_STATUS_BCST SYSTEM:2208/x8A0 RFSS:1/x01 SITE:1/x01 LRA:0/x00 CHAN:0-1593 ACTIVE NETWORK CONNECTION SERVICE OPTIONS:[DATA, VOICE, REGISTRATION]
22:43:04  CC             PASSED    NAC:2209/x8A1 TSBK2 NET_STATUS_BCAST WACN:781824/xBEE00 SYSTEM:2208/x8A0 LRA:0/x00 CHAN:0-1593 SERVICES:[DATA, VOICE, REGISTRATION]
22:43:04  CC             PASSED    NAC:2209/x8A1 TSBK3 IDEN_UPDATE ID:4 OFFSET:-39000000 SPACING:12500 BASE:935012500 FDMA BW:12500
22:43:04  CC             PASSED    NAC:2209/x8A1 TSBK1 SNDCP_DCH_ANN_EX CHAN:0-1193/----- AUTONOMOUS/REQUESTED-ACCESS DAC:1 **:0 SERVICE OPTIONS:NSAPI:0 HALF DUPLEX CIRCUIT MODE
22:43:04  CC             PASSED    NAC:2209/x8A1 TSBK2 IDEN_UPDATE_TDMA ID:5 OFFSET:-39000000 SPACING:12500 BASE:935012500 TDMA BW:12500 TIMESLOTS:2 VOCODER:HALF_RATE
22:43:04  CC             PASSED    NAC:2209/x8A1 TSBK3 MOTOROLA TDMA DATA CHANNEL NOT ACTIVE MSG:9690423FFFFFFFFF0000306C
22:43:04  CC             PASSED    NAC:2209/x8A1 TSBK1 MOTOROLA TRAFFIC CHANNEL 059040C0C00000000800669F
22:43:04  CC             PASSED    NAC:2209/x8A1 TSBK2 TDMA_SYNC_BCST SYSTEM TIME UNLOCKED: 2026-04-18 21:46:51.975 -0500 LEAP-SECOND CORRECTION:0.0mS MICROSLOT-MINUTE ROLLOVER:SLOW
22:43:04  CC             PASSED    NAC:2209/x8A1 TSBK3 GRP_VCH_GRNT_UPD GROUP A:417 CHAN A:0-1117 GROUP B:300 CHAN B:0-1189
22:43:04  CC             PASSED    NAC:2209/x8A1 TSBK1 SEC_CCH_BROADCST RFSS:1/x01 SITE:1/x01 CHAN A:0-1349 SERVICE OPTIONS:[BACKUP CONTROL CHANNEL] CHAN B:0-1277 SERVICE OPTIONS:[BACKUP CONTROL CHANNEL]
22:43:04  CC             PASSED    NAC:2209/x8A1 TSBK2 MOTOROLA SYSTEM LOADING MOTOROLA MSG:09901040000000000000D6E5
22:43:04  CC             PASSED    NAC:2209/x8A1 TSBK3 IDEN_UPDATE ID:0 OFFSET:-45000000 SPACING:6250 BASE:851006250 FDMA BW:12500
22:43:04  CC             PASSED    NAC:2209/x8A1 TSBK1 RFSS_STATUS_BCST SYSTEM:2208/x8A0 RFSS:1/x01 SITE:1/x01 LRA:0/x00 CHAN:0-1593 ACTIVE NETWORK CONNECTION SERVICE OPTIONS:[DATA, VOICE, REGISTRATION]
22:43:04  CC             PASSED    NAC:2209/x8A1 TSBK2 NET_STATUS_BCAST WACN:781824/xBEE00 SYSTEM:2208/x8A0 LRA:0/x00 CHAN:0-1593 SERVICES:[DATA, VOICE, REGISTRATION]
22:43:04  CC             PASSED    NAC:2209/x8A1 TSBK3 IDEN_UPDATE ID:1 OFFSET:30000000 SPACING:6250 BASE:762006250 FDMA BW:12500
22:43:04  CC             PASSED    NAC:2209/x8A1 TSBK1 SNDCP_DCH_ANN_EX CHAN:0-1193/----- AUTONOMOUS/REQUESTED-ACCESS DAC:1 **:0 SERVICE OPTIONS:NSAPI:0 HALF DUPLEX CIRCUIT MODE
22:43:04  CC             PASSED    NAC:2209/x8A1 TSBK2 IDEN_UPDATE_TDMA ID:2 OFFSET:-45000000 SPACING:12500 BASE:851012500 TDMA BW:12500 TIMESLOTS:2 VOCODER:HALF_RATE
22:43:04  CC             PASSED    NAC:2209/x8A1 TSBK3 MOTOROLA TDMA DATA CHANNEL NOT ACTIVE MSG:9690423FFFFFFFFF0000306C
22:43:04  CC             PASSED    NAC:2209/x8A1 TSBK1 MOTOROLA TRAFFIC CHANNEL 059040C0C00000000800669F
22:43:04  T1 857.9875    PASSED    NAC:2209/x8A1 LDU1  VOICE LSD:B255 GROUP VOICE CHANNEL UPDATE TALKGROUP A:300 CHAN A:0-1189
22:43:04  T1 857.9875    PASSED    NAC:2209/x8A1 LDU2  VOICE LSD:CDDC ENCRYPTION:AES-256 KEY:8259 MSG INDICATOR:22FBAFB8D842C2B400
22:43:04  T1 857.9875    PASSED    NAC:2209/x8A1 LDU1  VOICE LSD:B4B2 GROUP VOICE CHANNEL USER FM:0 TO:417 SERVICE OPTIONS:PRI4 ENCRYPTED CIRCUIT
22:43:04  T1 857.9875    PASSED    NAC:2209/x8A1 LDU2  VOICE LSD:4B99 ENCRYPTION:AES-256 KEY:8259 MSG INDICATOR:79A7DE9AEBB0B5BC00
22:43:04  T1 857.9875    PASSED    NAC:2209/x8A1 LDU1  VOICE LSD:0D61 GROUP VOICE CHANNEL UPDATE TALKGROUP A:300 CHAN A:0-1189
22:43:04  T2 858.4625    PASSED    NAC:2209/x8A1 TDULC RFSS STATUS BROADCAST LRA:0/x00 SYSTEM:2208/x8A0 SITE:1/x01-1/x01 CHAN:0-1593 SERVICE OPTIONS:[DATA, VOICE, REGISTRATION]
22:43:04  T2 858.4625    PASSED    NAC:2209/x8A1 TDULC GROUP VOICE CHANNEL UPDATE TALKGROUP A:300 CHAN A:0-1189 TALKGROUP B:417 CHAN B:0-1117
22:43:04  T2 858.4625    PASSED    NAC:2209/x8A1 TDULC RFSS STATUS BROADCAST LRA:0/x00 SYSTEM:2208/x8A0 SITE:1/x01-1/x01 CHAN:0-1593 SERVICE OPTIONS:[DATA, VOICE, REGISTRATION]
22:43:04  T2 858.4625    PASSED    NAC:2209/x8A1 TDULC GROUP VOICE CHANNEL UPDATE TALKGROUP A:300 CHAN A:0-1189 TALKGROUP B:417 CHAN B:0-1117
22:43:04  T2 858.4625    PASSED    NAC:2209/x8A1 TDULC RFSS STATUS BROADCAST LRA:0/x00 SYSTEM:2208/x8A0 SITE:1/x01-1/x01 CHAN:0-1593 SERVICE OPTIONS:[DATA, VOICE, REGISTRATION]
22:43:04  T2 858.4625    PASSED    NAC:2209/x8A1 TDULC GROUP VOICE CHANNEL UPDATE TALKGROUP A:300 CHAN A:0-1189 TALKGROUP B:417 CHAN B:0-1117
22:43:04  T2 858.4625    PASSED    NAC:2209/x8A1 TDULC RFSS STATUS BROADCAST LRA:0/x00 SYSTEM:2208/x8A0 SITE:1/x01-1/x01 CHAN:0-1593 SERVICE OPTIONS:[DATA, VOICE, REGISTRATION]
22:43:04  T2 858.4625    PASSED    NAC:2209/x8A1 TDULC GROUP VOICE CHANNEL UPDATE TALKGROUP A:300 CHAN A:0-1189 TALKGROUP B:417 CHAN B:0-1117
22:43:04  T2 858.4625    PASSED    NAC:2209/x8A1 TDULC RFSS STATUS BROADCAST LRA:0/x00 SYSTEM:2208/x8A0 SITE:1/x01-1/x01 CHAN:0-1593 SERVICE OPTIONS:[DATA, VOICE, REGISTRATION]
22:43:04  T2 858.4625    PASSED    NAC:2209/x8A1 TDULC GROUP VOICE CHANNEL UPDATE TALKGROUP A:300 CHAN A:0-1189 TALKGROUP B:417 CHAN B:0-1117
22:43:04  T2 858.4625    PASSED    NAC:2209/x8A1 TDULC RFSS STATUS BROADCAST LRA:0/x00 SYSTEM:2208/x8A0 SITE:1/x01-1/x01 CHAN:0-1593 SERVICE OPTIONS:[DATA, VOICE, REGISTRATION]
22:43:04  T2 858.4625    PASSED    NAC:2209/x8A1 TDULC GROUP VOICE CHANNEL UPDATE TALKGROUP A:300 CHAN A:0-1189 TALKGROUP B:417 CHAN B:0-1117
22:43:04  T2 858.4625    PASSED    NAC:2209/x8A1 TDULC RFSS STATUS BROADCAST LRA:0/x00 SYSTEM:2208/x8A0 SITE:1/x01-1/x01 CHAN:0-1593 SERVICE OPTIONS:[DATA, VOICE, REGISTRATION]
22:43:04  T2 858.4625    PASSED    NAC:2209/x8A1 TDULC GROUP VOICE CHANNEL UPDATE TALKGROUP A:300 CHAN A:0-1189 TALKGROUP B:417 CHAN B:0-1117
22:43:04  T2 858.4625    PASSED    NAC:2209/x8A1 TDULC RFSS STATUS BROADCAST LRA:0/x00 SYSTEM:2208/x8A0 SITE:1/x01-1/x01 CHAN:0-1593 SERVICE OPTIONS:[DATA, VOICE, REGISTRATION]
22:43:04  T2 858.4625    PASSED    NAC:2209/x8A1 TDULC GROUP VOICE CHANNEL UPDATE TALKGROUP A:300 CHAN A:0-1189 TALKGROUP B:417 CHAN B:0-1117
22:43:04  T2 858.4625    PASSED    NAC:2209/x8A1 TDULC RFSS STATUS BROADCAST LRA:0/x00 SYSTEM:2208/x8A0 SITE:1/x01-1/x01 CHAN:0-1593 SERVICE OPTIONS:[DATA, VOICE, REGISTRATION]
22:43:04  T2 858.4625    PASSED    NAC:2209/x8A1 TDULC GROUP VOICE CHANNEL UPDATE TALKGROUP A:300 CHAN A:0-1189 TALKGROUP B:417 CHAN B:0-1117
22:43:04  T2 858.4625    PASSED    NAC:2209/x8A1 TDULC RFSS STATUS BROADCAST LRA:0/x00 SYSTEM:2208/x8A0 SITE:1/x01-1/x01 CHAN:0-1593 SERVICE OPTIONS:[DATA, VOICE, REGISTRATION]
22:43:04  T2 858.4625    PASSED    NAC:2209/x8A1 TDULC GROUP VOICE CHANNEL UPDATE TALKGROUP A:300 CHAN A:0-1189 TALKGROUP B:417 CHAN B:0-1117
22:43:04  T2 858.4625    PASSED    NAC:2209/x8A1 TDULC RFSS STATUS BROADCAST LRA:0/x00 SYSTEM:2208/x8A0 SITE:1/x01-1/x01 CHAN:0-1593 SERVICE OPTIONS:[DATA, VOICE, REGISTRATION]
22:43:04  T2 858.4625    PASSED    NAC:2209/x8A1 TDULC GROUP VOICE CHANNEL UPDATE TALKGROUP A:300 CHAN A:0-1189 TALKGROUP B:417 CHAN B:0-1117
22:43:04  T3 858.4375    PASSED    NAC:2209/x8A1 LDU1  VOICE LSD:0000 GROUP VOICE CHANNEL UPDATE TALKGROUP A:417 CHAN A:0-1117
22:43:04  T3 858.4375    PASSED    NAC:2209/x8A1 LDU2  VOICE LSD:0000 UNENCRYPTED
22:43:04  T3 858.4375    PASSED    NAC:2209/x8A1 LDU1  VOICE LSD:0000 GROUP VOICE CHANNEL USER FM:3400030 TO:300 SERVICE OPTIONS:PRI4 CIRCUIT
22:43:04  T3 858.4375    PASSED    NAC:2209/x8A1 LDU2  VOICE LSD:0000 UNENCRYPTED
22:43:04  T3 858.4375    PASSED    NAC:2209/x8A1 LDU1  VOICE LSD:0000 GROUP VOICE CHANNEL UPDATE TALKGROUP A:417 CHAN A:0-1117
22:43:05  CC             PASSED    NAC:2209/x8A1 TSBK2 TDMA_SYNC_BCST SYSTEM TIME UNLOCKED: 2026-04-18 21:46:52.275 -0500 LEAP-SECOND CORRECTION:0.0mS MICROSLOT-MINUTE ROLLOVER:SLOW
22:43:05  CC             PASSED    NAC:2209/x8A1 TSBK3 GRP_VCH_GRNT_UPD GROUP A:417 CHAN A:0-1117 GROUP B:300 CHAN B:0-1189
22:43:05  CC             PASSED    NAC:2209/x8A1 TSBK1 SEC_CCH_BROADCST RFSS:1/x01 SITE:1/x01 CHAN A:0-1277 SERVICE OPTIONS:[BACKUP CONTROL CHANNEL] CHAN B:0-1509 SERVICE OPTIONS:[BACKUP CONTROL CHANNEL]
22:43:05  CC             PASSED    NAC:2209/x8A1 TSBK2 CCH BASE STAT ID CHAN:0-1593 CWID:
22:43:05  CC             PASSED    NAC:2209/x8A1 TSBK3 MOTOROLA SYSTEM LOADING MOTOROLA MSG:8990104000000000000032D1
22:43:05  CC             PASSED    NAC:2209/x8A1 TSBK1 IDEN_UPDATE_TDMA ID:3 OFFSET:30000000 SPACING:12500 BASE:762006250 TDMA BW:12500 TIMESLOTS:2 VOCODER:HALF_RATE
22:43:05  CC             PASSED    NAC:2209/x8A1 TSBK2 RFSS_STATUS_BCST SYSTEM:2208/x8A0 RFSS:1/x01 SITE:1/x01 LRA:0/x00 CHAN:0-1593 ACTIVE NETWORK CONNECTION SERVICE OPTIONS:[DATA, VOICE, REGISTRATION]
22:43:05  CC             PASSED    NAC:2209/x8A1 TSBK3 NET_STATUS_BCAST WACN:781824/xBEE00 SYSTEM:2208/x8A0 LRA:0/x00 CHAN:0-1593 SERVICES:[DATA, VOICE, REGISTRATION]
22:43:05  CC             PASSED    NAC:2209/x8A1 TSBK1 IDEN_UPDATE ID:4 OFFSET:-39000000 SPACING:12500 BASE:935012500 FDMA BW:12500
22:43:05  CC             PASSED    NAC:2209/x8A1 TSBK2 SNDCP_DCH_ANN_EX CHAN:0-1193/----- AUTONOMOUS/REQUESTED-ACCESS DAC:1 **:0 SERVICE OPTIONS:NSAPI:0 HALF DUPLEX CIRCUIT MODE
22:43:05  CC             PASSED    NAC:2209/x8A1 TSBK3 IDEN_UPDATE_TDMA ID:5 OFFSET:-39000000 SPACING:12500 BASE:935012500 TDMA BW:12500 TIMESLOTS:2 VOCODER:HALF_RATE
22:43:05  CC             PASSED    NAC:2209/x8A1 TSBK1 MOTOROLA TDMA DATA CHANNEL NOT ACTIVE MSG:1690423FFFFFFFFF0000D458
22:43:05  CC             PASSED    NAC:2209/x8A1 TSBK2 MOTOROLA TRAFFIC CHANNEL 059040C0C00000000800669F
22:43:05  CC             PASSED    NAC:2209/x8A1 TSBK3 TDMA_SYNC_BCST SYSTEM TIME UNLOCKED: 2026-04-18 21:46:52.575 -0500 LEAP-SECOND CORRECTION:0.0mS MICROSLOT-MINUTE ROLLOVER:SLOW
22:43:05  CC             PASSED    NAC:2209/x8A1 TSBK1 GRP_VCH_GRNT_UPD GROUP A:417 CHAN A:0-1117 GROUP B:300 CHAN B:0-1189
22:43:05  CC             PASSED    NAC:2209/x8A1 TSBK2 SEC_CCH_BROADCST RFSS:1/x01 SITE:1/x01 CHAN A:0-1509 SERVICE OPTIONS:[BACKUP CONTROL CHANNEL] CHAN B:0-1349 SERVICE OPTIONS:[BACKUP CONTROL CHANNEL]
22:43:05  CC             PASSED    NAC:2209/x8A1 TSBK3 MOTOROLA SYSTEM LOADING MOTOROLA MSG:89900F000000000000000B4B
22:43:05  CC             PASSED    NAC:2209/x8A1 TSBK1 IDEN_UPDATE ID:0 OFFSET:-45000000 SPACING:6250 BASE:851006250 FDMA BW:12500
22:43:05  CC             PASSED    NAC:2209/x8A1 TSBK2 RFSS_STATUS_BCST SYSTEM:2208/x8A0 RFSS:1/x01 SITE:1/x01 LRA:0/x00 CHAN:0-1593 ACTIVE NETWORK CONNECTION SERVICE OPTIONS:[DATA, VOICE, REGISTRATION]
22:43:05  CC             PASSED    NAC:2209/x8A1 TSBK3 NET_STATUS_BCAST WACN:781824/xBEE00 SYSTEM:2208/x8A0 LRA:0/x00 CHAN:0-1593 SERVICES:[DATA, VOICE, REGISTRATION]
22:43:05  CC             PASSED    NAC:2209/x8A1 TSBK1 IDEN_UPDATE ID:1 OFFSET:30000000 SPACING:6250 BASE:762006250 FDMA BW:12500
22:43:05  CC             PASSED    NAC:2209/x8A1 TSBK2 SNDCP_DCH_ANN_EX CHAN:0-1193/----- AUTONOMOUS/REQUESTED-ACCESS DAC:1 **:0 SERVICE OPTIONS:NSAPI:0 HALF DUPLEX CIRCUIT MODE
22:43:05  CC             PASSED    NAC:2209/x8A1 TSBK3 IDEN_UPDATE_TDMA ID:2 OFFSET:-45000000 SPACING:12500 BASE:851012500 TDMA BW:12500 TIMESLOTS:2 VOCODER:HALF_RATE
22:43:05  CC             PASSED    NAC:2209/x8A1 TSBK1 MOTOROLA TDMA DATA CHANNEL NOT ACTIVE MSG:1690423FFFFFFFFF0000D458
22:43:05  CC             PASSED    NAC:2209/x8A1 TSBK2 MOTOROLA TRAFFIC CHANNEL 059040C0C00000000800669F
22:43:05  CC             PASSED    NAC:2209/x8A1 TSBK3 TDMA_SYNC_BCST SYSTEM TIME UNLOCKED: 2026-04-18 21:46:52.875 -0500 LEAP-SECOND CORRECTION:0.0mS MICROSLOT-MINUTE ROLLOVER:SLOW
22:43:05  CC             PASSED    NAC:2209/x8A1 TSBK1 CCH BASE STAT ID CHAN:0-1593 CWID:
22:43:05  CC             PASSED    NAC:2209/x8A1 TSBK2 GRP_VCH_GRNT_UPD GROUP A:417 CHAN A:0-1117 GROUP B:300 CHAN B:0-1189
22:43:05  CC             PASSED    NAC:2209/x8A1 TSBK3 SEC_CCH_BROADCST RFSS:1/x01 SITE:1/x01 CHAN A:0-1349 SERVICE OPTIONS:[BACKUP CONTROL CHANNEL] CHAN B:0-1277 SERVICE OPTIONS:[BACKUP CONTROL CHANNEL]
22:43:05  CC             PASSED    NAC:2209/x8A1 TSBK1 MOTOROLA SYSTEM LOADING MOTOROLA MSG:09901040000000000000D6E5
22:43:05  CC             PASSED    NAC:2209/x8A1 TSBK2 IDEN_UPDATE_TDMA ID:3 OFFSET:30000000 SPACING:12500 BASE:762006250 TDMA BW:12500 TIMESLOTS:2 VOCODER:HALF_RATE
22:43:05  CC             PASSED    NAC:2209/x8A1 TSBK3 RFSS_STATUS_BCST SYSTEM:2208/x8A0 RFSS:1/x01 SITE:1/x01 LRA:0/x00 CHAN:0-1593 ACTIVE NETWORK CONNECTION SERVICE OPTIONS:[DATA, VOICE, REGISTRATION]
22:43:05  CC             PASSED    NAC:2209/x8A1 TSBK1 NET_STATUS_BCAST WACN:781824/xBEE00 SYSTEM:2208/x8A0 LRA:0/x00 CHAN:0-1593 SERVICES:[DATA, VOICE, REGISTRATION]
22:43:05  CC             PASSED    NAC:2209/x8A1 TSBK2 IDEN_UPDATE ID:4 OFFSET:-39000000 SPACING:12500 BASE:935012500 FDMA BW:12500
22:43:05  CC             PASSED    NAC:2209/x8A1 TSBK3 SNDCP_DCH_ANN_EX CHAN:0-1193/----- AUTONOMOUS/REQUESTED-ACCESS DAC:1 **:0 SERVICE OPTIONS:NSAPI:0 HALF DUPLEX CIRCUIT MODE
22:43:05  CC             PASSED    NAC:2209/x8A1 TSBK1 IDEN_UPDATE_TDMA ID:5 OFFSET:-39000000 SPACING:12500 BASE:935012500 TDMA BW:12500 TIMESLOTS:2 VOCODER:HALF_RATE
22:43:05  CC             PASSED    NAC:2209/x8A1 TSBK2 MOTOROLA TDMA DATA CHANNEL NOT ACTIVE MSG:1690423FFFFFFFFF0000D458
22:43:05  CC             PASSED    NAC:2209/x8A1 TSBK3 MOTOROLA TRAFFIC CHANNEL 859040C0C0000000080082AB
22:43:05  CC             PASSED    NAC:2209/x8A1 TSBK1 TDMA_SYNC_BCST SYSTEM TIME UNLOCKED: 2026-04-18 21:46:53.250 -0500 LEAP-SECOND CORRECTION:0.0mS MICROSLOT-MINUTE ROLLOVER:SLOW
22:43:05  CC             PASSED    NAC:2209/x8A1 TSBK2 GRP_VCH_GRNT_UPD GROUP A:417 CHAN A:0-1117 GROUP B:300 CHAN B:0-1189
22:43:05  CC             PASSED    NAC:2209/x8A1 TSBK3 SEC_CCH_BROADCST RFSS:1/x01 SITE:1/x01 CHAN A:0-1277 SERVICE OPTIONS:[BACKUP CONTROL CHANNEL] CHAN B:0-1509 SERVICE OPTIONS:[BACKUP CONTROL CHANNEL]
22:43:05  T1 857.9875    PASSED    NAC:2209/x8A1 LDU2  VOICE LSD:AFEE ENCRYPTION:AES-256 KEY:8259 MSG INDICATOR:93925853A322285600
22:43:05  T1 857.9875    PASSED    NAC:2209/x8A1 LDU1  VOICE LSD:E524 GROUP VOICE CHANNEL USER FM:3416052 TO:417 SERVICE OPTIONS:PRI4 ENCRYPTED CIRCUIT
22:43:05  T1 857.9875    PASSED    NAC:2209/x8A1 LDU2  VOICE LSD:0B9D ENCRYPTION:AES-256 KEY:8259 MSG INDICATOR:C6F1BA0F7FC3EA4B00
22:43:05  T1 857.9875    PASSED    NAC:2209/x8A1 LDU1  VOICE LSD:7777 GROUP VOICE CHANNEL USER FM:3416052 TO:417 SERVICE OPTIONS:PRI4 ENCRYPTED CIRCUIT
22:43:05  T1 857.9875    PASSED    NAC:2209/x8A1 LDU2  VOICE LSD:284F ENCRYPTION:AES-256 KEY:8259 MSG INDICATOR:241EA3CDC13F525400
22:43:05  T1 857.9875    PASSED    NAC:2209/x8A1 LDU1  VOICE LSD:3857 GROUP VOICE CHANNEL UPDATE TALKGROUP A:300 CHAN A:0-1189
22:43:05  T2 858.4625    PASSED    NAC:2209/x8A1 TDULC RFSS STATUS BROADCAST LRA:0/x00 SYSTEM:2208/x8A0 SITE:1/x01-1/x01 CHAN:0-1593 SERVICE OPTIONS:[DATA, VOICE, REGISTRATION]
22:43:05  T2 858.4625    PASSED    NAC:2209/x8A1 TDULC GROUP VOICE CHANNEL UPDATE TALKGROUP A:300 CHAN A:0-1189 TALKGROUP B:417 CHAN B:0-1117
22:43:05  T2 858.4625    PASSED    NAC:2209/x8A1 TDULC RFSS STATUS BROADCAST LRA:0/x00 SYSTEM:2208/x8A0 SITE:1/x01-1/x01 CHAN:0-1593 SERVICE OPTIONS:[DATA, VOICE, REGISTRATION]
22:43:05  T2 858.4625    PASSED    NAC:2209/x8A1 TDULC GROUP VOICE CHANNEL UPDATE TALKGROUP A:300 CHAN A:0-1189 TALKGROUP B:417 CHAN B:0-1117
22:43:05  T2 858.4625    PASSED    NAC:2209/x8A1 TDULC RFSS STATUS BROADCAST LRA:0/x00 SYSTEM:2208/x8A0 SITE:1/x01-1/x01 CHAN:0-1593 SERVICE OPTIONS:[DATA, VOICE, REGISTRATION]
22:43:05  T2 858.4625    PASSED    NAC:2209/x8A1 TDULC GROUP VOICE CHANNEL UPDATE TALKGROUP A:300 CHAN A:0-1189 TALKGROUP B:417 CHAN B:0-1117
22:43:05  T2 858.4625    PASSED    NAC:2209/x8A1 TDULC RFSS STATUS BROADCAST LRA:0/x00 SYSTEM:2208/x8A0 SITE:1/x01-1/x01 CHAN:0-1593 SERVICE OPTIONS:[DATA, VOICE, REGISTRATION]
22:43:05  T2 858.4625    PASSED    NAC:2209/x8A1 TDULC GROUP VOICE CHANNEL UPDATE TALKGROUP A:300 CHAN A:0-1189 TALKGROUP B:417 CHAN B:0-1117
22:43:05  T2 858.4625    PASSED    NAC:2209/x8A1 TDULC RFSS STATUS BROADCAST LRA:0/x00 SYSTEM:2208/x8A0 SITE:1/x01-1/x01 CHAN:0-1593 SERVICE OPTIONS:[DATA, VOICE, REGISTRATION]
22:43:05  T2 858.4625    PASSED    NAC:2209/x8A1 TDULC GROUP VOICE CHANNEL UPDATE TALKGROUP A:300 CHAN A:0-1189 TALKGROUP B:417 CHAN B:0-1117
22:43:05  T2 858.4625    PASSED    NAC:2209/x8A1 TDULC RFSS STATUS BROADCAST LRA:0/x00 SYSTEM:2208/x8A0 SITE:1/x01-1/x01 CHAN:0-1593 SERVICE OPTIONS:[DATA, VOICE, REGISTRATION]
22:43:05  T2 858.4625    PASSED    NAC:2209/x8A1 TDULC GROUP VOICE CHANNEL UPDATE TALKGROUP A:300 CHAN A:0-1189 TALKGROUP B:417 CHAN B:0-1117
22:43:05  T2 858.4625    PASSED    NAC:2209/x8A1 TDULC RFSS STATUS BROADCAST LRA:0/x00 SYSTEM:2208/x8A0 SITE:1/x01-1/x01 CHAN:0-1593 SERVICE OPTIONS:[DATA, VOICE, REGISTRATION]
22:43:05  T2 858.4625    PASSED    NAC:2209/x8A1 TDULC GROUP VOICE CHANNEL UPDATE TALKGROUP A:300 CHAN A:0-1189 TALKGROUP B:417 CHAN B:0-1117
22:43:05  T2 858.4625    PASSED    NAC:2209/x8A1 TDULC RFSS STATUS BROADCAST LRA:0/x00 SYSTEM:2208/x8A0 SITE:1/x01-1/x01 CHAN:0-1593 SERVICE OPTIONS:[DATA, VOICE, REGISTRATION]
22:43:05  T2 858.4625    PASSED    NAC:2209/x8A1 TDULC GROUP VOICE CHANNEL UPDATE TALKGROUP A:300 CHAN A:0-1189 TALKGROUP B:417 CHAN B:0-1117
22:43:05  T2 858.4625    PASSED    NAC:2209/x8A1 TDULC RFSS STATUS BROADCAST LRA:0/x00 SYSTEM:2208/x8A0 SITE:1/x01-1/x01 CHAN:0-1593 SERVICE OPTIONS:[DATA, VOICE, REGISTRATION]
22:43:05  T2 858.4625    PASSED    NAC:2209/x8A1 TDULC GROUP VOICE CHANNEL UPDATE TALKGROUP A:300 CHAN A:0-1189 TALKGROUP B:417 CHAN B:0-1117
22:43:05  T2 858.4625    PASSED    NAC:2209/x8A1 TDULC RFSS STATUS BROADCAST LRA:0/x00 SYSTEM:2208/x8A0 SITE:1/x01-1/x01 CHAN:0-1593 SERVICE OPTIONS:[DATA, VOICE, REGISTRATION]
22:43:05  T2 858.4625    PASSED    NAC:2209/x8A1 TDULC GROUP VOICE CHANNEL UPDATE TALKGROUP A:300 CHAN A:0-1189 TALKGROUP B:417 CHAN B:0-1117
22:43:05  T2 858.4625    PASSED    NAC:2209/x8A1 TDULC RFSS STATUS BROADCAST LRA:0/x00 SYSTEM:2208/x8A0 SITE:1/x01-1/x01 CHAN:0-1593 SERVICE OPTIONS:[DATA, VOICE, REGISTRATION]
22:43:05  T2 858.4625    PASSED    NAC:2209/x8A1 TDULC GROUP VOICE CHANNEL UPDATE TALKGROUP A:300 CHAN A:0-1189 TALKGROUP B:417 CHAN B:0-1117
22:43:05  T2 858.4625    PASSED    NAC:2209/x8A1 TDULC RFSS STATUS BROADCAST LRA:0/x00 SYSTEM:2208/x8A0 SITE:1/x01-1/x01 CHAN:0-1593 SERVICE OPTIONS:[DATA, VOICE, REGISTRATION]
22:43:05  T3 858.4375    PASSED    NAC:2209/x8A1 LDU2  VOICE LSD:0000 UNENCRYPTED
22:43:05  T3 858.4375    PASSED    NAC:2209/x8A1 LDU1  VOICE LSD:0000 GROUP VOICE CHANNEL USER FM:3400030 TO:300 SERVICE OPTIONS:PRI4 CIRCUIT
22:43:05  T3 858.4375    PASSED    NAC:2209/x8A1 LDU2  VOICE LSD:0000 UNENCRYPTED
22:43:05  T3 858.4375    PASSED    NAC:2209/x8A1 LDU1  VOICE LSD:0000 GROUP VOICE CHANNEL UPDATE TALKGROUP A:417 CHAN A:0-1117
22:43:05  T3 858.4375    PASSED    NAC:2209/x8A1 LDU2  VOICE LSD:0000 UNENCRYPTED
22:43:05  T3 858.4375    PASSED    NAC:2209/x8A1 LDU1  VOICE LSD:0000 GROUP VOICE CHANNEL USER FM:3400030 TO:300 SERVICE OPTIONS:PRI4 CIRCUIT
22:43:06  CC             PASSED    NAC:2209/x8A1 TSBK1 MOTOROLA SYSTEM LOADING MOTOROLA MSG:09900F00000000000000EF7F
22:43:06  CC             PASSED    NAC:2209/x8A1 TSBK2 IDEN_UPDATE ID:0 OFFSET:-45000000 SPACING:6250 BASE:851006250 FDMA BW:12500
22:43:06  CC             PASSED    NAC:2209/x8A1 TSBK3 RFSS_STATUS_BCST SYSTEM:2208/x8A0 RFSS:1/x01 SITE:1/x01 LRA:0/x00 CHAN:0-1593 ACTIVE NETWORK CONNECTION SERVICE OPTIONS:[DATA, VOICE, REGISTRATION]
22:43:06  CC             PASSED    NAC:2209/x8A1 TSBK1 NET_STATUS_BCAST WACN:781824/xBEE00 SYSTEM:2208/x8A0 LRA:0/x00 CHAN:0-1593 SERVICES:[DATA, VOICE, REGISTRATION]
22:43:06  CC             PASSED    NAC:2209/x8A1 TSBK2 IDEN_UPDATE ID:1 OFFSET:30000000 SPACING:6250 BASE:762006250 FDMA BW:12500
22:43:06  CC             PASSED    NAC:2209/x8A1 TSBK3 SNDCP_DCH_ANN_EX CHAN:0-1193/----- AUTONOMOUS/REQUESTED-ACCESS DAC:1 **:0 SERVICE OPTIONS:NSAPI:0 HALF DUPLEX CIRCUIT MODE
22:43:06  CC             PASSED    NAC:2209/x8A1 TSBK1 IDEN_UPDATE_TDMA ID:2 OFFSET:-45000000 SPACING:12500 BASE:851012500 TDMA BW:12500 TIMESLOTS:2 VOCODER:HALF_RATE
22:43:06  CC             PASSED    NAC:2209/x8A1 TSBK2 MOTOROLA TDMA DATA CHANNEL NOT ACTIVE MSG:1690423FFFFFFFFF0000D458
22:43:06  CC             PASSED    NAC:2209/x8A1 TSBK3 CCH BASE STAT ID CHAN:0-1593 CWID:
22:43:06  CC             PASSED    NAC:2209/x8A1 TSBK1 MOTOROLA TRAFFIC CHANNEL 059040C0C00000000800669F
22:43:06  CC             PASSED    NAC:2209/x8A1 TSBK2 TDMA_SYNC_BCST SYSTEM TIME UNLOCKED: 2026-04-18 21:46:53.550 -0500 LEAP-SECOND CORRECTION:0.0mS MICROSLOT-MINUTE ROLLOVER:SLOW
22:43:06  CC             PASSED    NAC:2209/x8A1 TSBK3 GRP_VCH_GRNT_UPD GROUP A:417 CHAN A:0-1117 GROUP B:300 CHAN B:0-1189
22:43:06  CC             PASSED    NAC:2209/x8A1 TSBK1 SEC_CCH_BROADCST RFSS:1/x01 SITE:1/x01 CHAN A:0-1509 SERVICE OPTIONS:[BACKUP CONTROL CHANNEL] CHAN B:0-1349 SERVICE OPTIONS:[BACKUP CONTROL CHANNEL]
22:43:06  CC             PASSED    NAC:2209/x8A1 TSBK2 MOTOROLA SYSTEM LOADING MOTOROLA MSG:09901040000000000000D6E5
22:43:06  CC             PASSED    NAC:2209/x8A1 TSBK3 IDEN_UPDATE_TDMA ID:3 OFFSET:30000000 SPACING:12500 BASE:762006250 TDMA BW:12500 TIMESLOTS:2 VOCODER:HALF_RATE
22:43:06  CC             PASSED    NAC:2209/x8A1 TSBK1 RFSS_STATUS_BCST SYSTEM:2208/x8A0 RFSS:1/x01 SITE:1/x01 LRA:0/x00 CHAN:0-1593 ACTIVE NETWORK CONNECTION SERVICE OPTIONS:[DATA, VOICE, REGISTRATION]
22:43:06  CC             PASSED    NAC:2209/x8A1 TSBK2 NET_STATUS_BCAST WACN:781824/xBEE00 SYSTEM:2208/x8A0 LRA:0/x00 CHAN:0-1593 SERVICES:[DATA, VOICE, REGISTRATION]
22:43:06  CC             PASSED    NAC:2209/x8A1 TSBK3 IDEN_UPDATE ID:4 OFFSET:-39000000 SPACING:12500 BASE:935012500 FDMA BW:12500
22:43:06  CC             PASSED    NAC:2209/x8A1 TSBK1 SNDCP_DCH_ANN_EX CHAN:0-1193/----- AUTONOMOUS/REQUESTED-ACCESS DAC:1 **:0 SERVICE OPTIONS:NSAPI:0 HALF DUPLEX CIRCUIT MODE
22:43:06  CC             PASSED    NAC:2209/x8A1 TSBK2 IDEN_UPDATE_TDMA ID:5 OFFSET:-39000000 SPACING:12500 BASE:935012500 TDMA BW:12500 TIMESLOTS:2 VOCODER:HALF_RATE
22:43:06  CC             PASSED    NAC:2209/x8A1 TSBK3 MOTOROLA TDMA DATA CHANNEL NOT ACTIVE MSG:9690423FFFFFFFFF0000306C
22:43:06  CC             PASSED    NAC:2209/x8A1 TSBK1 MOTOROLA TRAFFIC CHANNEL 059040C0C00000000800669F
22:43:06  CC             PASSED    NAC:2209/x8A1 TSBK2 TDMA_SYNC_BCST SYSTEM TIME UNLOCKED: 2026-04-18 21:46:53.850 -0500 LEAP-SECOND CORRECTION:0.0mS MICROSLOT-MINUTE ROLLOVER:SLOW
22:43:06  CC             PASSED    NAC:2209/x8A1 TSBK3 GRP_VCH_GRNT_UPD GROUP A:417 CHAN A:0-1117 GROUP B:300 CHAN B:0-1189
22:43:06  CC             PASSED    NAC:2209/x8A1 TSBK1 SEC_CCH_BROADCST RFSS:1/x01 SITE:1/x01 CHAN A:0-1349 SERVICE OPTIONS:[BACKUP CONTROL CHANNEL] CHAN B:0-1277 SERVICE OPTIONS:[BACKUP CONTROL CHANNEL]
22:43:06  CC             PASSED    NAC:2209/x8A1 TSBK2 MOTOROLA SYSTEM LOADING MOTOROLA MSG:09900F00000000000000EF7F
22:43:06  CC             PASSED    NAC:2209/x8A1 TSBK3 IDEN_UPDATE ID:0 OFFSET:-45000000 SPACING:6250 BASE:851006250 FDMA BW:12500
22:43:06  CC             PASSED    NAC:2209/x8A1 TSBK1 RFSS_STATUS_BCST SYSTEM:2208/x8A0 RFSS:1/x01 SITE:1/x01 LRA:0/x00 CHAN:0-1593 ACTIVE NETWORK CONNECTION SERVICE OPTIONS:[DATA, VOICE, REGISTRATION]
22:43:06  CC             PASSED    NAC:2209/x8A1 TSBK2 NET_STATUS_BCAST WACN:781824/xBEE00 SYSTEM:2208/x8A0 LRA:0/x00 CHAN:0-1593 SERVICES:[DATA, VOICE, REGISTRATION]
22:43:06  CC             PASSED    NAC:2209/x8A1 TSBK3 IDEN_UPDATE ID:1 OFFSET:30000000 SPACING:6250 BASE:762006250 FDMA BW:12500
22:43:06  CC             PASSED    NAC:2209/x8A1 TSBK1 SNDCP_DCH_ANN_EX CHAN:0-1193/----- AUTONOMOUS/REQUESTED-ACCESS DAC:1 **:0 SERVICE OPTIONS:NSAPI:0 HALF DUPLEX CIRCUIT MODE
22:43:06  CC             PASSED    NAC:2209/x8A1 TSBK2 CCH BASE STAT ID CHAN:0-1593 CWID:
22:43:06  CC             PASSED    NAC:2209/x8A1 TSBK3 IDEN_UPDATE_TDMA ID:2 OFFSET:-45000000 SPACING:12500 BASE:851012500 TDMA BW:12500 TIMESLOTS:2 VOCODER:HALF_RATE
22:43:06  CC             PASSED    NAC:2209/x8A1 TSBK1 MOTOROLA TDMA DATA CHANNEL NOT ACTIVE MSG:1690423FFFFFFFFF0000D458
22:43:06  CC             PASSED    NAC:2209/x8A1 TSBK2 MOTOROLA TRAFFIC CHANNEL 059040C0C00000000800669F
22:43:06  CC             PASSED    NAC:2209/x8A1 TSBK3 TDMA_SYNC_BCST SYSTEM TIME UNLOCKED: 2026-04-18 21:46:54.150 -0500 LEAP-SECOND CORRECTION:0.0mS MICROSLOT-MINUTE ROLLOVER:SLOW
22:43:06  CC             PASSED    NAC:2209/x8A1 TSBK1 GRP_VCH_GRNT_UPD GROUP A:417 CHAN A:0-1117 GROUP B:300 CHAN B:0-1189
22:43:06  CC             PASSED    NAC:2209/x8A1 TSBK2 SEC_CCH_BROADCST RFSS:1/x01 SITE:1/x01 CHAN A:0-1277 SERVICE OPTIONS:[BACKUP CONTROL CHANNEL] CHAN B:0-1509 SERVICE OPTIONS:[BACKUP CONTROL CHANNEL]
22:43:06  CC             PASSED    NAC:2209/x8A1 TSBK3 MOTOROLA SYSTEM LOADING MOTOROLA MSG:8990104000000000000032D1
22:43:06  CC             PASSED    NAC:2209/x8A1 TSBK1 IDEN_UPDATE_TDMA ID:3 OFFSET:30000000 SPACING:12500 BASE:762006250 TDMA BW:12500 TIMESLOTS:2 VOCODER:HALF_RATE
22:43:06  T1 857.9875    PASSED    NAC:2209/x8A1 LDU2  VOICE LSD:12C1 ENCRYPTION:AES-256 KEY:8259 MSG INDICATOR:8F1481F63FD0343400
22:43:06  T1 857.9875    PASSED    NAC:2209/x8A1 LDU1  VOICE LSD:4F59 GROUP VOICE CHANNEL USER FM:3416052 TO:417 SERVICE OPTIONS:PRI4 ENCRYPTED CIRCUIT
22:43:06  T1 857.9875    PASSED    NAC:2209/x8A1 LDU2  VOICE LSD:6254 ENCRYPTION:AES-256 KEY:8259 MSG INDICATOR:FE0E433D84084A7200
22:43:06  T1 857.9875    PASSED    NAC:2209/x8A1 LDU1  VOICE LSD:778B GROUP VOICE CHANNEL UPDATE TALKGROUP A:300 CHAN A:0-1189
22:43:06  T1 857.9875    PASSED    NAC:2209/x8A1 LDU2  VOICE LSD:AA16 ENCRYPTION:AES-256 KEY:8259 MSG INDICATOR:E93DE2E59431441500
22:43:06  T1 857.9875    PASSED    NAC:2209/x8A1 LDU1  VOICE LSD:8C09 GROUP VOICE CHANNEL USER FM:3416052 TO:417 SERVICE OPTIONS:PRI4 ENCRYPTED CIRCUIT
22:43:06  T2 858.4625    PASSED    NAC:2209/x8A1 TDULC GROUP VOICE CHANNEL UPDATE TALKGROUP A:300 CHAN A:0-1189 TALKGROUP B:417 CHAN B:0-1117
22:43:06  T2 858.4625    PASSED    NAC:2209/x8A1 TDULC RFSS STATUS BROADCAST LRA:0/x00 SYSTEM:2208/x8A0 SITE:1/x01-1/x01 CHAN:0-1593 SERVICE OPTIONS:[DATA, VOICE, REGISTRATION]
22:43:06  T2 858.4625    PASSED    NAC:2209/x8A1 TDULC GROUP VOICE CHANNEL UPDATE TALKGROUP A:300 CHAN A:0-1189 TALKGROUP B:417 CHAN B:0-1117
22:43:06  T2 858.4625    PASSED    NAC:2209/x8A1 TDULC RFSS STATUS BROADCAST LRA:0/x00 SYSTEM:2208/x8A0 SITE:1/x01-1/x01 CHAN:0-1593 SERVICE OPTIONS:[DATA, VOICE, REGISTRATION]
22:43:06  T2 858.4625    PASSED    NAC:2209/x8A1 TDULC GROUP VOICE CHANNEL UPDATE TALKGROUP A:300 CHAN A:0-1189 TALKGROUP B:417 CHAN B:0-1117
22:43:06  T2 858.4625    PASSED    NAC:2209/x8A1 TDULC RFSS STATUS BROADCAST LRA:0/x00 SYSTEM:2208/x8A0 SITE:1/x01-1/x01 CHAN:0-1593 SERVICE OPTIONS:[DATA, VOICE, REGISTRATION]
22:43:06  T2 858.4625    PASSED    NAC:2209/x8A1 TDULC GROUP VOICE CHANNEL UPDATE TALKGROUP A:300 CHAN A:0-1189 TALKGROUP B:417 CHAN B:0-1117
22:43:06  T2 858.4625    PASSED    NAC:2209/x8A1 TDULC RFSS STATUS BROADCAST LRA:0/x00 SYSTEM:2208/x8A0 SITE:1/x01-1/x01 CHAN:0-1593 SERVICE OPTIONS:[DATA, VOICE, REGISTRATION]
22:43:06  T2 858.4625    PASSED    NAC:2209/x8A1 TDULC GROUP VOICE CHANNEL UPDATE TALKGROUP A:300 CHAN A:0-1189 TALKGROUP B:417 CHAN B:0-1117
22:43:06  T2 858.4625    PASSED    NAC:2209/x8A1 TDULC RFSS STATUS BROADCAST LRA:0/x00 SYSTEM:2208/x8A0 SITE:1/x01-1/x01 CHAN:0-1593 SERVICE OPTIONS:[DATA, VOICE, REGISTRATION]
22:43:06  T2 858.4625    PASSED    NAC:2209/x8A1 TDULC GROUP VOICE CHANNEL UPDATE TALKGROUP A:300 CHAN A:0-1189 TALKGROUP B:417 CHAN B:0-1117
22:43:06  T2 858.4625    PASSED    NAC:2209/x8A1 TDULC RFSS STATUS BROADCAST LRA:0/x00 SYSTEM:2208/x8A0 SITE:1/x01-1/x01 CHAN:0-1593 SERVICE OPTIONS:[DATA, VOICE, REGISTRATION]
22:43:06  T2 858.4625    PASSED    NAC:2209/x8A1 TDULC GROUP VOICE CHANNEL UPDATE TALKGROUP A:300 CHAN A:0-1189 TALKGROUP B:417 CHAN B:0-1117
22:43:06  T2 858.4625    PASSED    NAC:2209/x8A1 TDU
22:43:06  T2 858.4625    PASSED    NAC:2209/x8A1 TDU
22:43:06  T2 858.4625    PASSED    NAC:2209/x8A1 TDU
22:43:06  T2 858.4625    PASSED    NAC:2209/x8A1 TDULC CALL TERMINATION BY:3402043
22:43:06  T2 858.4625    PASSED    NAC:2209/x8A1 TDULC CALL TERMINATION BY:3402043
22:43:06  T2 858.4625    PASSED    NAC:2209/x8A1 TDU
22:43:06  T2 858.4625    PASSED    NAC:2209/x8A1 TDU
22:43:06  T2 858.4625    PASSED    NAC:2209/x8A1 TDULC RFSS STATUS BROADCAST LRA:0/x00 SYSTEM:2208/x8A0 SITE:1/x01-1/x01 CHAN:0-1593 SERVICE OPTIONS:[DATA, VOICE, REGISTRATION]
22:43:06  T2 858.4625    PASSED    NAC:2209/x8A1 TDULC GROUP VOICE CHANNEL UPDATE TALKGROUP A:300 CHAN A:0-1189 TALKGROUP B:417 CHAN B:0-1117
22:43:06  T2 858.4625    PASSED    NAC:2209/x8A1 TDULC RFSS STATUS BROADCAST LRA:0/x00 SYSTEM:2208/x8A0 SITE:1/x01-1/x01 CHAN:0-1593 SERVICE OPTIONS:[DATA, VOICE, REGISTRATION]
22:43:06  T2 858.4625    PASSED    NAC:2209/x8A1 TDULC GROUP VOICE CHANNEL UPDATE TALKGROUP A:300 CHAN A:0-1189 TALKGROUP B:417 CHAN B:0-1117
22:43:06  T2 858.4625    PASSED    NAC:2209/x8A1 TDULC RFSS STATUS BROADCAST LRA:0/x00 SYSTEM:2208/x8A0 SITE:1/x01-1/x01 CHAN:0-1593 SERVICE OPTIONS:[DATA, VOICE, REGISTRATION]
22:43:06  T3 858.4375    PASSED    NAC:2209/x8A1 TDULC MOTOROLA TALK COMPLETE BY:3400030 UNK1:10 UNK2:10
22:43:06  T3 858.4375    PASSED    NAC:2209/x8A1 TDULC GROUP VOICE CHANNEL UPDATE TALKGROUP A:417 CHAN A:0-1117
22:43:06  T3 858.4375    PASSED    NAC:2209/x8A1 TDULC GROUP VOICE CHANNEL USER FM:0 TO:300 SERVICE OPTIONS:PRI4 CIRCUIT
22:43:06  T3 858.4375    PASSED    NAC:2209/x8A1 TDULC GROUP VOICE CHANNEL UPDATE TALKGROUP A:417 CHAN A:0-1117
22:43:06  T3 858.4375    PASSED    NAC:2209/x8A1 TDULC GROUP VOICE CHANNEL USER FM:0 TO:300 SERVICE OPTIONS:PRI4 CIRCUIT
22:43:06  T3 858.4375    PASSED    NAC:2209/x8A1 TDULC GROUP VOICE CHANNEL UPDATE TALKGROUP A:417 CHAN A:0-1117
22:43:06  T3 858.4375    PASSED    NAC:2209/x8A1 TDULC GROUP VOICE CHANNEL USER FM:0 TO:300 SERVICE OPTIONS:PRI4 CIRCUIT
22:43:06  T3 858.4375    PASSED    NAC:2209/x8A1 TDULC GROUP VOICE CHANNEL UPDATE TALKGROUP A:417 CHAN A:0-1117
22:43:06  T3 858.4375    PASSED    NAC:2209/x8A1 TDULC GROUP VOICE CHANNEL USER FM:0 TO:300 SERVICE OPTIONS:PRI4 CIRCUIT
22:43:06  T3 858.4375    PASSED    NAC:2209/x8A1 TDULC GROUP VOICE CHANNEL UPDATE TALKGROUP A:417 CHAN A:0-1117
22:43:06  T3 858.4375    PASSED    NAC:2209/x8A1 TDULC GROUP VOICE CHANNEL USER FM:0 TO:300 SERVICE OPTIONS:PRI4 CIRCUIT
22:43:06  T3 858.4375    PASSED    NAC:2209/x8A1 TDULC GROUP VOICE CHANNEL UPDATE TALKGROUP A:417 CHAN A:0-1117
22:43:06  T3 858.4375    PASSED    NAC:2209/x8A1 TDULC GROUP VOICE CHANNEL USER FM:0 TO:300 SERVICE OPTIONS:PRI4 CIRCUIT
22:43:06  T3 858.4375    PASSED    NAC:2209/x8A1 TDULC GROUP VOICE CHANNEL UPDATE TALKGROUP A:417 CHAN A:0-1117
22:43:06  T3 858.4375    PASSED    NAC:2209/x8A1 TDULC GROUP VOICE CHANNEL USER FM:0 TO:300 SERVICE OPTIONS:PRI4 CIRCUIT
22:43:06  T3 858.4375    PASSED    NAC:2209/x8A1 TDULC GROUP VOICE CHANNEL UPDATE TALKGROUP A:417 CHAN A:0-1117
22:43:06  T3 858.4375    PASSED    NAC:2209/x8A1 TDULC GROUP VOICE CHANNEL USER FM:0 TO:300 SERVICE OPTIONS:PRI4 CIRCUIT
22:43:06  T3 858.4375    PASSED    NAC:2209/x8A1 TDULC GROUP VOICE CHANNEL UPDATE TALKGROUP A:417 CHAN A:0-1117
22:43:06  T3 858.4375    PASSED    NAC:2209/x8A1 TDULC GROUP VOICE CHANNEL USER FM:0 TO:300 SERVICE OPTIONS:PRI4 CIRCUIT
22:43:06  T3 858.4375    PASSED    NAC:2209/x8A1 TDULC GROUP VOICE CHANNEL UPDATE TALKGROUP A:417 CHAN A:0-1117
22:43:06  T3 858.4375    PASSED    NAC:2209/x8A1 TDULC GROUP VOICE CHANNEL USER FM:0 TO:300 SERVICE OPTIONS:PRI4 CIRCUIT
22:43:06  T3 858.4375    PASSED    NAC:2209/x8A1 TDULC GROUP VOICE CHANNEL UPDATE TALKGROUP A:417 CHAN A:0-1117
22:43:07  CC             PASSED    NAC:2209/x8A1 TSBK2 RFSS_STATUS_BCST SYSTEM:2208/x8A0 RFSS:1/x01 SITE:1/x01 LRA:0/x00 CHAN:0-1593 ACTIVE NETWORK CONNECTION SERVICE OPTIONS:[DATA, VOICE, REGISTRATION]
22:43:07  CC             PASSED    NAC:2209/x8A1 TSBK3 NET_STATUS_BCAST WACN:781824/xBEE00 SYSTEM:2208/x8A0 LRA:0/x00 CHAN:0-1593 SERVICES:[DATA, VOICE, REGISTRATION]
22:43:07  CC             PASSED    NAC:2209/x8A1 TSBK1 IDEN_UPDATE ID:4 OFFSET:-39000000 SPACING:12500 BASE:935012500 FDMA BW:12500
22:43:07  CC             PASSED    NAC:2209/x8A1 TSBK2 SNDCP_DCH_ANN_EX CHAN:0-1193/----- AUTONOMOUS/REQUESTED-ACCESS DAC:1 **:0 SERVICE OPTIONS:NSAPI:0 HALF DUPLEX CIRCUIT MODE
22:43:07  CC             PASSED    NAC:2209/x8A1 TSBK3 IDEN_UPDATE_TDMA ID:5 OFFSET:-39000000 SPACING:12500 BASE:935012500 TDMA BW:12500 TIMESLOTS:2 VOCODER:HALF_RATE
22:43:07  CC             PASSED    NAC:2209/x8A1 TSBK1 MOTOROLA TDMA DATA CHANNEL NOT ACTIVE MSG:1690423FFFFFFFFF0000D458
22:43:07  CC             PASSED    NAC:2209/x8A1 TSBK2 MOTOROLA TRAFFIC CHANNEL 059040C0C00000000800669F
22:43:07  CC             PASSED    NAC:2209/x8A1 TSBK3 TDMA_SYNC_BCST SYSTEM TIME UNLOCKED: 2026-04-18 21:46:54.450 -0500 LEAP-SECOND CORRECTION:0.0mS MICROSLOT-MINUTE ROLLOVER:SLOW
22:43:07  CC             PASSED    NAC:2209/x8A1 TSBK1 GRP_VCH_GRNT_UPD GROUP A:417 CHAN A:0-1117 GROUP B:300 CHAN B:0-1189
22:43:07  CC             PASSED    NAC:2209/x8A1 TSBK2 SEC_CCH_BROADCST RFSS:1/x01 SITE:1/x01 CHAN A:0-1509 SERVICE OPTIONS:[BACKUP CONTROL CHANNEL] CHAN B:0-1349 SERVICE OPTIONS:[BACKUP CONTROL CHANNEL]
22:43:07  CC             PASSED    NAC:2209/x8A1 TSBK3 MOTOROLA SYSTEM LOADING MOTOROLA MSG:89900F000000000000000B4B
22:43:07  CC             PASSED    NAC:2209/x8A1 TSBK1 IDEN_UPDATE ID:0 OFFSET:-45000000 SPACING:6250 BASE:851006250 FDMA BW:12500
22:43:07  CC             PASSED    NAC:2209/x8A1 TSBK2 RFSS_STATUS_BCST SYSTEM:2208/x8A0 RFSS:1/x01 SITE:1/x01 LRA:0/x00 CHAN:0-1593 ACTIVE NETWORK CONNECTION SERVICE OPTIONS:[DATA, VOICE, REGISTRATION]
22:43:07  CC             PASSED    NAC:2209/x8A1 TSBK3 NET_STATUS_BCAST WACN:781824/xBEE00 SYSTEM:2208/x8A0 LRA:0/x00 CHAN:0-1593 SERVICES:[DATA, VOICE, REGISTRATION]
22:43:07  CC             PASSED    NAC:2209/x8A1 TSBK1 CCH BASE STAT ID CHAN:0-1593 CWID:
22:43:07  CC             PASSED    NAC:2209/x8A1 TSBK2 IDEN_UPDATE ID:1 OFFSET:30000000 SPACING:6250 BASE:762006250 FDMA BW:12500
22:43:07  CC             PASSED    NAC:2209/x8A1 TSBK3 SNDCP_DCH_ANN_EX CHAN:0-1193/----- AUTONOMOUS/REQUESTED-ACCESS DAC:1 **:0 SERVICE OPTIONS:NSAPI:0 HALF DUPLEX CIRCUIT MODE
22:43:07  CC             PASSED    NAC:2209/x8A1 TSBK1 IDEN_UPDATE_TDMA ID:2 OFFSET:-45000000 SPACING:12500 BASE:851012500 TDMA BW:12500 TIMESLOTS:2 VOCODER:HALF_RATE
22:43:07  CC             PASSED    NAC:2209/x8A1 TSBK2 MOTOROLA TDMA DATA CHANNEL NOT ACTIVE MSG:1690423FFFFFFFFF0000D458
22:43:07  CC             PASSED    NAC:2209/x8A1 TSBK3 MOTOROLA TRAFFIC CHANNEL 859040C0C0000000080082AB
22:43:07  CC             PASSED    NAC:2209/x8A1 TSBK1 TDMA_SYNC_BCST SYSTEM TIME UNLOCKED: 2026-04-18 21:46:54.825 -0500 LEAP-SECOND CORRECTION:0.0mS MICROSLOT-MINUTE ROLLOVER:SLOW
22:43:07  CC             PASSED    NAC:2209/x8A1 TSBK2 GRP_VCH_GRNT_UPD GROUP A:417 CHAN A:0-1117
22:43:07  CC             PASSED    NAC:2209/x8A1 TSBK3 SEC_CCH_BROADCST RFSS:1/x01 SITE:1/x01 CHAN A:0-1349 SERVICE OPTIONS:[BACKUP CONTROL CHANNEL] CHAN B:0-1277 SERVICE OPTIONS:[BACKUP CONTROL CHANNEL]
22:43:07  CC             PASSED    NAC:2209/x8A1 TSBK1 MOTOROLA SYSTEM LOADING MOTOROLA MSG:09901040000000000000D6E5
22:43:07  CC             PASSED    NAC:2209/x8A1 TSBK2 IDEN_UPDATE_TDMA ID:3 OFFSET:30000000 SPACING:12500 BASE:762006250 TDMA BW:12500 TIMESLOTS:2 VOCODER:HALF_RATE
22:43:07  CC             PASSED    NAC:2209/x8A1 TSBK3 RFSS_STATUS_BCST SYSTEM:2208/x8A0 RFSS:1/x01 SITE:1/x01 LRA:0/x00 CHAN:0-1593 ACTIVE NETWORK CONNECTION SERVICE OPTIONS:[DATA, VOICE, REGISTRATION]
22:43:07  CC             PASSED    NAC:2209/x8A1 TSBK1 NET_STATUS_BCAST WACN:781824/xBEE00 SYSTEM:2208/x8A0 LRA:0/x00 CHAN:0-1593 SERVICES:[DATA, VOICE, REGISTRATION]
22:43:07  CC             PASSED    NAC:2209/x8A1 TSBK2 IDEN_UPDATE ID:4 OFFSET:-39000000 SPACING:12500 BASE:935012500 FDMA BW:12500
22:43:07  CC             PASSED    NAC:2209/x8A1 TSBK3 SNDCP_DCH_ANN_EX CHAN:0-1193/----- AUTONOMOUS/REQUESTED-ACCESS DAC:1 **:0 SERVICE OPTIONS:NSAPI:0 HALF DUPLEX CIRCUIT MODE
22:43:07  CC             PASSED    NAC:2209/x8A1 TSBK1 IDEN_UPDATE_TDMA ID:5 OFFSET:-39000000 SPACING:12500 BASE:935012500 TDMA BW:12500 TIMESLOTS:2 VOCODER:HALF_RATE
22:43:07  CC             PASSED    NAC:2209/x8A1 TSBK2 MOTOROLA TDMA DATA CHANNEL NOT ACTIVE MSG:1690423FFFFFFFFF0000D458
22:43:07  CC             PASSED    NAC:2209/x8A1 TSBK3 MOTOROLA TRAFFIC CHANNEL 859040C0C0000000080082AB
22:43:07  CC             PASSED    NAC:2209/x8A1 TSBK1 TDMA_SYNC_BCST SYSTEM TIME UNLOCKED: 2026-04-18 21:46:55.125 -0500 LEAP-SECOND CORRECTION:0.0mS MICROSLOT-MINUTE ROLLOVER:SLOW
22:43:07  CC             PASSED    NAC:2209/x8A1 TSBK2 GRP_VCH_GRNT_UPD GROUP A:417 CHAN A:0-1117
22:43:07  CC             PASSED    NAC:2209/x8A1 TSBK3 SEC_CCH_BROADCST RFSS:1/x01 SITE:1/x01 CHAN A:0-1277 SERVICE OPTIONS:[BACKUP CONTROL CHANNEL] CHAN B:0-1509 SERVICE OPTIONS:[BACKUP CONTROL CHANNEL]
22:43:07  CC             PASSED    NAC:2209/x8A1 TSBK1 MOTOROLA SYSTEM LOADING MOTOROLA MSG:09900F00000000000000EF7F
22:43:07  CC             PASSED    NAC:2209/x8A1 TSBK2 IDEN_UPDATE ID:0 OFFSET:-45000000 SPACING:6250 BASE:851006250 FDMA BW:12500
22:43:07  CC             PASSED    NAC:2209/x8A1 TSBK3 CCH BASE STAT ID CHAN:0-1593 CWID:
22:43:07  CC             PASSED    NAC:2209/x8A1 TSBK1 SNDCP_DCH_GRANT TO:3400027 CHAN:0-1193 SERVICE OPTIONS:NSAPI:1 HALF DUPLEX CIRCUIT MODE
22:43:07  CC             PASSED    NAC:2209/x8A1 TSBK2 RFSS_STATUS_BCST SYSTEM:2208/x8A0 RFSS:1/x01 SITE:1/x01 LRA:0/x00 CHAN:0-1593 ACTIVE NETWORK CONNECTION SERVICE OPTIONS:[DATA, VOICE, REGISTRATION]
22:43:07  CC             PASSED    NAC:2209/x8A1 TSBK3 ACK_RESPONSE_FNE FM:16777213 TO:3412416 ACKNOWLEDGING:GRP_V_REQ
22:43:07  T1 857.9875    PASSED    NAC:2209/x8A1 LDU2  VOICE LSD:7547 ENCRYPTION:AES-256 KEY:8259 MSG INDICATOR:5E0EC210C420DD2A00
22:43:07  T1 857.9875    PASSED    NAC:2209/x8A1 LDU1  VOICE LSD:0557 GROUP VOICE CHANNEL UPDATE TALKGROUP A:300 CHAN A:0-1189
22:43:07  T1 857.9875    PASSED    NAC:2209/x8A1 LDU2  VOICE LSD:AF03 ENCRYPTION:AES-256 KEY:8259 MSG INDICATOR:53295ABCD914A5FE00
22:43:07  T1 857.9875    PASSED    NAC:2209/x8A1 LDU1  VOICE LSD:42B9 GROUP VOICE CHANNEL USER FM:3416052 TO:417 SERVICE OPTIONS:PRI4 ENCRYPTED CIRCUIT
22:43:07  T1 857.9875    PASSED    NAC:2209/x8A1 LDU2  VOICE LSD:5732 ENCRYPTION:AES-256 KEY:8259 MSG INDICATOR:EF7267B3F02B507A00
22:43:07  T2 858.4625    PASSED    NAC:2209/x8A1 TDULC GROUP VOICE CHANNEL UPDATE TALKGROUP A:300 CHAN A:0-1189 TALKGROUP B:417 CHAN B:0-1117
22:43:07  T2 858.4625    PASSED    NAC:2209/x8A1 TDULC RFSS STATUS BROADCAST LRA:0/x00 SYSTEM:2208/x8A0 SITE:1/x01-1/x01 CHAN:0-1593 SERVICE OPTIONS:[DATA, VOICE, REGISTRATION]
22:43:07  T2 858.4625    PASSED    NAC:2209/x8A1 TDULC GROUP VOICE CHANNEL UPDATE TALKGROUP A:300 CHAN A:0-1189 TALKGROUP B:417 CHAN B:0-1117
22:43:07  T2 858.4625    PASSED    NAC:2209/x8A1 TDULC RFSS STATUS BROADCAST LRA:0/x00 SYSTEM:2208/x8A0 SITE:1/x01-1/x01 CHAN:0-1593 SERVICE OPTIONS:[DATA, VOICE, REGISTRATION]
22:43:07  T2 858.4625    PASSED    NAC:2209/x8A1 TDULC GROUP VOICE CHANNEL UPDATE TALKGROUP A:300 CHAN A:0-1189 TALKGROUP B:417 CHAN B:0-1117
22:43:07  T2 858.4625    PASSED    NAC:2209/x8A1 TDULC RFSS STATUS BROADCAST LRA:0/x00 SYSTEM:2208/x8A0 SITE:1/x01-1/x01 CHAN:0-1593 SERVICE OPTIONS:[DATA, VOICE, REGISTRATION]
22:43:07  T2 858.4625    PASSED    NAC:2209/x8A1 TDULC GROUP VOICE CHANNEL UPDATE TALKGROUP A:300 CHAN A:0-1189 TALKGROUP B:417 CHAN B:0-1117
22:43:07  T2 858.4625    PASSED    NAC:2209/x8A1 TDULC RFSS STATUS BROADCAST LRA:0/x00 SYSTEM:2208/x8A0 SITE:1/x01-1/x01 CHAN:0-1593 SERVICE OPTIONS:[DATA, VOICE, REGISTRATION]
22:43:07  T2 858.4625    PASSED    NAC:2209/x8A1 TDULC GROUP VOICE CHANNEL UPDATE TALKGROUP A:300 CHAN A:0-1189 TALKGROUP B:417 CHAN B:0-1117
22:43:07  T2 858.4625    PASSED    NAC:2209/x8A1 TDULC RFSS STATUS BROADCAST LRA:0/x00 SYSTEM:2208/x8A0 SITE:1/x01-1/x01 CHAN:0-1593 SERVICE OPTIONS:[DATA, VOICE, REGISTRATION]
22:43:07  T2 858.4625    PASSED    NAC:2209/x8A1 TDULC GROUP VOICE CHANNEL UPDATE TALKGROUP A:300 CHAN A:0-1189 TALKGROUP B:417 CHAN B:0-1117
22:43:07  T2 858.4625    PASSED    NAC:2209/x8A1 TDULC RFSS STATUS BROADCAST LRA:0/x00 SYSTEM:2208/x8A0 SITE:1/x01-1/x01 CHAN:0-1593 SERVICE OPTIONS:[DATA, VOICE, REGISTRATION]
22:43:07  T2 858.4625    PASSED    NAC:2209/x8A1 TDULC GROUP VOICE CHANNEL UPDATE TALKGROUP A:417 CHAN A:0-1117
22:43:07  T2 858.4625    PASSED    NAC:2209/x8A1 TDULC RFSS STATUS BROADCAST LRA:0/x00 SYSTEM:2208/x8A0 SITE:1/x01-1/x01 CHAN:0-1593 SERVICE OPTIONS:[DATA, VOICE, REGISTRATION]
22:43:07  T2 858.4625    PASSED    NAC:2209/x8A1 TDULC GROUP VOICE CHANNEL UPDATE TALKGROUP A:417 CHAN A:0-1117
22:43:07  T2 858.4625    PASSED    NAC:2209/x8A1 TDULC RFSS STATUS BROADCAST LRA:0/x00 SYSTEM:2208/x8A0 SITE:1/x01-1/x01 CHAN:0-1593 SERVICE OPTIONS:[DATA, VOICE, REGISTRATION]
22:43:07  T2 858.4625    PASSED    NAC:2209/x8A1 TDULC GROUP VOICE CHANNEL UPDATE TALKGROUP A:417 CHAN A:0-1117
22:43:07  T2 858.4625    PASSED    NAC:2209/x8A1 TDULC RFSS STATUS BROADCAST LRA:0/x00 SYSTEM:2208/x8A0 SITE:1/x01-1/x01 CHAN:0-1593 SERVICE OPTIONS:[DATA, VOICE, REGISTRATION]
22:43:07  T2 858.4625    PASSED    NAC:2209/x8A1 TDU
22:43:07  T2 858.4625    PASSED    NAC:2209/x8A1 TDU
22:43:07  T2 858.4625    PASSED    NAC:2209/x8A1 TDU
22:43:07  T2 858.4625    PASSED    NAC:2209/x8A1 PDU RESPONSE TO:3412051 ALL BLOCKS RECEIVED
22:43:07  T2 858.4625    PASSED    NAC:2209/x8A1 TDU
22:43:07  T2 858.4625    PASSED    NAC:2209/x8A1 TDU
22:43:07  T2 858.4625    PASSED    NAC:2209/x8A1 TDULC GROUP VOICE CHANNEL UPDATE TALKGROUP A:417 CHAN A:0-1117
22:43:07  T2 858.4625    PASSED    NAC:2209/x8A1 TDULC RFSS STATUS BROADCAST LRA:0/x00 SYSTEM:2208/x8A0 SITE:1/x01-1/x01 CHAN:0-1593 SERVICE OPTIONS:[DATA, VOICE, REGISTRATION]
22:43:07  T3 858.4375    PASSED    NAC:2209/x8A1 TDULC GROUP VOICE CHANNEL USER FM:0 TO:300 SERVICE OPTIONS:PRI4 CIRCUIT
22:43:07  T3 858.4375    PASSED    NAC:2209/x8A1 TDULC GROUP VOICE CHANNEL UPDATE TALKGROUP A:417 CHAN A:0-1117
22:43:07  T3 858.4375    PASSED    NAC:2209/x8A1 TDULC GROUP VOICE CHANNEL USER FM:0 TO:300 SERVICE OPTIONS:PRI4 CIRCUIT
22:43:07  T3 858.4375    PASSED    NAC:2209/x8A1 TDULC GROUP VOICE CHANNEL UPDATE TALKGROUP A:417 CHAN A:0-1117
22:43:07  T3 858.4375    PASSED    NAC:2209/x8A1 TDULC GROUP VOICE CHANNEL USER FM:0 TO:300 SERVICE OPTIONS:PRI4 CIRCUIT
22:43:07  T3 858.4375    PASSED    NAC:2209/x8A1 TDULC GROUP VOICE CHANNEL UPDATE TALKGROUP A:417 CHAN A:0-1117
22:43:07  T3 858.4375    PASSED    NAC:2209/x8A1 TDULC GROUP VOICE CHANNEL USER FM:0 TO:300 SERVICE OPTIONS:PRI4 CIRCUIT
22:43:07  T3 858.4375    PASSED    NAC:2209/x8A1 TDULC GROUP VOICE CHANNEL UPDATE TALKGROUP A:417 CHAN A:0-1117
22:43:07  T3 858.4375    PASSED    NAC:2209/x8A1 TDULC GROUP VOICE CHANNEL USER FM:0 TO:300 SERVICE OPTIONS:PRI4 CIRCUIT
22:43:07  T3 858.4375    PASSED    NAC:2209/x8A1 TDULC GROUP VOICE CHANNEL UPDATE TALKGROUP A:417 CHAN A:0-1117
22:43:07  T3 858.4375    PASSED    NAC:2209/x8A1 TDULC GROUP VOICE CHANNEL USER FM:0 TO:300 SERVICE OPTIONS:PRI4 CIRCUIT
22:43:07  T3 858.4375    PASSED    NAC:2209/x8A1 TDULC GROUP VOICE CHANNEL UPDATE TALKGROUP A:417 CHAN A:0-1117
22:43:07  T3 858.4375    PASSED    NAC:2209/x8A1 TDULC GROUP VOICE CHANNEL USER FM:0 TO:300 SERVICE OPTIONS:PRI4 CIRCUIT
22:43:07  T3 858.4375    PASSED    NAC:2209/x8A1 TDULC GROUP VOICE CHANNEL UPDATE TALKGROUP A:417 CHAN A:0-1117
22:43:08  CC             PASSED    NAC:2209/x8A1 TSBK1 SNDCP_DCH_GRANT TO:3400027 CHAN:0-1193 SERVICE OPTIONS:NSAPI:1 HALF DUPLEX CIRCUIT MODE
22:43:08  CC             PASSED    NAC:2209/x8A1 TSBK2 NET_STATUS_BCAST WACN:781824/xBEE00 SYSTEM:2208/x8A0 LRA:0/x00 CHAN:0-1593 SERVICES:[DATA, VOICE, REGISTRATION]
22:43:08  CC             PASSED    NAC:2209/x8A1 TSBK3 ACK_RESPONSE_FNE FM:16777213 TO:3412416 ACKNOWLEDGING:GRP_V_REQ
22:43:08  CC             PASSED    NAC:2209/x8A1 TSBK1 SNDCP_DCH_GRANT TO:3400027 CHAN:0-1193 SERVICE OPTIONS:NSAPI:1 HALF DUPLEX CIRCUIT MODE
22:43:08  CC             PASSED    NAC:2209/x8A1 TSBK2 GRP_VCH_GRANT FM:3412416 TO:402 CHAN:0-993 PRI4 ENCRYPTED CIRCUIT
22:43:08  CC             PASSED    NAC:2209/x8A1 TSBK3 IDEN_UPDATE ID:1 OFFSET:30000000 SPACING:6250 BASE:762006250 FDMA BW:12500
22:43:08  CC             PASSED    NAC:2209/x8A1 TSBK1 SNDCP_DCH_ANN_EX CHAN:0-1193/----- AUTONOMOUS/REQUESTED-ACCESS DAC:1 **:0 SERVICE OPTIONS:NSAPI:0 HALF DUPLEX CIRCUIT MODE
22:43:08  CC             PASSED    NAC:2209/x8A1 TSBK2 GRP_VCH_GRANT FM:3412416 TO:402 CHAN:0-993 PRI4 ENCRYPTED CIRCUIT
22:43:08  CC             PASSED    NAC:2209/x8A1 TSBK3 GRP_VCH_GRNT_UPD GROUP A:417 CHAN A:0-1117
22:43:08  CC             PASSED    NAC:2209/x8A1 TSBK1 IDEN_UPDATE_TDMA ID:2 OFFSET:-45000000 SPACING:12500 BASE:851012500 TDMA BW:12500 TIMESLOTS:2 VOCODER:HALF_RATE
22:43:08  CC             PASSED    NAC:2209/x8A1 TSBK2 GRP_VCH_GRNT_UPD GROUP A:402 CHAN A:0-993
22:43:08  CC             PASSED    NAC:2209/x8A1 TSBK3 MOTOROLA TDMA DATA CHANNEL NOT ACTIVE MSG:9690423FFFFFFFFF0000306C
22:43:08  CC             PASSED    NAC:2209/x8A1 TSBK1 MOTOROLA TRAFFIC CHANNEL 059040C0C00000000800669F
22:43:08  CC             PASSED    NAC:2209/x8A1 TSBK2 TDMA_SYNC_BCST SYSTEM TIME UNLOCKED: 2026-04-18 21:46:55.650 -0500 LEAP-SECOND CORRECTION:0.0mS MICROSLOT-MINUTE ROLLOVER:SLOW
22:43:08  CC             PASSED    NAC:2209/x8A1 TSBK3 GRP_VCH_GRNT_UPD GROUP A:402 CHAN A:0-993 GROUP B:417 CHAN B:0-1117
22:43:08  CC             PASSED    NAC:2209/x8A1 TSBK1 SEC_CCH_BROADCST RFSS:1/x01 SITE:1/x01 CHAN A:0-1509 SERVICE OPTIONS:[BACKUP CONTROL CHANNEL] CHAN B:0-1349 SERVICE OPTIONS:[BACKUP CONTROL CHANNEL]
22:43:08  CC             PASSED    NAC:2209/x8A1 TSBK2 MOTOROLA SYSTEM LOADING MOTOROLA MSG:09901B80000000000000765F
22:43:08  CC             PASSED    NAC:2209/x8A1 TSBK3 IDEN_UPDATE_TDMA ID:3 OFFSET:30000000 SPACING:12500 BASE:762006250 TDMA BW:12500 TIMESLOTS:2 VOCODER:HALF_RATE
22:43:08  CC             PASSED    NAC:2209/x8A1 TSBK1 RFSS_STATUS_BCST SYSTEM:2208/x8A0 RFSS:1/x01 SITE:1/x01 LRA:0/x00 CHAN:0-1593 ACTIVE NETWORK CONNECTION SERVICE OPTIONS:[DATA, VOICE, REGISTRATION]
22:43:08  CC             PASSED    NAC:2209/x8A1 TSBK2 NET_STATUS_BCAST WACN:781824/xBEE00 SYSTEM:2208/x8A0 LRA:0/x00 CHAN:0-1593 SERVICES:[DATA, VOICE, REGISTRATION]
22:43:08  CC             PASSED    NAC:2209/x8A1 TSBK3 IDEN_UPDATE ID:4 OFFSET:-39000000 SPACING:12500 BASE:935012500 FDMA BW:12500
22:43:08  CC             PASSED    NAC:2209/x8A1 TSBK1 SNDCP_DCH_ANN_EX CHAN:0-1193/----- AUTONOMOUS/REQUESTED-ACCESS DAC:1 **:0 SERVICE OPTIONS:NSAPI:0 HALF DUPLEX CIRCUIT MODE
22:43:08  CC             PASSED    NAC:2209/x8A1 TSBK2 IDEN_UPDATE_TDMA ID:5 OFFSET:-39000000 SPACING:12500 BASE:935012500 TDMA BW:12500 TIMESLOTS:2 VOCODER:HALF_RATE
22:43:08  CC             PASSED    NAC:2209/x8A1 TSBK3 MOTOROLA TDMA DATA CHANNEL NOT ACTIVE MSG:9690423FFFFFFFFF0000306C
22:43:08  CC             PASSED    NAC:2209/x8A1 TSBK1 MOTOROLA TRAFFIC CHANNEL 059040C0C00000000800669F
22:43:08  CC             PASSED    NAC:2209/x8A1 TSBK2 TDMA_SYNC_BCST SYSTEM TIME UNLOCKED: 2026-04-18 21:46:55.950 -0500 LEAP-SECOND CORRECTION:0.0mS MICROSLOT-MINUTE ROLLOVER:SLOW
22:43:08  CC             PASSED    NAC:2209/x8A1 TSBK3 GRP_VCH_GRNT_UPD GROUP A:402 CHAN A:0-993 GROUP B:417 CHAN B:0-1117
22:43:08  CC             PASSED    NAC:2209/x8A1 TSBK1 SEC_CCH_BROADCST RFSS:1/x01 SITE:1/x01 CHAN A:0-1349 SERVICE OPTIONS:[BACKUP CONTROL CHANNEL] CHAN B:0-1277 SERVICE OPTIONS:[BACKUP CONTROL CHANNEL]
22:43:08  CC             PASSED    NAC:2209/x8A1 TSBK2 CCH BASE STAT ID CHAN:0-1593 CWID:
22:43:08  CC             PASSED    NAC:2209/x8A1 TSBK3 MOTOROLA SYSTEM LOADING MOTOROLA MSG:8990104000000000000032D1
22:43:08  CC             PASSED    NAC:2209/x8A1 TSBK1 IDEN_UPDATE ID:0 OFFSET:-45000000 SPACING:6250 BASE:851006250 FDMA BW:12500
22:43:08  CC             PASSED    NAC:2209/x8A1 TSBK2 RFSS_STATUS_BCST SYSTEM:2208/x8A0 RFSS:1/x01 SITE:1/x01 LRA:0/x00 CHAN:0-1593 ACTIVE NETWORK CONNECTION SERVICE OPTIONS:[DATA, VOICE, REGISTRATION]
22:43:08  CC             PASSED    NAC:2209/x8A1 TSBK3 NET_STATUS_BCAST WACN:781824/xBEE00 SYSTEM:2208/x8A0 LRA:0/x00 CHAN:0-1593 SERVICES:[DATA, VOICE, REGISTRATION]
22:43:08  CC             PASSED    NAC:2209/x8A1 TSBK1 IDEN_UPDATE ID:1 OFFSET:30000000 SPACING:6250 BASE:762006250 FDMA BW:12500
22:43:08  CC             PASSED    NAC:2209/x8A1 TSBK2 SNDCP_DCH_ANN_EX CHAN:0-1193/----- AUTONOMOUS/REQUESTED-ACCESS DAC:1 **:0 SERVICE OPTIONS:NSAPI:0 HALF DUPLEX CIRCUIT MODE
22:43:08  CC             PASSED    NAC:2209/x8A1 TSBK3 IDEN_UPDATE_TDMA ID:2 OFFSET:-45000000 SPACING:12500 BASE:851012500 TDMA BW:12500 TIMESLOTS:2 VOCODER:HALF_RATE
22:43:08  CC             PASSED    NAC:2209/x8A1 TSBK1 MOTOROLA TDMA DATA CHANNEL NOT ACTIVE MSG:1690423FFFFFFFFF0000D458
22:43:08  CC             PASSED    NAC:2209/x8A1 TSBK2 MOTOROLA TRAFFIC CHANNEL 059040C0C00000000800669F
22:43:08  CC             PASSED    NAC:2209/x8A1 TSBK3 TDMA_SYNC_BCST SYSTEM TIME UNLOCKED: 2026-04-18 21:46:56.250 -0500 LEAP-SECOND CORRECTION:0.0mS MICROSLOT-MINUTE ROLLOVER:SLOW
22:43:08  T1 857.9875    PASSED    NAC:2209/x8A1 LDU1  VOICE LSD:A687 GROUP VOICE CHANNEL USER FM:3416052 TO:417 SERVICE OPTIONS:PRI4 ENCRYPTED CIRCUIT
22:43:08  T1 857.9875    PASSED    NAC:2209/x8A1 LDU2  VOICE LSD:3164 ENCRYPTION:AES-256 KEY:8259 MSG INDICATOR:A62BD793F1A9374D00
22:43:08  T1 857.9875    PASSED    NAC:2209/x8A1 LDU1  VOICE LSD:493B GROUP VOICE CHANNEL USER FM:3416052 TO:417 SERVICE OPTIONS:PRI4 ENCRYPTED CIRCUIT
22:43:08  T1 857.9875    PASSED    NAC:2209/x8A1 TDULC MOTOROLA TALK COMPLETE BY:3416052 UNK1:10 UNK2:10
22:43:08  T1 857.9875    PASSED    NAC:2209/x8A1 TDULC GROUP VOICE CHANNEL UPDATE TALKGROUP A:402 CHAN A:0-993
22:43:08  T1 857.9875    PASSED    NAC:2209/x8A1 TDULC GROUP VOICE CHANNEL UPDATE TALKGROUP A:402 CHAN A:0-993
22:43:08  T1 857.9875    PASSED    NAC:2209/x8A1 TDULC GROUP VOICE CHANNEL USER FM:0 TO:417 SERVICE OPTIONS:PRI4 ENCRYPTED CIRCUIT
22:43:08  T1 857.9875    PASSED    NAC:2209/x8A1 TDULC GROUP VOICE CHANNEL UPDATE TALKGROUP A:402 CHAN A:0-993
22:43:08  T1 857.9875    PASSED    NAC:2209/x8A1 TDULC GROUP VOICE CHANNEL USER FM:0 TO:417 SERVICE OPTIONS:PRI4 ENCRYPTED CIRCUIT
22:43:08  T1 857.9875    PASSED    NAC:2209/x8A1 TDULC GROUP VOICE CHANNEL UPDATE TALKGROUP A:402 CHAN A:0-993
22:43:08  T1 857.9875    PASSED    NAC:2209/x8A1 TDULC GROUP VOICE CHANNEL USER FM:0 TO:417 SERVICE OPTIONS:PRI4 ENCRYPTED CIRCUIT
22:43:08  T1 857.9875    PASSED    NAC:2209/x8A1 TDULC GROUP VOICE CHANNEL UPDATE TALKGROUP A:402 CHAN A:0-993
22:43:08  T1 857.9875    PASSED    NAC:2209/x8A1 TDULC GROUP VOICE CHANNEL USER FM:0 TO:417 SERVICE OPTIONS:PRI4 ENCRYPTED CIRCUIT
22:43:08  T1 857.9875    PASSED    NAC:2209/x8A1 TDULC GROUP VOICE CHANNEL UPDATE TALKGROUP A:402 CHAN A:0-993
22:43:08  T1 857.9875    PASSED    NAC:2209/x8A1 TDULC GROUP VOICE CHANNEL USER FM:0 TO:417 SERVICE OPTIONS:PRI4 ENCRYPTED CIRCUIT
22:43:08  T1 857.9875    PASSED    NAC:2209/x8A1 TDULC GROUP VOICE CHANNEL UPDATE TALKGROUP A:402 CHAN A:0-993
22:43:08  T2 858.4625    PASSED    NAC:2209/x8A1 TDULC GROUP VOICE CHANNEL UPDATE TALKGROUP A:417 CHAN A:0-1117
22:43:08  T2 858.4625    PASSED    NAC:2209/x8A1 TDULC RFSS STATUS BROADCAST LRA:0/x00 SYSTEM:2208/x8A0 SITE:1/x01-1/x01 CHAN:0-1593 SERVICE OPTIONS:[DATA, VOICE, REGISTRATION]
22:43:08  T2 858.4625    PASSED    NAC:2209/x8A1 TDULC GROUP VOICE CHANNEL UPDATE TALKGROUP A:417 CHAN A:0-1117 TALKGROUP B:402 CHAN B:0-993
22:43:08  T2 858.4625    PASSED    NAC:2209/x8A1 TDULC RFSS STATUS BROADCAST LRA:0/x00 SYSTEM:2208/x8A0 SITE:1/x01-1/x01 CHAN:0-1593 SERVICE OPTIONS:[DATA, VOICE, REGISTRATION]
22:43:08  T2 858.4625    PASSED    NAC:2209/x8A1 TDULC GROUP VOICE CHANNEL UPDATE TALKGROUP A:417 CHAN A:0-1117 TALKGROUP B:402 CHAN B:0-993
22:43:08  T2 858.4625    PASSED    NAC:2209/x8A1 TDULC RFSS STATUS BROADCAST LRA:0/x00 SYSTEM:2208/x8A0 SITE:1/x01-1/x01 CHAN:0-1593 SERVICE OPTIONS:[DATA, VOICE, REGISTRATION]
22:43:08  T2 858.4625    PASSED    NAC:2209/x8A1 TDULC GROUP VOICE CHANNEL UPDATE TALKGROUP A:417 CHAN A:0-1117 TALKGROUP B:402 CHAN B:0-993
22:43:08  T2 858.4625    PASSED    NAC:2209/x8A1 TDULC RFSS STATUS BROADCAST LRA:0/x00 SYSTEM:2208/x8A0 SITE:1/x01-1/x01 CHAN:0-1593 SERVICE OPTIONS:[DATA, VOICE, REGISTRATION]
22:43:08  T2 858.4625    PASSED    NAC:2209/x8A1 TDULC GROUP VOICE CHANNEL UPDATE TALKGROUP A:417 CHAN A:0-1117 TALKGROUP B:402 CHAN B:0-993
22:43:08  T2 858.4625    PASSED    NAC:2209/x8A1 TDULC RFSS STATUS BROADCAST LRA:0/x00 SYSTEM:2208/x8A0 SITE:1/x01-1/x01 CHAN:0-1593 SERVICE OPTIONS:[DATA, VOICE, REGISTRATION]
22:43:08  T2 858.4625    PASSED    NAC:2209/x8A1 TDULC GROUP VOICE CHANNEL UPDATE TALKGROUP A:417 CHAN A:0-1117 TALKGROUP B:402 CHAN B:0-993
22:43:08  T2 858.4625    PASSED    NAC:2209/x8A1 TDU
22:43:08  T2 858.4625    PASSED    NAC:2209/x8A1 TDU
22:43:08  T2 858.4625    PASSED    NAC:2209/x8A1 TDU
22:43:08  T2 858.4625    PASSED    NAC:2209/x8A1 PDU RESPONSE TO:3400027 ALL BLOCKS RECEIVED
22:43:08  T2 858.4625    PASSED    NAC:2209/x8A1 TDU
22:43:08  T2 858.4625    PASSED    NAC:2209/x8A1 TDU
22:43:08  T2 858.4625    PASSED    NAC:2209/x8A1 TDULC RFSS STATUS BROADCAST LRA:0/x00 SYSTEM:2208/x8A0 SITE:1/x01-1/x01 CHAN:0-1593 SERVICE OPTIONS:[DATA, VOICE, REGISTRATION]
22:43:08  T2 858.4625    PASSED    NAC:2209/x8A1 TDULC GROUP VOICE CHANNEL UPDATE TALKGROUP A:417 CHAN A:0-1117 TALKGROUP B:402 CHAN B:0-993
22:43:08  T2 858.4625    PASSED    NAC:2209/x8A1 TDULC RFSS STATUS BROADCAST LRA:0/x00 SYSTEM:2208/x8A0 SITE:1/x01-1/x01 CHAN:0-1593 SERVICE OPTIONS:[DATA, VOICE, REGISTRATION]
22:43:08  T2 858.4625    PASSED    NAC:2209/x8A1 TDULC GROUP VOICE CHANNEL UPDATE TALKGROUP A:417 CHAN A:0-1117 TALKGROUP B:402 CHAN B:0-993
22:43:08  T2 858.4625    PASSED    NAC:2209/x8A1 TDULC RFSS STATUS BROADCAST LRA:0/x00 SYSTEM:2208/x8A0 SITE:1/x01-1/x01 CHAN:0-1593 SERVICE OPTIONS:[DATA, VOICE, REGISTRATION]
22:43:08  T2 858.4625    PASSED    NAC:2209/x8A1 TDULC GROUP VOICE CHANNEL UPDATE TALKGROUP A:417 CHAN A:0-1117 TALKGROUP B:402 CHAN B:0-993
22:43:08  T2 858.4625    PASSED    NAC:2209/x8A1 TDULC RFSS STATUS BROADCAST LRA:0/x00 SYSTEM:2208/x8A0 SITE:1/x01-1/x01 CHAN:0-1593 SERVICE OPTIONS:[DATA, VOICE, REGISTRATION]
22:43:08  T2 858.4625    PASSED    NAC:2209/x8A1 TDULC GROUP VOICE CHANNEL UPDATE TALKGROUP A:417 CHAN A:0-1117 TALKGROUP B:402 CHAN B:0-993
22:43:09  CC             PASSED    NAC:2209/x8A1 TSBK1 GRP_VCH_GRNT_UPD GROUP A:402 CHAN A:0-993 GROUP B:417 CHAN B:0-1117
22:43:09  CC             PASSED    NAC:2209/x8A1 TSBK2 SEC_CCH_BROADCST RFSS:1/x01 SITE:1/x01 CHAN A:0-1277 SERVICE OPTIONS:[BACKUP CONTROL CHANNEL] CHAN B:0-1509 SERVICE OPTIONS:[BACKUP CONTROL CHANNEL]
22:43:09  CC             PASSED    NAC:2209/x8A1 TSBK3 MOTOROLA SYSTEM LOADING MOTOROLA MSG:89900F000000000000000B4B
22:43:09  CC             PASSED    NAC:2209/x8A1 TSBK1 IDEN_UPDATE_TDMA ID:3 OFFSET:30000000 SPACING:12500 BASE:762006250 TDMA BW:12500 TIMESLOTS:2 VOCODER:HALF_RATE
22:43:09  CC             PASSED    NAC:2209/x8A1 TSBK2 RFSS_STATUS_BCST SYSTEM:2208/x8A0 RFSS:1/x01 SITE:1/x01 LRA:0/x00 CHAN:0-1593 ACTIVE NETWORK CONNECTION SERVICE OPTIONS:[DATA, VOICE, REGISTRATION]
22:43:09  CC             PASSED    NAC:2209/x8A1 TSBK3 NET_STATUS_BCAST WACN:781824/xBEE00 SYSTEM:2208/x8A0 LRA:0/x00 CHAN:0-1593 SERVICES:[DATA, VOICE, REGISTRATION]
22:43:09  CC             PASSED    NAC:2209/x8A1 TSBK1 IDEN_UPDATE ID:4 OFFSET:-39000000 SPACING:12500 BASE:935012500 FDMA BW:12500
22:43:09  CC             PASSED    NAC:2209/x8A1 TSBK2 SNDCP_DCH_ANN_EX CHAN:0-1193/----- AUTONOMOUS/REQUESTED-ACCESS DAC:1 **:0 SERVICE OPTIONS:NSAPI:0 HALF DUPLEX CIRCUIT MODE
22:43:09  CC             PASSED    NAC:2209/x8A1 TSBK3 IDEN_UPDATE_TDMA ID:5 OFFSET:-39000000 SPACING:12500 BASE:935012500 TDMA BW:12500 TIMESLOTS:2 VOCODER:HALF_RATE
22:43:09  CC             PASSED    NAC:2209/x8A1 TSBK1 MOTOROLA TDMA DATA CHANNEL NOT ACTIVE MSG:1690423FFFFFFFFF0000D458
22:43:09  CC             PASSED    NAC:2209/x8A1 TSBK2 MOTOROLA TRAFFIC CHANNEL 059040C0C00000000800669F
22:43:09  CC             PASSED    NAC:2209/x8A1 TSBK3 TDMA_SYNC_BCST SYSTEM TIME UNLOCKED: 2026-04-18 21:46:56.550 -0500 LEAP-SECOND CORRECTION:0.0mS MICROSLOT-MINUTE ROLLOVER:SLOW
22:43:09  CC             PASSED    NAC:2209/x8A1 TSBK1 CCH BASE STAT ID CHAN:0-1593 CWID:
22:43:09  CC             PASSED    NAC:2209/x8A1 TSBK2 GRP_VCH_GRNT_UPD GROUP A:402 CHAN A:0-993 GROUP B:417 CHAN B:0-1117
22:43:09  CC             PASSED    NAC:2209/x8A1 TSBK3 SEC_CCH_BROADCST RFSS:1/x01 SITE:1/x01 CHAN A:0-1509 SERVICE OPTIONS:[BACKUP CONTROL CHANNEL] CHAN B:0-1349 SERVICE OPTIONS:[BACKUP CONTROL CHANNEL]
22:43:09  CC             PASSED    NAC:2209/x8A1 TSBK1 MOTOROLA SYSTEM LOADING MOTOROLA MSG:09901040000000000000D6E5
22:43:09  CC             PASSED    NAC:2209/x8A1 TSBK2 IDEN_UPDATE ID:0 OFFSET:-45000000 SPACING:6250 BASE:851006250 FDMA BW:12500
22:43:09  CC             PASSED    NAC:2209/x8A1 TSBK3 RFSS_STATUS_BCST SYSTEM:2208/x8A0 RFSS:1/x01 SITE:1/x01 LRA:0/x00 CHAN:0-1593 ACTIVE NETWORK CONNECTION SERVICE OPTIONS:[DATA, VOICE, REGISTRATION]
22:43:09  CC             PASSED    NAC:2209/x8A1 TSBK1 NET_STATUS_BCAST WACN:781824/xBEE00 SYSTEM:2208/x8A0 LRA:0/x00 CHAN:0-1593 SERVICES:[DATA, VOICE, REGISTRATION]
22:43:09  CC             PASSED    NAC:2209/x8A1 TSBK2 IDEN_UPDATE ID:1 OFFSET:30000000 SPACING:6250 BASE:762006250 FDMA BW:12500
22:43:09  CC             PASSED    NAC:2209/x8A1 TSBK3 SNDCP_DCH_ANN_EX CHAN:0-1193/----- AUTONOMOUS/REQUESTED-ACCESS DAC:1 **:0 SERVICE OPTIONS:NSAPI:0 HALF DUPLEX CIRCUIT MODE
22:43:09  CC             PASSED    NAC:2209/x8A1 TSBK1 IDEN_UPDATE_TDMA ID:2 OFFSET:-45000000 SPACING:12500 BASE:851012500 TDMA BW:12500 TIMESLOTS:2 VOCODER:HALF_RATE
22:43:09  CC             PASSED    NAC:2209/x8A1 TSBK2 MOTOROLA TDMA DATA CHANNEL NOT ACTIVE MSG:1690423FFFFFFFFF0000D458
22:43:09  CC             PASSED    NAC:2209/x8A1 TSBK3 MOTOROLA TRAFFIC CHANNEL 859040C0C0000000080082AB
22:43:09  CC             PASSED    NAC:2209/x8A1 TSBK1 GRP_VCH_GRANT FM:1001 TO:417 CHAN:0-1117 PRI4 ENCRYPTED CIRCUIT
22:43:09  CC             PASSED    NAC:2209/x8A1 TSBK2 TDMA_SYNC_BCST SYSTEM TIME UNLOCKED: 2026-04-18 21:46:56.925 -0500 LEAP-SECOND CORRECTION:0.0mS MICROSLOT-MINUTE ROLLOVER:SLOW
22:43:09  CC             PASSED    NAC:2209/x8A1 TSBK3 GRP_VCH_GRNT_UPD GROUP A:402 CHAN A:0-993
22:43:09  CC             PASSED    NAC:2209/x8A1 TSBK1 GRP_VCH_GRANT FM:1001 TO:417 CHAN:0-1117 PRI4 ENCRYPTED CIRCUIT
22:43:09  CC             PASSED    NAC:2209/x8A1 TSBK2 SEC_CCH_BROADCST RFSS:1/x01 SITE:1/x01 CHAN A:0-1349 SERVICE OPTIONS:[BACKUP CONTROL CHANNEL] CHAN B:0-1277 SERVICE OPTIONS:[BACKUP CONTROL CHANNEL]
22:43:09  CC             PASSED    NAC:2209/x8A1 TSBK3 GRP_VCH_GRNT_UPD GROUP A:402 CHAN A:0-993
22:43:09  CC             PASSED    NAC:2209/x8A1 TSBK1 GRP_VCH_GRNT_UPD GROUP A:417 CHAN A:0-1117
22:43:09  CC             PASSED    NAC:2209/x8A1 TSBK2 MOTOROLA SYSTEM LOADING MOTOROLA MSG:099014000000000000000464
22:43:09  CC             PASSED    NAC:2209/x8A1 TSBK3 IDEN_UPDATE_TDMA ID:3 OFFSET:30000000 SPACING:12500 BASE:762006250 TDMA BW:12500 TIMESLOTS:2 VOCODER:HALF_RATE
22:43:09  CC             PASSED    NAC:2209/x8A1 TSBK1 RFSS_STATUS_BCST SYSTEM:2208/x8A0 RFSS:1/x01 SITE:1/x01 LRA:0/x00 CHAN:0-1593 ACTIVE NETWORK CONNECTION SERVICE OPTIONS:[DATA, VOICE, REGISTRATION]
22:43:09  CC             PASSED    NAC:2209/x8A1 TSBK2 NET_STATUS_BCAST WACN:781824/xBEE00 SYSTEM:2208/x8A0 LRA:0/x00 CHAN:0-1593 SERVICES:[DATA, VOICE, REGISTRATION]
22:43:09  CC             PASSED    NAC:2209/x8A1 TSBK3 IDEN_UPDATE ID:4 OFFSET:-39000000 SPACING:12500 BASE:935012500 FDMA BW:12500
22:43:09  CC             PASSED    NAC:2209/x8A1 TSBK1 SNDCP_DCH_ANN_EX CHAN:0-1193/----- AUTONOMOUS/REQUESTED-ACCESS DAC:1 **:0 SERVICE OPTIONS:NSAPI:0 HALF DUPLEX CIRCUIT MODE
22:43:09  CC             PASSED    NAC:2209/x8A1 TSBK2 IDEN_UPDATE_TDMA ID:5 OFFSET:-39000000 SPACING:12500 BASE:935012500 TDMA BW:12500 TIMESLOTS:2 VOCODER:HALF_RATE
22:43:09  CC             PASSED    NAC:2209/x8A1 TSBK3 MOTOROLA TDMA DATA CHANNEL NOT ACTIVE MSG:9690423FFFFFFFFF0000306C
22:43:09  CC             PASSED    NAC:2209/x8A1 TSBK1 CCH BASE STAT ID CHAN:0-1593 CWID:
22:43:09  CC             PASSED    NAC:2209/x8A1 TSBK2 MOTOROLA TRAFFIC CHANNEL 059040C0C00000000800669F
22:43:09  T1 857.9875    PASSED    NAC:2209/x8A1 TDULC GROUP VOICE CHANNEL USER FM:0 TO:417 SERVICE OPTIONS:PRI4 ENCRYPTED CIRCUIT
22:43:09  T1 857.9875    PASSED    NAC:2209/x8A1 TDULC GROUP VOICE CHANNEL UPDATE TALKGROUP A:402 CHAN A:0-993
22:43:09  T1 857.9875    PASSED    NAC:2209/x8A1 TDULC GROUP VOICE CHANNEL USER FM:0 TO:417 SERVICE OPTIONS:PRI4 ENCRYPTED CIRCUIT
22:43:09  T1 857.9875    PASSED    NAC:2209/x8A1 TDULC GROUP VOICE CHANNEL UPDATE TALKGROUP A:402 CHAN A:0-993
22:43:09  T1 857.9875    PASSED    NAC:2209/x8A1 TDULC GROUP VOICE CHANNEL USER FM:0 TO:417 SERVICE OPTIONS:PRI4 ENCRYPTED CIRCUIT
22:43:09  T1 857.9875    PASSED    NAC:2209/x8A1 TDULC GROUP VOICE CHANNEL UPDATE TALKGROUP A:402 CHAN A:0-993
22:43:09  T1 857.9875    PASSED    NAC:2209/x8A1 TDULC GROUP VOICE CHANNEL USER FM:0 TO:417 SERVICE OPTIONS:PRI4 ENCRYPTED CIRCUIT
22:43:09  T1 857.9875    PASSED    NAC:2209/x8A1 TDULC GROUP VOICE CHANNEL UPDATE TALKGROUP A:402 CHAN A:0-993
22:43:09  T1 857.9875    PASSED    NAC:2209/x8A1 TDULC GROUP VOICE CHANNEL USER FM:0 TO:417 SERVICE OPTIONS:PRI4 ENCRYPTED CIRCUIT
22:43:09  T1 857.9875    PASSED    NAC:2209/x8A1 TDULC GROUP VOICE CHANNEL UPDATE TALKGROUP A:402 CHAN A:0-993
22:43:09  T1 857.9875    PASSED    NAC:2209/x8A1 TDULC GROUP VOICE CHANNEL USER FM:0 TO:417 SERVICE OPTIONS:PRI4 ENCRYPTED CIRCUIT
22:43:09  T1 857.9875    PASSED    NAC:2209/x8A1 TDULC GROUP VOICE CHANNEL UPDATE TALKGROUP A:402 CHAN A:0-993
22:43:09  T1 857.9875    PASSED    NAC:2209/x8A1 TDULC GROUP VOICE CHANNEL USER FM:0 TO:417 SERVICE OPTIONS:PRI4 ENCRYPTED CIRCUIT
22:43:09  T1 857.9875    PASSED    NAC:2209/x8A1 TDU
22:43:09  T1 857.9875    PASSED    NAC:2209/x8A1 TDULC GROUP VOICE CHANNEL UPDATE TALKGROUP A:402 CHAN A:0-993
22:43:09  T1 857.9875    PASSED    NAC:2209/x8A1 TDULC GROUP VOICE CHANNEL USER FM:0 TO:417 SERVICE OPTIONS:PRI4 ENCRYPTED CIRCUIT
22:43:09  T1 857.9875    PASSED    NAC:2209/x8A1 TDULC GROUP VOICE CHANNEL USER FM:0 TO:417 SERVICE OPTIONS:PRI4 ENCRYPTED CIRCUIT
22:43:09  T1 857.9875    PASSED    NAC:2209/x8A1 TDULC GROUP VOICE CHANNEL UPDATE TALKGROUP A:402 CHAN A:0-993
22:43:09  T1 857.9875    PASSED    NAC:2209/x8A1 TDULC GROUP VOICE CHANNEL USER FM:0 TO:417 SERVICE OPTIONS:PRI4 ENCRYPTED CIRCUIT
22:43:09  T1 857.9875    PASSED    NAC:2209/x8A1 HDU   TALKGROUP:417 ENCRYPTION:ENCRYPTION:AES-256 KEY:8259 MI:77DF7D2EFF51100F00
22:43:09  T2 858.4625    PASSED    NAC:2209/x8A1 TDULC RFSS STATUS BROADCAST LRA:0/x00 SYSTEM:2208/x8A0 SITE:1/x01-1/x01 CHAN:0-1593 SERVICE OPTIONS:[DATA, VOICE, REGISTRATION]
22:43:09  T2 858.4625    PASSED    NAC:2209/x8A1 TDULC GROUP VOICE CHANNEL UPDATE TALKGROUP A:417 CHAN A:0-1117 TALKGROUP B:402 CHAN B:0-993
22:43:09  T2 858.4625    PASSED    NAC:2209/x8A1 TDULC RFSS STATUS BROADCAST LRA:0/x00 SYSTEM:2208/x8A0 SITE:1/x01-1/x01 CHAN:0-1593 SERVICE OPTIONS:[DATA, VOICE, REGISTRATION]
22:43:09  T2 858.4625    PASSED    NAC:2209/x8A1 TDULC GROUP VOICE CHANNEL UPDATE TALKGROUP A:417 CHAN A:0-1117 TALKGROUP B:402 CHAN B:0-993
22:43:09  T2 858.4625    PASSED    NAC:2209/x8A1 TDULC RFSS STATUS BROADCAST LRA:0/x00 SYSTEM:2208/x8A0 SITE:1/x01-1/x01 CHAN:0-1593 SERVICE OPTIONS:[DATA, VOICE, REGISTRATION]
22:43:09  T2 858.4625    PASSED    NAC:2209/x8A1 TDULC GROUP VOICE CHANNEL UPDATE TALKGROUP A:417 CHAN A:0-1117 TALKGROUP B:402 CHAN B:0-993
22:43:09  T2 858.4625    PASSED    NAC:2209/x8A1 TDULC RFSS STATUS BROADCAST LRA:0/x00 SYSTEM:2208/x8A0 SITE:1/x01-1/x01 CHAN:0-1593 SERVICE OPTIONS:[DATA, VOICE, REGISTRATION]
22:43:09  T2 858.4625    PASSED    NAC:2209/x8A1 TDULC GROUP VOICE CHANNEL UPDATE TALKGROUP A:417 CHAN A:0-1117 TALKGROUP B:402 CHAN B:0-993
22:43:09  T2 858.4625    PASSED    NAC:2209/x8A1 TDULC RFSS STATUS BROADCAST LRA:0/x00 SYSTEM:2208/x8A0 SITE:1/x01-1/x01 CHAN:0-1593 SERVICE OPTIONS:[DATA, VOICE, REGISTRATION]
22:43:09  T2 858.4625    PASSED    NAC:2209/x8A1 TDULC GROUP VOICE CHANNEL UPDATE TALKGROUP A:417 CHAN A:0-1117 TALKGROUP B:402 CHAN B:0-993
22:43:09  T2 858.4625    PASSED    NAC:2209/x8A1 TDULC RFSS STATUS BROADCAST LRA:0/x00 SYSTEM:2208/x8A0 SITE:1/x01-1/x01 CHAN:0-1593 SERVICE OPTIONS:[DATA, VOICE, REGISTRATION]
22:43:09  T2 858.4625    PASSED    NAC:2209/x8A1 TDULC GROUP VOICE CHANNEL UPDATE TALKGROUP A:417 CHAN A:0-1117 TALKGROUP B:402 CHAN B:0-993
22:43:09  T2 858.4625    PASSED    NAC:2209/x8A1 TDULC RFSS STATUS BROADCAST LRA:0/x00 SYSTEM:2208/x8A0 SITE:1/x01-1/x01 CHAN:0-1593 SERVICE OPTIONS:[DATA, VOICE, REGISTRATION]
22:43:09  T2 858.4625    PASSED    NAC:2209/x8A1 TDULC GROUP VOICE CHANNEL UPDATE TALKGROUP A:417 CHAN A:0-1117 TALKGROUP B:402 CHAN B:0-993
22:43:09  T2 858.4625    PASSED    NAC:2209/x8A1 TDULC RFSS STATUS BROADCAST LRA:0/x00 SYSTEM:2208/x8A0 SITE:1/x01-1/x01 CHAN:0-1593 SERVICE OPTIONS:[DATA, VOICE, REGISTRATION]
22:43:09  T2 858.4625    PASSED    NAC:2209/x8A1 TDULC GROUP VOICE CHANNEL UPDATE TALKGROUP A:402 CHAN A:0-993 TALKGROUP B:417 CHAN B:0-1117
22:43:09  T2 858.4625    PASSED    NAC:2209/x8A1 TDULC RFSS STATUS BROADCAST LRA:0/x00 SYSTEM:2208/x8A0 SITE:1/x01-1/x01 CHAN:0-1593 SERVICE OPTIONS:[DATA, VOICE, REGISTRATION]
22:43:09  T2 858.4625    PASSED    NAC:2209/x8A1 TDULC GROUP VOICE CHANNEL UPDATE TALKGROUP A:402 CHAN A:0-993 TALKGROUP B:417 CHAN B:0-1117
22:43:09  T2 858.4625    PASSED    NAC:2209/x8A1 TDULC RFSS STATUS BROADCAST LRA:0/x00 SYSTEM:2208/x8A0 SITE:1/x01-1/x01 CHAN:0-1593 SERVICE OPTIONS:[DATA, VOICE, REGISTRATION]
22:43:09  T2 858.4625    PASSED    NAC:2209/x8A1 TDULC GROUP VOICE CHANNEL UPDATE TALKGROUP A:402 CHAN A:0-993 TALKGROUP B:417 CHAN B:0-1117
22:43:09  T2 858.4625    PASSED    NAC:2209/x8A1 TDULC RFSS STATUS BROADCAST LRA:0/x00 SYSTEM:2208/x8A0 SITE:1/x01-1/x01 CHAN:0-1593 SERVICE OPTIONS:[DATA, VOICE, REGISTRATION]
22:43:09  T2 858.4625    PASSED    NAC:2209/x8A1 TDULC GROUP VOICE CHANNEL UPDATE TALKGROUP A:402 CHAN A:0-993 TALKGROUP B:417 CHAN B:0-1117
22:43:09  T2 858.4625    PASSED    NAC:2209/x8A1 TDULC RFSS STATUS BROADCAST LRA:0/x00 SYSTEM:2208/x8A0 SITE:1/x01-1/x01 CHAN:0-1593 SERVICE OPTIONS:[DATA, VOICE, REGISTRATION]
22:43:10  CC             PASSED    NAC:2209/x8A1 TSBK3 TDMA_SYNC_BCST SYSTEM TIME UNLOCKED: 2026-04-18 21:46:57.300 -0500 LEAP-SECOND CORRECTION:0.0mS MICROSLOT-MINUTE ROLLOVER:SLOW
22:43:10  CC             PASSED    NAC:2209/x8A1 TSBK1 GRP_VCH_GRNT_UPD GROUP A:417 CHAN A:0-1117 GROUP B:402 CHAN B:0-993
22:43:10  CC             PASSED    NAC:2209/x8A1 TSBK2 SEC_CCH_BROADCST RFSS:1/x01 SITE:1/x01 CHAN A:0-1277 SERVICE OPTIONS:[BACKUP CONTROL CHANNEL] CHAN B:0-1509 SERVICE OPTIONS:[BACKUP CONTROL CHANNEL]
22:43:10  CC             PASSED    NAC:2209/x8A1 TSBK3 MOTOROLA SYSTEM LOADING MOTOROLA MSG:8990104000000000000032D1
22:43:10  CC             PASSED    NAC:2209/x8A1 TSBK1 IDEN_UPDATE ID:0 OFFSET:-45000000 SPACING:6250 BASE:851006250 FDMA BW:12500
22:43:10  CC             PASSED    NAC:2209/x8A1 TSBK2 RFSS_STATUS_BCST SYSTEM:2208/x8A0 RFSS:1/x01 SITE:1/x01 LRA:0/x00 CHAN:0-1593 ACTIVE NETWORK CONNECTION SERVICE OPTIONS:[DATA, VOICE, REGISTRATION]
22:43:10  CC             PASSED    NAC:2209/x8A1 TSBK3 NET_STATUS_BCAST WACN:781824/xBEE00 SYSTEM:2208/x8A0 LRA:0/x00 CHAN:0-1593 SERVICES:[DATA, VOICE, REGISTRATION]
22:43:10  CC             PASSED    NAC:2209/x8A1 TSBK1 IDEN_UPDATE ID:1 OFFSET:30000000 SPACING:6250 BASE:762006250 FDMA BW:12500
22:43:10  CC             PASSED    NAC:2209/x8A1 TSBK2 SNDCP_DCH_ANN_EX CHAN:0-1193/----- AUTONOMOUS/REQUESTED-ACCESS DAC:1 **:0 SERVICE OPTIONS:NSAPI:0 HALF DUPLEX CIRCUIT MODE
22:43:10  CC             PASSED    NAC:2209/x8A1 TSBK3 IDEN_UPDATE_TDMA ID:2 OFFSET:-45000000 SPACING:12500 BASE:851012500 TDMA BW:12500 TIMESLOTS:2 VOCODER:HALF_RATE
22:43:10  CC             PASSED    NAC:2209/x8A1 TSBK1 MOTOROLA TDMA DATA CHANNEL NOT ACTIVE MSG:1690423FFFFFFFFF0000D458
22:43:10  CC             PASSED    NAC:2209/x8A1 TSBK2 MOTOROLA TRAFFIC CHANNEL 059040C0C00000000800669F
22:43:10  CC             PASSED    NAC:2209/x8A1 TSBK3 TDMA_SYNC_BCST SYSTEM TIME UNLOCKED: 2026-04-18 21:46:57.600 -0500 LEAP-SECOND CORRECTION:0.0mS MICROSLOT-MINUTE ROLLOVER:SLOW
22:43:10  CC             PASSED    NAC:2209/x8A1 TSBK1 GRP_VCH_GRNT_UPD GROUP A:417 CHAN A:0-1117 GROUP B:402 CHAN B:0-993
22:43:10  CC             PASSED    NAC:2209/x8A1 TSBK2 SEC_CCH_BROADCST RFSS:1/x01 SITE:1/x01 CHAN A:0-1509 SERVICE OPTIONS:[BACKUP CONTROL CHANNEL] CHAN B:0-1349 SERVICE OPTIONS:[BACKUP CONTROL CHANNEL]
22:43:10  CC             PASSED    NAC:2209/x8A1 TSBK3 MOTOROLA SYSTEM LOADING MOTOROLA MSG:89900F000000000000000B4B
22:43:10  CC             PASSED    NAC:2209/x8A1 TSBK1 IDEN_UPDATE_TDMA ID:3 OFFSET:30000000 SPACING:12500 BASE:762006250 TDMA BW:12500 TIMESLOTS:2 VOCODER:HALF_RATE
22:43:10  CC             PASSED    NAC:2209/x8A1 TSBK2 RFSS_STATUS_BCST SYSTEM:2208/x8A0 RFSS:1/x01 SITE:1/x01 LRA:0/x00 CHAN:0-1593 ACTIVE NETWORK CONNECTION SERVICE OPTIONS:[DATA, VOICE, REGISTRATION]
22:43:10  CC             PASSED    NAC:2209/x8A1 TSBK3 NET_STATUS_BCAST WACN:781824/xBEE00 SYSTEM:2208/x8A0 LRA:0/x00 CHAN:0-1593 SERVICES:[DATA, VOICE, REGISTRATION]
22:43:10  CC             PASSED    NAC:2209/x8A1 TSBK1 IDEN_UPDATE ID:4 OFFSET:-39000000 SPACING:12500 BASE:935012500 FDMA BW:12500
22:43:10  CC             PASSED    NAC:2209/x8A1 TSBK2 SNDCP_DCH_ANN_EX CHAN:0-1193/----- AUTONOMOUS/REQUESTED-ACCESS DAC:1 **:0 SERVICE OPTIONS:NSAPI:0 HALF DUPLEX CIRCUIT MODE
22:43:10  CC             PASSED    NAC:2209/x8A1 TSBK3 CCH BASE STAT ID CHAN:0-1593 CWID:
22:43:10  CC             PASSED    NAC:2209/x8A1 TSBK1 IDEN_UPDATE_TDMA ID:5 OFFSET:-39000000 SPACING:12500 BASE:935012500 TDMA BW:12500 TIMESLOTS:2 VOCODER:HALF_RATE
22:43:10  CC             PASSED    NAC:2209/x8A1 TSBK2 MOTOROLA TDMA DATA CHANNEL NOT ACTIVE MSG:1690423FFFFFFFFF0000D458
22:43:10  CC             PASSED    NAC:2209/x8A1 TSBK3 MOTOROLA TRAFFIC CHANNEL 859040C0C0000000080082AB
22:43:10  CC             PASSED    NAC:2209/x8A1 TSBK1 TDMA_SYNC_BCST SYSTEM TIME UNLOCKED: 2026-04-18 21:46:57.975 -0500 LEAP-SECOND CORRECTION:0.0mS MICROSLOT-MINUTE ROLLOVER:SLOW
22:43:10  CC             PASSED    NAC:2209/x8A1 TSBK2 GRP_VCH_GRNT_UPD GROUP A:417 CHAN A:0-1117 GROUP B:402 CHAN B:0-993
22:43:10  CC             PASSED    NAC:2209/x8A1 TSBK3 SEC_CCH_BROADCST RFSS:1/x01 SITE:1/x01 CHAN A:0-1349 SERVICE OPTIONS:[BACKUP CONTROL CHANNEL] CHAN B:0-1277 SERVICE OPTIONS:[BACKUP CONTROL CHANNEL]
22:43:10  CC             PASSED    NAC:2209/x8A1 TSBK1 MOTOROLA SYSTEM LOADING MOTOROLA MSG:09901040000000000000D6E5
22:43:10  CC             PASSED    NAC:2209/x8A1 TSBK2 IDEN_UPDATE ID:0 OFFSET:-45000000 SPACING:6250 BASE:851006250 FDMA BW:12500
22:43:10  CC             PASSED    NAC:2209/x8A1 TSBK3 RFSS_STATUS_BCST SYSTEM:2208/x8A0 RFSS:1/x01 SITE:1/x01 LRA:0/x00 CHAN:0-1593 ACTIVE NETWORK CONNECTION SERVICE OPTIONS:[DATA, VOICE, REGISTRATION]
22:43:10  CC             PASSED    NAC:2209/x8A1 TSBK1 NET_STATUS_BCAST WACN:781824/xBEE00 SYSTEM:2208/x8A0 LRA:0/x00 CHAN:0-1593 SERVICES:[DATA, VOICE, REGISTRATION]
22:43:10  CC             PASSED    NAC:2209/x8A1 TSBK2 IDEN_UPDATE ID:1 OFFSET:30000000 SPACING:6250 BASE:762006250 FDMA BW:12500
22:43:10  CC             PASSED    NAC:2209/x8A1 TSBK3 SNDCP_DCH_ANN_EX CHAN:0-1193/----- AUTONOMOUS/REQUESTED-ACCESS DAC:1 **:0 SERVICE OPTIONS:NSAPI:0 HALF DUPLEX CIRCUIT MODE
22:43:10  CC             PASSED    NAC:2209/x8A1 TSBK1 IDEN_UPDATE_TDMA ID:2 OFFSET:-45000000 SPACING:12500 BASE:851012500 TDMA BW:12500 TIMESLOTS:2 VOCODER:HALF_RATE
22:43:10  CC             PASSED    NAC:2209/x8A1 TSBK2 MOTOROLA TDMA DATA CHANNEL NOT ACTIVE MSG:1690423FFFFFFFFF0000D458
22:43:10  CC             PASSED    NAC:2209/x8A1 TSBK3 MOTOROLA TRAFFIC CHANNEL 859040C0C0000000080082AB
22:43:10  CC             PASSED    NAC:2209/x8A1 TSBK1 TDMA_SYNC_BCST SYSTEM TIME UNLOCKED: 2026-04-18 21:46:58.275 -0500 LEAP-SECOND CORRECTION:0.0mS MICROSLOT-MINUTE ROLLOVER:SLOW
22:43:10  CC             PASSED    NAC:2209/x8A1 TSBK2 GRP_VCH_GRNT_UPD GROUP A:417 CHAN A:0-1117 GROUP B:402 CHAN B:0-993
22:43:10  CC             PASSED    NAC:2209/x8A1 TSBK3 SEC_CCH_BROADCST RFSS:1/x01 SITE:1/x01 CHAN A:0-1277 SERVICE OPTIONS:[BACKUP CONTROL CHANNEL] CHAN B:0-1509 SERVICE OPTIONS:[BACKUP CONTROL CHANNEL]
22:43:10  T1 857.9875    PASSED    NAC:2209/x8A1 LDU1  VOICE LSD:8C6E GROUP VOICE CHANNEL UPDATE TALKGROUP A:402 CHAN A:0-993
22:43:10  T1 857.9875    PASSED    NAC:2209/x8A1 LDU2  VOICE LSD:72FA ENCRYPTION:AES-256 KEY:8259 MSG INDICATOR:2DD86AC4101BFE4C00
22:43:10  T1 857.9875    PASSED    NAC:2209/x8A1 LDU1  VOICE LSD:4AF7 GROUP VOICE CHANNEL USER FM:0 TO:417 SERVICE OPTIONS:PRI4 ENCRYPTED CIRCUIT
22:43:10  T1 857.9875    PASSED    NAC:2209/x8A1 TDULC GROUP VOICE CHANNEL USER FM:0 TO:417 SERVICE OPTIONS:PRI4 ENCRYPTED CIRCUIT
22:43:10  T1 857.9875    PASSED    NAC:2209/x8A1 TDULC GROUP VOICE CHANNEL USER FM:0 TO:417 SERVICE OPTIONS:PRI4 ENCRYPTED CIRCUIT
22:43:10  T1 857.9875    PASSED    NAC:2209/x8A1 TDULC GROUP VOICE CHANNEL UPDATE TALKGROUP A:402 CHAN A:0-993
22:43:10  T1 857.9875    PASSED    NAC:2209/x8A1 TDULC GROUP VOICE CHANNEL USER FM:0 TO:417 SERVICE OPTIONS:PRI4 ENCRYPTED CIRCUIT
22:43:10  T1 857.9875    PASSED    NAC:2209/x8A1 TDULC GROUP VOICE CHANNEL UPDATE TALKGROUP A:402 CHAN A:0-993
22:43:10  T1 857.9875    PASSED    NAC:2209/x8A1 TDULC GROUP VOICE CHANNEL USER FM:0 TO:417 SERVICE OPTIONS:PRI4 ENCRYPTED CIRCUIT
22:43:10  T1 857.9875    PASSED    NAC:2209/x8A1 TDULC GROUP VOICE CHANNEL UPDATE TALKGROUP A:402 CHAN A:0-993
22:43:10  T1 857.9875    PASSED    NAC:2209/x8A1 TDULC GROUP VOICE CHANNEL USER FM:0 TO:417 SERVICE OPTIONS:PRI4 ENCRYPTED CIRCUIT
22:43:10  T1 857.9875    PASSED    NAC:2209/x8A1 TDULC GROUP VOICE CHANNEL UPDATE TALKGROUP A:402 CHAN A:0-993
22:43:10  T1 857.9875    PASSED    NAC:2209/x8A1 TDULC GROUP VOICE CHANNEL USER FM:0 TO:417 SERVICE OPTIONS:PRI4 ENCRYPTED CIRCUIT
22:43:10  T1 857.9875    PASSED    NAC:2209/x8A1 TDULC GROUP VOICE CHANNEL UPDATE TALKGROUP A:402 CHAN A:0-993
22:43:10  T1 857.9875    PASSED    NAC:2209/x8A1 TDULC GROUP VOICE CHANNEL USER FM:0 TO:417 SERVICE OPTIONS:PRI4 ENCRYPTED CIRCUIT
22:43:10  T2 858.4625    PASSED    NAC:2209/x8A1 TDULC GROUP VOICE CHANNEL UPDATE TALKGROUP A:402 CHAN A:0-993 TALKGROUP B:417 CHAN B:0-1117
22:43:10  T2 858.4625    PASSED    NAC:2209/x8A1 TDULC RFSS STATUS BROADCAST LRA:0/x00 SYSTEM:2208/x8A0 SITE:1/x01-1/x01 CHAN:0-1593 SERVICE OPTIONS:[DATA, VOICE, REGISTRATION]
22:43:10  T2 858.4625    PASSED    NAC:2209/x8A1 TDULC GROUP VOICE CHANNEL UPDATE TALKGROUP A:402 CHAN A:0-993 TALKGROUP B:417 CHAN B:0-1117
22:43:10  T2 858.4625    PASSED    NAC:2209/x8A1 TDU
22:43:10  T2 858.4625    PASSED    NAC:2209/x8A1 TDU
22:43:10  T2 858.4625    PASSED    NAC:2209/x8A1 TDU
22:43:10  T2 858.4625    PASSED    NAC:2209/x8A1 TDULC CALL TERMINATION BY:3404048
22:43:10  T2 858.4625    PASSED    NAC:2209/x8A1 TDULC CALL TERMINATION BY:3404048
22:43:10  T2 858.4625    PASSED    NAC:2209/x8A1 TDU
22:43:10  T2 858.4625    PASSED    NAC:2209/x8A1 TDU
22:43:10  T2 858.4625    PASSED    NAC:2209/x8A1 TDULC RFSS STATUS BROADCAST LRA:0/x00 SYSTEM:2208/x8A0 SITE:1/x01-1/x01 CHAN:0-1593 SERVICE OPTIONS:[DATA, VOICE, REGISTRATION]
22:43:10  T2 858.4625    PASSED    NAC:2209/x8A1 TDULC GROUP VOICE CHANNEL UPDATE TALKGROUP A:402 CHAN A:0-993 TALKGROUP B:417 CHAN B:0-1117
22:43:10  T2 858.4625    PASSED    NAC:2209/x8A1 TDULC RFSS STATUS BROADCAST LRA:0/x00 SYSTEM:2208/x8A0 SITE:1/x01-1/x01 CHAN:0-1593 SERVICE OPTIONS:[DATA, VOICE, REGISTRATION]
22:43:10  T2 858.4625    PASSED    NAC:2209/x8A1 TDU
22:43:10  T2 858.4625    PASSED    NAC:2209/x8A1 TDU
22:43:10  T2 858.4625    PASSED    NAC:2209/x8A1 TDU
22:43:10  T2 858.4625    PASSED    NAC:2209/x8A1 TDULC CALL TERMINATION BY:3404043
22:43:10  T2 858.4625    PASSED    NAC:2209/x8A1 TDULC CALL TERMINATION BY:3404043
22:43:10  T2 858.4625    PASSED    NAC:2209/x8A1 TDU
22:43:10  T2 858.4625    PASSED    NAC:2209/x8A1 TDU
22:43:10  T2 858.4625    PASSED    NAC:2209/x8A1 TDULC GROUP VOICE CHANNEL UPDATE TALKGROUP A:402 CHAN A:0-993 TALKGROUP B:417 CHAN B:0-1117
22:43:10  T2 858.4625    PASSED    NAC:2209/x8A1 TDULC RFSS STATUS BROADCAST LRA:0/x00 SYSTEM:2208/x8A0 SITE:1/x01-1/x01 CHAN:0-1593 SERVICE OPTIONS:[DATA, VOICE, REGISTRATION]
22:43:10  T2 858.4625    PASSED    NAC:2209/x8A1 TDULC GROUP VOICE CHANNEL UPDATE TALKGROUP A:402 CHAN A:0-993 TALKGROUP B:417 CHAN B:0-1117
22:43:10  T2 858.4625    PASSED    NAC:2209/x8A1 TDULC RFSS STATUS BROADCAST LRA:0/x00 SYSTEM:2208/x8A0 SITE:1/x01-1/x01 CHAN:0-1593 SERVICE OPTIONS:[DATA, VOICE, REGISTRATION]
22:43:10  T2 858.4625    PASSED    NAC:2209/x8A1 TDULC GROUP VOICE CHANNEL UPDATE TALKGROUP A:402 CHAN A:0-993 TALKGROUP B:417 CHAN B:0-1117
22:43:10  T2 858.4625    PASSED    NAC:2209/x8A1 TDULC RFSS STATUS BROADCAST LRA:0/x00 SYSTEM:2208/x8A0 SITE:1/x01-1/x01 CHAN:0-1593 SERVICE OPTIONS:[DATA, VOICE, REGISTRATION]
22:43:10  T2 858.4625    PASSED    NAC:2209/x8A1 TDULC GROUP VOICE CHANNEL UPDATE TALKGROUP A:402 CHAN A:0-993 TALKGROUP B:417 CHAN B:0-1117
22:43:10  T2 858.4625    PASSED    NAC:2209/x8A1 TDULC RFSS STATUS BROADCAST LRA:0/x00 SYSTEM:2208/x8A0 SITE:1/x01-1/x01 CHAN:0-1593 SERVICE OPTIONS:[DATA, VOICE, REGISTRATION]
22:43:10  T2 858.4625    PASSED    NAC:2209/x8A1 TDULC GROUP VOICE CHANNEL UPDATE TALKGROUP A:402 CHAN A:0-993 TALKGROUP B:417 CHAN B:0-1117
22:43:11  CC             PASSED    NAC:2209/x8A1 TSBK1 MOTOROLA SYSTEM LOADING MOTOROLA MSG:09900F00000000000000EF7F
22:43:11  CC             PASSED    NAC:2209/x8A1 TSBK2 IDEN_UPDATE_TDMA ID:3 OFFSET:30000000 SPACING:12500 BASE:762006250 TDMA BW:12500 TIMESLOTS:2 VOCODER:HALF_RATE
22:43:11  CC             PASSED    NAC:2209/x8A1 TSBK3 RFSS_STATUS_BCST SYSTEM:2208/x8A0 RFSS:1/x01 SITE:1/x01 LRA:0/x00 CHAN:0-1593 ACTIVE NETWORK CONNECTION SERVICE OPTIONS:[DATA, VOICE, REGISTRATION]
22:43:11  CC             PASSED    NAC:2209/x8A1 TSBK1 NET_STATUS_BCAST WACN:781824/xBEE00 SYSTEM:2208/x8A0 LRA:0/x00 CHAN:0-1593 SERVICES:[DATA, VOICE, REGISTRATION]
22:43:11  CC             PASSED    NAC:2209/x8A1 TSBK2 CCH BASE STAT ID CHAN:0-1593 CWID:
22:43:11  CC             PASSED    NAC:2209/x8A1 TSBK3 IDEN_UPDATE ID:4 OFFSET:-39000000 SPACING:12500 BASE:935012500 FDMA BW:12500
22:43:11  CC             PASSED    NAC:2209/x8A1 TSBK1 SNDCP_DCH_ANN_EX CHAN:0-1193/----- AUTONOMOUS/REQUESTED-ACCESS DAC:1 **:0 SERVICE OPTIONS:NSAPI:0 HALF DUPLEX CIRCUIT MODE
22:43:11  CC             PASSED    NAC:2209/x8A1 TSBK2 IDEN_UPDATE_TDMA ID:5 OFFSET:-39000000 SPACING:12500 BASE:935012500 TDMA BW:12500 TIMESLOTS:2 VOCODER:HALF_RATE
22:43:11  CC             PASSED    NAC:2209/x8A1 TSBK3 MOTOROLA TDMA DATA CHANNEL NOT ACTIVE MSG:9690423FFFFFFFFF0000306C
22:43:11  CC             PASSED    NAC:2209/x8A1 TSBK1 MOTOROLA TRAFFIC CHANNEL 059040C0C00000000800669F
22:43:11  CC             PASSED    NAC:2209/x8A1 TSBK2 TDMA_SYNC_BCST SYSTEM TIME UNLOCKED: 2026-04-18 21:46:58.575 -0500 LEAP-SECOND CORRECTION:0.0mS MICROSLOT-MINUTE ROLLOVER:SLOW
22:43:11  CC             PASSED    NAC:2209/x8A1 TSBK3 GRP_VCH_GRNT_UPD GROUP A:417 CHAN A:0-1117 GROUP B:402 CHAN B:0-993
22:43:11  CC             PASSED    NAC:2209/x8A1 TSBK1 SEC_CCH_BROADCST RFSS:1/x01 SITE:1/x01 CHAN A:0-1509 SERVICE OPTIONS:[BACKUP CONTROL CHANNEL] CHAN B:0-1349 SERVICE OPTIONS:[BACKUP CONTROL CHANNEL]
22:43:11  CC             PASSED    NAC:2209/x8A1 TSBK2 MOTOROLA SYSTEM LOADING MOTOROLA MSG:09901040000000000000D6E5
22:43:11  CC             PASSED    NAC:2209/x8A1 TSBK3 IDEN_UPDATE ID:0 OFFSET:-45000000 SPACING:6250 BASE:851006250 FDMA BW:12500
22:43:11  CC             PASSED    NAC:2209/x8A1 TSBK1 RFSS_STATUS_BCST SYSTEM:2208/x8A0 RFSS:1/x01 SITE:1/x01 LRA:0/x00 CHAN:0-1593 ACTIVE NETWORK CONNECTION SERVICE OPTIONS:[DATA, VOICE, REGISTRATION]
22:43:11  CC             PASSED    NAC:2209/x8A1 TSBK2 NET_STATUS_BCAST WACN:781824/xBEE00 SYSTEM:2208/x8A0 LRA:0/x00 CHAN:0-1593 SERVICES:[DATA, VOICE, REGISTRATION]
22:43:11  CC             PASSED    NAC:2209/x8A1 TSBK3 IDEN_UPDATE ID:1 OFFSET:30000000 SPACING:6250 BASE:762006250 FDMA BW:12500
22:43:11  CC             PASSED    NAC:2209/x8A1 TSBK1 SNDCP_DCH_ANN_EX CHAN:0-1193/----- AUTONOMOUS/REQUESTED-ACCESS DAC:1 **:0 SERVICE OPTIONS:NSAPI:0 HALF DUPLEX CIRCUIT MODE
22:43:11  CC             PASSED    NAC:2209/x8A1 TSBK2 IDEN_UPDATE_TDMA ID:2 OFFSET:-45000000 SPACING:12500 BASE:851012500 TDMA BW:12500 TIMESLOTS:2 VOCODER:HALF_RATE
22:43:11  CC             PASSED    NAC:2209/x8A1 TSBK3 MOTOROLA TDMA DATA CHANNEL NOT ACTIVE MSG:9690423FFFFFFFFF0000306C
22:43:11  CC             PASSED    NAC:2209/x8A1 TSBK1 MOTOROLA TRAFFIC CHANNEL 059040C0C00000000800669F
22:43:11  CC             PASSED    NAC:2209/x8A1 TSBK2 TDMA_SYNC_BCST SYSTEM TIME UNLOCKED: 2026-04-18 21:46:58.875 -0500 LEAP-SECOND CORRECTION:0.0mS MICROSLOT-MINUTE ROLLOVER:SLOW
22:43:11  CC             PASSED    NAC:2209/x8A1 TSBK3 GRP_VCH_GRNT_UPD GROUP A:417 CHAN A:0-1117 GROUP B:402 CHAN B:0-993
22:43:11  CC             PASSED    NAC:2209/x8A1 TSBK1 SEC_CCH_BROADCST RFSS:1/x01 SITE:1/x01 CHAN A:0-1349 SERVICE OPTIONS:[BACKUP CONTROL CHANNEL] CHAN B:0-1277 SERVICE OPTIONS:[BACKUP CONTROL CHANNEL]
22:43:11  CC             PASSED    NAC:2209/x8A1 TSBK2 MOTOROLA SYSTEM LOADING MOTOROLA MSG:09900F00000000000000EF7F
22:43:11  CC             PASSED    NAC:2209/x8A1 TSBK3 IDEN_UPDATE_TDMA ID:3 OFFSET:30000000 SPACING:12500 BASE:762006250 TDMA BW:12500 TIMESLOTS:2 VOCODER:HALF_RATE
22:43:11  CC             PASSED    NAC:2209/x8A1 TSBK1 CCH BASE STAT ID CHAN:0-1593 CWID:
22:43:11  CC             PASSED    NAC:2209/x8A1 TSBK2 RFSS_STATUS_BCST SYSTEM:2208/x8A0 RFSS:1/x01 SITE:1/x01 LRA:0/x00 CHAN:0-1593 ACTIVE NETWORK CONNECTION SERVICE OPTIONS:[DATA, VOICE, REGISTRATION]
22:43:11  CC             PASSED    NAC:2209/x8A1 TSBK3 NET_STATUS_BCAST WACN:781824/xBEE00 SYSTEM:2208/x8A0 LRA:0/x00 CHAN:0-1593 SERVICES:[DATA, VOICE, REGISTRATION]
22:43:11  CC             PASSED    NAC:2209/x8A1 TSBK1 IDEN_UPDATE ID:4 OFFSET:-39000000 SPACING:12500 BASE:935012500 FDMA BW:12500
22:43:11  CC             PASSED    NAC:2209/x8A1 TSBK2 SNDCP_DCH_ANN_EX CHAN:0-1193/----- AUTONOMOUS/REQUESTED-ACCESS DAC:1 **:0 SERVICE OPTIONS:NSAPI:0 HALF DUPLEX CIRCUIT MODE
22:43:11  CC             PASSED    NAC:2209/x8A1 TSBK3 IDEN_UPDATE_TDMA ID:5 OFFSET:-39000000 SPACING:12500 BASE:935012500 TDMA BW:12500 TIMESLOTS:2 VOCODER:HALF_RATE
22:43:11  CC             PASSED    NAC:2209/x8A1 TSBK1 MOTOROLA TDMA DATA CHANNEL NOT ACTIVE MSG:1690423FFFFFFFFF0000D458
22:43:11  CC             PASSED    NAC:2209/x8A1 TSBK2 MOTOROLA TRAFFIC CHANNEL 059040C0C00000000800669F
22:43:11  CC             PASSED    NAC:2209/x8A1 TSBK3 TDMA_SYNC_BCST SYSTEM TIME UNLOCKED: 2026-04-18 21:46:59.175 -0500 LEAP-SECOND CORRECTION:0.0mS MICROSLOT-MINUTE ROLLOVER:SLOW
22:43:11  CC             PASSED    NAC:2209/x8A1 TSBK1 GRP_VCH_GRNT_UPD GROUP A:402 CHAN A:0-993
22:43:11  CC             PASSED    NAC:2209/x8A1 TSBK2 SEC_CCH_BROADCST RFSS:1/x01 SITE:1/x01 CHAN A:0-1277 SERVICE OPTIONS:[BACKUP CONTROL CHANNEL] CHAN B:0-1509 SERVICE OPTIONS:[BACKUP CONTROL CHANNEL]
22:43:11  CC             PASSED    NAC:2209/x8A1 TSBK3 MOTOROLA SYSTEM LOADING MOTOROLA MSG:8990104000000000000032D1
22:43:11  CC             PASSED    NAC:2209/x8A1 TSBK1 IDEN_UPDATE ID:0 OFFSET:-45000000 SPACING:6250 BASE:851006250 FDMA BW:12500
22:43:11  T1 857.9875    PASSED    NAC:2209/x8A1 TDULC GROUP VOICE CHANNEL UPDATE TALKGROUP A:402 CHAN A:0-993
22:43:11  T1 857.9875    PASSED    NAC:2209/x8A1 TDULC GROUP VOICE CHANNEL USER FM:0 TO:417 SERVICE OPTIONS:PRI4 ENCRYPTED CIRCUIT
22:43:11  T1 857.9875    PASSED    NAC:2209/x8A1 TDULC GROUP VOICE CHANNEL UPDATE TALKGROUP A:402 CHAN A:0-993
22:43:11  T1 857.9875    PASSED    NAC:2209/x8A1 TDULC GROUP VOICE CHANNEL USER FM:0 TO:417 SERVICE OPTIONS:PRI4 ENCRYPTED CIRCUIT
22:43:11  T1 857.9875    PASSED    NAC:2209/x8A1 TDULC GROUP VOICE CHANNEL UPDATE TALKGROUP A:402 CHAN A:0-993
22:43:11  T1 857.9875    PASSED    NAC:2209/x8A1 TDULC GROUP VOICE CHANNEL USER FM:0 TO:417 SERVICE OPTIONS:PRI4 ENCRYPTED CIRCUIT
22:43:11  T1 857.9875    PASSED    NAC:2209/x8A1 TDULC GROUP VOICE CHANNEL UPDATE TALKGROUP A:402 CHAN A:0-993
22:43:11  T1 857.9875    PASSED    NAC:2209/x8A1 TDULC GROUP VOICE CHANNEL USER FM:0 TO:417 SERVICE OPTIONS:PRI4 ENCRYPTED CIRCUIT
22:43:11  T1 857.9875    PASSED    NAC:2209/x8A1 TDULC GROUP VOICE CHANNEL UPDATE TALKGROUP A:402 CHAN A:0-993
22:43:11  T1 857.9875    PASSED    NAC:2209/x8A1 TDULC GROUP VOICE CHANNEL USER FM:0 TO:417 SERVICE OPTIONS:PRI4 ENCRYPTED CIRCUIT
22:43:11  T1 857.9875    PASSED    NAC:2209/x8A1 TDULC GROUP VOICE CHANNEL UPDATE TALKGROUP A:402 CHAN A:0-993
22:43:11  T1 857.9875    PASSED    NAC:2209/x8A1 TDULC GROUP VOICE CHANNEL USER FM:0 TO:417 SERVICE OPTIONS:PRI4 ENCRYPTED CIRCUIT
22:43:11  T1 857.9875    PASSED    NAC:2209/x8A1 TDULC GROUP VOICE CHANNEL UPDATE TALKGROUP A:402 CHAN A:0-993
22:43:11  T1 857.9875    PASSED    NAC:2209/x8A1 TDULC GROUP VOICE CHANNEL USER FM:0 TO:417 SERVICE OPTIONS:PRI4 ENCRYPTED CIRCUIT
22:43:11  T1 857.9875    PASSED    NAC:2209/x8A1 TDULC GROUP VOICE CHANNEL UPDATE TALKGROUP A:402 CHAN A:0-993
22:43:11  T1 857.9875    PASSED    NAC:2209/x8A1 TDULC GROUP VOICE CHANNEL USER FM:0 TO:417 SERVICE OPTIONS:PRI4 ENCRYPTED CIRCUIT
22:43:11  T1 857.9875    PASSED    NAC:2209/x8A1 TDULC GROUP VOICE CHANNEL UPDATE TALKGROUP A:402 CHAN A:0-993
22:43:11  T1 857.9875    PASSED    NAC:2209/x8A1 TDULC GROUP VOICE CHANNEL USER FM:0 TO:417 SERVICE OPTIONS:PRI4 ENCRYPTED CIRCUIT
22:43:11  T1 857.9875    PASSED    NAC:2209/x8A1 TDULC GROUP VOICE CHANNEL UPDATE TALKGROUP A:402 CHAN A:0-993
22:43:11  T2 858.4625    PASSED    NAC:2209/x8A1 TDU
22:43:11  T2 858.4625    PASSED    NAC:2209/x8A1 TDU
22:43:11  T2 858.4625    PASSED    NAC:2209/x8A1 TDU
22:43:11  T2 858.4625    PASSED    NAC:2209/x8A1 TDULC CALL TERMINATION BY:3402110
22:43:11  T2 858.4625    PASSED    NAC:2209/x8A1 TDULC CALL TERMINATION BY:3402110
22:43:11  T2 858.4625    PASSED    NAC:2209/x8A1 TDU
22:43:11  T2 858.4625    PASSED    NAC:2209/x8A1 TDU
22:43:11  T2 858.4625    PASSED    NAC:2209/x8A1 TDULC RFSS STATUS BROADCAST LRA:0/x00 SYSTEM:2208/x8A0 SITE:1/x01-1/x01 CHAN:0-1593 SERVICE OPTIONS:[DATA, VOICE, REGISTRATION]
22:43:11  T2 858.4625    PASSED    NAC:2209/x8A1 TDULC GROUP VOICE CHANNEL UPDATE TALKGROUP A:402 CHAN A:0-993 TALKGROUP B:417 CHAN B:0-1117
22:43:11  T2 858.4625    PASSED    NAC:2209/x8A1 TDULC RFSS STATUS BROADCAST LRA:0/x00 SYSTEM:2208/x8A0 SITE:1/x01-1/x01 CHAN:0-1593 SERVICE OPTIONS:[DATA, VOICE, REGISTRATION]
22:43:11  T2 858.4625    PASSED    NAC:2209/x8A1 TDULC GROUP VOICE CHANNEL UPDATE TALKGROUP A:402 CHAN A:0-993 TALKGROUP B:417 CHAN B:0-1117
22:43:11  T2 858.4625    PASSED    NAC:2209/x8A1 TDULC RFSS STATUS BROADCAST LRA:0/x00 SYSTEM:2208/x8A0 SITE:1/x01-1/x01 CHAN:0-1593 SERVICE OPTIONS:[DATA, VOICE, REGISTRATION]
22:43:11  T2 858.4625    PASSED    NAC:2209/x8A1 TDULC GROUP VOICE CHANNEL UPDATE TALKGROUP A:402 CHAN A:0-993 TALKGROUP B:417 CHAN B:0-1117
22:43:11  T2 858.4625    PASSED    NAC:2209/x8A1 TDULC RFSS STATUS BROADCAST LRA:0/x00 SYSTEM:2208/x8A0 SITE:1/x01-1/x01 CHAN:0-1593 SERVICE OPTIONS:[DATA, VOICE, REGISTRATION]
22:43:11  T2 858.4625    PASSED    NAC:2209/x8A1 TDULC GROUP VOICE CHANNEL UPDATE TALKGROUP A:402 CHAN A:0-993 TALKGROUP B:417 CHAN B:0-1117
22:43:11  T2 858.4625    PASSED    NAC:2209/x8A1 TDULC RFSS STATUS BROADCAST LRA:0/x00 SYSTEM:2208/x8A0 SITE:1/x01-1/x01 CHAN:0-1593 SERVICE OPTIONS:[DATA, VOICE, REGISTRATION]
22:43:11  T2 858.4625    PASSED    NAC:2209/x8A1 TDULC GROUP VOICE CHANNEL UPDATE TALKGROUP A:402 CHAN A:0-993 TALKGROUP B:417 CHAN B:0-1117
22:43:11  T2 858.4625    PASSED    NAC:2209/x8A1 TDULC RFSS STATUS BROADCAST LRA:0/x00 SYSTEM:2208/x8A0 SITE:1/x01-1/x01 CHAN:0-1593 SERVICE OPTIONS:[DATA, VOICE, REGISTRATION]
22:43:11  T2 858.4625    PASSED    NAC:2209/x8A1 TDULC GROUP VOICE CHANNEL UPDATE TALKGROUP A:402 CHAN A:0-993
22:43:11  T2 858.4625    PASSED    NAC:2209/x8A1 TDULC RFSS STATUS BROADCAST LRA:0/x00 SYSTEM:2208/x8A0 SITE:1/x01-1/x01 CHAN:0-1593 SERVICE OPTIONS:[DATA, VOICE, REGISTRATION]
22:43:11  T2 858.4625    PASSED    NAC:2209/x8A1 TDULC GROUP VOICE CHANNEL UPDATE TALKGROUP A:402 CHAN A:0-993
22:43:11  T2 858.4625    PASSED    NAC:2209/x8A1 TDULC RFSS STATUS BROADCAST LRA:0/x00 SYSTEM:2208/x8A0 SITE:1/x01-1/x01 CHAN:0-1593 SERVICE OPTIONS:[DATA, VOICE, REGISTRATION]
22:43:11  T2 858.4625    PASSED    NAC:2209/x8A1 TDULC GROUP VOICE CHANNEL UPDATE TALKGROUP A:402 CHAN A:0-993
22:43:11  T2 858.4625    PASSED    NAC:2209/x8A1 TDULC RFSS STATUS BROADCAST LRA:0/x00 SYSTEM:2208/x8A0 SITE:1/x01-1/x01 CHAN:0-1593 SERVICE OPTIONS:[DATA, VOICE, REGISTRATION]
22:43:11  T2 858.4625    PASSED    NAC:2209/x8A1 TDULC GROUP VOICE CHANNEL UPDATE TALKGROUP A:402 CHAN A:0-993
22:43:11  T2 858.4625    PASSED    NAC:2209/x8A1 TDULC RFSS STATUS BROADCAST LRA:0/x00 SYSTEM:2208/x8A0 SITE:1/x01-1/x01 CHAN:0-1593 SERVICE OPTIONS:[DATA, VOICE, REGISTRATION]
22:43:12  CC             PASSED    NAC:2209/x8A1 TSBK2 RFSS_STATUS_BCST SYSTEM:2208/x8A0 RFSS:1/x01 SITE:1/x01 LRA:0/x00 CHAN:0-1593 ACTIVE NETWORK CONNECTION SERVICE OPTIONS:[DATA, VOICE, REGISTRATION]
22:43:12  CC             PASSED    NAC:2209/x8A1 TSBK3 ACK_RESPONSE_FNE FM:16777213 TO:3412077 ACKNOWLEDGING:GRP_V_REQ
22:43:12  CC             PASSED    NAC:2209/x8A1 TSBK1 NET_STATUS_BCAST WACN:781824/xBEE00 SYSTEM:2208/x8A0 LRA:0/x00 CHAN:0-1593 SERVICES:[DATA, VOICE, REGISTRATION]
22:43:12  CC             PASSED    NAC:2209/x8A1 TSBK2 IDEN_UPDATE ID:1 OFFSET:30000000 SPACING:6250 BASE:762006250 FDMA BW:12500
22:43:12  CC             PASSED    NAC:2209/x8A1 TSBK3 ACK_RESPONSE_FNE FM:16777213 TO:3412077 ACKNOWLEDGING:GRP_V_REQ
22:43:12  CC             PASSED    NAC:2209/x8A1 TSBK1 SNDCP_DCH_ANN_EX CHAN:0-1193/----- AUTONOMOUS/REQUESTED-ACCESS DAC:1 **:0 SERVICE OPTIONS:NSAPI:0 HALF DUPLEX CIRCUIT MODE
22:43:12  CC             PASSED    NAC:2209/x8A1 TSBK2 GRP_VCH_GRANT FM:3412077 TO:402 CHAN:0-993 PRI4 ENCRYPTED CIRCUIT
22:43:12  CC             PASSED    NAC:2209/x8A1 TSBK3 IDEN_UPDATE_TDMA ID:2 OFFSET:-45000000 SPACING:12500 BASE:851012500 TDMA BW:12500 TIMESLOTS:2 VOCODER:HALF_RATE
22:43:12  CC             PASSED    NAC:2209/x8A1 TSBK1 ACK_RESPONSE_FNE FM:16777213 TO:3416052 ACKNOWLEDGING:GRP_V_REQ
22:43:12  CC             PASSED    NAC:2209/x8A1 TSBK2 GRP_VCH_GRANT FM:3412077 TO:402 CHAN:0-993 PRI4 ENCRYPTED CIRCUIT
22:43:12  CC             PASSED    NAC:2209/x8A1 TSBK3 MOTOROLA TDMA DATA CHANNEL NOT ACTIVE MSG:9690423FFFFFFFFF0000306C
22:43:12  CC             PASSED    NAC:2209/x8A1 TSBK1 ACK_RESPONSE_FNE FM:16777213 TO:3416052 ACKNOWLEDGING:GRP_V_REQ
22:43:12  CC             PASSED    NAC:2209/x8A1 TSBK2 GRP_VCH_GRNT_UPD GROUP A:402 CHAN A:0-993
22:43:12  CC             PASSED    NAC:2209/x8A1 TSBK3 MOTOROLA TRAFFIC CHANNEL 859040C0C0000000080082AB
22:43:12  CC             PASSED    NAC:2209/x8A1 TSBK1 GRP_VCH_GRANT FM:3416052 TO:417 CHAN:0-1117 PRI4 ENCRYPTED CIRCUIT
22:43:12  CC             PASSED    NAC:2209/x8A1 TSBK2 TDMA_SYNC_BCST SYSTEM TIME UNLOCKED: 2026-04-18 21:46:59.700 -0500 LEAP-SECOND CORRECTION:0.0mS MICROSLOT-MINUTE ROLLOVER:SLOW
22:43:12  CC             PASSED    NAC:2209/x8A1 TSBK3 SEC_CCH_BROADCST RFSS:1/x01 SITE:1/x01 CHAN A:0-1509 SERVICE OPTIONS:[BACKUP CONTROL CHANNEL] CHAN B:0-1349 SERVICE OPTIONS:[BACKUP CONTROL CHANNEL]
22:43:12  CC             PASSED    NAC:2209/x8A1 TSBK1 GRP_VCH_GRANT FM:3416052 TO:417 CHAN:0-1117 PRI4 ENCRYPTED CIRCUIT
22:43:12  CC             PASSED    NAC:2209/x8A1 TSBK2 GRP_VCH_GRNT_UPD GROUP A:402 CHAN A:0-993
22:43:12  CC             PASSED    NAC:2209/x8A1 TSBK3 MOTOROLA SYSTEM LOADING MOTOROLA MSG:89901A40000000000000A3AD
22:43:12  CC             PASSED    NAC:2209/x8A1 TSBK1 GRP_VCH_GRNT_UPD GROUP A:417 CHAN A:0-1117
22:43:12  CC             PASSED    NAC:2209/x8A1 TSBK2 CCH BASE STAT ID CHAN:0-1593 CWID:
22:43:12  CC             PASSED    NAC:2209/x8A1 TSBK3 IDEN_UPDATE_TDMA ID:3 OFFSET:30000000 SPACING:12500 BASE:762006250 TDMA BW:12500 TIMESLOTS:2 VOCODER:HALF_RATE
22:43:12  CC             PASSED    NAC:2209/x8A1 TSBK1 RFSS_STATUS_BCST SYSTEM:2208/x8A0 RFSS:1/x01 SITE:1/x01 LRA:0/x00 CHAN:0-1593 ACTIVE NETWORK CONNECTION SERVICE OPTIONS:[DATA, VOICE, REGISTRATION]
22:43:12  CC             PASSED    NAC:2209/x8A1 TSBK2 NET_STATUS_BCAST WACN:781824/xBEE00 SYSTEM:2208/x8A0 LRA:0/x00 CHAN:0-1593 SERVICES:[DATA, VOICE, REGISTRATION]
22:43:12  CC             PASSED    NAC:2209/x8A1 TSBK3 IDEN_UPDATE ID:4 OFFSET:-39000000 SPACING:12500 BASE:935012500 FDMA BW:12500
22:43:12  CC             PASSED    NAC:2209/x8A1 TSBK1 SNDCP_DCH_ANN_EX CHAN:0-1193/----- AUTONOMOUS/REQUESTED-ACCESS DAC:1 **:0 SERVICE OPTIONS:NSAPI:0 HALF DUPLEX CIRCUIT MODE
22:43:12  CC             PASSED    NAC:2209/x8A1 TSBK2 IDEN_UPDATE_TDMA ID:5 OFFSET:-39000000 SPACING:12500 BASE:935012500 TDMA BW:12500 TIMESLOTS:2 VOCODER:HALF_RATE
22:43:12  CC             PASSED    NAC:2209/x8A1 TSBK3 MOTOROLA TDMA DATA CHANNEL NOT ACTIVE MSG:9690423FFFFFFFFF0000306C
22:43:12  CC             PASSED    NAC:2209/x8A1 TSBK1 GRP_VCH_GRNT_UPD GROUP A:417 CHAN A:0-1117 GROUP B:402 CHAN B:0-993
22:43:12  CC             PASSED    NAC:2209/x8A1 TSBK2 MOTOROLA TRAFFIC CHANNEL 059040C0C00000000800669F
22:43:12  CC             PASSED    NAC:2209/x8A1 TSBK3 TDMA_SYNC_BCST SYSTEM TIME UNLOCKED: 2026-04-18 21:47:00.075 -0500 LEAP-SECOND CORRECTION:0.0mS MICROSLOT-MINUTE ROLLOVER:SLOW
22:43:12  CC             PASSED    NAC:2209/x8A1 TSBK1 SEC_CCH_BROADCST RFSS:1/x01 SITE:1/x01 CHAN A:0-1349 SERVICE OPTIONS:[BACKUP CONTROL CHANNEL] CHAN B:0-1277 SERVICE OPTIONS:[BACKUP CONTROL CHANNEL]
22:43:12  CC             PASSED    NAC:2209/x8A1 TSBK2 MOTOROLA SYSTEM LOADING MOTOROLA MSG:09901180000000000000E723
22:43:12  CC             PASSED    NAC:2209/x8A1 TSBK3 IDEN_UPDATE ID:0 OFFSET:-45000000 SPACING:6250 BASE:851006250 FDMA BW:12500
22:43:12  CC             PASSED    NAC:2209/x8A1 TSBK1 RFSS_STATUS_BCST SYSTEM:2208/x8A0 RFSS:1/x01 SITE:1/x01 LRA:0/x00 CHAN:0-1593 ACTIVE NETWORK CONNECTION SERVICE OPTIONS:[DATA, VOICE, REGISTRATION]
22:43:12  CC             PASSED    NAC:2209/x8A1 TSBK2 NET_STATUS_BCAST WACN:781824/xBEE00 SYSTEM:2208/x8A0 LRA:0/x00 CHAN:0-1593 SERVICES:[DATA, VOICE, REGISTRATION]
22:43:12  CC             PASSED    NAC:2209/x8A1 TSBK3 IDEN_UPDATE ID:1 OFFSET:30000000 SPACING:6250 BASE:762006250 FDMA BW:12500
22:43:12  CC             PASSED    NAC:2209/x8A1 TSBK1 SNDCP_DCH_ANN_EX CHAN:0-1193/----- AUTONOMOUS/REQUESTED-ACCESS DAC:1 **:0 SERVICE OPTIONS:NSAPI:0 HALF DUPLEX CIRCUIT MODE
22:43:12  CC             PASSED    NAC:2209/x8A1 TSBK2 IDEN_UPDATE_TDMA ID:2 OFFSET:-45000000 SPACING:12500 BASE:851012500 TDMA BW:12500 TIMESLOTS:2 VOCODER:HALF_RATE
22:43:12  T1 857.9875    PASSED    <-> SYNC LOSS - BITS PROCESSED [434]
22:43:12  T1 857.9875    PASSED    NAC:2209/x8A1 TDULC GROUP VOICE CHANNEL UPDATE TALKGROUP A:402 CHAN A:0-993
22:43:12  T1 857.9875    PASSED    NAC:2209/x8A1 TDULC GROUP VOICE CHANNEL USER FM:0 TO:417 SERVICE OPTIONS:PRI4 ENCRYPTED CIRCUIT
22:43:12  T1 857.9875    PASSED    NAC:2209/x8A1 TDULC GROUP VOICE CHANNEL UPDATE TALKGROUP A:402 CHAN A:0-993
22:43:12  T1 857.9875    PASSED    NAC:2209/x8A1 TDULC GROUP VOICE CHANNEL USER FM:0 TO:417 SERVICE OPTIONS:PRI4 ENCRYPTED CIRCUIT
22:43:12  T1 857.9875    PASSED    NAC:2209/x8A1 TDULC GROUP VOICE CHANNEL UPDATE TALKGROUP A:402 CHAN A:0-993
22:43:12  T1 857.9875    PASSED    NAC:2209/x8A1 TDULC GROUP VOICE CHANNEL USER FM:0 TO:417 SERVICE OPTIONS:PRI4 ENCRYPTED CIRCUIT
22:43:12  T1 857.9875    PASSED    NAC:2209/x8A1 HDU   TALKGROUP:417 ENCRYPTION:ENCRYPTION:AES-256 KEY:8259 MI:D8CB5B222B05415D00
22:43:12  T1 857.9875    PASSED    NAC:2209/x8A1 LDU1  VOICE LSD:0035 GROUP VOICE CHANNEL UPDATE TALKGROUP A:402 CHAN A:0-993
22:43:12  T2 858.4625    PASSED    NAC:2209/x8A1 TDULC GROUP VOICE CHANNEL UPDATE TALKGROUP A:402 CHAN A:0-993
22:43:12  T2 858.4625    PASSED    NAC:2209/x8A1 TDULC RFSS STATUS BROADCAST LRA:0/x00 SYSTEM:2208/x8A0 SITE:1/x01-1/x01 CHAN:0-1593 SERVICE OPTIONS:[DATA, VOICE, REGISTRATION]
22:43:12  T2 858.4625    PASSED    NAC:2209/x8A1 TDULC GROUP VOICE CHANNEL UPDATE TALKGROUP A:402 CHAN A:0-993
22:43:12  T2 858.4625    PASSED    NAC:2209/x8A1 TDULC RFSS STATUS BROADCAST LRA:0/x00 SYSTEM:2208/x8A0 SITE:1/x01-1/x01 CHAN:0-1593 SERVICE OPTIONS:[DATA, VOICE, REGISTRATION]
22:43:12  T2 858.4625    PASSED    NAC:2209/x8A1 TDULC GROUP VOICE CHANNEL UPDATE TALKGROUP A:402 CHAN A:0-993
22:43:12  T2 858.4625    PASSED    NAC:2209/x8A1 TDULC RFSS STATUS BROADCAST LRA:0/x00 SYSTEM:2208/x8A0 SITE:1/x01-1/x01 CHAN:0-1593 SERVICE OPTIONS:[DATA, VOICE, REGISTRATION]
22:43:12  T2 858.4625    PASSED    NAC:2209/x8A1 TDULC GROUP VOICE CHANNEL UPDATE TALKGROUP A:402 CHAN A:0-993
22:43:12  T2 858.4625    PASSED    NAC:2209/x8A1 TDULC RFSS STATUS BROADCAST LRA:0/x00 SYSTEM:2208/x8A0 SITE:1/x01-1/x01 CHAN:0-1593 SERVICE OPTIONS:[DATA, VOICE, REGISTRATION]
22:43:12  T2 858.4625    PASSED    NAC:2209/x8A1 TDULC GROUP VOICE CHANNEL UPDATE TALKGROUP A:402 CHAN A:0-993 TALKGROUP B:417 CHAN B:0-1117
22:43:12  T2 858.4625    PASSED    NAC:2209/x8A1 TDULC RFSS STATUS BROADCAST LRA:0/x00 SYSTEM:2208/x8A0 SITE:1/x01-1/x01 CHAN:0-1593 SERVICE OPTIONS:[DATA, VOICE, REGISTRATION]
22:43:12  T2 858.4625    PASSED    NAC:2209/x8A1 TDULC GROUP VOICE CHANNEL UPDATE TALKGROUP A:402 CHAN A:0-993 TALKGROUP B:417 CHAN B:0-1117
22:43:12  T2 858.4625    PASSED    NAC:2209/x8A1 TDULC RFSS STATUS BROADCAST LRA:0/x00 SYSTEM:2208/x8A0 SITE:1/x01-1/x01 CHAN:0-1593 SERVICE OPTIONS:[DATA, VOICE, REGISTRATION]
22:43:12  T2 858.4625    PASSED    NAC:2209/x8A1 TDULC GROUP VOICE CHANNEL UPDATE TALKGROUP A:402 CHAN A:0-993 TALKGROUP B:417 CHAN B:0-1117
22:43:12  T2 858.4625    PASSED    NAC:2209/x8A1 TDULC RFSS STATUS BROADCAST LRA:0/x00 SYSTEM:2208/x8A0 SITE:1/x01-1/x01 CHAN:0-1593 SERVICE OPTIONS:[DATA, VOICE, REGISTRATION]
22:43:12  T2 858.4625    PASSED    NAC:2209/x8A1 TDU
22:43:12  T2 858.4625    PASSED    NAC:2209/x8A1 TDU
22:43:12  T2 858.4625    PASSED    NAC:2209/x8A1 TDU
22:43:12  T2 858.4625    PASSED    NAC:2209/x8A1 TDULC CALL TERMINATION BY:3412558
22:43:12  T2 858.4625    PASSED    NAC:2209/x8A1 TDULC CALL TERMINATION BY:3412558
22:43:12  T2 858.4625    PASSED    NAC:2209/x8A1 TDU
22:43:12  T2 858.4625    PASSED    NAC:2209/x8A1 TDU
22:43:12  T2 858.4625    PASSED    NAC:2209/x8A1 TDULC GROUP VOICE CHANNEL UPDATE TALKGROUP A:402 CHAN A:0-993 TALKGROUP B:417 CHAN B:0-1117
22:43:12  T2 858.4625    PASSED    NAC:2209/x8A1 TDULC RFSS STATUS BROADCAST LRA:0/x00 SYSTEM:2208/x8A0 SITE:1/x01-1/x01 CHAN:0-1593 SERVICE OPTIONS:[DATA, VOICE, REGISTRATION]
22:43:12  T2 858.4625    PASSED    NAC:2209/x8A1 TDULC GROUP VOICE CHANNEL UPDATE TALKGROUP A:402 CHAN A:0-993 TALKGROUP B:417 CHAN B:0-1117
22:43:12  T2 858.4625    PASSED    NAC:2209/x8A1 TDULC RFSS STATUS BROADCAST LRA:0/x00 SYSTEM:2208/x8A0 SITE:1/x01-1/x01 CHAN:0-1593 SERVICE OPTIONS:[DATA, VOICE, REGISTRATION]
22:43:13  CC             PASSED    NAC:2209/x8A1 TSBK3 MOTOROLA TDMA DATA CHANNEL NOT ACTIVE MSG:9690423FFFFFFFFF0000306C
22:43:13  CC             PASSED    NAC:2209/x8A1 TSBK1 GRP_VCH_GRNT_UPD GROUP A:417 CHAN A:0-1117 GROUP B:402 CHAN B:0-993
22:43:13  CC             PASSED    NAC:2209/x8A1 TSBK2 MOTOROLA TRAFFIC CHANNEL 059040C0C00000000800669F
22:43:13  CC             PASSED    NAC:2209/x8A1 TSBK3 TDMA_SYNC_BCST SYSTEM TIME UNLOCKED: 2026-04-18 21:47:00.375 -0500 LEAP-SECOND CORRECTION:0.0mS MICROSLOT-MINUTE ROLLOVER:SLOW
22:43:13  CC             PASSED    NAC:2209/x8A1 TSBK1 CCH BASE STAT ID CHAN:0-1593 CWID:
22:43:13  CC             PASSED    NAC:2209/x8A1 TSBK2 SEC_CCH_BROADCST RFSS:1/x01 SITE:1/x01 CHAN A:0-1277 SERVICE OPTIONS:[BACKUP CONTROL CHANNEL] CHAN B:0-1509 SERVICE OPTIONS:[BACKUP CONTROL CHANNEL]
22:43:13  CC             PASSED    NAC:2209/x8A1 TSBK3 MOTOROLA SYSTEM LOADING MOTOROLA MSG:8990104000000000000032D1
22:43:13  CC             PASSED    NAC:2209/x8A1 TSBK1 IDEN_UPDATE_TDMA ID:3 OFFSET:30000000 SPACING:12500 BASE:762006250 TDMA BW:12500 TIMESLOTS:2 VOCODER:HALF_RATE
22:43:13  CC             PASSED    NAC:2209/x8A1 TSBK2 RFSS_STATUS_BCST SYSTEM:2208/x8A0 RFSS:1/x01 SITE:1/x01 LRA:0/x00 CHAN:0-1593 ACTIVE NETWORK CONNECTION SERVICE OPTIONS:[DATA, VOICE, REGISTRATION]
22:43:13  CC             PASSED    NAC:2209/x8A1 TSBK3 NET_STATUS_BCAST WACN:781824/xBEE00 SYSTEM:2208/x8A0 LRA:0/x00 CHAN:0-1593 SERVICES:[DATA, VOICE, REGISTRATION]
22:43:13  CC             PASSED    NAC:2209/x8A1 TSBK1 IDEN_UPDATE ID:4 OFFSET:-39000000 SPACING:12500 BASE:935012500 FDMA BW:12500
22:43:13  CC             PASSED    NAC:2209/x8A1 TSBK2 SNDCP_DCH_ANN_EX CHAN:0-1193/----- AUTONOMOUS/REQUESTED-ACCESS DAC:1 **:0 SERVICE OPTIONS:NSAPI:0 HALF DUPLEX CIRCUIT MODE
22:43:13  CC             PASSED    NAC:2209/x8A1 TSBK3 IDEN_UPDATE_TDMA ID:5 OFFSET:-39000000 SPACING:12500 BASE:935012500 TDMA BW:12500 TIMESLOTS:2 VOCODER:HALF_RATE
22:43:13  CC             PASSED    NAC:2209/x8A1 TSBK1 MOTOROLA TDMA DATA CHANNEL NOT ACTIVE MSG:1690423FFFFFFFFF0000D458
22:43:13  CC             PASSED    NAC:2209/x8A1 TSBK2 GRP_VCH_GRNT_UPD GROUP A:417 CHAN A:0-1117 GROUP B:402 CHAN B:0-993
22:43:13  CC             PASSED    NAC:2209/x8A1 TSBK3 MOTOROLA TRAFFIC CHANNEL 859040C0C0000000080082AB
22:43:13  CC             PASSED    NAC:2209/x8A1 TSBK1 TDMA_SYNC_BCST SYSTEM TIME UNLOCKED: 2026-04-18 21:47:00.750 -0500 LEAP-SECOND CORRECTION:0.0mS MICROSLOT-MINUTE ROLLOVER:SLOW
22:43:13  CC             PASSED    NAC:2209/x8A1 TSBK2 SEC_CCH_BROADCST RFSS:1/x01 SITE:1/x01 CHAN A:0-1509 SERVICE OPTIONS:[BACKUP CONTROL CHANNEL] CHAN B:0-1349 SERVICE OPTIONS:[BACKUP CONTROL CHANNEL]
22:43:13  CC             PASSED    NAC:2209/x8A1 TSBK3 MOTOROLA SYSTEM LOADING MOTOROLA MSG:89900F000000000000000B4B
22:43:13  CC             PASSED    NAC:2209/x8A1 TSBK1 IDEN_UPDATE ID:0 OFFSET:-45000000 SPACING:6250 BASE:851006250 FDMA BW:12500
22:43:13  CC             PASSED    NAC:2209/x8A1 TSBK2 RFSS_STATUS_BCST SYSTEM:2208/x8A0 RFSS:1/x01 SITE:1/x01 LRA:0/x00 CHAN:0-1593 ACTIVE NETWORK CONNECTION SERVICE OPTIONS:[DATA, VOICE, REGISTRATION]
22:43:13  CC             PASSED    NAC:2209/x8A1 TSBK3 NET_STATUS_BCAST WACN:781824/xBEE00 SYSTEM:2208/x8A0 LRA:0/x00 CHAN:0-1593 SERVICES:[DATA, VOICE, REGISTRATION]
22:43:13  CC             PASSED    NAC:2209/x8A1 TSBK1 IDEN_UPDATE ID:1 OFFSET:30000000 SPACING:6250 BASE:762006250 FDMA BW:12500
22:43:13  CC             PASSED    NAC:2209/x8A1 TSBK2 SNDCP_DCH_ANN_EX CHAN:0-1193/----- AUTONOMOUS/REQUESTED-ACCESS DAC:1 **:0 SERVICE OPTIONS:NSAPI:0 HALF DUPLEX CIRCUIT MODE
22:43:13  CC             PASSED    NAC:2209/x8A1 TSBK3 IDEN_UPDATE_TDMA ID:2 OFFSET:-45000000 SPACING:12500 BASE:851012500 TDMA BW:12500 TIMESLOTS:2 VOCODER:HALF_RATE
22:43:13  CC             PASSED    NAC:2209/x8A1 TSBK1 MOTOROLA TDMA DATA CHANNEL NOT ACTIVE MSG:1690423FFFFFFFFF0000D458
22:43:13  CC             PASSED    NAC:2209/x8A1 TSBK2 GRP_VCH_GRNT_UPD GROUP A:417 CHAN A:0-1117 GROUP B:402 CHAN B:0-993
22:43:13  CC             PASSED    NAC:2209/x8A1 TSBK3 CCH BASE STAT ID CHAN:0-1593 CWID:
22:43:13  CC             PASSED    NAC:2209/x8A1 TSBK1 MOTOROLA TRAFFIC CHANNEL 059040C0C00000000800669F
22:43:13  CC             PASSED    NAC:2209/x8A1 TSBK2 TDMA_SYNC_BCST SYSTEM TIME UNLOCKED: 2026-04-18 21:47:01.050 -0500 LEAP-SECOND CORRECTION:0.0mS MICROSLOT-MINUTE ROLLOVER:SLOW
22:43:13  CC             PASSED    NAC:2209/x8A1 TSBK3 SEC_CCH_BROADCST RFSS:1/x01 SITE:1/x01 CHAN A:0-1349 SERVICE OPTIONS:[BACKUP CONTROL CHANNEL] CHAN B:0-1277 SERVICE OPTIONS:[BACKUP CONTROL CHANNEL]
22:43:13  CC             PASSED    NAC:2209/x8A1 TSBK1 MOTOROLA SYSTEM LOADING MOTOROLA MSG:09901040000000000000D6E5
22:43:13  CC             PASSED    NAC:2209/x8A1 TSBK2 IDEN_UPDATE_TDMA ID:3 OFFSET:30000000 SPACING:12500 BASE:762006250 TDMA BW:12500 TIMESLOTS:2 VOCODER:HALF_RATE
22:43:13  CC             PASSED    NAC:2209/x8A1 TSBK3 RFSS_STATUS_BCST SYSTEM:2208/x8A0 RFSS:1/x01 SITE:1/x01 LRA:0/x00 CHAN:0-1593 ACTIVE NETWORK CONNECTION SERVICE OPTIONS:[DATA, VOICE, REGISTRATION]
22:43:13  CC             PASSED    NAC:2209/x8A1 TSBK1 NET_STATUS_BCAST WACN:781824/xBEE00 SYSTEM:2208/x8A0 LRA:0/x00 CHAN:0-1593 SERVICES:[DATA, VOICE, REGISTRATION]
22:43:13  CC             PASSED    NAC:2209/x8A1 TSBK2 IDEN_UPDATE ID:4 OFFSET:-39000000 SPACING:12500 BASE:935012500 FDMA BW:12500
22:43:13  CC             PASSED    NAC:2209/x8A1 TSBK3 SNDCP_DCH_ANN_EX CHAN:0-1193/----- AUTONOMOUS/REQUESTED-ACCESS DAC:1 **:0 SERVICE OPTIONS:NSAPI:0 HALF DUPLEX CIRCUIT MODE
22:43:13  CC             PASSED    NAC:2209/x8A1 TSBK1 IDEN_UPDATE_TDMA ID:5 OFFSET:-39000000 SPACING:12500 BASE:935012500 TDMA BW:12500 TIMESLOTS:2 VOCODER:HALF_RATE
22:43:13  CC             PASSED    NAC:2209/x8A1 TSBK2 MOTOROLA TDMA DATA CHANNEL NOT ACTIVE MSG:1690423FFFFFFFFF0000D458
22:43:13  T1 857.9875    PASSED    NAC:2209/x8A1 LDU2  VOICE LSD:26F7 ENCRYPTION:AES-256 KEY:8259 MSG INDICATOR:BDD1DEAEF3F7C62700
22:43:13  T1 857.9875    PASSED    NAC:2209/x8A1 LDU1  VOICE LSD:6A95 GROUP VOICE CHANNEL USER FM:0 TO:417 SERVICE OPTIONS:PRI4 ENCRYPTED CIRCUIT
22:43:13  T1 857.9875    PASSED    NAC:2209/x8A1 LDU2  VOICE LSD:636B ENCRYPTION:AES-256 KEY:8259 MSG INDICATOR:7954829496E916A200
22:43:13  T1 857.9875    PASSED    NAC:2209/x8A1 LDU1  VOICE LSD:1FF3 GROUP VOICE CHANNEL USER FM:3416052 TO:417 SERVICE OPTIONS:PRI4 ENCRYPTED CIRCUIT
22:43:13  T1 857.9875    PASSED    NAC:2209/x8A1 LDU2  VOICE LSD:09D8 ENCRYPTION:AES-256 KEY:8259 MSG INDICATOR:3469CBAD057745ED00
22:43:13  T2 858.4625    PASSED    NAC:2209/x8A1 TDULC GROUP VOICE CHANNEL UPDATE TALKGROUP A:402 CHAN A:0-993 TALKGROUP B:417 CHAN B:0-1117
22:43:13  T2 858.4625    PASSED    NAC:2209/x8A1 TDULC RFSS STATUS BROADCAST LRA:0/x00 SYSTEM:2208/x8A0 SITE:1/x01-1/x01 CHAN:0-1593 SERVICE OPTIONS:[DATA, VOICE, REGISTRATION]
22:43:13  T2 858.4625    PASSED    NAC:2209/x8A1 TDULC GROUP VOICE CHANNEL UPDATE TALKGROUP A:402 CHAN A:0-993 TALKGROUP B:417 CHAN B:0-1117
22:43:13  T2 858.4625    PASSED    NAC:2209/x8A1 TDULC RFSS STATUS BROADCAST LRA:0/x00 SYSTEM:2208/x8A0 SITE:1/x01-1/x01 CHAN:0-1593 SERVICE OPTIONS:[DATA, VOICE, REGISTRATION]
22:43:13  T2 858.4625    PASSED    NAC:2209/x8A1 TDULC GROUP VOICE CHANNEL UPDATE TALKGROUP A:402 CHAN A:0-993 TALKGROUP B:417 CHAN B:0-1117
22:43:13  T2 858.4625    PASSED    NAC:2209/x8A1 TDULC RFSS STATUS BROADCAST LRA:0/x00 SYSTEM:2208/x8A0 SITE:1/x01-1/x01 CHAN:0-1593 SERVICE OPTIONS:[DATA, VOICE, REGISTRATION]
22:43:13  T2 858.4625    PASSED    NAC:2209/x8A1 TDULC GROUP VOICE CHANNEL UPDATE TALKGROUP A:402 CHAN A:0-993 TALKGROUP B:417 CHAN B:0-1117
22:43:13  T2 858.4625    PASSED    NAC:2209/x8A1 TDULC RFSS STATUS BROADCAST LRA:0/x00 SYSTEM:2208/x8A0 SITE:1/x01-1/x01 CHAN:0-1593 SERVICE OPTIONS:[DATA, VOICE, REGISTRATION]
22:43:13  T2 858.4625    PASSED    NAC:2209/x8A1 TDULC GROUP VOICE CHANNEL UPDATE TALKGROUP A:402 CHAN A:0-993 TALKGROUP B:417 CHAN B:0-1117
22:43:13  T2 858.4625    PASSED    NAC:2209/x8A1 TDULC RFSS STATUS BROADCAST LRA:0/x00 SYSTEM:2208/x8A0 SITE:1/x01-1/x01 CHAN:0-1593 SERVICE OPTIONS:[DATA, VOICE, REGISTRATION]
22:43:13  T2 858.4625    PASSED    NAC:2209/x8A1 TDULC GROUP VOICE CHANNEL UPDATE TALKGROUP A:402 CHAN A:0-993 TALKGROUP B:417 CHAN B:0-1117
22:43:13  T2 858.4625    PASSED    NAC:2209/x8A1 TDULC RFSS STATUS BROADCAST LRA:0/x00 SYSTEM:2208/x8A0 SITE:1/x01-1/x01 CHAN:0-1593 SERVICE OPTIONS:[DATA, VOICE, REGISTRATION]
22:43:13  T2 858.4625    PASSED    NAC:2209/x8A1 TDULC GROUP VOICE CHANNEL UPDATE TALKGROUP A:402 CHAN A:0-993 TALKGROUP B:417 CHAN B:0-1117
22:43:13  T2 858.4625    PASSED    NAC:2209/x8A1 TDULC RFSS STATUS BROADCAST LRA:0/x00 SYSTEM:2208/x8A0 SITE:1/x01-1/x01 CHAN:0-1593 SERVICE OPTIONS:[DATA, VOICE, REGISTRATION]
22:43:13  T2 858.4625    PASSED    NAC:2209/x8A1 TDULC GROUP VOICE CHANNEL UPDATE TALKGROUP A:402 CHAN A:0-993 TALKGROUP B:417 CHAN B:0-1117
22:43:13  T2 858.4625    PASSED    NAC:2209/x8A1 TDULC RFSS STATUS BROADCAST LRA:0/x00 SYSTEM:2208/x8A0 SITE:1/x01-1/x01 CHAN:0-1593 SERVICE OPTIONS:[DATA, VOICE, REGISTRATION]
22:43:13  T2 858.4625    PASSED    NAC:2209/x8A1 TDULC GROUP VOICE CHANNEL UPDATE TALKGROUP A:402 CHAN A:0-993 TALKGROUP B:417 CHAN B:0-1117
22:43:13  T2 858.4625    PASSED    NAC:2209/x8A1 TDULC RFSS STATUS BROADCAST LRA:0/x00 SYSTEM:2208/x8A0 SITE:1/x01-1/x01 CHAN:0-1593 SERVICE OPTIONS:[DATA, VOICE, REGISTRATION]
22:43:13  T2 858.4625    PASSED    NAC:2209/x8A1 TDULC GROUP VOICE CHANNEL UPDATE TALKGROUP A:402 CHAN A:0-993 TALKGROUP B:417 CHAN B:0-1117
22:43:13  T2 858.4625    PASSED    NAC:2209/x8A1 TDULC RFSS STATUS BROADCAST LRA:0/x00 SYSTEM:2208/x8A0 SITE:1/x01-1/x01 CHAN:0-1593 SERVICE OPTIONS:[DATA, VOICE, REGISTRATION]
22:43:13  T2 858.4625    PASSED    NAC:2209/x8A1 TDULC GROUP VOICE CHANNEL UPDATE TALKGROUP A:402 CHAN A:0-993 TALKGROUP B:417 CHAN B:0-1117
22:43:13  T2 858.4625    PASSED    NAC:2209/x8A1 TDULC RFSS STATUS BROADCAST LRA:0/x00 SYSTEM:2208/x8A0 SITE:1/x01-1/x01 CHAN:0-1593 SERVICE OPTIONS:[DATA, VOICE, REGISTRATION]
22:43:14  CC             PASSED    NAC:2209/x8A1 TSBK3 GRP_VCH_GRNT_UPD GROUP A:417 CHAN A:0-1117 GROUP B:402 CHAN B:0-993
22:43:14  CC             PASSED    NAC:2209/x8A1 TSBK1 UNIT_REG_RESPONS REGISTRATION ACCEPTED FOR RADIO:3412574
22:43:14  CC             PASSED    NAC:2209/x8A1 TSBK2 MOTOROLA TRAFFIC CHANNEL 059040C0C00000000800669F
22:43:14  CC             PASSED    NAC:2209/x8A1 TSBK3 TDMA_SYNC_BCST SYSTEM TIME UNLOCKED: 2026-04-18 21:47:01.350 -0500 LEAP-SECOND CORRECTION:0.0mS MICROSLOT-MINUTE ROLLOVER:SLOW
22:43:14  CC             PASSED    NAC:2209/x8A1 TSBK1 UNIT_REG_RESPONS REGISTRATION ACCEPTED FOR RADIO:3412574
22:43:14  CC             PASSED    NAC:2209/x8A1 TSBK2 SEC_CCH_BROADCST RFSS:1/x01 SITE:1/x01 CHAN A:0-1277 SERVICE OPTIONS:[BACKUP CONTROL CHANNEL] CHAN B:0-1509 SERVICE OPTIONS:[BACKUP CONTROL CHANNEL]
22:43:14  CC             PASSED    NAC:2209/x8A1 TSBK3 MOTOROLA SYSTEM LOADING MOTOROLA MSG:899011800000000000000317
22:43:14  CC             PASSED    NAC:2209/x8A1 TSBK1 IDEN_UPDATE ID:0 OFFSET:-45000000 SPACING:6250 BASE:851006250 FDMA BW:12500
22:43:14  CC             PASSED    NAC:2209/x8A1 TSBK2 RFSS_STATUS_BCST SYSTEM:2208/x8A0 RFSS:1/x01 SITE:1/x01 LRA:0/x00 CHAN:0-1593 ACTIVE NETWORK CONNECTION SERVICE OPTIONS:[DATA, VOICE, REGISTRATION]
22:43:14  CC             PASSED    NAC:2209/x8A1 TSBK3 NET_STATUS_BCAST WACN:781824/xBEE00 SYSTEM:2208/x8A0 LRA:0/x00 CHAN:0-1593 SERVICES:[DATA, VOICE, REGISTRATION]
22:43:14  CC             PASSED    NAC:2209/x8A1 TSBK1 IDEN_UPDATE ID:1 OFFSET:30000000 SPACING:6250 BASE:762006250 FDMA BW:12500
22:43:14  CC             PASSED    NAC:2209/x8A1 TSBK2 SNDCP_DCH_ANN_EX CHAN:0-1193/----- AUTONOMOUS/REQUESTED-ACCESS DAC:1 **:0 SERVICE OPTIONS:NSAPI:0 HALF DUPLEX CIRCUIT MODE
22:43:14  CC             PASSED    NAC:2209/x8A1 TSBK3 GRP_AFFIL_RESP TO:3412574 GROUP ADDRESS:402 (LOCAL) AFFILIATION:ACCEPTED ANNOUNCEMENT GROUP:0
22:43:14  CC             PASSED    NAC:2209/x8A1 TSBK1 IDEN_UPDATE_TDMA ID:2 OFFSET:-45000000 SPACING:12500 BASE:851012500 TDMA BW:12500 TIMESLOTS:2 VOCODER:HALF_RATE
22:43:14  CC             PASSED    NAC:2209/x8A1 TSBK2 CCH BASE STAT ID CHAN:0-1593 CWID:
22:43:14  CC             PASSED    NAC:2209/x8A1 TSBK3 GRP_AFFIL_RESP TO:3412574 GROUP ADDRESS:402 (LOCAL) AFFILIATION:ACCEPTED ANNOUNCEMENT GROUP:0
22:43:14  CC             PASSED    NAC:2209/x8A1 TSBK1 MOTOROLA TDMA DATA CHANNEL NOT ACTIVE MSG:1690423FFFFFFFFF0000D458
22:43:14  CC             PASSED    NAC:2209/x8A1 TSBK2 GRP_VCH_GRNT_UPD GROUP A:417 CHAN A:0-1117 GROUP B:402 CHAN B:0-993
22:43:14  CC             PASSED    NAC:2209/x8A1 TSBK3 MOTOROLA TRAFFIC CHANNEL 859040C0C0000000080082AB
22:43:14  CC             PASSED    NAC:2209/x8A1 TSBK1 TDMA_SYNC_BCST SYSTEM TIME UNLOCKED: 2026-04-18 21:47:01.800 -0500 LEAP-SECOND CORRECTION:0.0mS MICROSLOT-MINUTE ROLLOVER:SLOW
22:43:14  CC             PASSED    NAC:2209/x8A1 TSBK2 SEC_CCH_BROADCST RFSS:1/x01 SITE:1/x01 CHAN A:0-1509 SERVICE OPTIONS:[BACKUP CONTROL CHANNEL] CHAN B:0-1349 SERVICE OPTIONS:[BACKUP CONTROL CHANNEL]
22:43:14  CC             PASSED    NAC:2209/x8A1 TSBK3 MOTOROLA SYSTEM LOADING MOTOROLA MSG:899012C0000000000000168E
22:43:14  CC             PASSED    NAC:2209/x8A1 TSBK1 IDEN_UPDATE_TDMA ID:3 OFFSET:30000000 SPACING:12500 BASE:762006250 TDMA BW:12500 TIMESLOTS:2 VOCODER:HALF_RATE
22:43:14  CC             PASSED    NAC:2209/x8A1 TSBK2 RFSS_STATUS_BCST SYSTEM:2208/x8A0 RFSS:1/x01 SITE:1/x01 LRA:0/x00 CHAN:0-1593 ACTIVE NETWORK CONNECTION SERVICE OPTIONS:[DATA, VOICE, REGISTRATION]
22:43:14  CC             PASSED    NAC:2209/x8A1 TSBK3 NET_STATUS_BCAST WACN:781824/xBEE00 SYSTEM:2208/x8A0 LRA:0/x00 CHAN:0-1593 SERVICES:[DATA, VOICE, REGISTRATION]
22:43:14  CC             PASSED    NAC:2209/x8A1 TSBK1 IDEN_UPDATE ID:4 OFFSET:-39000000 SPACING:12500 BASE:935012500 FDMA BW:12500
22:43:14  CC             PASSED    NAC:2209/x8A1 TSBK2 SNDCP_DCH_ANN_EX CHAN:0-1193/----- AUTONOMOUS/REQUESTED-ACCESS DAC:1 **:0 SERVICE OPTIONS:NSAPI:0 HALF DUPLEX CIRCUIT MODE
22:43:14  CC             PASSED    NAC:2209/x8A1 TSBK3 IDEN_UPDATE_TDMA ID:5 OFFSET:-39000000 SPACING:12500 BASE:935012500 TDMA BW:12500 TIMESLOTS:2 VOCODER:HALF_RATE
22:43:14  CC             PASSED    NAC:2209/x8A1 TSBK1 MOTOROLA TDMA DATA CHANNEL NOT ACTIVE MSG:1690423FFFFFFFFF0000D458
22:43:14  CC             PASSED    NAC:2209/x8A1 TSBK2 GRP_VCH_GRNT_UPD GROUP A:417 CHAN A:0-1117 GROUP B:402 CHAN B:0-993
22:43:14  CC             PASSED    NAC:2209/x8A1 TSBK3 MOTOROLA TRAFFIC CHANNEL 859040C0C0000000080082AB
22:43:14  CC             PASSED    NAC:2209/x8A1 TSBK1 TDMA_SYNC_BCST SYSTEM TIME UNLOCKED: 2026-04-18 21:47:02.100 -0500 LEAP-SECOND CORRECTION:0.0mS MICROSLOT-MINUTE ROLLOVER:SLOW
22:43:14  CC             PASSED    NAC:2209/x8A1 TSBK2 SEC_CCH_BROADCST RFSS:1/x01 SITE:1/x01 CHAN A:0-1349 SERVICE OPTIONS:[BACKUP CONTROL CHANNEL] CHAN B:0-1277 SERVICE OPTIONS:[BACKUP CONTROL CHANNEL]
22:43:14  CC             PASSED    NAC:2209/x8A1 TSBK3 MOTOROLA SYSTEM LOADING MOTOROLA MSG:89900F000000000000000B4B
22:43:14  CC             PASSED    NAC:2209/x8A1 TSBK1 IDEN_UPDATE ID:0 OFFSET:-45000000 SPACING:6250 BASE:851006250 FDMA BW:12500
22:43:14  CC             PASSED    NAC:2209/x8A1 TSBK2 RFSS_STATUS_BCST SYSTEM:2208/x8A0 RFSS:1/x01 SITE:1/x01 LRA:0/x00 CHAN:0-1593 ACTIVE NETWORK CONNECTION SERVICE OPTIONS:[DATA, VOICE, REGISTRATION]
22:43:14  CC             PASSED    NAC:2209/x8A1 TSBK3 NET_STATUS_BCAST WACN:781824/xBEE00 SYSTEM:2208/x8A0 LRA:0/x00 CHAN:0-1593 SERVICES:[DATA, VOICE, REGISTRATION]
22:43:14  CC             PASSED    NAC:2209/x8A1 TSBK1 IDEN_UPDATE ID:1 OFFSET:30000000 SPACING:6250 BASE:762006250 FDMA BW:12500
22:43:14  CC             PASSED    NAC:2209/x8A1 TSBK2 CCH BASE STAT ID CHAN:0-1593 CWID:
22:43:14  CC             PASSED    NAC:2209/x8A1 TSBK3 SNDCP_DCH_ANN_EX CHAN:0-1193/----- AUTONOMOUS/REQUESTED-ACCESS DAC:1 **:0 SERVICE OPTIONS:NSAPI:0 HALF DUPLEX CIRCUIT MODE
22:43:14  CC             PASSED    NAC:2209/x8A1 TSBK1 IDEN_UPDATE_TDMA ID:2 OFFSET:-45000000 SPACING:12500 BASE:851012500 TDMA BW:12500 TIMESLOTS:2 VOCODER:HALF_RATE
22:43:14  T1 857.9875    PASSED    NAC:2209/x8A1 LDU1  VOICE LSD:8A2A GROUP VOICE CHANNEL USER FM:3416052 TO:417 SERVICE OPTIONS:PRI4 ENCRYPTED CIRCUIT
22:43:14  T1 857.9875    PASSED    NAC:2209/x8A1 TDULC MOTOROLA TALK COMPLETE BY:3416052 UNK1:10 UNK2:10
22:43:14  T1 857.9875    PASSED    NAC:2209/x8A1 TDULC GROUP VOICE CHANNEL UPDATE TALKGROUP A:402 CHAN A:0-993
22:43:14  T1 857.9875    PASSED    NAC:2209/x8A1 TDULC GROUP VOICE CHANNEL USER FM:0 TO:417 SERVICE OPTIONS:PRI4 ENCRYPTED CIRCUIT
22:43:14  T1 857.9875    PASSED    NAC:2209/x8A1 TDULC GROUP VOICE CHANNEL UPDATE TALKGROUP A:402 CHAN A:0-993
22:43:14  T1 857.9875    PASSED    NAC:2209/x8A1 TDULC GROUP VOICE CHANNEL USER FM:0 TO:417 SERVICE OPTIONS:PRI4 ENCRYPTED CIRCUIT
22:43:14  T1 857.9875    PASSED    NAC:2209/x8A1 TDULC GROUP VOICE CHANNEL UPDATE TALKGROUP A:402 CHAN A:0-993
22:43:14  T1 857.9875    PASSED    NAC:2209/x8A1 TDULC GROUP VOICE CHANNEL USER FM:0 TO:417 SERVICE OPTIONS:PRI4 ENCRYPTED CIRCUIT
22:43:14  T1 857.9875    PASSED    NAC:2209/x8A1 TDULC GROUP VOICE CHANNEL UPDATE TALKGROUP A:402 CHAN A:0-993
22:43:14  T1 857.9875    PASSED    NAC:2209/x8A1 TDULC GROUP VOICE CHANNEL USER FM:0 TO:417 SERVICE OPTIONS:PRI4 ENCRYPTED CIRCUIT
22:43:14  T1 857.9875    PASSED    NAC:2209/x8A1 TDULC GROUP VOICE CHANNEL UPDATE TALKGROUP A:402 CHAN A:0-993
22:43:14  T1 857.9875    PASSED    NAC:2209/x8A1 TDULC GROUP VOICE CHANNEL USER FM:0 TO:417 SERVICE OPTIONS:PRI4 ENCRYPTED CIRCUIT
22:43:14  T1 857.9875    PASSED    NAC:2209/x8A1 TDULC GROUP VOICE CHANNEL UPDATE TALKGROUP A:402 CHAN A:0-993
22:43:14  T1 857.9875    PASSED    NAC:2209/x8A1 TDULC GROUP VOICE CHANNEL USER FM:0 TO:417 SERVICE OPTIONS:PRI4 ENCRYPTED CIRCUIT
22:43:14  T1 857.9875    PASSED    NAC:2209/x8A1 TDULC GROUP VOICE CHANNEL UPDATE TALKGROUP A:402 CHAN A:0-993
22:43:14  T1 857.9875    PASSED    NAC:2209/x8A1 TDULC GROUP VOICE CHANNEL USER FM:0 TO:417 SERVICE OPTIONS:PRI4 ENCRYPTED CIRCUIT
22:43:14  T1 857.9875    PASSED    NAC:2209/x8A1 TDULC GROUP VOICE CHANNEL UPDATE TALKGROUP A:402 CHAN A:0-993
22:43:14  T1 857.9875    PASSED    NAC:2209/x8A1 TDULC GROUP VOICE CHANNEL USER FM:0 TO:417 SERVICE OPTIONS:PRI4 ENCRYPTED CIRCUIT
22:43:14  T1 857.9875    PASSED    NAC:2209/x8A1 TDULC GROUP VOICE CHANNEL UPDATE TALKGROUP A:402 CHAN A:0-993
22:43:14  T1 857.9875    PASSED    NAC:2209/x8A1 TDULC GROUP VOICE CHANNEL USER FM:0 TO:417 SERVICE OPTIONS:PRI4 ENCRYPTED CIRCUIT
22:43:14  T1 857.9875    PASSED    NAC:2209/x8A1 TDULC GROUP VOICE CHANNEL USER FM:0 TO:417 SERVICE OPTIONS:PRI4 ENCRYPTED CIRCUIT
22:43:14  T2 858.4625    PASSED    NAC:2209/x8A1 TDULC GROUP VOICE CHANNEL UPDATE TALKGROUP A:402 CHAN A:0-993 TALKGROUP B:417 CHAN B:0-1117
22:43:14  T2 858.4625    PASSED    NAC:2209/x8A1 TDULC RFSS STATUS BROADCAST LRA:0/x00 SYSTEM:2208/x8A0 SITE:1/x01-1/x01 CHAN:0-1593 SERVICE OPTIONS:[DATA, VOICE, REGISTRATION]
22:43:14  T2 858.4625    PASSED    NAC:2209/x8A1 TDULC GROUP VOICE CHANNEL UPDATE TALKGROUP A:402 CHAN A:0-993 TALKGROUP B:417 CHAN B:0-1117
22:43:14  T2 858.4625    PASSED    NAC:2209/x8A1 TDULC RFSS STATUS BROADCAST LRA:0/x00 SYSTEM:2208/x8A0 SITE:1/x01-1/x01 CHAN:0-1593 SERVICE OPTIONS:[DATA, VOICE, REGISTRATION]
22:43:14  T2 858.4625    PASSED    NAC:2209/x8A1 TDULC GROUP VOICE CHANNEL UPDATE TALKGROUP A:402 CHAN A:0-993 TALKGROUP B:417 CHAN B:0-1117
22:43:14  T2 858.4625    PASSED    NAC:2209/x8A1 TDULC RFSS STATUS BROADCAST LRA:0/x00 SYSTEM:2208/x8A0 SITE:1/x01-1/x01 CHAN:0-1593 SERVICE OPTIONS:[DATA, VOICE, REGISTRATION]
22:43:14  T2 858.4625    PASSED    NAC:2209/x8A1 TDULC GROUP VOICE CHANNEL UPDATE TALKGROUP A:402 CHAN A:0-993 TALKGROUP B:417 CHAN B:0-1117
22:43:14  T2 858.4625    PASSED    NAC:2209/x8A1 TDULC RFSS STATUS BROADCAST LRA:0/x00 SYSTEM:2208/x8A0 SITE:1/x01-1/x01 CHAN:0-1593 SERVICE OPTIONS:[DATA, VOICE, REGISTRATION]
22:43:14  T2 858.4625    PASSED    NAC:2209/x8A1 TDULC GROUP VOICE CHANNEL UPDATE TALKGROUP A:402 CHAN A:0-993 TALKGROUP B:417 CHAN B:0-1117
22:43:14  T2 858.4625    PASSED    NAC:2209/x8A1 TDULC RFSS STATUS BROADCAST LRA:0/x00 SYSTEM:2208/x8A0 SITE:1/x01-1/x01 CHAN:0-1593 SERVICE OPTIONS:[DATA, VOICE, REGISTRATION]
22:43:14  T2 858.4625    PASSED    NAC:2209/x8A1 TDULC GROUP VOICE CHANNEL UPDATE TALKGROUP A:402 CHAN A:0-993 TALKGROUP B:417 CHAN B:0-1117
22:43:14  T2 858.4625    PASSED    NAC:2209/x8A1 TDULC RFSS STATUS BROADCAST LRA:0/x00 SYSTEM:2208/x8A0 SITE:1/x01-1/x01 CHAN:0-1593 SERVICE OPTIONS:[DATA, VOICE, REGISTRATION]
22:43:14  T2 858.4625    PASSED    NAC:2209/x8A1 TDULC GROUP VOICE CHANNEL UPDATE TALKGROUP A:402 CHAN A:0-993 TALKGROUP B:417 CHAN B:0-1117
22:43:14  T2 858.4625    PASSED    NAC:2209/x8A1 TDULC RFSS STATUS BROADCAST LRA:0/x00 SYSTEM:2208/x8A0 SITE:1/x01-1/x01 CHAN:0-1593 SERVICE OPTIONS:[DATA, VOICE, REGISTRATION]
22:43:14  T2 858.4625    PASSED    NAC:2209/x8A1 TDULC GROUP VOICE CHANNEL UPDATE TALKGROUP A:402 CHAN A:0-993 TALKGROUP B:417 CHAN B:0-1117
22:43:14  T2 858.4625    PASSED    NAC:2209/x8A1 TDULC RFSS STATUS BROADCAST LRA:0/x00 SYSTEM:2208/x8A0 SITE:1/x01-1/x01 CHAN:0-1593 SERVICE OPTIONS:[DATA, VOICE, REGISTRATION]
22:43:14  T2 858.4625    PASSED    NAC:2209/x8A1 TDULC GROUP VOICE CHANNEL UPDATE TALKGROUP A:402 CHAN A:0-993 TALKGROUP B:417 CHAN B:0-1117
22:43:14  T2 858.4625    PASSED    NAC:2209/x8A1 TDULC RFSS STATUS BROADCAST LRA:0/x00 SYSTEM:2208/x8A0 SITE:1/x01-1/x01 CHAN:0-1593 SERVICE OPTIONS:[DATA, VOICE, REGISTRATION]
22:43:14  T2 858.4625    PASSED    NAC:2209/x8A1 TDULC GROUP VOICE CHANNEL UPDATE TALKGROUP A:417 CHAN A:0-1117
22:43:14  T2 858.4625    PASSED    NAC:2209/x8A1 TDULC RFSS STATUS BROADCAST LRA:0/x00 SYSTEM:2208/x8A0 SITE:1/x01-1/x01 CHAN:0-1593 SERVICE OPTIONS:[DATA, VOICE, REGISTRATION]
22:43:14  T2 858.4625    PASSED    NAC:2209/x8A1 TDULC GROUP VOICE CHANNEL UPDATE TALKGROUP A:417 CHAN A:0-1117
22:43:14  T2 858.4625    PASSED    NAC:2209/x8A1 TDULC RFSS STATUS BROADCAST LRA:0/x00 SYSTEM:2208/x8A0 SITE:1/x01-1/x01 CHAN:0-1593 SERVICE OPTIONS:[DATA, VOICE, REGISTRATION]
22:43:14  T2 858.4625    PASSED    NAC:2209/x8A1 TDULC GROUP VOICE CHANNEL UPDATE TALKGROUP A:417 CHAN A:0-1117
22:43:15  CC             PASSED    NAC:2209/x8A1 TSBK2 MOTOROLA TDMA DATA CHANNEL NOT ACTIVE MSG:1690423FFFFFFFFF0000D458
22:43:15  CC             PASSED    NAC:2209/x8A1 TSBK3 SNDCP_DCH_PAG_RQ FM:3406093 TO:65535 NSAPI:1 HALF DUPLEX CIRCUIT MODE
22:43:15  CC             PASSED    NAC:2209/x8A1 TSBK1 GRP_VCH_GRNT_UPD GROUP A:417 CHAN A:0-1117
22:43:15  CC             PASSED    NAC:2209/x8A1 TSBK2 MOTOROLA TRAFFIC CHANNEL 059040C0C00000000800669F
22:43:15  CC             PASSED    NAC:2209/x8A1 TSBK3 TDMA_SYNC_BCST SYSTEM TIME UNLOCKED: 2026-04-18 21:47:02.400 -0500 LEAP-SECOND CORRECTION:0.0mS MICROSLOT-MINUTE ROLLOVER:SLOW
22:43:15  CC             PASSED    NAC:2209/x8A1 TSBK1 SEC_CCH_BROADCST RFSS:1/x01 SITE:1/x01 CHAN A:0-1277 SERVICE OPTIONS:[BACKUP CONTROL CHANNEL] CHAN B:0-1509 SERVICE OPTIONS:[BACKUP CONTROL CHANNEL]
22:43:15  CC             PASSED    NAC:2209/x8A1 TSBK2 MOTOROLA SYSTEM LOADING MOTOROLA MSG:09901180000000000000E723
22:43:15  CC             PASSED    NAC:2209/x8A1 TSBK3 IDEN_UPDATE_TDMA ID:3 OFFSET:30000000 SPACING:12500 BASE:762006250 TDMA BW:12500 TIMESLOTS:2 VOCODER:HALF_RATE
22:43:15  CC             PASSED    NAC:2209/x8A1 TSBK1 RFSS_STATUS_BCST SYSTEM:2208/x8A0 RFSS:1/x01 SITE:1/x01 LRA:0/x00 CHAN:0-1593 ACTIVE NETWORK CONNECTION SERVICE OPTIONS:[DATA, VOICE, REGISTRATION]
22:43:15  CC             PASSED    NAC:2209/x8A1 TSBK2 NET_STATUS_BCAST WACN:781824/xBEE00 SYSTEM:2208/x8A0 LRA:0/x00 CHAN:0-1593 SERVICES:[DATA, VOICE, REGISTRATION]
22:43:15  CC             PASSED    NAC:2209/x8A1 TSBK3 IDEN_UPDATE ID:4 OFFSET:-39000000 SPACING:12500 BASE:935012500 FDMA BW:12500
22:43:15  CC             PASSED    NAC:2209/x8A1 TSBK1 SNDCP_DCH_GRANT TO:3406093 CHAN:0-1193 SERVICE OPTIONS:NSAPI:1 HALF DUPLEX CIRCUIT MODE
22:43:15  CC             PASSED    NAC:2209/x8A1 TSBK2 SNDCP_DCH_ANN_EX CHAN:0-1193/----- AUTONOMOUS/REQUESTED-ACCESS DAC:1 **:0 SERVICE OPTIONS:NSAPI:0 HALF DUPLEX CIRCUIT MODE
22:43:15  CC             PASSED    NAC:2209/x8A1 TSBK3 IDEN_UPDATE_TDMA ID:5 OFFSET:-39000000 SPACING:12500 BASE:935012500 TDMA BW:12500 TIMESLOTS:2 VOCODER:HALF_RATE
22:43:15  CC             PASSED    NAC:2209/x8A1 TSBK1 SNDCP_DCH_GRANT TO:3406093 CHAN:0-1193 SERVICE OPTIONS:NSAPI:1 HALF DUPLEX CIRCUIT MODE
22:43:15  CC             PASSED    NAC:2209/x8A1 TSBK2 MOTOROLA TDMA DATA CHANNEL NOT ACTIVE MSG:1690423FFFFFFFFF0000D458
22:43:15  CC             PASSED    NAC:2209/x8A1 TSBK3 GRP_VCH_GRNT_UPD GROUP A:417 CHAN A:0-1117
22:43:15  CC             PASSED    NAC:2209/x8A1 TSBK1 SNDCP_DCH_GRANT TO:3406093 CHAN:0-1193 SERVICE OPTIONS:NSAPI:1 HALF DUPLEX CIRCUIT MODE
22:43:15  CC             PASSED    NAC:2209/x8A1 TSBK2 MOTOROLA TRAFFIC CHANNEL 059040C0C00000000800669F
22:43:15  CC             PASSED    NAC:2209/x8A1 TSBK3 TDMA_SYNC_BCST SYSTEM TIME UNLOCKED: 2026-04-18 21:47:02.775 -0500 LEAP-SECOND CORRECTION:0.0mS MICROSLOT-MINUTE ROLLOVER:SLOW
22:43:15  CC             PASSED    NAC:2209/x8A1 TSBK1 SEC_CCH_BROADCST RFSS:1/x01 SITE:1/x01 CHAN A:0-1509 SERVICE OPTIONS:[BACKUP CONTROL CHANNEL] CHAN B:0-1349 SERVICE OPTIONS:[BACKUP CONTROL CHANNEL]
22:43:15  CC             PASSED    NAC:2209/x8A1 TSBK2 MOTOROLA SYSTEM LOADING MOTOROLA MSG:099012C0000000000000F2BA
22:43:15  CC             PASSED    NAC:2209/x8A1 TSBK3 IDEN_UPDATE ID:0 OFFSET:-45000000 SPACING:6250 BASE:851006250 FDMA BW:12500
22:43:15  CC             PASSED    NAC:2209/x8A1 TSBK1 RFSS_STATUS_BCST SYSTEM:2208/x8A0 RFSS:1/x01 SITE:1/x01 LRA:0/x00 CHAN:0-1593 ACTIVE NETWORK CONNECTION SERVICE OPTIONS:[DATA, VOICE, REGISTRATION]
22:43:15  CC             PASSED    NAC:2209/x8A1 TSBK2 CCH BASE STAT ID CHAN:0-1593 CWID:
22:43:15  CC             PASSED    NAC:2209/x8A1 TSBK3 NET_STATUS_BCAST WACN:781824/xBEE00 SYSTEM:2208/x8A0 LRA:0/x00 CHAN:0-1593 SERVICES:[DATA, VOICE, REGISTRATION]
22:43:15  CC             PASSED    NAC:2209/x8A1 TSBK1 IDEN_UPDATE ID:1 OFFSET:30000000 SPACING:6250 BASE:762006250 FDMA BW:12500
22:43:15  CC             PASSED    NAC:2209/x8A1 TSBK2 SNDCP_DCH_ANN_EX CHAN:0-1193/----- AUTONOMOUS/REQUESTED-ACCESS DAC:1 **:0 SERVICE OPTIONS:NSAPI:0 HALF DUPLEX CIRCUIT MODE
22:43:15  CC             PASSED    NAC:2209/x8A1 TSBK3 IDEN_UPDATE_TDMA ID:2 OFFSET:-45000000 SPACING:12500 BASE:851012500 TDMA BW:12500 TIMESLOTS:2 VOCODER:HALF_RATE
22:43:15  CC             PASSED    NAC:2209/x8A1 TSBK1 MOTOROLA TDMA DATA CHANNEL NOT ACTIVE MSG:1690423FFFFFFFFF0000D458
22:43:15  CC             PASSED    NAC:2209/x8A1 TSBK2 MOTOROLA TRAFFIC CHANNEL 059040C0C00000000800669F
22:43:15  CC             PASSED    NAC:2209/x8A1 TSBK3 TDMA_SYNC_BCST SYSTEM TIME UNLOCKED: 2026-04-18 21:47:03.075 -0500 LEAP-SECOND CORRECTION:0.0mS MICROSLOT-MINUTE ROLLOVER:SLOW
22:43:15  CC             PASSED    NAC:2209/x8A1 TSBK1 SEC_CCH_BROADCST RFSS:1/x01 SITE:1/x01 CHAN A:0-1349 SERVICE OPTIONS:[BACKUP CONTROL CHANNEL] CHAN B:0-1277 SERVICE OPTIONS:[BACKUP CONTROL CHANNEL]
22:43:15  CC             PASSED    NAC:2209/x8A1 TSBK2 MOTOROLA SYSTEM LOADING MOTOROLA MSG:09900F00000000000000EF7F
22:43:15  CC             PASSED    NAC:2209/x8A1 TSBK3 IDEN_UPDATE_TDMA ID:3 OFFSET:30000000 SPACING:12500 BASE:762006250 TDMA BW:12500 TIMESLOTS:2 VOCODER:HALF_RATE
22:43:15  CC             PASSED    NAC:2209/x8A1 TSBK1 RFSS_STATUS_BCST SYSTEM:2208/x8A0 RFSS:1/x01 SITE:1/x01 LRA:0/x00 CHAN:0-1593 ACTIVE NETWORK CONNECTION SERVICE OPTIONS:[DATA, VOICE, REGISTRATION]
22:43:15  CC             PASSED    NAC:2209/x8A1 TSBK2 NET_STATUS_BCAST WACN:781824/xBEE00 SYSTEM:2208/x8A0 LRA:0/x00 CHAN:0-1593 SERVICES:[DATA, VOICE, REGISTRATION]
22:43:15  CC             PASSED    NAC:2209/x8A1 TSBK3 IDEN_UPDATE ID:4 OFFSET:-39000000 SPACING:12500 BASE:935012500 FDMA BW:12500
22:43:15  CC             PASSED    NAC:2209/x8A1 TSBK1 SNDCP_DCH_ANN_EX CHAN:0-1193/----- AUTONOMOUS/REQUESTED-ACCESS DAC:1 **:0 SERVICE OPTIONS:NSAPI:0 HALF DUPLEX CIRCUIT MODE
22:43:15  T1 857.9875    PASSED    NAC:2209/x8A1 TDULC GROUP VOICE CHANNEL USER FM:0 TO:417 SERVICE OPTIONS:PRI4 ENCRYPTED CIRCUIT
22:43:15  T1 857.9875    PASSED    NAC:2209/x8A1 TDULC GROUP VOICE CHANNEL USER FM:0 TO:417 SERVICE OPTIONS:PRI4 ENCRYPTED CIRCUIT
22:43:15  T1 857.9875    PASSED    NAC:2209/x8A1 TDULC GROUP VOICE CHANNEL USER FM:0 TO:417 SERVICE OPTIONS:PRI4 ENCRYPTED CIRCUIT
22:43:15  T1 857.9875    PASSED    NAC:2209/x8A1 TDULC GROUP VOICE CHANNEL USER FM:0 TO:417 SERVICE OPTIONS:PRI4 ENCRYPTED CIRCUIT
22:43:15  T1 857.9875    PASSED    NAC:2209/x8A1 TDULC GROUP VOICE CHANNEL USER FM:0 TO:417 SERVICE OPTIONS:PRI4 ENCRYPTED CIRCUIT
22:43:15  T1 857.9875    PASSED    NAC:2209/x8A1 TDULC GROUP VOICE CHANNEL USER FM:0 TO:417 SERVICE OPTIONS:PRI4 ENCRYPTED CIRCUIT
22:43:15  T1 857.9875    PASSED    NAC:2209/x8A1 TDULC GROUP VOICE CHANNEL USER FM:0 TO:417 SERVICE OPTIONS:PRI4 ENCRYPTED CIRCUIT
22:43:15  T1 857.9875    PASSED    NAC:2209/x8A1 TDULC GROUP VOICE CHANNEL USER FM:0 TO:417 SERVICE OPTIONS:PRI4 ENCRYPTED CIRCUIT
22:43:15  T1 857.9875    PASSED    NAC:2209/x8A1 TDULC GROUP VOICE CHANNEL USER FM:0 TO:417 SERVICE OPTIONS:PRI4 ENCRYPTED CIRCUIT
22:43:15  T1 857.9875    PASSED    NAC:2209/x8A1 TDULC GROUP VOICE CHANNEL USER FM:0 TO:417 SERVICE OPTIONS:PRI4 ENCRYPTED CIRCUIT
22:43:15  T1 857.9875    PASSED    NAC:2209/x8A1 TDULC GROUP VOICE CHANNEL USER FM:0 TO:417 SERVICE OPTIONS:PRI4 ENCRYPTED CIRCUIT
22:43:15  T1 857.9875    PASSED    NAC:2209/x8A1 TDULC GROUP VOICE CHANNEL USER FM:0 TO:417 SERVICE OPTIONS:PRI4 ENCRYPTED CIRCUIT
22:43:15  T1 857.9875    PASSED    NAC:2209/x8A1 TDULC GROUP VOICE CHANNEL USER FM:0 TO:417 SERVICE OPTIONS:PRI4 ENCRYPTED CIRCUIT
22:43:15  T1 857.9875    PASSED    NAC:2209/x8A1 TDULC GROUP VOICE CHANNEL USER FM:0 TO:417 SERVICE OPTIONS:PRI4 ENCRYPTED CIRCUIT
22:43:15  T1 857.9875    PASSED    NAC:2209/x8A1 TDULC GROUP VOICE CHANNEL USER FM:0 TO:417 SERVICE OPTIONS:PRI4 ENCRYPTED CIRCUIT
22:43:15  T1 857.9875    PASSED    NAC:2209/x8A1 TDULC GROUP VOICE CHANNEL USER FM:0 TO:417 SERVICE OPTIONS:PRI4 ENCRYPTED CIRCUIT
22:43:15  T2 858.4625    PASSED    NAC:2209/x8A1 TDULC RFSS STATUS BROADCAST LRA:0/x00 SYSTEM:2208/x8A0 SITE:1/x01-1/x01 CHAN:0-1593 SERVICE OPTIONS:[DATA, VOICE, REGISTRATION]
22:43:15  T2 858.4625    PASSED    NAC:2209/x8A1 TDULC GROUP VOICE CHANNEL UPDATE TALKGROUP A:417 CHAN A:0-1117
22:43:15  T2 858.4625    PASSED    NAC:2209/x8A1 TDULC RFSS STATUS BROADCAST LRA:0/x00 SYSTEM:2208/x8A0 SITE:1/x01-1/x01 CHAN:0-1593 SERVICE OPTIONS:[DATA, VOICE, REGISTRATION]
22:43:15  T2 858.4625    PASSED    NAC:2209/x8A1 TDULC GROUP VOICE CHANNEL UPDATE TALKGROUP A:417 CHAN A:0-1117
22:43:15  T2 858.4625    PASSED    NAC:2209/x8A1 TDULC RFSS STATUS BROADCAST LRA:0/x00 SYSTEM:2208/x8A0 SITE:1/x01-1/x01 CHAN:0-1593 SERVICE OPTIONS:[DATA, VOICE, REGISTRATION]
22:43:15  T2 858.4625    PASSED    NAC:2209/x8A1 TDULC GROUP VOICE CHANNEL UPDATE TALKGROUP A:417 CHAN A:0-1117
22:43:15  T2 858.4625    PASSED    NAC:2209/x8A1 TDULC RFSS STATUS BROADCAST LRA:0/x00 SYSTEM:2208/x8A0 SITE:1/x01-1/x01 CHAN:0-1593 SERVICE OPTIONS:[DATA, VOICE, REGISTRATION]
22:43:15  T2 858.4625    PASSED    NAC:2209/x8A1 TDULC GROUP VOICE CHANNEL UPDATE TALKGROUP A:417 CHAN A:0-1117
22:43:15  T2 858.4625    PASSED    NAC:2209/x8A1 TDU
22:43:15  T2 858.4625    PASSED    NAC:2209/x8A1 TDU
22:43:15  T2 858.4625    PASSED    NAC:2209/x8A1 TDU
22:43:15  T2 858.4625    PASSED    NAC:2209/x8A1 IPPKT LLID:3406093 NSAPI:1 IP FROM:10.51.1.116 TO:10.71.214.89 UDP PORT FROM:4001 TO:4001 LRRP TRIGGERED LOCATION START REQUEST ID:196607 TRIGGER ON GPIO TRIGGER DISTANCE:2 REQUESTED TOKENS [TIME,REQUEST-64,REQUEST-62,HORIZONTAL DIRECTION,TIMESTAMP,UNRECOGNIZED(10,44,9C)]
22:43:15  T2 858.4625    PASSED    NAC:2209/x8A1 PDU RESPONSE TO:3422017 ALL BLOCKS RECEIVED
22:43:15  T2 858.4625    PASSED    NAC:2209/x8A1 TDU
22:43:15  T2 858.4625    PASSED    NAC:2209/x8A1 TDU
22:43:15  T2 858.4625    PASSED    NAC:2209/x8A1 TDULC RFSS STATUS BROADCAST LRA:0/x00 SYSTEM:2208/x8A0 SITE:1/x01-1/x01 CHAN:0-1593 SERVICE OPTIONS:[DATA, VOICE, REGISTRATION]
22:43:15  T2 858.4625    PASSED    NAC:2209/x8A1 TDULC RFSS STATUS BROADCAST LRA:0/x00 SYSTEM:2208/x8A0 SITE:1/x01-1/x01 CHAN:0-1593 SERVICE OPTIONS:[DATA, VOICE, REGISTRATION]
22:43:15  T2 858.4625    PASSED    NAC:2209/x8A1 TDULC RFSS STATUS BROADCAST LRA:0/x00 SYSTEM:2208/x8A0 SITE:1/x01-1/x01 CHAN:0-1593 SERVICE OPTIONS:[DATA, VOICE, REGISTRATION]
22:43:15  T2 858.4625    PASSED    NAC:2209/x8A1 TDULC RFSS STATUS BROADCAST LRA:0/x00 SYSTEM:2208/x8A0 SITE:1/x01-1/x01 CHAN:0-1593 SERVICE OPTIONS:[DATA, VOICE, REGISTRATION]
22:43:15  T2 858.4625    PASSED    NAC:2209/x8A1 TDULC RFSS STATUS BROADCAST LRA:0/x00 SYSTEM:2208/x8A0 SITE:1/x01-1/x01 CHAN:0-1593 SERVICE OPTIONS:[DATA, VOICE, REGISTRATION]
22:43:15  T2 858.4625    PASSED    NAC:2209/x8A1 TDULC RFSS STATUS BROADCAST LRA:0/x00 SYSTEM:2208/x8A0 SITE:1/x01-1/x01 CHAN:0-1593 SERVICE OPTIONS:[DATA, VOICE, REGISTRATION]
22:43:15  T2 858.4625    PASSED    NAC:2209/x8A1 TDULC RFSS STATUS BROADCAST LRA:0/x00 SYSTEM:2208/x8A0 SITE:1/x01-1/x01 CHAN:0-1593 SERVICE OPTIONS:[DATA, VOICE, REGISTRATION]
22:43:15  T2 858.4625    PASSED    NAC:2209/x8A1 TDULC RFSS STATUS BROADCAST LRA:0/x00 SYSTEM:2208/x8A0 SITE:1/x01-1/x01 CHAN:0-1593 SERVICE OPTIONS:[DATA, VOICE, REGISTRATION]
22:43:16  CC             PASSED    NAC:2209/x8A1 TSBK2 IDEN_UPDATE_TDMA ID:5 OFFSET:-39000000 SPACING:12500 BASE:935012500 TDMA BW:12500 TIMESLOTS:2 VOCODER:HALF_RATE
22:43:16  CC             PASSED    NAC:2209/x8A1 TSBK3 MOTOROLA TDMA DATA CHANNEL NOT ACTIVE MSG:9690423FFFFFFFFF0000306C
22:43:16  CC             PASSED    NAC:2209/x8A1 TSBK1 MOTOROLA TRAFFIC CHANNEL 059040C0C00000000800669F
22:43:16  CC             PASSED    NAC:2209/x8A1 TSBK2 TDMA_SYNC_BCST SYSTEM TIME UNLOCKED: 2026-04-18 21:47:03.375 -0500 LEAP-SECOND CORRECTION:0.0mS MICROSLOT-MINUTE ROLLOVER:SLOW
22:43:16  CC             PASSED    NAC:2209/x8A1 TSBK3 SEC_CCH_BROADCST RFSS:1/x01 SITE:1/x01 CHAN A:0-1277 SERVICE OPTIONS:[BACKUP CONTROL CHANNEL] CHAN B:0-1509 SERVICE OPTIONS:[BACKUP CONTROL CHANNEL]
22:43:16  CC             PASSED    NAC:2209/x8A1 TSBK1 MOTOROLA SYSTEM LOADING MOTOROLA MSG:09900DC000000000000016CC
22:43:16  CC             PASSED    NAC:2209/x8A1 TSBK2 IDEN_UPDATE ID:0 OFFSET:-45000000 SPACING:6250 BASE:851006250 FDMA BW:12500
22:43:16  CC             PASSED    NAC:2209/x8A1 TSBK3 CCH BASE STAT ID CHAN:0-1593 CWID:
22:43:16  CC             PASSED    NAC:2209/x8A1 TSBK1 RFSS_STATUS_BCST SYSTEM:2208/x8A0 RFSS:1/x01 SITE:1/x01 LRA:0/x00 CHAN:0-1593 ACTIVE NETWORK CONNECTION SERVICE OPTIONS:[DATA, VOICE, REGISTRATION]
22:43:16  CC             PASSED    NAC:2209/x8A1 TSBK2 NET_STATUS_BCAST WACN:781824/xBEE00 SYSTEM:2208/x8A0 LRA:0/x00 CHAN:0-1593 SERVICES:[DATA, VOICE, REGISTRATION]
22:43:16  CC             PASSED    NAC:2209/x8A1 TSBK3 IDEN_UPDATE ID:1 OFFSET:30000000 SPACING:6250 BASE:762006250 FDMA BW:12500
22:43:16  CC             PASSED    NAC:2209/x8A1 TSBK1 SNDCP_DCH_ANN_EX CHAN:0-1193/----- AUTONOMOUS/REQUESTED-ACCESS DAC:1 **:0 SERVICE OPTIONS:NSAPI:0 HALF DUPLEX CIRCUIT MODE
22:43:16  CC             PASSED    NAC:2209/x8A1 TSBK2 IDEN_UPDATE_TDMA ID:2 OFFSET:-45000000 SPACING:12500 BASE:851012500 TDMA BW:12500 TIMESLOTS:2 VOCODER:HALF_RATE
22:43:16  CC             PASSED    NAC:2209/x8A1 TSBK3 MOTOROLA TDMA DATA CHANNEL NOT ACTIVE MSG:9690423FFFFFFFFF0000306C
22:43:16  CC             PASSED    NAC:2209/x8A1 TSBK1 MOTOROLA TRAFFIC CHANNEL 059040C0C00000000800669F
22:43:16  CC             PASSED    NAC:2209/x8A1 TSBK2 TDMA_SYNC_BCST SYSTEM TIME UNLOCKED: 2026-04-18 21:47:03.675 -0500 LEAP-SECOND CORRECTION:0.0mS MICROSLOT-MINUTE ROLLOVER:SLOW
22:43:16  CC             PASSED    NAC:2209/x8A1 TSBK3 SEC_CCH_BROADCST RFSS:1/x01 SITE:1/x01 CHAN A:0-1509 SERVICE OPTIONS:[BACKUP CONTROL CHANNEL] CHAN B:0-1349 SERVICE OPTIONS:[BACKUP CONTROL CHANNEL]
22:43:16  CC             PASSED    NAC:2209/x8A1 TSBK1 MOTOROLA SYSTEM LOADING MOTOROLA MSG:09900F00000000000000EF7F
22:43:16  CC             PASSED    NAC:2209/x8A1 TSBK2 IDEN_UPDATE_TDMA ID:3 OFFSET:30000000 SPACING:12500 BASE:762006250 TDMA BW:12500 TIMESLOTS:2 VOCODER:HALF_RATE
22:43:16  CC             PASSED    NAC:2209/x8A1 TSBK3 RFSS_STATUS_BCST SYSTEM:2208/x8A0 RFSS:1/x01 SITE:1/x01 LRA:0/x00 CHAN:0-1593 ACTIVE NETWORK CONNECTION SERVICE OPTIONS:[DATA, VOICE, REGISTRATION]
22:43:16  CC             PASSED    NAC:2209/x8A1 TSBK1 NET_STATUS_BCAST WACN:781824/xBEE00 SYSTEM:2208/x8A0 LRA:0/x00 CHAN:0-1593 SERVICES:[DATA, VOICE, REGISTRATION]
22:43:16  CC             PASSED    NAC:2209/x8A1 TSBK2 IDEN_UPDATE ID:4 OFFSET:-39000000 SPACING:12500 BASE:935012500 FDMA BW:12500
22:43:16  CC             PASSED    NAC:2209/x8A1 TSBK3 SNDCP_DCH_ANN_EX CHAN:0-1193/----- AUTONOMOUS/REQUESTED-ACCESS DAC:1 **:0 SERVICE OPTIONS:NSAPI:0 HALF DUPLEX CIRCUIT MODE
22:43:16  CC             PASSED    NAC:2209/x8A1 TSBK1 IDEN_UPDATE_TDMA ID:5 OFFSET:-39000000 SPACING:12500 BASE:935012500 TDMA BW:12500 TIMESLOTS:2 VOCODER:HALF_RATE
22:43:16  CC             PASSED    NAC:2209/x8A1 TSBK2 MOTOROLA TDMA DATA CHANNEL NOT ACTIVE MSG:1690423FFFFFFFFF0000D458
22:43:16  CC             PASSED    NAC:2209/x8A1 TSBK3 MOTOROLA TRAFFIC CHANNEL 859040C0C0000000080082AB
22:43:16  CC             PASSED    NAC:2209/x8A1 TSBK1 TDMA_SYNC_BCST SYSTEM TIME UNLOCKED: 2026-04-18 21:47:03.975 -0500 LEAP-SECOND CORRECTION:0.0mS MICROSLOT-MINUTE ROLLOVER:SLOW
22:43:16  CC             PASSED    NAC:2209/x8A1 TSBK2 SEC_CCH_BROADCST RFSS:1/x01 SITE:1/x01 CHAN A:0-1349 SERVICE OPTIONS:[BACKUP CONTROL CHANNEL] CHAN B:0-1277 SERVICE OPTIONS:[BACKUP CONTROL CHANNEL]
22:43:16  CC             PASSED    NAC:2209/x8A1 TSBK3 MOTOROLA SYSTEM LOADING MOTOROLA MSG:89900DC0000000000000F2F8
22:43:16  CC             PASSED    NAC:2209/x8A1 TSBK1 CCH BASE STAT ID CHAN:0-1593 CWID:
22:43:16  CC             PASSED    NAC:2209/x8A1 TSBK2 IDEN_UPDATE ID:0 OFFSET:-45000000 SPACING:6250 BASE:851006250 FDMA BW:12500
22:43:16  CC             PASSED    NAC:2209/x8A1 TSBK3 RFSS_STATUS_BCST SYSTEM:2208/x8A0 RFSS:1/x01 SITE:1/x01 LRA:0/x00 CHAN:0-1593 ACTIVE NETWORK CONNECTION SERVICE OPTIONS:[DATA, VOICE, REGISTRATION]
22:43:16  CC             PASSED    NAC:2209/x8A1 TSBK1 NET_STATUS_BCAST WACN:781824/xBEE00 SYSTEM:2208/x8A0 LRA:0/x00 CHAN:0-1593 SERVICES:[DATA, VOICE, REGISTRATION]
22:43:16  CC             PASSED    NAC:2209/x8A1 TSBK2 IDEN_UPDATE ID:1 OFFSET:30000000 SPACING:6250 BASE:762006250 FDMA BW:12500
22:43:16  CC             PASSED    NAC:2209/x8A1 TSBK3 SNDCP_DCH_ANN_EX CHAN:0-1193/----- AUTONOMOUS/REQUESTED-ACCESS DAC:1 **:0 SERVICE OPTIONS:NSAPI:0 HALF DUPLEX CIRCUIT MODE
22:43:16  CC             PASSED    NAC:2209/x8A1 TSBK1 IDEN_UPDATE_TDMA ID:2 OFFSET:-45000000 SPACING:12500 BASE:851012500 TDMA BW:12500 TIMESLOTS:2 VOCODER:HALF_RATE
22:43:16  CC             PASSED    NAC:2209/x8A1 TSBK2 MOTOROLA TDMA DATA CHANNEL NOT ACTIVE MSG:1690423FFFFFFFFF0000D458
22:43:16  CC             PASSED    NAC:2209/x8A1 TSBK3 MOTOROLA TRAFFIC CHANNEL 859040C0C0000000080082AB
22:43:16  CC             PASSED    NAC:2209/x8A1 TSBK1 TDMA_SYNC_BCST SYSTEM TIME UNLOCKED: 2026-04-18 21:47:04.275 -0500 LEAP-SECOND CORRECTION:0.0mS MICROSLOT-MINUTE ROLLOVER:SLOW
22:43:16  CC             PASSED    NAC:2209/x8A1 TSBK2 SEC_CCH_BROADCST RFSS:1/x01 SITE:1/x01 CHAN A:0-1277 SERVICE OPTIONS:[BACKUP CONTROL CHANNEL] CHAN B:0-1509 SERVICE OPTIONS:[BACKUP CONTROL CHANNEL]
22:43:16  CC             PASSED    NAC:2209/x8A1 TSBK3 MOTOROLA SYSTEM LOADING MOTOROLA MSG:89900F000000000000000B4B
22:43:16  T2 858.4625    PASSED    NAC:2209/x8A1 TDULC RFSS STATUS BROADCAST LRA:0/x00 SYSTEM:2208/x8A0 SITE:1/x01-1/x01 CHAN:0-1593 SERVICE OPTIONS:[DATA, VOICE, REGISTRATION]
22:43:16  T2 858.4625    PASSED    NAC:2209/x8A1 TDULC RFSS STATUS BROADCAST LRA:0/x00 SYSTEM:2208/x8A0 SITE:1/x01-1/x01 CHAN:0-1593 SERVICE OPTIONS:[DATA, VOICE, REGISTRATION]
22:43:16  T2 858.4625    PASSED    NAC:2209/x8A1 TDULC RFSS STATUS BROADCAST LRA:0/x00 SYSTEM:2208/x8A0 SITE:1/x01-1/x01 CHAN:0-1593 SERVICE OPTIONS:[DATA, VOICE, REGISTRATION]
22:43:16  T2 858.4625    PASSED    NAC:2209/x8A1 TDULC RFSS STATUS BROADCAST LRA:0/x00 SYSTEM:2208/x8A0 SITE:1/x01-1/x01 CHAN:0-1593 SERVICE OPTIONS:[DATA, VOICE, REGISTRATION]
22:43:16  T2 858.4625    PASSED    NAC:2209/x8A1 TDULC RFSS STATUS BROADCAST LRA:0/x00 SYSTEM:2208/x8A0 SITE:1/x01-1/x01 CHAN:0-1593 SERVICE OPTIONS:[DATA, VOICE, REGISTRATION]
22:43:16  T2 858.4625    PASSED    NAC:2209/x8A1 TDULC RFSS STATUS BROADCAST LRA:0/x00 SYSTEM:2208/x8A0 SITE:1/x01-1/x01 CHAN:0-1593 SERVICE OPTIONS:[DATA, VOICE, REGISTRATION]
22:43:16  T2 858.4625    PASSED    NAC:2209/x8A1 TDULC RFSS STATUS BROADCAST LRA:0/x00 SYSTEM:2208/x8A0 SITE:1/x01-1/x01 CHAN:0-1593 SERVICE OPTIONS:[DATA, VOICE, REGISTRATION]
22:43:16  T2 858.4625    PASSED    NAC:2209/x8A1 TDULC RFSS STATUS BROADCAST LRA:0/x00 SYSTEM:2208/x8A0 SITE:1/x01-1/x01 CHAN:0-1593 SERVICE OPTIONS:[DATA, VOICE, REGISTRATION]
22:43:16  T2 858.4625    PASSED    NAC:2209/x8A1 TDULC RFSS STATUS BROADCAST LRA:0/x00 SYSTEM:2208/x8A0 SITE:1/x01-1/x01 CHAN:0-1593 SERVICE OPTIONS:[DATA, VOICE, REGISTRATION]
22:43:16  T2 858.4625    PASSED    NAC:2209/x8A1 TDULC RFSS STATUS BROADCAST LRA:0/x00 SYSTEM:2208/x8A0 SITE:1/x01-1/x01 CHAN:0-1593 SERVICE OPTIONS:[DATA, VOICE, REGISTRATION]
22:43:16  T2 858.4625    PASSED    NAC:2209/x8A1 TDULC RFSS STATUS BROADCAST LRA:0/x00 SYSTEM:2208/x8A0 SITE:1/x01-1/x01 CHAN:0-1593 SERVICE OPTIONS:[DATA, VOICE, REGISTRATION]
22:43:16  T2 858.4625    PASSED    NAC:2209/x8A1 TDULC RFSS STATUS BROADCAST LRA:0/x00 SYSTEM:2208/x8A0 SITE:1/x01-1/x01 CHAN:0-1593 SERVICE OPTIONS:[DATA, VOICE, REGISTRATION]
22:43:16  T2 858.4625    PASSED    NAC:2209/x8A1 TDULC RFSS STATUS BROADCAST LRA:0/x00 SYSTEM:2208/x8A0 SITE:1/x01-1/x01 CHAN:0-1593 SERVICE OPTIONS:[DATA, VOICE, REGISTRATION]
22:43:16  T2 858.4625    PASSED    NAC:2209/x8A1 TDULC RFSS STATUS BROADCAST LRA:0/x00 SYSTEM:2208/x8A0 SITE:1/x01-1/x01 CHAN:0-1593 SERVICE OPTIONS:[DATA, VOICE, REGISTRATION]
22:43:16  T2 858.4625    PASSED    NAC:2209/x8A1 TDULC RFSS STATUS BROADCAST LRA:0/x00 SYSTEM:2208/x8A0 SITE:1/x01-1/x01 CHAN:0-1593 SERVICE OPTIONS:[DATA, VOICE, REGISTRATION]
22:43:16  T2 858.4625    PASSED    NAC:2209/x8A1 TDULC RFSS STATUS BROADCAST LRA:0/x00 SYSTEM:2208/x8A0 SITE:1/x01-1/x01 CHAN:0-1593 SERVICE OPTIONS:[DATA, VOICE, REGISTRATION]
22:43:16  T2 858.4625    PASSED    NAC:2209/x8A1 TDULC RFSS STATUS BROADCAST LRA:0/x00 SYSTEM:2208/x8A0 SITE:1/x01-1/x01 CHAN:0-1593 SERVICE OPTIONS:[DATA, VOICE, REGISTRATION]
22:43:16  T2 858.4625    PASSED    NAC:2209/x8A1 TDULC RFSS STATUS BROADCAST LRA:0/x00 SYSTEM:2208/x8A0 SITE:1/x01-1/x01 CHAN:0-1593 SERVICE OPTIONS:[DATA, VOICE, REGISTRATION]
22:43:16  T2 858.4625    PASSED    NAC:2209/x8A1 TDULC RFSS STATUS BROADCAST LRA:0/x00 SYSTEM:2208/x8A0 SITE:1/x01-1/x01 CHAN:0-1593 SERVICE OPTIONS:[DATA, VOICE, REGISTRATION]
22:43:16  T2 858.4625    PASSED    NAC:2209/x8A1 TDULC RFSS STATUS BROADCAST LRA:0/x00 SYSTEM:2208/x8A0 SITE:1/x01-1/x01 CHAN:0-1593 SERVICE OPTIONS:[DATA, VOICE, REGISTRATION]
22:43:16  T2 858.4625    PASSED    NAC:2209/x8A1 TDULC RFSS STATUS BROADCAST LRA:0/x00 SYSTEM:2208/x8A0 SITE:1/x01-1/x01 CHAN:0-1593 SERVICE OPTIONS:[DATA, VOICE, REGISTRATION]
22:43:16  T2 858.4625    PASSED    NAC:2209/x8A1 TDULC RFSS STATUS BROADCAST LRA:0/x00 SYSTEM:2208/x8A0 SITE:1/x01-1/x01 CHAN:0-1593 SERVICE OPTIONS:[DATA, VOICE, REGISTRATION]
22:43:16  T2 858.4625    PASSED    NAC:2209/x8A1 TDULC RFSS STATUS BROADCAST LRA:0/x00 SYSTEM:2208/x8A0 SITE:1/x01-1/x01 CHAN:0-1593 SERVICE OPTIONS:[DATA, VOICE, REGISTRATION]
22:43:17  CC             PASSED    NAC:2209/x8A1 TSBK1 IDEN_UPDATE_TDMA ID:3 OFFSET:30000000 SPACING:12500 BASE:762006250 TDMA BW:12500 TIMESLOTS:2 VOCODER:HALF_RATE
22:43:17  CC             PASSED    NAC:2209/x8A1 TSBK2 RFSS_STATUS_BCST SYSTEM:2208/x8A0 RFSS:1/x01 SITE:1/x01 LRA:0/x00 CHAN:0-1593 ACTIVE NETWORK CONNECTION SERVICE OPTIONS:[DATA, VOICE, REGISTRATION]
22:43:17  CC             PASSED    NAC:2209/x8A1 TSBK3 NET_STATUS_BCAST WACN:781824/xBEE00 SYSTEM:2208/x8A0 LRA:0/x00 CHAN:0-1593 SERVICES:[DATA, VOICE, REGISTRATION]
22:43:17  CC             PASSED    NAC:2209/x8A1 TSBK1 IDEN_UPDATE ID:4 OFFSET:-39000000 SPACING:12500 BASE:935012500 FDMA BW:12500
22:43:17  CC             PASSED    NAC:2209/x8A1 TSBK2 SNDCP_DCH_ANN_EX CHAN:0-1193/----- AUTONOMOUS/REQUESTED-ACCESS DAC:1 **:0 SERVICE OPTIONS:NSAPI:0 HALF DUPLEX CIRCUIT MODE
22:43:17  CC             PASSED    NAC:2209/x8A1 TSBK3 IDEN_UPDATE_TDMA ID:5 OFFSET:-39000000 SPACING:12500 BASE:935012500 TDMA BW:12500 TIMESLOTS:2 VOCODER:HALF_RATE
22:43:17  CC             PASSED    NAC:2209/x8A1 TSBK1 MOTOROLA TDMA DATA CHANNEL NOT ACTIVE MSG:1690423FFFFFFFFF0000D458
22:43:17  CC             PASSED    NAC:2209/x8A1 TSBK2 MOTOROLA TRAFFIC CHANNEL 059040C0C00000000800669F
22:43:17  CC             PASSED    NAC:2209/x8A1 TSBK3 TDMA_SYNC_BCST SYSTEM TIME UNLOCKED: 2026-04-18 21:47:04.500 -0500 LEAP-SECOND CORRECTION:0.0mS MICROSLOT-MINUTE ROLLOVER:SLOW
22:43:17  CC             PASSED    NAC:2209/x8A1 TSBK1 SEC_CCH_BROADCST RFSS:1/x01 SITE:1/x01 CHAN A:0-1509 SERVICE OPTIONS:[BACKUP CONTROL CHANNEL] CHAN B:0-1349 SERVICE OPTIONS:[BACKUP CONTROL CHANNEL]
22:43:17  CC             PASSED    NAC:2209/x8A1 TSBK2 CCH BASE STAT ID CHAN:0-1593 CWID:
22:43:17  CC             PASSED    NAC:2209/x8A1 TSBK3 MOTOROLA SYSTEM LOADING MOTOROLA MSG:89900F000000000000000B4B
22:43:17  CC             PASSED    NAC:2209/x8A1 TSBK1 IDEN_UPDATE ID:0 OFFSET:-45000000 SPACING:6250 BASE:851006250 FDMA BW:12500
22:43:17  CC             PASSED    NAC:2209/x8A1 TSBK2 RFSS_STATUS_BCST SYSTEM:2208/x8A0 RFSS:1/x01 SITE:1/x01 LRA:0/x00 CHAN:0-1593 ACTIVE NETWORK CONNECTION SERVICE OPTIONS:[DATA, VOICE, REGISTRATION]
22:43:17  CC             PASSED    NAC:2209/x8A1 TSBK3 NET_STATUS_BCAST WACN:781824/xBEE00 SYSTEM:2208/x8A0 LRA:0/x00 CHAN:0-1593 SERVICES:[DATA, VOICE, REGISTRATION]
22:43:17  CC             PASSED    NAC:2209/x8A1 TSBK1 IDEN_UPDATE ID:1 OFFSET:30000000 SPACING:6250 BASE:762006250 FDMA BW:12500
22:43:17  CC             PASSED    NAC:2209/x8A1 TSBK2 SNDCP_DCH_ANN_EX CHAN:0-1193/----- AUTONOMOUS/REQUESTED-ACCESS DAC:1 **:0 SERVICE OPTIONS:NSAPI:0 HALF DUPLEX CIRCUIT MODE
22:43:17  CC             PASSED    NAC:2209/x8A1 TSBK3 IDEN_UPDATE_TDMA ID:2 OFFSET:-45000000 SPACING:12500 BASE:851012500 TDMA BW:12500 TIMESLOTS:2 VOCODER:HALF_RATE
22:43:17  CC             PASSED    NAC:2209/x8A1 TSBK1 MOTOROLA TDMA DATA CHANNEL NOT ACTIVE MSG:1690423FFFFFFFFF0000D458
22:43:17  CC             PASSED    NAC:2209/x8A1 TSBK2 MOTOROLA TRAFFIC CHANNEL 059040C0C00000000800669F
22:43:17  CC             PASSED    NAC:2209/x8A1 TSBK3 TDMA_SYNC_BCST SYSTEM TIME UNLOCKED: 2026-04-18 21:47:04.800 -0500 LEAP-SECOND CORRECTION:0.0mS MICROSLOT-MINUTE ROLLOVER:SLOW
22:43:17  CC             PASSED    NAC:2209/x8A1 TSBK1 SEC_CCH_BROADCST RFSS:1/x01 SITE:1/x01 CHAN A:0-1349 SERVICE OPTIONS:[BACKUP CONTROL CHANNEL] CHAN B:0-1277 SERVICE OPTIONS:[BACKUP CONTROL CHANNEL]
22:43:17  CC             PASSED    NAC:2209/x8A1 TSBK2 MOTOROLA SYSTEM LOADING MOTOROLA MSG:09900DC000000000000016CC
22:43:17  CC             PASSED    NAC:2209/x8A1 TSBK3 IDEN_UPDATE_TDMA ID:3 OFFSET:30000000 SPACING:12500 BASE:762006250 TDMA BW:12500 TIMESLOTS:2 VOCODER:HALF_RATE
22:43:17  CC             PASSED    NAC:2209/x8A1 TSBK1 RFSS_STATUS_BCST SYSTEM:2208/x8A0 RFSS:1/x01 SITE:1/x01 LRA:0/x00 CHAN:0-1593 ACTIVE NETWORK CONNECTION SERVICE OPTIONS:[DATA, VOICE, REGISTRATION]
22:43:17  CC             PASSED    NAC:2209/x8A1 TSBK2 NET_STATUS_BCAST WACN:781824/xBEE00 SYSTEM:2208/x8A0 LRA:0/x00 CHAN:0-1593 SERVICES:[DATA, VOICE, REGISTRATION]
22:43:17  CC             PASSED    NAC:2209/x8A1 TSBK3 IDEN_UPDATE ID:4 OFFSET:-39000000 SPACING:12500 BASE:935012500 FDMA BW:12500
22:43:17  CC             PASSED    NAC:2209/x8A1 TSBK1 SNDCP_DCH_ANN_EX CHAN:0-1193/----- AUTONOMOUS/REQUESTED-ACCESS DAC:1 **:0 SERVICE OPTIONS:NSAPI:0 HALF DUPLEX CIRCUIT MODE
22:43:17  CC             PASSED    NAC:2209/x8A1 TSBK2 IDEN_UPDATE_TDMA ID:5 OFFSET:-39000000 SPACING:12500 BASE:935012500 TDMA BW:12500 TIMESLOTS:2 VOCODER:HALF_RATE
22:43:17  CC             PASSED    NAC:2209/x8A1 TSBK3 MOTOROLA TDMA DATA CHANNEL NOT ACTIVE MSG:9690423FFFFFFFFF0000306C
22:43:17  CC             PASSED    NAC:2209/x8A1 TSBK1 MOTOROLA TRAFFIC CHANNEL 059040C0C00000000800669F
22:43:17  CC             PASSED    NAC:2209/x8A1 TSBK2 TDMA_SYNC_BCST SYSTEM TIME UNLOCKED: 2026-04-18 21:47:05.100 -0500 LEAP-SECOND CORRECTION:0.0mS MICROSLOT-MINUTE ROLLOVER:SLOW
22:43:17  CC             PASSED    NAC:2209/x8A1 TSBK3 CCH BASE STAT ID CHAN:0-1593 CWID:
22:43:17  CC             PASSED    NAC:2209/x8A1 TSBK1 SEC_CCH_BROADCST RFSS:1/x01 SITE:1/x01 CHAN A:0-1277 SERVICE OPTIONS:[BACKUP CONTROL CHANNEL] CHAN B:0-1509 SERVICE OPTIONS:[BACKUP CONTROL CHANNEL]
22:43:17  CC             PASSED    NAC:2209/x8A1 TSBK2 MOTOROLA SYSTEM LOADING MOTOROLA MSG:09900F00000000000000EF7F
22:43:17  CC             PASSED    NAC:2209/x8A1 TSBK3 IDEN_UPDATE ID:0 OFFSET:-45000000 SPACING:6250 BASE:851006250 FDMA BW:12500
22:43:17  CC             PASSED    NAC:2209/x8A1 TSBK1 RFSS_STATUS_BCST SYSTEM:2208/x8A0 RFSS:1/x01 SITE:1/x01 LRA:0/x00 CHAN:0-1593 ACTIVE NETWORK CONNECTION SERVICE OPTIONS:[DATA, VOICE, REGISTRATION]
22:43:17  CC             PASSED    NAC:2209/x8A1 TSBK2 NET_STATUS_BCAST WACN:781824/xBEE00 SYSTEM:2208/x8A0 LRA:0/x00 CHAN:0-1593 SERVICES:[DATA, VOICE, REGISTRATION]
22:43:17  CC             PASSED    NAC:2209/x8A1 TSBK3 IDEN_UPDATE ID:1 OFFSET:30000000 SPACING:6250 BASE:762006250 FDMA BW:12500
22:43:17  CC             PASSED    NAC:2209/x8A1 TSBK1 SNDCP_DCH_ANN_EX CHAN:0-1193/----- AUTONOMOUS/REQUESTED-ACCESS DAC:1 **:0 SERVICE OPTIONS:NSAPI:0 HALF DUPLEX CIRCUIT MODE
22:43:17  T2 858.4625    PASSED    NAC:2209/x8A1 TDULC RFSS STATUS BROADCAST LRA:0/x00 SYSTEM:2208/x8A0 SITE:1/x01-1/x01 CHAN:0-1593 SERVICE OPTIONS:[DATA, VOICE, REGISTRATION]
22:43:17  T2 858.4625    PASSED    NAC:2209/x8A1 TDULC RFSS STATUS BROADCAST LRA:0/x00 SYSTEM:2208/x8A0 SITE:1/x01-1/x01 CHAN:0-1593 SERVICE OPTIONS:[DATA, VOICE, REGISTRATION]
22:43:17  T2 858.4625    PASSED    NAC:2209/x8A1 TDULC RFSS STATUS BROADCAST LRA:0/x00 SYSTEM:2208/x8A0 SITE:1/x01-1/x01 CHAN:0-1593 SERVICE OPTIONS:[DATA, VOICE, REGISTRATION]
22:43:17  T2 858.4625    PASSED    NAC:2209/x8A1 TDULC RFSS STATUS BROADCAST LRA:0/x00 SYSTEM:2208/x8A0 SITE:1/x01-1/x01 CHAN:0-1593 SERVICE OPTIONS:[DATA, VOICE, REGISTRATION]
22:43:17  T2 858.4625    PASSED    NAC:2209/x8A1 TDULC RFSS STATUS BROADCAST LRA:0/x00 SYSTEM:2208/x8A0 SITE:1/x01-1/x01 CHAN:0-1593 SERVICE OPTIONS:[DATA, VOICE, REGISTRATION]
22:43:17  T2 858.4625    PASSED    NAC:2209/x8A1 TDULC RFSS STATUS BROADCAST LRA:0/x00 SYSTEM:2208/x8A0 SITE:1/x01-1/x01 CHAN:0-1593 SERVICE OPTIONS:[DATA, VOICE, REGISTRATION]
22:43:17  T2 858.4625    PASSED    NAC:2209/x8A1 TDULC RFSS STATUS BROADCAST LRA:0/x00 SYSTEM:2208/x8A0 SITE:1/x01-1/x01 CHAN:0-1593 SERVICE OPTIONS:[DATA, VOICE, REGISTRATION]
22:43:17  T2 858.4625    PASSED    NAC:2209/x8A1 TDULC RFSS STATUS BROADCAST LRA:0/x00 SYSTEM:2208/x8A0 SITE:1/x01-1/x01 CHAN:0-1593 SERVICE OPTIONS:[DATA, VOICE, REGISTRATION]
22:43:17  T2 858.4625    PASSED    NAC:2209/x8A1 TDULC RFSS STATUS BROADCAST LRA:0/x00 SYSTEM:2208/x8A0 SITE:1/x01-1/x01 CHAN:0-1593 SERVICE OPTIONS:[DATA, VOICE, REGISTRATION]
22:43:17  T2 858.4625    PASSED    NAC:2209/x8A1 TDULC RFSS STATUS BROADCAST LRA:0/x00 SYSTEM:2208/x8A0 SITE:1/x01-1/x01 CHAN:0-1593 SERVICE OPTIONS:[DATA, VOICE, REGISTRATION]
22:43:17  T2 858.4625    PASSED    NAC:2209/x8A1 TDULC RFSS STATUS BROADCAST LRA:0/x00 SYSTEM:2208/x8A0 SITE:1/x01-1/x01 CHAN:0-1593 SERVICE OPTIONS:[DATA, VOICE, REGISTRATION]
22:43:17  T2 858.4625    PASSED    NAC:2209/x8A1 TDULC RFSS STATUS BROADCAST LRA:0/x00 SYSTEM:2208/x8A0 SITE:1/x01-1/x01 CHAN:0-1593 SERVICE OPTIONS:[DATA, VOICE, REGISTRATION]
22:43:17  T2 858.4625    PASSED    NAC:2209/x8A1 TDULC RFSS STATUS BROADCAST LRA:0/x00 SYSTEM:2208/x8A0 SITE:1/x01-1/x01 CHAN:0-1593 SERVICE OPTIONS:[DATA, VOICE, REGISTRATION]
22:43:17  T2 858.4625    PASSED    NAC:2209/x8A1 TDULC RFSS STATUS BROADCAST LRA:0/x00 SYSTEM:2208/x8A0 SITE:1/x01-1/x01 CHAN:0-1593 SERVICE OPTIONS:[DATA, VOICE, REGISTRATION]
22:43:17  T2 858.4625    PASSED    NAC:2209/x8A1 TDULC RFSS STATUS BROADCAST LRA:0/x00 SYSTEM:2208/x8A0 SITE:1/x01-1/x01 CHAN:0-1593 SERVICE OPTIONS:[DATA, VOICE, REGISTRATION]
22:43:17  T2 858.4625    PASSED    NAC:2209/x8A1 TDULC RFSS STATUS BROADCAST LRA:0/x00 SYSTEM:2208/x8A0 SITE:1/x01-1/x01 CHAN:0-1593 SERVICE OPTIONS:[DATA, VOICE, REGISTRATION]
22:43:17  T2 858.4625    PASSED    NAC:2209/x8A1 TDULC RFSS STATUS BROADCAST LRA:0/x00 SYSTEM:2208/x8A0 SITE:1/x01-1/x01 CHAN:0-1593 SERVICE OPTIONS:[DATA, VOICE, REGISTRATION]
22:43:17  T2 858.4625    PASSED    NAC:2209/x8A1 TDULC RFSS STATUS BROADCAST LRA:0/x00 SYSTEM:2208/x8A0 SITE:1/x01-1/x01 CHAN:0-1593 SERVICE OPTIONS:[DATA, VOICE, REGISTRATION]
22:43:17  T2 858.4625    PASSED    NAC:2209/x8A1 TDULC RFSS STATUS BROADCAST LRA:0/x00 SYSTEM:2208/x8A0 SITE:1/x01-1/x01 CHAN:0-1593 SERVICE OPTIONS:[DATA, VOICE, REGISTRATION]
22:43:17  T2 858.4625    PASSED    NAC:2209/x8A1 TDULC RFSS STATUS BROADCAST LRA:0/x00 SYSTEM:2208/x8A0 SITE:1/x01-1/x01 CHAN:0-1593 SERVICE OPTIONS:[DATA, VOICE, REGISTRATION]
22:43:17  T2 858.4625    PASSED    NAC:2209/x8A1 TDU
22:43:17  T2 858.4625    PASSED    NAC:2209/x8A1 TDU
22:43:17  T2 858.4625    PASSED    NAC:2209/x8A1 TDU
22:43:17  T2 858.4625    PASSED    NAC:2209/x8A1 TDULC CALL TERMINATION BY:3412051
22:43:18  CC             PASSED    NAC:2209/x8A1 TSBK2 IDEN_UPDATE_TDMA ID:2 OFFSET:-45000000 SPACING:12500 BASE:851012500 TDMA BW:12500 TIMESLOTS:2 VOCODER:HALF_RATE
22:43:18  CC             PASSED    NAC:2209/x8A1 TSBK3 MOTOROLA TDMA DATA CHANNEL NOT ACTIVE MSG:9690423FFFFFFFFF0000306C
22:43:18  CC             PASSED    NAC:2209/x8A1 TSBK1 MOTOROLA TRAFFIC CHANNEL 059040C0C00000000800669F
22:43:18  CC             PASSED    NAC:2209/x8A1 TSBK2 TDMA_SYNC_BCST SYSTEM TIME UNLOCKED: 2026-04-18 21:47:05.400 -0500 LEAP-SECOND CORRECTION:0.0mS MICROSLOT-MINUTE ROLLOVER:SLOW
22:43:18  CC             PASSED    NAC:2209/x8A1 TSBK3 SEC_CCH_BROADCST RFSS:1/x01 SITE:1/x01 CHAN A:0-1509 SERVICE OPTIONS:[BACKUP CONTROL CHANNEL] CHAN B:0-1349 SERVICE OPTIONS:[BACKUP CONTROL CHANNEL]
22:43:18  CC             PASSED    NAC:2209/x8A1 TSBK1 MOTOROLA SYSTEM LOADING MOTOROLA MSG:09900DC000000000000016CC
22:43:18  CC             PASSED    NAC:2209/x8A1 TSBK2 IDEN_UPDATE_TDMA ID:3 OFFSET:30000000 SPACING:12500 BASE:762006250 TDMA BW:12500 TIMESLOTS:2 VOCODER:HALF_RATE
22:43:18  CC             PASSED    NAC:2209/x8A1 TSBK3 RFSS_STATUS_BCST SYSTEM:2208/x8A0 RFSS:1/x01 SITE:1/x01 LRA:0/x00 CHAN:0-1593 ACTIVE NETWORK CONNECTION SERVICE OPTIONS:[DATA, VOICE, REGISTRATION]
22:43:18  CC             PASSED    NAC:2209/x8A1 TSBK1 NET_STATUS_BCAST WACN:781824/xBEE00 SYSTEM:2208/x8A0 LRA:0/x00 CHAN:0-1593 SERVICES:[DATA, VOICE, REGISTRATION]
22:43:18  CC             PASSED    NAC:2209/x8A1 TSBK2 IDEN_UPDATE ID:4 OFFSET:-39000000 SPACING:12500 BASE:935012500 FDMA BW:12500
22:43:18  CC             PASSED    NAC:2209/x8A1 TSBK3 SNDCP_DCH_ANN_EX CHAN:0-1193/----- AUTONOMOUS/REQUESTED-ACCESS DAC:1 **:0 SERVICE OPTIONS:NSAPI:0 HALF DUPLEX CIRCUIT MODE
22:43:18  CC             PASSED    NAC:2209/x8A1 TSBK1 IDEN_UPDATE_TDMA ID:5 OFFSET:-39000000 SPACING:12500 BASE:935012500 TDMA BW:12500 TIMESLOTS:2 VOCODER:HALF_RATE
22:43:18  CC             PASSED    NAC:2209/x8A1 TSBK2 MOTOROLA TDMA DATA CHANNEL NOT ACTIVE MSG:1690423FFFFFFFFF0000D458
22:43:18  CC             PASSED    NAC:2209/x8A1 TSBK3 MOTOROLA TRAFFIC CHANNEL 859040C0C0000000080082AB
22:43:18  CC             PASSED    NAC:2209/x8A1 TSBK1 CCH BASE STAT ID CHAN:0-1593 CWID:
22:43:18  CC             PASSED    NAC:2209/x8A1 TSBK2 TDMA_SYNC_BCST SYSTEM TIME UNLOCKED: 2026-04-18 21:47:05.700 -0500 LEAP-SECOND CORRECTION:0.0mS MICROSLOT-MINUTE ROLLOVER:SLOW
22:43:18  CC             PASSED    NAC:2209/x8A1 TSBK3 SEC_CCH_BROADCST RFSS:1/x01 SITE:1/x01 CHAN A:0-1349 SERVICE OPTIONS:[BACKUP CONTROL CHANNEL] CHAN B:0-1277 SERVICE OPTIONS:[BACKUP CONTROL CHANNEL]
22:43:18  CC             PASSED    NAC:2209/x8A1 TSBK1 MOTOROLA SYSTEM LOADING MOTOROLA MSG:09900F00000000000000EF7F
22:43:18  CC             PASSED    NAC:2209/x8A1 TSBK2 IDEN_UPDATE ID:0 OFFSET:-45000000 SPACING:6250 BASE:851006250 FDMA BW:12500
22:43:18  CC             PASSED    NAC:2209/x8A1 TSBK3 RFSS_STATUS_BCST SYSTEM:2208/x8A0 RFSS:1/x01 SITE:1/x01 LRA:0/x00 CHAN:0-1593 ACTIVE NETWORK CONNECTION SERVICE OPTIONS:[DATA, VOICE, REGISTRATION]
22:43:18  CC             PASSED    NAC:2209/x8A1 TSBK1 NET_STATUS_BCAST WACN:781824/xBEE00 SYSTEM:2208/x8A0 LRA:0/x00 CHAN:0-1593 SERVICES:[DATA, VOICE, REGISTRATION]
22:43:18  CC             PASSED    NAC:2209/x8A1 TSBK2 IDEN_UPDATE ID:1 OFFSET:30000000 SPACING:6250 BASE:762006250 FDMA BW:12500
22:43:18  CC             PASSED    NAC:2209/x8A1 TSBK3 SNDCP_DCH_ANN_EX CHAN:0-1193/----- AUTONOMOUS/REQUESTED-ACCESS DAC:1 **:0 SERVICE OPTIONS:NSAPI:0 HALF DUPLEX CIRCUIT MODE
22:43:18  CC             PASSED    NAC:2209/x8A1 TSBK1 IDEN_UPDATE_TDMA ID:2 OFFSET:-45000000 SPACING:12500 BASE:851012500 TDMA BW:12500 TIMESLOTS:2 VOCODER:HALF_RATE
22:43:18  CC             PASSED    NAC:2209/x8A1 TSBK2 MOTOROLA TDMA DATA CHANNEL NOT ACTIVE MSG:1690423FFFFFFFFF0000D458
22:43:18  CC             PASSED    NAC:2209/x8A1 TSBK3 MOTOROLA TRAFFIC CHANNEL 859040C0C0000000080082AB
22:43:18  CC             PASSED    NAC:2209/x8A1 TSBK1 UNIT_REG_RESPONS REGISTRATION ACCEPTED FOR RADIO:3412538
22:43:18  CC             PASSED    NAC:2209/x8A1 TSBK2 TDMA_SYNC_BCST SYSTEM TIME UNLOCKED: 2026-04-18 21:47:06.000 -0500 LEAP-SECOND CORRECTION:0.0mS MICROSLOT-MINUTE ROLLOVER:SLOW
22:43:18  CC             PASSED    NAC:2209/x8A1 TSBK3 SEC_CCH_BROADCST RFSS:1/x01 SITE:1/x01 CHAN A:0-1277 SERVICE OPTIONS:[BACKUP CONTROL CHANNEL] CHAN B:0-1509 SERVICE OPTIONS:[BACKUP CONTROL CHANNEL]
22:43:18  CC             PASSED    NAC:2209/x8A1 TSBK1 UNIT_REG_RESPONS REGISTRATION ACCEPTED FOR RADIO:3412538
22:43:18  CC             PASSED    NAC:2209/x8A1 TSBK2 MOTOROLA SYSTEM LOADING MOTOROLA MSG:09901040000000000000D6E5
22:43:18  CC             PASSED    NAC:2209/x8A1 TSBK3 IDEN_UPDATE_TDMA ID:3 OFFSET:30000000 SPACING:12500 BASE:762006250 TDMA BW:12500 TIMESLOTS:2 VOCODER:HALF_RATE
22:43:18  CC             PASSED    NAC:2209/x8A1 TSBK1 RFSS_STATUS_BCST SYSTEM:2208/x8A0 RFSS:1/x01 SITE:1/x01 LRA:0/x00 CHAN:0-1593 ACTIVE NETWORK CONNECTION SERVICE OPTIONS:[DATA, VOICE, REGISTRATION]
22:43:18  CC             PASSED    NAC:2209/x8A1 TSBK2 NET_STATUS_BCAST WACN:781824/xBEE00 SYSTEM:2208/x8A0 LRA:0/x00 CHAN:0-1593 SERVICES:[DATA, VOICE, REGISTRATION]
22:43:18  CC             PASSED    NAC:2209/x8A1 TSBK3 IDEN_UPDATE ID:4 OFFSET:-39000000 SPACING:12500 BASE:935012500 FDMA BW:12500
22:43:18  CC             PASSED    NAC:2209/x8A1 TSBK1 SNDCP_DCH_ANN_EX CHAN:0-1193/----- AUTONOMOUS/REQUESTED-ACCESS DAC:1 **:0 SERVICE OPTIONS:NSAPI:0 HALF DUPLEX CIRCUIT MODE
22:43:18  CC             PASSED    NAC:2209/x8A1 TSBK2 GRP_AFFIL_RESP TO:3412538 GROUP ADDRESS:402 (LOCAL) AFFILIATION:ACCEPTED ANNOUNCEMENT GROUP:0
22:43:18  CC             PASSED    NAC:2209/x8A1 TSBK3 IDEN_UPDATE_TDMA ID:5 OFFSET:-39000000 SPACING:12500 BASE:935012500 TDMA BW:12500 TIMESLOTS:2 VOCODER:HALF_RATE
22:43:18  CC             PASSED    NAC:2209/x8A1 TSBK1 MOTOROLA TDMA DATA CHANNEL NOT ACTIVE MSG:1690423FFFFFFFFF0000D458
22:43:18  T2 858.4625    PASSED    NAC:2209/x8A1 TDULC CALL TERMINATION BY:3412051
22:43:18  T2 858.4625    PASSED    NAC:2209/x8A1 TDU
22:43:18  T2 858.4625    PASSED    NAC:2209/x8A1 TDU
22:43:18  T2 858.4625    PASSED    NAC:2209/x8A1 TDULC RFSS STATUS BROADCAST LRA:0/x00 SYSTEM:2208/x8A0 SITE:1/x01-1/x01 CHAN:0-1593 SERVICE OPTIONS:[DATA, VOICE, REGISTRATION]
22:43:18  T2 858.4625    PASSED    NAC:2209/x8A1 TDULC RFSS STATUS BROADCAST LRA:0/x00 SYSTEM:2208/x8A0 SITE:1/x01-1/x01 CHAN:0-1593 SERVICE OPTIONS:[DATA, VOICE, REGISTRATION]
22:43:18  T2 858.4625    PASSED    NAC:2209/x8A1 TDULC RFSS STATUS BROADCAST LRA:0/x00 SYSTEM:2208/x8A0 SITE:1/x01-1/x01 CHAN:0-1593 SERVICE OPTIONS:[DATA, VOICE, REGISTRATION]
22:43:18  T2 858.4625    PASSED    NAC:2209/x8A1 TDULC RFSS STATUS BROADCAST LRA:0/x00 SYSTEM:2208/x8A0 SITE:1/x01-1/x01 CHAN:0-1593 SERVICE OPTIONS:[DATA, VOICE, REGISTRATION]
22:43:18  T2 858.4625    PASSED    NAC:2209/x8A1 TDULC RFSS STATUS BROADCAST LRA:0/x00 SYSTEM:2208/x8A0 SITE:1/x01-1/x01 CHAN:0-1593 SERVICE OPTIONS:[DATA, VOICE, REGISTRATION]
22:43:18  T2 858.4625    PASSED    NAC:2209/x8A1 TDULC RFSS STATUS BROADCAST LRA:0/x00 SYSTEM:2208/x8A0 SITE:1/x01-1/x01 CHAN:0-1593 SERVICE OPTIONS:[DATA, VOICE, REGISTRATION]
22:43:18  T2 858.4625    PASSED    NAC:2209/x8A1 TDULC RFSS STATUS BROADCAST LRA:0/x00 SYSTEM:2208/x8A0 SITE:1/x01-1/x01 CHAN:0-1593 SERVICE OPTIONS:[DATA, VOICE, REGISTRATION]
22:43:18  T2 858.4625    PASSED    NAC:2209/x8A1 TDULC RFSS STATUS BROADCAST LRA:0/x00 SYSTEM:2208/x8A0 SITE:1/x01-1/x01 CHAN:0-1593 SERVICE OPTIONS:[DATA, VOICE, REGISTRATION]
22:43:18  T2 858.4625    PASSED    NAC:2209/x8A1 TDULC RFSS STATUS BROADCAST LRA:0/x00 SYSTEM:2208/x8A0 SITE:1/x01-1/x01 CHAN:0-1593 SERVICE OPTIONS:[DATA, VOICE, REGISTRATION]
22:43:18  T2 858.4625    PASSED    NAC:2209/x8A1 TDULC RFSS STATUS BROADCAST LRA:0/x00 SYSTEM:2208/x8A0 SITE:1/x01-1/x01 CHAN:0-1593 SERVICE OPTIONS:[DATA, VOICE, REGISTRATION]
22:43:18  T2 858.4625    PASSED    NAC:2209/x8A1 TDULC RFSS STATUS BROADCAST LRA:0/x00 SYSTEM:2208/x8A0 SITE:1/x01-1/x01 CHAN:0-1593 SERVICE OPTIONS:[DATA, VOICE, REGISTRATION]
22:43:18  T2 858.4625    PASSED    NAC:2209/x8A1 TDULC RFSS STATUS BROADCAST LRA:0/x00 SYSTEM:2208/x8A0 SITE:1/x01-1/x01 CHAN:0-1593 SERVICE OPTIONS:[DATA, VOICE, REGISTRATION]
22:43:18  T2 858.4625    PASSED    NAC:2209/x8A1 TDU
22:43:18  T2 858.4625    PASSED    NAC:2209/x8A1 TDU
22:43:18  T2 858.4625    PASSED    NAC:2209/x8A1 TDU
22:43:18  T2 858.4625    PASSED    NAC:2209/x8A1 TDULC CALL TERMINATION BY:3400027
22:43:18  T2 858.4625    PASSED    NAC:2209/x8A1 TDULC CALL TERMINATION BY:3400027
22:43:18  T2 858.4625    PASSED    NAC:2209/x8A1 TDU
22:43:18  T2 858.4625    PASSED    NAC:2209/x8A1 TDU
22:43:18  T2 858.4625    PASSED    NAC:2209/x8A1 TDULC RFSS STATUS BROADCAST LRA:0/x00 SYSTEM:2208/x8A0 SITE:1/x01-1/x01 CHAN:0-1593 SERVICE OPTIONS:[DATA, VOICE, REGISTRATION]
22:43:18  T2 858.4625    PASSED    NAC:2209/x8A1 TDULC RFSS STATUS BROADCAST LRA:0/x00 SYSTEM:2208/x8A0 SITE:1/x01-1/x01 CHAN:0-1593 SERVICE OPTIONS:[DATA, VOICE, REGISTRATION]
22:43:18  T2 858.4625    PASSED    NAC:2209/x8A1 TDULC RFSS STATUS BROADCAST LRA:0/x00 SYSTEM:2208/x8A0 SITE:1/x01-1/x01 CHAN:0-1593 SERVICE OPTIONS:[DATA, VOICE, REGISTRATION]
22:43:18  T2 858.4625    PASSED    NAC:2209/x8A1 TDULC RFSS STATUS BROADCAST LRA:0/x00 SYSTEM:2208/x8A0 SITE:1/x01-1/x01 CHAN:0-1593 SERVICE OPTIONS:[DATA, VOICE, REGISTRATION]
22:43:19  CC             PASSED    NAC:2209/x8A1 TSBK2 GRP_AFFIL_RESP TO:3412538 GROUP ADDRESS:402 (LOCAL) AFFILIATION:ACCEPTED ANNOUNCEMENT GROUP:0
22:43:19  CC             PASSED    NAC:2209/x8A1 TSBK3 CCH BASE STAT ID CHAN:0-1593 CWID:
22:43:19  CC             PASSED    NAC:2209/x8A1 TSBK1 MOTOROLA TRAFFIC CHANNEL 059040C0C00000000800669F
22:43:19  CC             PASSED    NAC:2209/x8A1 TSBK2 TDMA_SYNC_BCST SYSTEM TIME UNLOCKED: 2026-04-18 21:47:06.375 -0500 LEAP-SECOND CORRECTION:0.0mS MICROSLOT-MINUTE ROLLOVER:SLOW
22:43:19  CC             PASSED    NAC:2209/x8A1 TSBK3 SEC_CCH_BROADCST RFSS:1/x01 SITE:1/x01 CHAN A:0-1509 SERVICE OPTIONS:[BACKUP CONTROL CHANNEL] CHAN B:0-1349 SERVICE OPTIONS:[BACKUP CONTROL CHANNEL]
22:43:19  CC             PASSED    NAC:2209/x8A1 TSBK1 MOTOROLA SYSTEM LOADING MOTOROLA MSG:09901180000000000000E723
22:43:19  CC             PASSED    NAC:2209/x8A1 TSBK2 IDEN_UPDATE ID:0 OFFSET:-45000000 SPACING:6250 BASE:851006250 FDMA BW:12500
22:43:19  CC             PASSED    NAC:2209/x8A1 TSBK3 RFSS_STATUS_BCST SYSTEM:2208/x8A0 RFSS:1/x01 SITE:1/x01 LRA:0/x00 CHAN:0-1593 ACTIVE NETWORK CONNECTION SERVICE OPTIONS:[DATA, VOICE, REGISTRATION]
22:43:19  CC             PASSED    NAC:2209/x8A1 TSBK1 NET_STATUS_BCAST WACN:781824/xBEE00 SYSTEM:2208/x8A0 LRA:0/x00 CHAN:0-1593 SERVICES:[DATA, VOICE, REGISTRATION]
22:43:19  CC             PASSED    NAC:2209/x8A1 TSBK2 IDEN_UPDATE ID:1 OFFSET:30000000 SPACING:6250 BASE:762006250 FDMA BW:12500
22:43:19  CC             PASSED    NAC:2209/x8A1 TSBK3 SNDCP_DCH_ANN_EX CHAN:0-1193/----- AUTONOMOUS/REQUESTED-ACCESS DAC:1 **:0 SERVICE OPTIONS:NSAPI:0 HALF DUPLEX CIRCUIT MODE
22:43:19  CC             PASSED    NAC:2209/x8A1 TSBK1 IDEN_UPDATE_TDMA ID:2 OFFSET:-45000000 SPACING:12500 BASE:851012500 TDMA BW:12500 TIMESLOTS:2 VOCODER:HALF_RATE
22:43:19  CC             PASSED    NAC:2209/x8A1 TSBK2 MOTOROLA TDMA DATA CHANNEL NOT ACTIVE MSG:1690423FFFFFFFFF0000D458
22:43:19  CC             PASSED    NAC:2209/x8A1 TSBK3 MOTOROLA TRAFFIC CHANNEL 859040C0C0000000080082AB
22:43:19  CC             PASSED    NAC:2209/x8A1 TSBK1 TDMA_SYNC_BCST SYSTEM TIME UNLOCKED: 2026-04-18 21:47:06.675 -0500 LEAP-SECOND CORRECTION:0.0mS MICROSLOT-MINUTE ROLLOVER:SLOW
22:43:19  CC             PASSED    NAC:2209/x8A1 TSBK2 SEC_CCH_BROADCST RFSS:1/x01 SITE:1/x01 CHAN A:0-1349 SERVICE OPTIONS:[BACKUP CONTROL CHANNEL] CHAN B:0-1277 SERVICE OPTIONS:[BACKUP CONTROL CHANNEL]
22:43:19  CC             PASSED    NAC:2209/x8A1 TSBK3 MOTOROLA SYSTEM LOADING MOTOROLA MSG:89900DC0000000000000F2F8
22:43:19  CC             PASSED    NAC:2209/x8A1 TSBK1 IDEN_UPDATE_TDMA ID:3 OFFSET:30000000 SPACING:12500 BASE:762006250 TDMA BW:12500 TIMESLOTS:2 VOCODER:HALF_RATE
22:43:19  CC             PASSED    NAC:2209/x8A1 TSBK2 RFSS_STATUS_BCST SYSTEM:2208/x8A0 RFSS:1/x01 SITE:1/x01 LRA:0/x00 CHAN:0-1593 ACTIVE NETWORK CONNECTION SERVICE OPTIONS:[DATA, VOICE, REGISTRATION]
22:43:19  CC             PASSED    NAC:2209/x8A1 TSBK3 NET_STATUS_BCAST WACN:781824/xBEE00 SYSTEM:2208/x8A0 LRA:0/x00 CHAN:0-1593 SERVICES:[DATA, VOICE, REGISTRATION]
22:43:19  CC             PASSED    NAC:2209/x8A1 TSBK1 IDEN_UPDATE ID:4 OFFSET:-39000000 SPACING:12500 BASE:935012500 FDMA BW:12500
22:43:19  CC             PASSED    NAC:2209/x8A1 TSBK2 SNDCP_DCH_ANN_EX CHAN:0-1193/----- AUTONOMOUS/REQUESTED-ACCESS DAC:1 **:0 SERVICE OPTIONS:NSAPI:0 HALF DUPLEX CIRCUIT MODE
22:43:19  CC             PASSED    NAC:2209/x8A1 TSBK3 IDEN_UPDATE_TDMA ID:5 OFFSET:-39000000 SPACING:12500 BASE:935012500 TDMA BW:12500 TIMESLOTS:2 VOCODER:HALF_RATE
22:43:19  CC             PASSED    NAC:2209/x8A1 TSBK1 CCH BASE STAT ID CHAN:0-1593 CWID:
22:43:19  CC             PASSED    NAC:2209/x8A1 TSBK2 MOTOROLA TDMA DATA CHANNEL NOT ACTIVE MSG:1690423FFFFFFFFF0000D458
22:43:19  CC             PASSED    NAC:2209/x8A1 TSBK3 MOTOROLA TRAFFIC CHANNEL 859040C0C0000000080082AB
22:43:19  CC             PASSED    NAC:2209/x8A1 TSBK1 TDMA_SYNC_BCST SYSTEM TIME UNLOCKED: 2026-04-18 21:47:06.975 -0500 LEAP-SECOND CORRECTION:0.0mS MICROSLOT-MINUTE ROLLOVER:SLOW
22:43:19  CC             PASSED    NAC:2209/x8A1 TSBK2 SEC_CCH_BROADCST RFSS:1/x01 SITE:1/x01 CHAN A:0-1277 SERVICE OPTIONS:[BACKUP CONTROL CHANNEL] CHAN B:0-1509 SERVICE OPTIONS:[BACKUP CONTROL CHANNEL]
22:43:19  CC             PASSED    NAC:2209/x8A1 TSBK3 MOTOROLA SYSTEM LOADING MOTOROLA MSG:89900F000000000000000B4B
22:43:19  CC             PASSED    NAC:2209/x8A1 TSBK1 IDEN_UPDATE ID:0 OFFSET:-45000000 SPACING:6250 BASE:851006250 FDMA BW:12500
22:43:19  CC             PASSED    NAC:2209/x8A1 TSBK2 RFSS_STATUS_BCST SYSTEM:2208/x8A0 RFSS:1/x01 SITE:1/x01 LRA:0/x00 CHAN:0-1593 ACTIVE NETWORK CONNECTION SERVICE OPTIONS:[DATA, VOICE, REGISTRATION]
22:43:19  CC             PASSED    NAC:2209/x8A1 TSBK3 NET_STATUS_BCAST WACN:781824/xBEE00 SYSTEM:2208/x8A0 LRA:0/x00 CHAN:0-1593 SERVICES:[DATA, VOICE, REGISTRATION]
22:43:19  CC             PASSED    NAC:2209/x8A1 TSBK1 GRP_AFFIL_RESP TO:3412350 GROUP ADDRESS:402 (LOCAL) AFFILIATION:ACCEPTED ANNOUNCEMENT GROUP:0
22:43:19  CC             PASSED    NAC:2209/x8A1 TSBK2 IDEN_UPDATE ID:1 OFFSET:30000000 SPACING:6250 BASE:762006250 FDMA BW:12500
22:43:19  CC             PASSED    NAC:2209/x8A1 TSBK3 SNDCP_DCH_ANN_EX CHAN:0-1193/----- AUTONOMOUS/REQUESTED-ACCESS DAC:1 **:0 SERVICE OPTIONS:NSAPI:0 HALF DUPLEX CIRCUIT MODE
22:43:19  CC             PASSED    NAC:2209/x8A1 TSBK1 GRP_AFFIL_RESP TO:3412350 GROUP ADDRESS:402 (LOCAL) AFFILIATION:ACCEPTED ANNOUNCEMENT GROUP:0
22:43:19  CC             PASSED    NAC:2209/x8A1 TSBK2 IDEN_UPDATE_TDMA ID:2 OFFSET:-45000000 SPACING:12500 BASE:851012500 TDMA BW:12500 TIMESLOTS:2 VOCODER:HALF_RATE
22:43:19  CC             PASSED    NAC:2209/x8A1 TSBK3 MOTOROLA TDMA DATA CHANNEL NOT ACTIVE MSG:9690423FFFFFFFFF0000306C
22:43:19  CC             PASSED    NAC:2209/x8A1 TSBK1 MOTOROLA TRAFFIC CHANNEL 059040C0C00000000800669F
22:43:19  CC             PASSED    NAC:2209/x8A1 TSBK2 TDMA_SYNC_BCST SYSTEM TIME UNLOCKED: 2026-04-18 21:47:07.275 -0500 LEAP-SECOND CORRECTION:0.0mS MICROSLOT-MINUTE ROLLOVER:SLOW
22:43:19  CC             PASSED    NAC:2209/x8A1 TSBK3 SEC_CCH_BROADCST RFSS:1/x01 SITE:1/x01 CHAN A:0-1509 SERVICE OPTIONS:[BACKUP CONTROL CHANNEL] CHAN B:0-1349 SERVICE OPTIONS:[BACKUP CONTROL CHANNEL]
22:43:19  T2 858.4625    PASSED    NAC:2209/x8A1 TDULC RFSS STATUS BROADCAST LRA:0/x00 SYSTEM:2208/x8A0 SITE:1/x01-1/x01 CHAN:0-1593 SERVICE OPTIONS:[DATA, VOICE, REGISTRATION]
22:43:19  T2 858.4625    PASSED    NAC:2209/x8A1 TDULC RFSS STATUS BROADCAST LRA:0/x00 SYSTEM:2208/x8A0 SITE:1/x01-1/x01 CHAN:0-1593 SERVICE OPTIONS:[DATA, VOICE, REGISTRATION]
22:43:19  T2 858.4625    PASSED    NAC:2209/x8A1 TDULC RFSS STATUS BROADCAST LRA:0/x00 SYSTEM:2208/x8A0 SITE:1/x01-1/x01 CHAN:0-1593 SERVICE OPTIONS:[DATA, VOICE, REGISTRATION]
22:43:19  T2 858.4625    PASSED    NAC:2209/x8A1 TDULC RFSS STATUS BROADCAST LRA:0/x00 SYSTEM:2208/x8A0 SITE:1/x01-1/x01 CHAN:0-1593 SERVICE OPTIONS:[DATA, VOICE, REGISTRATION]
22:43:19  T2 858.4625    PASSED    NAC:2209/x8A1 TDULC RFSS STATUS BROADCAST LRA:0/x00 SYSTEM:2208/x8A0 SITE:1/x01-1/x01 CHAN:0-1593 SERVICE OPTIONS:[DATA, VOICE, REGISTRATION]
22:43:19  T2 858.4625    PASSED    NAC:2209/x8A1 TDULC RFSS STATUS BROADCAST LRA:0/x00 SYSTEM:2208/x8A0 SITE:1/x01-1/x01 CHAN:0-1593 SERVICE OPTIONS:[DATA, VOICE, REGISTRATION]
22:43:19  T2 858.4625    PASSED    NAC:2209/x8A1 TDULC RFSS STATUS BROADCAST LRA:0/x00 SYSTEM:2208/x8A0 SITE:1/x01-1/x01 CHAN:0-1593 SERVICE OPTIONS:[DATA, VOICE, REGISTRATION]
22:43:19  T2 858.4625    PASSED    NAC:2209/x8A1 TDULC RFSS STATUS BROADCAST LRA:0/x00 SYSTEM:2208/x8A0 SITE:1/x01-1/x01 CHAN:0-1593 SERVICE OPTIONS:[DATA, VOICE, REGISTRATION]
22:43:19  T2 858.4625    PASSED    NAC:2209/x8A1 TDULC RFSS STATUS BROADCAST LRA:0/x00 SYSTEM:2208/x8A0 SITE:1/x01-1/x01 CHAN:0-1593 SERVICE OPTIONS:[DATA, VOICE, REGISTRATION]
22:43:19  T2 858.4625    PASSED    NAC:2209/x8A1 TDULC RFSS STATUS BROADCAST LRA:0/x00 SYSTEM:2208/x8A0 SITE:1/x01-1/x01 CHAN:0-1593 SERVICE OPTIONS:[DATA, VOICE, REGISTRATION]
22:43:19  T2 858.4625    PASSED    NAC:2209/x8A1 TDULC RFSS STATUS BROADCAST LRA:0/x00 SYSTEM:2208/x8A0 SITE:1/x01-1/x01 CHAN:0-1593 SERVICE OPTIONS:[DATA, VOICE, REGISTRATION]
22:43:19  T2 858.4625    PASSED    NAC:2209/x8A1 TDULC RFSS STATUS BROADCAST LRA:0/x00 SYSTEM:2208/x8A0 SITE:1/x01-1/x01 CHAN:0-1593 SERVICE OPTIONS:[DATA, VOICE, REGISTRATION]
22:43:19  T2 858.4625    PASSED    NAC:2209/x8A1 TDULC RFSS STATUS BROADCAST LRA:0/x00 SYSTEM:2208/x8A0 SITE:1/x01-1/x01 CHAN:0-1593 SERVICE OPTIONS:[DATA, VOICE, REGISTRATION]
22:43:19  T2 858.4625    PASSED    NAC:2209/x8A1 TDULC RFSS STATUS BROADCAST LRA:0/x00 SYSTEM:2208/x8A0 SITE:1/x01-1/x01 CHAN:0-1593 SERVICE OPTIONS:[DATA, VOICE, REGISTRATION]
22:43:19  T2 858.4625    PASSED    NAC:2209/x8A1 TDULC RFSS STATUS BROADCAST LRA:0/x00 SYSTEM:2208/x8A0 SITE:1/x01-1/x01 CHAN:0-1593 SERVICE OPTIONS:[DATA, VOICE, REGISTRATION]
22:43:19  T2 858.4625    PASSED    NAC:2209/x8A1 TDULC RFSS STATUS BROADCAST LRA:0/x00 SYSTEM:2208/x8A0 SITE:1/x01-1/x01 CHAN:0-1593 SERVICE OPTIONS:[DATA, VOICE, REGISTRATION]
22:43:19  T2 858.4625    PASSED    NAC:2209/x8A1 TDULC RFSS STATUS BROADCAST LRA:0/x00 SYSTEM:2208/x8A0 SITE:1/x01-1/x01 CHAN:0-1593 SERVICE OPTIONS:[DATA, VOICE, REGISTRATION]
22:43:19  T2 858.4625    PASSED    NAC:2209/x8A1 TDULC RFSS STATUS BROADCAST LRA:0/x00 SYSTEM:2208/x8A0 SITE:1/x01-1/x01 CHAN:0-1593 SERVICE OPTIONS:[DATA, VOICE, REGISTRATION]
22:43:19  T2 858.4625    PASSED    NAC:2209/x8A1 TDULC RFSS STATUS BROADCAST LRA:0/x00 SYSTEM:2208/x8A0 SITE:1/x01-1/x01 CHAN:0-1593 SERVICE OPTIONS:[DATA, VOICE, REGISTRATION]
22:43:19  T2 858.4625    PASSED    NAC:2209/x8A1 TDULC RFSS STATUS BROADCAST LRA:0/x00 SYSTEM:2208/x8A0 SITE:1/x01-1/x01 CHAN:0-1593 SERVICE OPTIONS:[DATA, VOICE, REGISTRATION]
22:43:19  T2 858.4625    PASSED    NAC:2209/x8A1 TDULC RFSS STATUS BROADCAST LRA:0/x00 SYSTEM:2208/x8A0 SITE:1/x01-1/x01 CHAN:0-1593 SERVICE OPTIONS:[DATA, VOICE, REGISTRATION]
22:43:19  T2 858.4625    PASSED    NAC:2209/x8A1 TDULC RFSS STATUS BROADCAST LRA:0/x00 SYSTEM:2208/x8A0 SITE:1/x01-1/x01 CHAN:0-1593 SERVICE OPTIONS:[DATA, VOICE, REGISTRATION]
22:43:19  T2 858.4625    PASSED    NAC:2209/x8A1 TDULC RFSS STATUS BROADCAST LRA:0/x00 SYSTEM:2208/x8A0 SITE:1/x01-1/x01 CHAN:0-1593 SERVICE OPTIONS:[DATA, VOICE, REGISTRATION]
22:43:20  CC             PASSED    NAC:2209/x8A1 TSBK1 MOTOROLA SYSTEM LOADING MOTOROLA MSG:09901040000000000000D6E5
22:43:20  CC             PASSED    NAC:2209/x8A1 TSBK2 IDEN_UPDATE_TDMA ID:3 OFFSET:30000000 SPACING:12500 BASE:762006250 TDMA BW:12500 TIMESLOTS:2 VOCODER:HALF_RATE
22:43:20  CC             PASSED    NAC:2209/x8A1 TSBK3 RFSS_STATUS_BCST SYSTEM:2208/x8A0 RFSS:1/x01 SITE:1/x01 LRA:0/x00 CHAN:0-1593 ACTIVE NETWORK CONNECTION SERVICE OPTIONS:[DATA, VOICE, REGISTRATION]
22:43:20  CC             PASSED    NAC:2209/x8A1 TSBK1 NET_STATUS_BCAST WACN:781824/xBEE00 SYSTEM:2208/x8A0 LRA:0/x00 CHAN:0-1593 SERVICES:[DATA, VOICE, REGISTRATION]
22:43:20  CC             PASSED    NAC:2209/x8A1 TSBK2 IDEN_UPDATE ID:4 OFFSET:-39000000 SPACING:12500 BASE:935012500 FDMA BW:12500
22:43:20  CC             PASSED    NAC:2209/x8A1 TSBK3 SNDCP_DCH_ANN_EX CHAN:0-1193/----- AUTONOMOUS/REQUESTED-ACCESS DAC:1 **:0 SERVICE OPTIONS:NSAPI:0 HALF DUPLEX CIRCUIT MODE
22:43:20  CC             PASSED    NAC:2209/x8A1 TSBK1 CCH BASE STAT ID CHAN:0-1593 CWID:
22:43:20  CC             PASSED    NAC:2209/x8A1 TSBK2 IDEN_UPDATE_TDMA ID:5 OFFSET:-39000000 SPACING:12500 BASE:935012500 TDMA BW:12500 TIMESLOTS:2 VOCODER:HALF_RATE
22:43:20  CC             PASSED    NAC:2209/x8A1 TSBK3 MOTOROLA TDMA DATA CHANNEL NOT ACTIVE MSG:9690423FFFFFFFFF0000306C
22:43:20  CC             PASSED    NAC:2209/x8A1 TSBK1 MOTOROLA TRAFFIC CHANNEL 059040C0C00000000800669F
22:43:20  CC             PASSED    NAC:2209/x8A1 TSBK2 TDMA_SYNC_BCST SYSTEM TIME UNLOCKED: 2026-04-18 21:47:07.575 -0500 LEAP-SECOND CORRECTION:0.0mS MICROSLOT-MINUTE ROLLOVER:SLOW
22:43:20  CC             PASSED    NAC:2209/x8A1 TSBK3 SEC_CCH_BROADCST RFSS:1/x01 SITE:1/x01 CHAN A:0-1349 SERVICE OPTIONS:[BACKUP CONTROL CHANNEL] CHAN B:0-1277 SERVICE OPTIONS:[BACKUP CONTROL CHANNEL]
22:43:20  CC             PASSED    NAC:2209/x8A1 TSBK1 MOTOROLA SYSTEM LOADING MOTOROLA MSG:09900F00000000000000EF7F
22:43:20  CC             PASSED    NAC:2209/x8A1 TSBK2 IDEN_UPDATE ID:0 OFFSET:-45000000 SPACING:6250 BASE:851006250 FDMA BW:12500
22:43:20  CC             PASSED    NAC:2209/x8A1 TSBK3 RFSS_STATUS_BCST SYSTEM:2208/x8A0 RFSS:1/x01 SITE:1/x01 LRA:0/x00 CHAN:0-1593 ACTIVE NETWORK CONNECTION SERVICE OPTIONS:[DATA, VOICE, REGISTRATION]
22:43:20  CC             PASSED    NAC:2209/x8A1 TSBK1 NET_STATUS_BCAST WACN:781824/xBEE00 SYSTEM:2208/x8A0 LRA:0/x00 CHAN:0-1593 SERVICES:[DATA, VOICE, REGISTRATION]
22:43:20  CC             PASSED    NAC:2209/x8A1 TSBK2 IDEN_UPDATE ID:1 OFFSET:30000000 SPACING:6250 BASE:762006250 FDMA BW:12500
22:43:20  CC             PASSED    NAC:2209/x8A1 TSBK3 SNDCP_DCH_ANN_EX CHAN:0-1193/----- AUTONOMOUS/REQUESTED-ACCESS DAC:1 **:0 SERVICE OPTIONS:NSAPI:0 HALF DUPLEX CIRCUIT MODE
22:43:20  CC             PASSED    NAC:2209/x8A1 TSBK1 IDEN_UPDATE_TDMA ID:2 OFFSET:-45000000 SPACING:12500 BASE:851012500 TDMA BW:12500 TIMESLOTS:2 VOCODER:HALF_RATE
22:43:20  CC             PASSED    NAC:2209/x8A1 TSBK2 MOTOROLA TDMA DATA CHANNEL NOT ACTIVE MSG:1690423FFFFFFFFF0000D458
22:43:20  CC             PASSED    NAC:2209/x8A1 TSBK3 MOTOROLA TRAFFIC CHANNEL 859040C0C0000000080082AB
22:43:20  CC             PASSED    NAC:2209/x8A1 TSBK1 TDMA_SYNC_BCST SYSTEM TIME UNLOCKED: 2026-04-18 21:47:07.875 -0500 LEAP-SECOND CORRECTION:0.0mS MICROSLOT-MINUTE ROLLOVER:SLOW
22:43:20  CC             PASSED    NAC:2209/x8A1 TSBK2 SEC_CCH_BROADCST RFSS:1/x01 SITE:1/x01 CHAN A:0-1277 SERVICE OPTIONS:[BACKUP CONTROL CHANNEL] CHAN B:0-1509 SERVICE OPTIONS:[BACKUP CONTROL CHANNEL]
22:43:20  CC             PASSED    NAC:2209/x8A1 TSBK3 MOTOROLA SYSTEM LOADING MOTOROLA MSG:89900DC0000000000000F2F8
22:43:20  CC             PASSED    NAC:2209/x8A1 TSBK1 IDEN_UPDATE_TDMA ID:3 OFFSET:30000000 SPACING:12500 BASE:762006250 TDMA BW:12500 TIMESLOTS:2 VOCODER:HALF_RATE
22:43:20  CC             PASSED    NAC:2209/x8A1 TSBK2 RFSS_STATUS_BCST SYSTEM:2208/x8A0 RFSS:1/x01 SITE:1/x01 LRA:0/x00 CHAN:0-1593 ACTIVE NETWORK CONNECTION SERVICE OPTIONS:[DATA, VOICE, REGISTRATION]
22:43:20  CC             PASSED    NAC:2209/x8A1 TSBK3 NET_STATUS_BCAST WACN:781824/xBEE00 SYSTEM:2208/x8A0 LRA:0/x00 CHAN:0-1593 SERVICES:[DATA, VOICE, REGISTRATION]
22:43:20  CC             PASSED    NAC:2209/x8A1 TSBK1 IDEN_UPDATE ID:4 OFFSET:-39000000 SPACING:12500 BASE:935012500 FDMA BW:12500
22:43:20  CC             PASSED    NAC:2209/x8A1 TSBK2 CCH BASE STAT ID CHAN:0-1593 CWID:
22:43:20  CC             PASSED    NAC:2209/x8A1 TSBK3 SNDCP_DCH_ANN_EX CHAN:0-1193/----- AUTONOMOUS/REQUESTED-ACCESS DAC:1 **:0 SERVICE OPTIONS:NSAPI:0 HALF DUPLEX CIRCUIT MODE
22:43:20  CC             PASSED    NAC:2209/x8A1 TSBK1 IDEN_UPDATE_TDMA ID:5 OFFSET:-39000000 SPACING:12500 BASE:935012500 TDMA BW:12500 TIMESLOTS:2 VOCODER:HALF_RATE
22:43:20  CC             PASSED    NAC:2209/x8A1 TSBK2 MOTOROLA TDMA DATA CHANNEL NOT ACTIVE MSG:1690423FFFFFFFFF0000D458
22:43:20  CC             PASSED    NAC:2209/x8A1 TSBK3 MOTOROLA TRAFFIC CHANNEL 859040C0C0000000080082AB
22:43:20  CC             PASSED    NAC:2209/x8A1 TSBK1 TDMA_SYNC_BCST SYSTEM TIME UNLOCKED: 2026-04-18 21:47:08.175 -0500 LEAP-SECOND CORRECTION:0.0mS MICROSLOT-MINUTE ROLLOVER:SLOW
22:43:20  CC             PASSED    NAC:2209/x8A1 TSBK2 SEC_CCH_BROADCST RFSS:1/x01 SITE:1/x01 CHAN A:0-1509 SERVICE OPTIONS:[BACKUP CONTROL CHANNEL] CHAN B:0-1349 SERVICE OPTIONS:[BACKUP CONTROL CHANNEL]
22:43:20  CC             PASSED    NAC:2209/x8A1 TSBK3 MOTOROLA SYSTEM LOADING MOTOROLA MSG:89900F000000000000000B4B
22:43:20  CC             PASSED    NAC:2209/x8A1 TSBK1 IDEN_UPDATE ID:0 OFFSET:-45000000 SPACING:6250 BASE:851006250 FDMA BW:12500
22:43:20  CC             PASSED    NAC:2209/x8A1 TSBK2 RFSS_STATUS_BCST SYSTEM:2208/x8A0 RFSS:1/x01 SITE:1/x01 LRA:0/x00 CHAN:0-1593 ACTIVE NETWORK CONNECTION SERVICE OPTIONS:[DATA, VOICE, REGISTRATION]
22:43:20  CC             PASSED    NAC:2209/x8A1 TSBK3 NET_STATUS_BCAST WACN:781824/xBEE00 SYSTEM:2208/x8A0 LRA:0/x00 CHAN:0-1593 SERVICES:[DATA, VOICE, REGISTRATION]
22:43:20  T2 858.4625    PASSED    NAC:2209/x8A1 TDULC RFSS STATUS BROADCAST LRA:0/x00 SYSTEM:2208/x8A0 SITE:1/x01-1/x01 CHAN:0-1593 SERVICE OPTIONS:[DATA, VOICE, REGISTRATION]
22:43:20  T2 858.4625    PASSED    NAC:2209/x8A1 TDULC RFSS STATUS BROADCAST LRA:0/x00 SYSTEM:2208/x8A0 SITE:1/x01-1/x01 CHAN:0-1593 SERVICE OPTIONS:[DATA, VOICE, REGISTRATION]
22:43:20  T2 858.4625    PASSED    NAC:2209/x8A1 TDULC RFSS STATUS BROADCAST LRA:0/x00 SYSTEM:2208/x8A0 SITE:1/x01-1/x01 CHAN:0-1593 SERVICE OPTIONS:[DATA, VOICE, REGISTRATION]
22:43:20  T2 858.4625    PASSED    NAC:2209/x8A1 TDULC RFSS STATUS BROADCAST LRA:0/x00 SYSTEM:2208/x8A0 SITE:1/x01-1/x01 CHAN:0-1593 SERVICE OPTIONS:[DATA, VOICE, REGISTRATION]
22:43:20  T2 858.4625    PASSED    NAC:2209/x8A1 TDULC RFSS STATUS BROADCAST LRA:0/x00 SYSTEM:2208/x8A0 SITE:1/x01-1/x01 CHAN:0-1593 SERVICE OPTIONS:[DATA, VOICE, REGISTRATION]
22:43:20  T2 858.4625    PASSED    NAC:2209/x8A1 TDULC RFSS STATUS BROADCAST LRA:0/x00 SYSTEM:2208/x8A0 SITE:1/x01-1/x01 CHAN:0-1593 SERVICE OPTIONS:[DATA, VOICE, REGISTRATION]
22:43:20  T2 858.4625    PASSED    NAC:2209/x8A1 TDULC RFSS STATUS BROADCAST LRA:0/x00 SYSTEM:2208/x8A0 SITE:1/x01-1/x01 CHAN:0-1593 SERVICE OPTIONS:[DATA, VOICE, REGISTRATION]
22:43:20  T2 858.4625    PASSED    NAC:2209/x8A1 TDULC RFSS STATUS BROADCAST LRA:0/x00 SYSTEM:2208/x8A0 SITE:1/x01-1/x01 CHAN:0-1593 SERVICE OPTIONS:[DATA, VOICE, REGISTRATION]
22:43:20  T2 858.4625    PASSED    NAC:2209/x8A1 TDULC RFSS STATUS BROADCAST LRA:0/x00 SYSTEM:2208/x8A0 SITE:1/x01-1/x01 CHAN:0-1593 SERVICE OPTIONS:[DATA, VOICE, REGISTRATION]
22:43:20  T2 858.4625    PASSED    NAC:2209/x8A1 TDULC RFSS STATUS BROADCAST LRA:0/x00 SYSTEM:2208/x8A0 SITE:1/x01-1/x01 CHAN:0-1593 SERVICE OPTIONS:[DATA, VOICE, REGISTRATION]
22:43:20  T2 858.4625    PASSED    NAC:2209/x8A1 TDULC RFSS STATUS BROADCAST LRA:0/x00 SYSTEM:2208/x8A0 SITE:1/x01-1/x01 CHAN:0-1593 SERVICE OPTIONS:[DATA, VOICE, REGISTRATION]
22:43:20  T2 858.4625    PASSED    NAC:2209/x8A1 TDULC RFSS STATUS BROADCAST LRA:0/x00 SYSTEM:2208/x8A0 SITE:1/x01-1/x01 CHAN:0-1593 SERVICE OPTIONS:[DATA, VOICE, REGISTRATION]
22:43:20  T2 858.4625    PASSED    NAC:2209/x8A1 TDULC RFSS STATUS BROADCAST LRA:0/x00 SYSTEM:2208/x8A0 SITE:1/x01-1/x01 CHAN:0-1593 SERVICE OPTIONS:[DATA, VOICE, REGISTRATION]
22:43:20  T2 858.4625    PASSED    NAC:2209/x8A1 TDULC RFSS STATUS BROADCAST LRA:0/x00 SYSTEM:2208/x8A0 SITE:1/x01-1/x01 CHAN:0-1593 SERVICE OPTIONS:[DATA, VOICE, REGISTRATION]
22:43:20  T2 858.4625    PASSED    NAC:2209/x8A1 TDULC RFSS STATUS BROADCAST LRA:0/x00 SYSTEM:2208/x8A0 SITE:1/x01-1/x01 CHAN:0-1593 SERVICE OPTIONS:[DATA, VOICE, REGISTRATION]
22:43:20  T2 858.4625    PASSED    NAC:2209/x8A1 TDULC RFSS STATUS BROADCAST LRA:0/x00 SYSTEM:2208/x8A0 SITE:1/x01-1/x01 CHAN:0-1593 SERVICE OPTIONS:[DATA, VOICE, REGISTRATION]
22:43:20  T2 858.4625    PASSED    NAC:2209/x8A1 TDULC RFSS STATUS BROADCAST LRA:0/x00 SYSTEM:2208/x8A0 SITE:1/x01-1/x01 CHAN:0-1593 SERVICE OPTIONS:[DATA, VOICE, REGISTRATION]
22:43:20  T2 858.4625    PASSED    NAC:2209/x8A1 TDULC RFSS STATUS BROADCAST LRA:0/x00 SYSTEM:2208/x8A0 SITE:1/x01-1/x01 CHAN:0-1593 SERVICE OPTIONS:[DATA, VOICE, REGISTRATION]
22:43:20  T2 858.4625    PASSED    NAC:2209/x8A1 TDULC RFSS STATUS BROADCAST LRA:0/x00 SYSTEM:2208/x8A0 SITE:1/x01-1/x01 CHAN:0-1593 SERVICE OPTIONS:[DATA, VOICE, REGISTRATION]
22:43:20  T2 858.4625    PASSED    NAC:2209/x8A1 TDULC RFSS STATUS BROADCAST LRA:0/x00 SYSTEM:2208/x8A0 SITE:1/x01-1/x01 CHAN:0-1593 SERVICE OPTIONS:[DATA, VOICE, REGISTRATION]
22:43:20  T2 858.4625    PASSED    NAC:2209/x8A1 TDULC RFSS STATUS BROADCAST LRA:0/x00 SYSTEM:2208/x8A0 SITE:1/x01-1/x01 CHAN:0-1593 SERVICE OPTIONS:[DATA, VOICE, REGISTRATION]
22:43:20  T2 858.4625    PASSED    NAC:2209/x8A1 TDULC RFSS STATUS BROADCAST LRA:0/x00 SYSTEM:2208/x8A0 SITE:1/x01-1/x01 CHAN:0-1593 SERVICE OPTIONS:[DATA, VOICE, REGISTRATION]
22:43:20  T2 858.4625    PASSED    NAC:2209/x8A1 TDU
22:43:21  CC             PASSED    NAC:2209/x8A1 TSBK1 IDEN_UPDATE ID:1 OFFSET:30000000 SPACING:6250 BASE:762006250 FDMA BW:12500
22:43:21  CC             PASSED    NAC:2209/x8A1 TSBK2 SNDCP_DCH_ANN_EX CHAN:0-1193/----- AUTONOMOUS/REQUESTED-ACCESS DAC:1 **:0 SERVICE OPTIONS:NSAPI:0 HALF DUPLEX CIRCUIT MODE
22:43:21  CC             PASSED    NAC:2209/x8A1 TSBK3 IDEN_UPDATE_TDMA ID:2 OFFSET:-45000000 SPACING:12500 BASE:851012500 TDMA BW:12500 TIMESLOTS:2 VOCODER:HALF_RATE
22:43:21  CC             PASSED    NAC:2209/x8A1 TSBK1 MOTOROLA TDMA DATA CHANNEL NOT ACTIVE MSG:1690423FFFFFFFFF0000D458
22:43:21  CC             PASSED    NAC:2209/x8A1 TSBK2 MOTOROLA TRAFFIC CHANNEL 059040C0C00000000800669F
22:43:21  CC             PASSED    NAC:2209/x8A1 TSBK3 TDMA_SYNC_BCST SYSTEM TIME UNLOCKED: 2026-04-18 21:47:08.400 -0500 LEAP-SECOND CORRECTION:0.0mS MICROSLOT-MINUTE ROLLOVER:SLOW
22:43:21  CC             PASSED    NAC:2209/x8A1 TSBK1 SEC_CCH_BROADCST RFSS:1/x01 SITE:1/x01 CHAN A:0-1349 SERVICE OPTIONS:[BACKUP CONTROL CHANNEL] CHAN B:0-1277 SERVICE OPTIONS:[BACKUP CONTROL CHANNEL]
22:43:21  CC             PASSED    NAC:2209/x8A1 TSBK2 MOTOROLA SYSTEM LOADING MOTOROLA MSG:09900DC000000000000016CC
22:43:21  CC             PASSED    NAC:2209/x8A1 TSBK3 IDEN_UPDATE_TDMA ID:3 OFFSET:30000000 SPACING:12500 BASE:762006250 TDMA BW:12500 TIMESLOTS:2 VOCODER:HALF_RATE
22:43:21  CC             PASSED    NAC:2209/x8A1 TSBK1 RFSS_STATUS_BCST SYSTEM:2208/x8A0 RFSS:1/x01 SITE:1/x01 LRA:0/x00 CHAN:0-1593 ACTIVE NETWORK CONNECTION SERVICE OPTIONS:[DATA, VOICE, REGISTRATION]
22:43:21  CC             PASSED    NAC:2209/x8A1 TSBK2 NET_STATUS_BCAST WACN:781824/xBEE00 SYSTEM:2208/x8A0 LRA:0/x00 CHAN:0-1593 SERVICES:[DATA, VOICE, REGISTRATION]
22:43:21  CC             PASSED    NAC:2209/x8A1 TSBK3 CCH BASE STAT ID CHAN:0-1593 CWID:
22:43:21  CC             PASSED    NAC:2209/x8A1 TSBK1 IDEN_UPDATE ID:4 OFFSET:-39000000 SPACING:12500 BASE:935012500 FDMA BW:12500
22:43:21  CC             PASSED    NAC:2209/x8A1 TSBK2 SNDCP_DCH_ANN_EX CHAN:0-1193/----- AUTONOMOUS/REQUESTED-ACCESS DAC:1 **:0 SERVICE OPTIONS:NSAPI:0 HALF DUPLEX CIRCUIT MODE
22:43:21  CC             PASSED    NAC:2209/x8A1 TSBK3 IDEN_UPDATE_TDMA ID:5 OFFSET:-39000000 SPACING:12500 BASE:935012500 TDMA BW:12500 TIMESLOTS:2 VOCODER:HALF_RATE
22:43:21  CC             PASSED    NAC:2209/x8A1 TSBK1 MOTOROLA TDMA DATA CHANNEL NOT ACTIVE MSG:1690423FFFFFFFFF0000D458
22:43:21  CC             PASSED    NAC:2209/x8A1 TSBK2 MOTOROLA TRAFFIC CHANNEL 059040C0C00000000800669F
22:43:21  CC             PASSED    NAC:2209/x8A1 TSBK3 TDMA_SYNC_BCST SYSTEM TIME UNLOCKED: 2026-04-18 21:47:08.700 -0500 LEAP-SECOND CORRECTION:0.0mS MICROSLOT-MINUTE ROLLOVER:SLOW
22:43:21  CC             PASSED    NAC:2209/x8A1 TSBK1 SEC_CCH_BROADCST RFSS:1/x01 SITE:1/x01 CHAN A:0-1277 SERVICE OPTIONS:[BACKUP CONTROL CHANNEL] CHAN B:0-1509 SERVICE OPTIONS:[BACKUP CONTROL CHANNEL]
22:43:21  CC             PASSED    NAC:2209/x8A1 TSBK2 MOTOROLA SYSTEM LOADING MOTOROLA MSG:09900F00000000000000EF7F
22:43:21  CC             PASSED    NAC:2209/x8A1 TSBK3 IDEN_UPDATE ID:0 OFFSET:-45000000 SPACING:6250 BASE:851006250 FDMA BW:12500
22:43:21  CC             PASSED    NAC:2209/x8A1 TSBK1 RFSS_STATUS_BCST SYSTEM:2208/x8A0 RFSS:1/x01 SITE:1/x01 LRA:0/x00 CHAN:0-1593 ACTIVE NETWORK CONNECTION SERVICE OPTIONS:[DATA, VOICE, REGISTRATION]
22:43:21  CC             PASSED    NAC:2209/x8A1 TSBK2 NET_STATUS_BCAST WACN:781824/xBEE00 SYSTEM:2208/x8A0 LRA:0/x00 CHAN:0-1593 SERVICES:[DATA, VOICE, REGISTRATION]
22:43:21  CC             PASSED    NAC:2209/x8A1 TSBK3 IDEN_UPDATE ID:1 OFFSET:30000000 SPACING:6250 BASE:762006250 FDMA BW:12500
22:43:21  CC             PASSED    NAC:2209/x8A1 TSBK1 SNDCP_DCH_ANN_EX CHAN:0-1193/----- AUTONOMOUS/REQUESTED-ACCESS DAC:1 **:0 SERVICE OPTIONS:NSAPI:0 HALF DUPLEX CIRCUIT MODE
22:43:21  CC             PASSED    NAC:2209/x8A1 TSBK2 IDEN_UPDATE_TDMA ID:2 OFFSET:-45000000 SPACING:12500 BASE:851012500 TDMA BW:12500 TIMESLOTS:2 VOCODER:HALF_RATE
22:43:21  CC             PASSED    NAC:2209/x8A1 TSBK3 MOTOROLA TDMA DATA CHANNEL NOT ACTIVE MSG:9690423FFFFFFFFF0000306C
22:43:21  CC             PASSED    NAC:2209/x8A1 TSBK1 MOTOROLA TRAFFIC CHANNEL 059040C0C00000000800669F
22:43:21  CC             PASSED    NAC:2209/x8A1 TSBK2 TDMA_SYNC_BCST SYSTEM TIME UNLOCKED: 2026-04-18 21:47:09.000 -0500 LEAP-SECOND CORRECTION:0.0mS MICROSLOT-MINUTE ROLLOVER:SLOW
22:43:21  CC             PASSED    NAC:2209/x8A1 TSBK3 SEC_CCH_BROADCST RFSS:1/x01 SITE:1/x01 CHAN A:0-1509 SERVICE OPTIONS:[BACKUP CONTROL CHANNEL] CHAN B:0-1349 SERVICE OPTIONS:[BACKUP CONTROL CHANNEL]
22:43:21  CC             PASSED    NAC:2209/x8A1 TSBK1 MOTOROLA SYSTEM LOADING MOTOROLA MSG:09900DC000000000000016CC
22:43:21  CC             PASSED    NAC:2209/x8A1 TSBK2 IDEN_UPDATE_TDMA ID:3 OFFSET:30000000 SPACING:12500 BASE:762006250 TDMA BW:12500 TIMESLOTS:2 VOCODER:HALF_RATE
22:43:21  CC             PASSED    NAC:2209/x8A1 TSBK3 RFSS_STATUS_BCST SYSTEM:2208/x8A0 RFSS:1/x01 SITE:1/x01 LRA:0/x00 CHAN:0-1593 ACTIVE NETWORK CONNECTION SERVICE OPTIONS:[DATA, VOICE, REGISTRATION]
22:43:21  CC             PASSED    NAC:2209/x8A1 TSBK1 CCH BASE STAT ID CHAN:0-1593 CWID:
22:43:21  CC             PASSED    NAC:2209/x8A1 TSBK2 NET_STATUS_BCAST WACN:781824/xBEE00 SYSTEM:2208/x8A0 LRA:0/x00 CHAN:0-1593 SERVICES:[DATA, VOICE, REGISTRATION]
22:43:21  CC             PASSED    NAC:2209/x8A1 TSBK3 IDEN_UPDATE ID:4 OFFSET:-39000000 SPACING:12500 BASE:935012500 FDMA BW:12500
22:43:21  CC             PASSED    NAC:2209/x8A1 TSBK1 SNDCP_DCH_ANN_EX CHAN:0-1193/----- AUTONOMOUS/REQUESTED-ACCESS DAC:1 **:0 SERVICE OPTIONS:NSAPI:0 HALF DUPLEX CIRCUIT MODE
22:43:21  CC             PASSED    NAC:2209/x8A1 TSBK2 IDEN_UPDATE_TDMA ID:5 OFFSET:-39000000 SPACING:12500 BASE:935012500 TDMA BW:12500 TIMESLOTS:2 VOCODER:HALF_RATE
22:43:21  CC             PASSED    NAC:2209/x8A1 TSBK3 MOTOROLA TDMA DATA CHANNEL NOT ACTIVE MSG:9690423FFFFFFFFF0000306C
22:43:21  CC             PASSED    NAC:2209/x8A1 TSBK1 MOTOROLA TRAFFIC CHANNEL 059040C0C00000000800669F
22:43:21  CC             PASSED    NAC:2209/x8A1 TSBK2 TDMA_SYNC_BCST SYSTEM TIME UNLOCKED: 2026-04-18 21:47:09.300 -0500 LEAP-SECOND CORRECTION:0.0mS MICROSLOT-MINUTE ROLLOVER:SLOW
22:43:21  CC             PASSED    NAC:2209/x8A1 TSBK3 SEC_CCH_BROADCST RFSS:1/x01 SITE:1/x01 CHAN A:0-1349 SERVICE OPTIONS:[BACKUP CONTROL CHANNEL] CHAN B:0-1277 SERVICE OPTIONS:[BACKUP CONTROL CHANNEL]
22:43:21  T2 858.4625    PASSED    NAC:2209/x8A1 TDU
22:43:21  T2 858.4625    PASSED    NAC:2209/x8A1 TDU
22:43:21  T2 858.4625    PASSED    NAC:2209/x8A1 PDU RESPONSE TO:3416142 ALL BLOCKS RECEIVED
22:43:21  T2 858.4625    PASSED    NAC:2209/x8A1 TDU
22:43:21  T2 858.4625    PASSED    NAC:2209/x8A1 TDU
22:43:21  T2 858.4625    PASSED    NAC:2209/x8A1 TDULC RFSS STATUS BROADCAST LRA:0/x00 SYSTEM:2208/x8A0 SITE:1/x01-1/x01 CHAN:0-1593 SERVICE OPTIONS:[DATA, VOICE, REGISTRATION]
22:43:21  T2 858.4625    PASSED    NAC:2209/x8A1 TDULC RFSS STATUS BROADCAST LRA:0/x00 SYSTEM:2208/x8A0 SITE:1/x01-1/x01 CHAN:0-1593 SERVICE OPTIONS:[DATA, VOICE, REGISTRATION]
22:43:21  T2 858.4625    PASSED    NAC:2209/x8A1 TDULC RFSS STATUS BROADCAST LRA:0/x00 SYSTEM:2208/x8A0 SITE:1/x01-1/x01 CHAN:0-1593 SERVICE OPTIONS:[DATA, VOICE, REGISTRATION]
22:43:21  T2 858.4625    PASSED    NAC:2209/x8A1 TDULC RFSS STATUS BROADCAST LRA:0/x00 SYSTEM:2208/x8A0 SITE:1/x01-1/x01 CHAN:0-1593 SERVICE OPTIONS:[DATA, VOICE, REGISTRATION]
22:43:21  T2 858.4625    PASSED    NAC:2209/x8A1 TDULC RFSS STATUS BROADCAST LRA:0/x00 SYSTEM:2208/x8A0 SITE:1/x01-1/x01 CHAN:0-1593 SERVICE OPTIONS:[DATA, VOICE, REGISTRATION]
22:43:21  T2 858.4625    PASSED    NAC:2209/x8A1 TDULC RFSS STATUS BROADCAST LRA:0/x00 SYSTEM:2208/x8A0 SITE:1/x01-1/x01 CHAN:0-1593 SERVICE OPTIONS:[DATA, VOICE, REGISTRATION]
22:43:21  T2 858.4625    PASSED    NAC:2209/x8A1 TDULC RFSS STATUS BROADCAST LRA:0/x00 SYSTEM:2208/x8A0 SITE:1/x01-1/x01 CHAN:0-1593 SERVICE OPTIONS:[DATA, VOICE, REGISTRATION]
22:43:21  T2 858.4625    PASSED    NAC:2209/x8A1 TDULC RFSS STATUS BROADCAST LRA:0/x00 SYSTEM:2208/x8A0 SITE:1/x01-1/x01 CHAN:0-1593 SERVICE OPTIONS:[DATA, VOICE, REGISTRATION]
22:43:21  T2 858.4625    PASSED    NAC:2209/x8A1 TDULC RFSS STATUS BROADCAST LRA:0/x00 SYSTEM:2208/x8A0 SITE:1/x01-1/x01 CHAN:0-1593 SERVICE OPTIONS:[DATA, VOICE, REGISTRATION]
22:43:21  T2 858.4625    PASSED    NAC:2209/x8A1 TDU
22:43:21  T2 858.4625    PASSED    NAC:2209/x8A1 TDU
22:43:21  T2 858.4625    PASSED    NAC:2209/x8A1 TDU
22:43:21  T2 858.4625    PASSED    NAC:2209/x8A1 PDU RESPONSE TO:3412772 ALL BLOCKS RECEIVED
22:43:21  T2 858.4625    PASSED    NAC:2209/x8A1 TDU
22:43:21  T2 858.4625    PASSED    NAC:2209/x8A1 TDU
22:43:21  T2 858.4625    PASSED    NAC:2209/x8A1 TDULC RFSS STATUS BROADCAST LRA:0/x00 SYSTEM:2208/x8A0 SITE:1/x01-1/x01 CHAN:0-1593 SERVICE OPTIONS:[DATA, VOICE, REGISTRATION]
22:43:21  T2 858.4625    PASSED    NAC:2209/x8A1 TDULC RFSS STATUS BROADCAST LRA:0/x00 SYSTEM:2208/x8A0 SITE:1/x01-1/x01 CHAN:0-1593 SERVICE OPTIONS:[DATA, VOICE, REGISTRATION]
22:43:21  T2 858.4625    PASSED    NAC:2209/x8A1 TDULC RFSS STATUS BROADCAST LRA:0/x00 SYSTEM:2208/x8A0 SITE:1/x01-1/x01 CHAN:0-1593 SERVICE OPTIONS:[DATA, VOICE, REGISTRATION]
22:43:21  T2 858.4625    PASSED    NAC:2209/x8A1 TDULC RFSS STATUS BROADCAST LRA:0/x00 SYSTEM:2208/x8A0 SITE:1/x01-1/x01 CHAN:0-1593 SERVICE OPTIONS:[DATA, VOICE, REGISTRATION]
22:43:21  T2 858.4625    PASSED    NAC:2209/x8A1 TDULC RFSS STATUS BROADCAST LRA:0/x00 SYSTEM:2208/x8A0 SITE:1/x01-1/x01 CHAN:0-1593 SERVICE OPTIONS:[DATA, VOICE, REGISTRATION]
22:43:21  T2 858.4625    PASSED    NAC:2209/x8A1 TDULC RFSS STATUS BROADCAST LRA:0/x00 SYSTEM:2208/x8A0 SITE:1/x01-1/x01 CHAN:0-1593 SERVICE OPTIONS:[DATA, VOICE, REGISTRATION]
22:43:21  T2 858.4625    PASSED    NAC:2209/x8A1 TDULC RFSS STATUS BROADCAST LRA:0/x00 SYSTEM:2208/x8A0 SITE:1/x01-1/x01 CHAN:0-1593 SERVICE OPTIONS:[DATA, VOICE, REGISTRATION]
22:43:21  T2 858.4625    PASSED    NAC:2209/x8A1 TDULC RFSS STATUS BROADCAST LRA:0/x00 SYSTEM:2208/x8A0 SITE:1/x01-1/x01 CHAN:0-1593 SERVICE OPTIONS:[DATA, VOICE, REGISTRATION]
22:43:21  T2 858.4625    PASSED    NAC:2209/x8A1 TDULC RFSS STATUS BROADCAST LRA:0/x00 SYSTEM:2208/x8A0 SITE:1/x01-1/x01 CHAN:0-1593 SERVICE OPTIONS:[DATA, VOICE, REGISTRATION]
22:43:22  CC             PASSED    NAC:2209/x8A1 TSBK1 MOTOROLA SYSTEM LOADING MOTOROLA MSG:09900F00000000000000EF7F
22:43:22  CC             PASSED    NAC:2209/x8A1 TSBK2 SNDCP_DCH_PAG_RQ FM:3599067 TO:65535 NSAPI:1 HALF DUPLEX CIRCUIT MODE
22:43:22  CC             PASSED    NAC:2209/x8A1 TSBK3 IDEN_UPDATE ID:0 OFFSET:-45000000 SPACING:6250 BASE:851006250 FDMA BW:12500
22:43:22  CC             PASSED    NAC:2209/x8A1 TSBK1 RFSS_STATUS_BCST SYSTEM:2208/x8A0 RFSS:1/x01 SITE:1/x01 LRA:0/x00 CHAN:0-1593 ACTIVE NETWORK CONNECTION SERVICE OPTIONS:[DATA, VOICE, REGISTRATION]
22:43:22  CC             PASSED    NAC:2209/x8A1 TSBK2 NET_STATUS_BCAST WACN:781824/xBEE00 SYSTEM:2208/x8A0 LRA:0/x00 CHAN:0-1593 SERVICES:[DATA, VOICE, REGISTRATION]
22:43:22  CC             PASSED    NAC:2209/x8A1 TSBK3 IDEN_UPDATE ID:1 OFFSET:30000000 SPACING:6250 BASE:762006250 FDMA BW:12500
22:43:22  CC             PASSED    NAC:2209/x8A1 TSBK1 SNDCP_DCH_ANN_EX CHAN:0-1193/----- AUTONOMOUS/REQUESTED-ACCESS DAC:1 **:0 SERVICE OPTIONS:NSAPI:0 HALF DUPLEX CIRCUIT MODE
22:43:22  CC             PASSED    NAC:2209/x8A1 TSBK2 IDEN_UPDATE_TDMA ID:2 OFFSET:-45000000 SPACING:12500 BASE:851012500 TDMA BW:12500 TIMESLOTS:2 VOCODER:HALF_RATE
22:43:22  CC             PASSED    NAC:2209/x8A1 TSBK3 MOTOROLA TDMA DATA CHANNEL NOT ACTIVE MSG:9690423FFFFFFFFF0000306C
22:43:22  CC             PASSED    NAC:2209/x8A1 TSBK1 MOTOROLA TRAFFIC CHANNEL 059040C0C00000000800669F
22:43:22  CC             PASSED    NAC:2209/x8A1 TSBK2 SNDCP_DCH_GRANT TO:3599067 CHAN:0-1193 SERVICE OPTIONS:NSAPI:1 HALF DUPLEX CIRCUIT MODE
22:43:22  CC             PASSED    NAC:2209/x8A1 TSBK3 TDMA_SYNC_BCST SYSTEM TIME UNLOCKED: 2026-04-18 21:47:09.600 -0500 LEAP-SECOND CORRECTION:0.0mS MICROSLOT-MINUTE ROLLOVER:SLOW
22:43:22  CC             PASSED    NAC:2209/x8A1 TSBK1 SEC_CCH_BROADCST RFSS:1/x01 SITE:1/x01 CHAN A:0-1277 SERVICE OPTIONS:[BACKUP CONTROL CHANNEL] CHAN B:0-1509 SERVICE OPTIONS:[BACKUP CONTROL CHANNEL]
22:43:22  CC             PASSED    NAC:2209/x8A1 TSBK2 SNDCP_DCH_GRANT TO:3599067 CHAN:0-1193 SERVICE OPTIONS:NSAPI:1 HALF DUPLEX CIRCUIT MODE
22:43:22  CC             PASSED    NAC:2209/x8A1 TSBK3 MOTOROLA SYSTEM LOADING MOTOROLA MSG:899011800000000000000317
22:43:22  CC             PASSED    NAC:2209/x8A1 TSBK1 IDEN_UPDATE_TDMA ID:3 OFFSET:30000000 SPACING:12500 BASE:762006250 TDMA BW:12500 TIMESLOTS:2 VOCODER:HALF_RATE
22:43:22  CC             PASSED    NAC:2209/x8A1 TSBK2 SNDCP_DCH_GRANT TO:3599067 CHAN:0-1193 SERVICE OPTIONS:NSAPI:1 HALF DUPLEX CIRCUIT MODE
22:43:22  CC             PASSED    NAC:2209/x8A1 TSBK3 CCH BASE STAT ID CHAN:0-1593 CWID:
22:43:22  CC             PASSED    NAC:2209/x8A1 TSBK1 RFSS_STATUS_BCST SYSTEM:2208/x8A0 RFSS:1/x01 SITE:1/x01 LRA:0/x00 CHAN:0-1593 ACTIVE NETWORK CONNECTION SERVICE OPTIONS:[DATA, VOICE, REGISTRATION]
22:43:22  CC             PASSED    NAC:2209/x8A1 TSBK2 NET_STATUS_BCAST WACN:781824/xBEE00 SYSTEM:2208/x8A0 LRA:0/x00 CHAN:0-1593 SERVICES:[DATA, VOICE, REGISTRATION]
22:43:22  CC             PASSED    NAC:2209/x8A1 TSBK3 IDEN_UPDATE ID:4 OFFSET:-39000000 SPACING:12500 BASE:935012500 FDMA BW:12500
22:43:22  CC             PASSED    NAC:2209/x8A1 TSBK1 SNDCP_DCH_ANN_EX CHAN:0-1193/----- AUTONOMOUS/REQUESTED-ACCESS DAC:1 **:0 SERVICE OPTIONS:NSAPI:0 HALF DUPLEX CIRCUIT MODE
22:43:22  CC             PASSED    NAC:2209/x8A1 TSBK2 IDEN_UPDATE_TDMA ID:5 OFFSET:-39000000 SPACING:12500 BASE:935012500 TDMA BW:12500 TIMESLOTS:2 VOCODER:HALF_RATE
22:43:22  CC             PASSED    NAC:2209/x8A1 TSBK3 MOTOROLA TDMA DATA CHANNEL NOT ACTIVE MSG:9690423FFFFFFFFF0000306C
22:43:22  CC             PASSED    NAC:2209/x8A1 TSBK1 MOTOROLA TRAFFIC CHANNEL 059040C0C00000000800669F
22:43:22  CC             PASSED    NAC:2209/x8A1 TSBK2 TDMA_SYNC_BCST SYSTEM TIME UNLOCKED: 2026-04-18 21:47:09.975 -0500 LEAP-SECOND CORRECTION:0.0mS MICROSLOT-MINUTE ROLLOVER:SLOW
22:43:22  CC             PASSED    NAC:2209/x8A1 TSBK3 SEC_CCH_BROADCST RFSS:1/x01 SITE:1/x01 CHAN A:0-1509 SERVICE OPTIONS:[BACKUP CONTROL CHANNEL] CHAN B:0-1349 SERVICE OPTIONS:[BACKUP CONTROL CHANNEL]
22:43:22  CC             PASSED    NAC:2209/x8A1 TSBK1 MOTOROLA SYSTEM LOADING MOTOROLA MSG:09901040000000000000D6E5
22:43:22  CC             PASSED    NAC:2209/x8A1 TSBK2 IDEN_UPDATE ID:0 OFFSET:-45000000 SPACING:6250 BASE:851006250 FDMA BW:12500
22:43:22  CC             PASSED    NAC:2209/x8A1 TSBK3 RFSS_STATUS_BCST SYSTEM:2208/x8A0 RFSS:1/x01 SITE:1/x01 LRA:0/x00 CHAN:0-1593 ACTIVE NETWORK CONNECTION SERVICE OPTIONS:[DATA, VOICE, REGISTRATION]
22:43:22  CC             PASSED    NAC:2209/x8A1 TSBK1 NET_STATUS_BCAST WACN:781824/xBEE00 SYSTEM:2208/x8A0 LRA:0/x00 CHAN:0-1593 SERVICES:[DATA, VOICE, REGISTRATION]
22:43:22  CC             PASSED    NAC:2209/x8A1 TSBK2 IDEN_UPDATE ID:1 OFFSET:30000000 SPACING:6250 BASE:762006250 FDMA BW:12500
22:43:22  CC             PASSED    NAC:2209/x8A1 TSBK3 SNDCP_DCH_ANN_EX CHAN:0-1193/----- AUTONOMOUS/REQUESTED-ACCESS DAC:1 **:0 SERVICE OPTIONS:NSAPI:0 HALF DUPLEX CIRCUIT MODE
22:43:22  CC             PASSED    NAC:2209/x8A1 TSBK1 IDEN_UPDATE_TDMA ID:2 OFFSET:-45000000 SPACING:12500 BASE:851012500 TDMA BW:12500 TIMESLOTS:2 VOCODER:HALF_RATE
22:43:22  CC             PASSED    NAC:2209/x8A1 TSBK2 MOTOROLA TDMA DATA CHANNEL NOT ACTIVE MSG:1690423FFFFFFFFF0000D458
22:43:22  CC             PASSED    NAC:2209/x8A1 TSBK3 MOTOROLA TRAFFIC CHANNEL 859040C0C0000000080082AB
22:43:22  CC             PASSED    NAC:2209/x8A1 TSBK1 TDMA_SYNC_BCST SYSTEM TIME UNLOCKED: 2026-04-18 21:47:10.275 -0500 LEAP-SECOND CORRECTION:0.0mS MICROSLOT-MINUTE ROLLOVER:SLOW
22:43:22  CC             PASSED    NAC:2209/x8A1 TSBK2 SEC_CCH_BROADCST RFSS:1/x01 SITE:1/x01 CHAN A:0-1349 SERVICE OPTIONS:[BACKUP CONTROL CHANNEL] CHAN B:0-1277 SERVICE OPTIONS:[BACKUP CONTROL CHANNEL]
22:43:22  CC             PASSED    NAC:2209/x8A1 TSBK3 MOTOROLA SYSTEM LOADING MOTOROLA MSG:89900DC0000000000000F2F8
22:43:22  T2 858.4625    PASSED    NAC:2209/x8A1 TDULC RFSS STATUS BROADCAST LRA:0/x00 SYSTEM:2208/x8A0 SITE:1/x01-1/x01 CHAN:0-1593 SERVICE OPTIONS:[DATA, VOICE, REGISTRATION]
22:43:22  T2 858.4625    PASSED    NAC:2209/x8A1 TDULC RFSS STATUS BROADCAST LRA:0/x00 SYSTEM:2208/x8A0 SITE:1/x01-1/x01 CHAN:0-1593 SERVICE OPTIONS:[DATA, VOICE, REGISTRATION]
22:43:22  T2 858.4625    PASSED    NAC:2209/x8A1 TDULC RFSS STATUS BROADCAST LRA:0/x00 SYSTEM:2208/x8A0 SITE:1/x01-1/x01 CHAN:0-1593 SERVICE OPTIONS:[DATA, VOICE, REGISTRATION]
22:43:22  T2 858.4625    PASSED    NAC:2209/x8A1 TDULC RFSS STATUS BROADCAST LRA:0/x00 SYSTEM:2208/x8A0 SITE:1/x01-1/x01 CHAN:0-1593 SERVICE OPTIONS:[DATA, VOICE, REGISTRATION]
22:43:22  T2 858.4625    PASSED    NAC:2209/x8A1 TDULC RFSS STATUS BROADCAST LRA:0/x00 SYSTEM:2208/x8A0 SITE:1/x01-1/x01 CHAN:0-1593 SERVICE OPTIONS:[DATA, VOICE, REGISTRATION]
22:43:22  T2 858.4625    PASSED    NAC:2209/x8A1 TDULC RFSS STATUS BROADCAST LRA:0/x00 SYSTEM:2208/x8A0 SITE:1/x01-1/x01 CHAN:0-1593 SERVICE OPTIONS:[DATA, VOICE, REGISTRATION]
22:43:22  T2 858.4625    PASSED    NAC:2209/x8A1 TDULC RFSS STATUS BROADCAST LRA:0/x00 SYSTEM:2208/x8A0 SITE:1/x01-1/x01 CHAN:0-1593 SERVICE OPTIONS:[DATA, VOICE, REGISTRATION]
22:43:22  T2 858.4625    PASSED    NAC:2209/x8A1 TDULC RFSS STATUS BROADCAST LRA:0/x00 SYSTEM:2208/x8A0 SITE:1/x01-1/x01 CHAN:0-1593 SERVICE OPTIONS:[DATA, VOICE, REGISTRATION]
22:43:22  T2 858.4625    PASSED    NAC:2209/x8A1 TDU
22:43:22  T2 858.4625    PASSED    NAC:2209/x8A1 TDU
22:43:22  T2 858.4625    PASSED    NAC:2209/x8A1 TDU
22:43:22  T2 858.4625    PASSED    NAC:2209/x8A1 IPPKT LLID:3599067 NSAPI:1 IP FROM:10.51.1.116 TO:10.71.203.126 UDP PORT FROM:4001 TO:4001 LRRP TRIGGERED LOCATION START REQUEST ID:13434879 TRIGGER ON GPIO TRIGGER EVERY:130 SECS TRIGGER ON MOVE REQUESTED TOKENS [TIME,REQUEST-64,REQUEST-62,HORIZONTAL DIRECTION,TIMESTAMP,UNRECOGNIZED(10,12,2C,44,9C)]
22:43:22  T2 858.4625    PASSED    NAC:2209/x8A1 TDU
22:43:22  T2 858.4625    PASSED    NAC:2209/x8A1 TDU
22:43:22  T2 858.4625    PASSED    NAC:2209/x8A1 TDULC RFSS STATUS BROADCAST LRA:0/x00 SYSTEM:2208/x8A0 SITE:1/x01-1/x01 CHAN:0-1593 SERVICE OPTIONS:[DATA, VOICE, REGISTRATION]
22:43:22  T2 858.4625    PASSED    NAC:2209/x8A1 TDULC RFSS STATUS BROADCAST LRA:0/x00 SYSTEM:2208/x8A0 SITE:1/x01-1/x01 CHAN:0-1593 SERVICE OPTIONS:[DATA, VOICE, REGISTRATION]
22:43:22  T2 858.4625    PASSED    NAC:2209/x8A1 TDULC RFSS STATUS BROADCAST LRA:0/x00 SYSTEM:2208/x8A0 SITE:1/x01-1/x01 CHAN:0-1593 SERVICE OPTIONS:[DATA, VOICE, REGISTRATION]
22:43:22  T2 858.4625    PASSED    NAC:2209/x8A1 TDULC RFSS STATUS BROADCAST LRA:0/x00 SYSTEM:2208/x8A0 SITE:1/x01-1/x01 CHAN:0-1593 SERVICE OPTIONS:[DATA, VOICE, REGISTRATION]
22:43:22  T2 858.4625    PASSED    NAC:2209/x8A1 TDULC RFSS STATUS BROADCAST LRA:0/x00 SYSTEM:2208/x8A0 SITE:1/x01-1/x01 CHAN:0-1593 SERVICE OPTIONS:[DATA, VOICE, REGISTRATION]
22:43:22  T2 858.4625    PASSED    NAC:2209/x8A1 TDU
22:43:22  T2 858.4625    PASSED    NAC:2209/x8A1 TDU
22:43:22  T2 858.4625    PASSED    NAC:2209/x8A1 TDU
22:43:22  T2 858.4625    PASSED    NAC:2209/x8A1 IPPKT LLID:3599067 NSAPI:1 IP FROM:10.51.1.116 TO:10.71.203.126 UDP PORT FROM:4001 TO:4001 LRRP TRIGGERED LOCATION START REQUEST ID:196607 TRIGGER ON GPIO TRIGGER DISTANCE:2 REQUESTED TOKENS [TIME,REQUEST-64,REQUEST-62,HORIZONTAL DIRECTION,TIMESTAMP,UNRECOGNIZED(10,44,9C)]
22:43:22  T2 858.4625    PASSED    NAC:2209/x8A1 TDU
22:43:22  T2 858.4625    PASSED    NAC:2209/x8A1 TDU
22:43:23  CC             PASSED    NAC:2209/x8A1 TSBK1 CCH BASE STAT ID CHAN:0-1593 CWID:
22:43:23  CC             PASSED    NAC:2209/x8A1 TSBK2 IDEN_UPDATE_TDMA ID:3 OFFSET:30000000 SPACING:12500 BASE:762006250 TDMA BW:12500 TIMESLOTS:2 VOCODER:HALF_RATE
22:43:23  CC             PASSED    NAC:2209/x8A1 TSBK3 RFSS_STATUS_BCST SYSTEM:2208/x8A0 RFSS:1/x01 SITE:1/x01 LRA:0/x00 CHAN:0-1593 ACTIVE NETWORK CONNECTION SERVICE OPTIONS:[DATA, VOICE, REGISTRATION]
22:43:23  CC             PASSED    NAC:2209/x8A1 TSBK1 NET_STATUS_BCAST WACN:781824/xBEE00 SYSTEM:2208/x8A0 LRA:0/x00 CHAN:0-1593 SERVICES:[DATA, VOICE, REGISTRATION]
22:43:23  CC             PASSED    NAC:2209/x8A1 TSBK2 IDEN_UPDATE ID:4 OFFSET:-39000000 SPACING:12500 BASE:935012500 FDMA BW:12500
22:43:23  CC             PASSED    NAC:2209/x8A1 TSBK3 SNDCP_DCH_ANN_EX CHAN:0-1193/----- AUTONOMOUS/REQUESTED-ACCESS DAC:1 **:0 SERVICE OPTIONS:NSAPI:0 HALF DUPLEX CIRCUIT MODE
22:43:23  CC             PASSED    NAC:2209/x8A1 TSBK1 IDEN_UPDATE_TDMA ID:5 OFFSET:-39000000 SPACING:12500 BASE:935012500 TDMA BW:12500 TIMESLOTS:2 VOCODER:HALF_RATE
22:43:23  CC             PASSED    NAC:2209/x8A1 TSBK2 MOTOROLA TDMA DATA CHANNEL NOT ACTIVE MSG:1690423FFFFFFFFF0000D458
22:43:23  CC             PASSED    NAC:2209/x8A1 TSBK3 MOTOROLA TRAFFIC CHANNEL 859040C0C0000000080082AB
22:43:23  CC             PASSED    NAC:2209/x8A1 TSBK1 TDMA_SYNC_BCST SYSTEM TIME UNLOCKED: 2026-04-18 21:47:10.575 -0500 LEAP-SECOND CORRECTION:0.0mS MICROSLOT-MINUTE ROLLOVER:SLOW
22:43:23  CC             PASSED    NAC:2209/x8A1 TSBK2 SEC_CCH_BROADCST RFSS:1/x01 SITE:1/x01 CHAN A:0-1277 SERVICE OPTIONS:[BACKUP CONTROL CHANNEL] CHAN B:0-1509 SERVICE OPTIONS:[BACKUP CONTROL CHANNEL]
22:43:23  CC             PASSED    NAC:2209/x8A1 TSBK3 MOTOROLA SYSTEM LOADING MOTOROLA MSG:89900F000000000000000B4B
22:43:23  CC             PASSED    NAC:2209/x8A1 TSBK1 IDEN_UPDATE ID:0 OFFSET:-45000000 SPACING:6250 BASE:851006250 FDMA BW:12500
22:43:23  CC             PASSED    NAC:2209/x8A1 TSBK2 RFSS_STATUS_BCST SYSTEM:2208/x8A0 RFSS:1/x01 SITE:1/x01 LRA:0/x00 CHAN:0-1593 ACTIVE NETWORK CONNECTION SERVICE OPTIONS:[DATA, VOICE, REGISTRATION]
22:43:23  CC             PASSED    NAC:2209/x8A1 TSBK3 NET_STATUS_BCAST WACN:781824/xBEE00 SYSTEM:2208/x8A0 LRA:0/x00 CHAN:0-1593 SERVICES:[DATA, VOICE, REGISTRATION]
22:43:23  CC             PASSED    NAC:2209/x8A1 TSBK1 IDEN_UPDATE ID:1 OFFSET:30000000 SPACING:6250 BASE:762006250 FDMA BW:12500
22:43:23  CC             PASSED    NAC:2209/x8A1 TSBK2 SNDCP_DCH_ANN_EX CHAN:0-1193/----- AUTONOMOUS/REQUESTED-ACCESS DAC:1 **:0 SERVICE OPTIONS:NSAPI:0 HALF DUPLEX CIRCUIT MODE
22:43:23  CC             PASSED    NAC:2209/x8A1 TSBK3 IDEN_UPDATE_TDMA ID:2 OFFSET:-45000000 SPACING:12500 BASE:851012500 TDMA BW:12500 TIMESLOTS:2 VOCODER:HALF_RATE
22:43:23  CC             PASSED    NAC:2209/x8A1 TSBK1 MOTOROLA TDMA DATA CHANNEL NOT ACTIVE MSG:1690423FFFFFFFFF0000D458
22:43:23  CC             PASSED    NAC:2209/x8A1 TSBK2 MOTOROLA TRAFFIC CHANNEL 059040C0C00000000800669F
22:43:23  CC             PASSED    NAC:2209/x8A1 TSBK3 TDMA_SYNC_BCST SYSTEM TIME UNLOCKED: 2026-04-18 21:47:10.800 -0500 LEAP-SECOND CORRECTION:0.0mS MICROSLOT-MINUTE ROLLOVER:SLOW
22:43:23  CC             PASSED    NAC:2209/x8A1 TSBK1 SEC_CCH_BROADCST RFSS:1/x01 SITE:1/x01 CHAN A:0-1509 SERVICE OPTIONS:[BACKUP CONTROL CHANNEL] CHAN B:0-1349 SERVICE OPTIONS:[BACKUP CONTROL CHANNEL]
22:43:23  CC             PASSED    NAC:2209/x8A1 TSBK2 CCH BASE STAT ID CHAN:0-1593 CWID:
22:43:23  CC             PASSED    NAC:2209/x8A1 TSBK3 MOTOROLA SYSTEM LOADING MOTOROLA MSG:89900F000000000000000B4B
22:43:23  CC             PASSED    NAC:2209/x8A1 TSBK1 IDEN_UPDATE_TDMA ID:3 OFFSET:30000000 SPACING:12500 BASE:762006250 TDMA BW:12500 TIMESLOTS:2 VOCODER:HALF_RATE
22:43:23  CC             PASSED    NAC:2209/x8A1 TSBK2 RFSS_STATUS_BCST SYSTEM:2208/x8A0 RFSS:1/x01 SITE:1/x01 LRA:0/x00 CHAN:0-1593 ACTIVE NETWORK CONNECTION SERVICE OPTIONS:[DATA, VOICE, REGISTRATION]
22:43:23  CC             PASSED    NAC:2209/x8A1 TSBK3 NET_STATUS_BCAST WACN:781824/xBEE00 SYSTEM:2208/x8A0 LRA:0/x00 CHAN:0-1593 SERVICES:[DATA, VOICE, REGISTRATION]
22:43:23  CC             PASSED    NAC:2209/x8A1 TSBK1 IDEN_UPDATE ID:4 OFFSET:-39000000 SPACING:12500 BASE:935012500 FDMA BW:12500
22:43:23  CC             PASSED    NAC:2209/x8A1 TSBK2 SNDCP_DCH_ANN_EX CHAN:0-1193/----- AUTONOMOUS/REQUESTED-ACCESS DAC:1 **:0 SERVICE OPTIONS:NSAPI:0 HALF DUPLEX CIRCUIT MODE
22:43:23  CC             PASSED    NAC:2209/x8A1 TSBK3 IDEN_UPDATE_TDMA ID:5 OFFSET:-39000000 SPACING:12500 BASE:935012500 TDMA BW:12500 TIMESLOTS:2 VOCODER:HALF_RATE
22:43:23  CC             PASSED    NAC:2209/x8A1 TSBK1 MOTOROLA TDMA DATA CHANNEL NOT ACTIVE MSG:1690423FFFFFFFFF0000D458
22:43:23  CC             PASSED    NAC:2209/x8A1 TSBK2 MOTOROLA TRAFFIC CHANNEL 059040C0C00000000800669F
22:43:23  CC             PASSED    NAC:2209/x8A1 TSBK3 TDMA_SYNC_BCST SYSTEM TIME UNLOCKED: 2026-04-18 21:47:11.100 -0500 LEAP-SECOND CORRECTION:0.0mS MICROSLOT-MINUTE ROLLOVER:SLOW
22:43:23  CC             PASSED    NAC:2209/x8A1 TSBK1 SEC_CCH_BROADCST RFSS:1/x01 SITE:1/x01 CHAN A:0-1349 SERVICE OPTIONS:[BACKUP CONTROL CHANNEL] CHAN B:0-1277 SERVICE OPTIONS:[BACKUP CONTROL CHANNEL]
22:43:23  CC             PASSED    NAC:2209/x8A1 TSBK2 MOTOROLA SYSTEM LOADING MOTOROLA MSG:09900DC000000000000016CC
22:43:23  CC             PASSED    NAC:2209/x8A1 TSBK3 IDEN_UPDATE ID:0 OFFSET:-45000000 SPACING:6250 BASE:851006250 FDMA BW:12500
22:43:23  CC             PASSED    NAC:2209/x8A1 TSBK1 RFSS_STATUS_BCST SYSTEM:2208/x8A0 RFSS:1/x01 SITE:1/x01 LRA:0/x00 CHAN:0-1593 ACTIVE NETWORK CONNECTION SERVICE OPTIONS:[DATA, VOICE, REGISTRATION]
22:43:23  CC             PASSED    NAC:2209/x8A1 TSBK2 NET_STATUS_BCAST WACN:781824/xBEE00 SYSTEM:2208/x8A0 LRA:0/x00 CHAN:0-1593 SERVICES:[DATA, VOICE, REGISTRATION]
22:43:23  CC             PASSED    NAC:2209/x8A1 TSBK3 IDEN_UPDATE ID:1 OFFSET:30000000 SPACING:6250 BASE:762006250 FDMA BW:12500
22:43:23  CC             PASSED    NAC:2209/x8A1 TSBK2 IDEN_UPDATE_TDMA ID:2 OFFSET:-45000000 SPACING:12500 BASE:851012500 TDMA BW:12500 TIMESLOTS:2 VOCODER:HALF_RATE
22:43:23  T2 858.4625    PASSED    NAC:2209/x8A1 TDULC RFSS STATUS BROADCAST LRA:0/x00 SYSTEM:2208/x8A0 SITE:1/x01-1/x01 CHAN:0-1593 SERVICE OPTIONS:[DATA, VOICE, REGISTRATION]
22:43:23  T2 858.4625    PASSED    NAC:2209/x8A1 TDULC RFSS STATUS BROADCAST LRA:0/x00 SYSTEM:2208/x8A0 SITE:1/x01-1/x01 CHAN:0-1593 SERVICE OPTIONS:[DATA, VOICE, REGISTRATION]
22:43:23  T2 858.4625    PASSED    NAC:2209/x8A1 TDULC RFSS STATUS BROADCAST LRA:0/x00 SYSTEM:2208/x8A0 SITE:1/x01-1/x01 CHAN:0-1593 SERVICE OPTIONS:[DATA, VOICE, REGISTRATION]
22:43:23  T2 858.4625    PASSED    NAC:2209/x8A1 TDULC RFSS STATUS BROADCAST LRA:0/x00 SYSTEM:2208/x8A0 SITE:1/x01-1/x01 CHAN:0-1593 SERVICE OPTIONS:[DATA, VOICE, REGISTRATION]
22:43:23  T2 858.4625    PASSED    NAC:2209/x8A1 TDULC RFSS STATUS BROADCAST LRA:0/x00 SYSTEM:2208/x8A0 SITE:1/x01-1/x01 CHAN:0-1593 SERVICE OPTIONS:[DATA, VOICE, REGISTRATION]
22:43:23  T2 858.4625    PASSED    NAC:2209/x8A1 TDU
22:43:23  T2 858.4625    PASSED    NAC:2209/x8A1 TDU
22:43:23  T2 858.4625    PASSED    NAC:2209/x8A1 TDU
22:43:23  T2 858.4625    PASSED    NAC:2209/x8A1 IPPKT LLID:3599067 NSAPI:1 IP FROM:10.51.1.116 TO:10.71.203.126 UDP PORT FROM:4001 TO:4001 LRRP TRIGGERED LOCATION START REQUEST ID:15663103 TRIGGER ON GPIO TRIGGER EVERY:132 SECS REQUESTED TOKENS [TIME,REQUEST-64,REQUEST-62,HORIZONTAL DIRECTION,TIMESTAMP,UNRECOGNIZED(10,44,58,9C)]
22:43:23  T2 858.4625    PASSED    NAC:2209/x8A1 TDU
22:43:23  T2 858.4625    PASSED    NAC:2209/x8A1 TDU
22:43:23  T2 858.4625    PASSED    NAC:2209/x8A1 TDULC RFSS STATUS BROADCAST LRA:0/x00 SYSTEM:2208/x8A0 SITE:1/x01-1/x01 CHAN:0-1593 SERVICE OPTIONS:[DATA, VOICE, REGISTRATION]
22:43:23  T2 858.4625    PASSED    NAC:2209/x8A1 TDULC RFSS STATUS BROADCAST LRA:0/x00 SYSTEM:2208/x8A0 SITE:1/x01-1/x01 CHAN:0-1593 SERVICE OPTIONS:[DATA, VOICE, REGISTRATION]
22:43:23  T2 858.4625    PASSED    NAC:2209/x8A1 TDULC RFSS STATUS BROADCAST LRA:0/x00 SYSTEM:2208/x8A0 SITE:1/x01-1/x01 CHAN:0-1593 SERVICE OPTIONS:[DATA, VOICE, REGISTRATION]
22:43:23  T2 858.4625    PASSED    NAC:2209/x8A1 TDULC RFSS STATUS BROADCAST LRA:0/x00 SYSTEM:2208/x8A0 SITE:1/x01-1/x01 CHAN:0-1593 SERVICE OPTIONS:[DATA, VOICE, REGISTRATION]
22:43:23  T2 858.4625    PASSED    NAC:2209/x8A1 TDULC RFSS STATUS BROADCAST LRA:0/x00 SYSTEM:2208/x8A0 SITE:1/x01-1/x01 CHAN:0-1593 SERVICE OPTIONS:[DATA, VOICE, REGISTRATION]
22:43:23  T2 858.4625    PASSED    NAC:2209/x8A1 TDULC RFSS STATUS BROADCAST LRA:0/x00 SYSTEM:2208/x8A0 SITE:1/x01-1/x01 CHAN:0-1593 SERVICE OPTIONS:[DATA, VOICE, REGISTRATION]
22:43:23  T2 858.4625    PASSED    NAC:2209/x8A1 TDULC RFSS STATUS BROADCAST LRA:0/x00 SYSTEM:2208/x8A0 SITE:1/x01-1/x01 CHAN:0-1593 SERVICE OPTIONS:[DATA, VOICE, REGISTRATION]
22:43:23  T2 858.4625    PASSED    NAC:2209/x8A1 TDULC RFSS STATUS BROADCAST LRA:0/x00 SYSTEM:2208/x8A0 SITE:1/x01-1/x01 CHAN:0-1593 SERVICE OPTIONS:[DATA, VOICE, REGISTRATION]
22:43:23  T2 858.4625    PASSED    NAC:2209/x8A1 TDULC RFSS STATUS BROADCAST LRA:0/x00 SYSTEM:2208/x8A0 SITE:1/x01-1/x01 CHAN:0-1593 SERVICE OPTIONS:[DATA, VOICE, REGISTRATION]
22:43:23  T2 858.4625    PASSED    NAC:2209/x8A1 TDULC RFSS STATUS BROADCAST LRA:0/x00 SYSTEM:2208/x8A0 SITE:1/x01-1/x01 CHAN:0-1593 SERVICE OPTIONS:[DATA, VOICE, REGISTRATION]
22:43:23  T2 858.4625    PASSED    NAC:2209/x8A1 TDULC RFSS STATUS BROADCAST LRA:0/x00 SYSTEM:2208/x8A0 SITE:1/x01-1/x01 CHAN:0-1593 SERVICE OPTIONS:[DATA, VOICE, REGISTRATION]
22:43:23  T2 858.4625    PASSED    NAC:2209/x8A1 TDULC RFSS STATUS BROADCAST LRA:0/x00 SYSTEM:2208/x8A0 SITE:1/x01-1/x01 CHAN:0-1593 SERVICE OPTIONS:[DATA, VOICE, REGISTRATION]
22:43:24  CC             PASSED    NAC:2209/x8A1 TSBK1 SNDCP_DCH_ANN_EX CHAN:0-1193/----- AUTONOMOUS/REQUESTED-ACCESS DAC:1 **:0 SERVICE OPTIONS:NSAPI:0 HALF DUPLEX CIRCUIT MODE
22:43:24  CC             PASSED    NAC:2209/x8A1 TSBK3 MOTOROLA TDMA DATA CHANNEL NOT ACTIVE MSG:9690423FFFFFFFFF0000306C
22:43:24  CC             PASSED    NAC:2209/x8A1 TSBK1 MOTOROLA TRAFFIC CHANNEL 059040C0C00000000800669F
22:43:24  CC             PASSED    NAC:2209/x8A1 TSBK2 TDMA_SYNC_BCST SYSTEM TIME UNLOCKED: 2026-04-18 21:47:11.400 -0500 LEAP-SECOND CORRECTION:0.0mS MICROSLOT-MINUTE ROLLOVER:SLOW
22:43:24  CC             PASSED    NAC:2209/x8A1 TSBK3 CCH BASE STAT ID CHAN:0-1593 CWID:
22:43:24  CC             PASSED    NAC:2209/x8A1 TSBK1 SEC_CCH_BROADCST RFSS:1/x01 SITE:1/x01 CHAN A:0-1277 SERVICE OPTIONS:[BACKUP CONTROL CHANNEL] CHAN B:0-1509 SERVICE OPTIONS:[BACKUP CONTROL CHANNEL]
22:43:24  CC             PASSED    NAC:2209/x8A1 TSBK2 MOTOROLA SYSTEM LOADING MOTOROLA MSG:09900F00000000000000EF7F
22:43:24  CC             PASSED    NAC:2209/x8A1 TSBK3 IDEN_UPDATE_TDMA ID:3 OFFSET:30000000 SPACING:12500 BASE:762006250 TDMA BW:12500 TIMESLOTS:2 VOCODER:HALF_RATE
22:43:24  CC             PASSED    NAC:2209/x8A1 TSBK1 RFSS_STATUS_BCST SYSTEM:2208/x8A0 RFSS:1/x01 SITE:1/x01 LRA:0/x00 CHAN:0-1593 ACTIVE NETWORK CONNECTION SERVICE OPTIONS:[DATA, VOICE, REGISTRATION]
22:43:24  CC             PASSED    NAC:2209/x8A1 TSBK2 NET_STATUS_BCAST WACN:781824/xBEE00 SYSTEM:2208/x8A0 LRA:0/x00 CHAN:0-1593 SERVICES:[DATA, VOICE, REGISTRATION]
22:43:24  CC             PASSED    NAC:2209/x8A1 TSBK3 IDEN_UPDATE ID:4 OFFSET:-39000000 SPACING:12500 BASE:935012500 FDMA BW:12500
22:43:24  CC             PASSED    NAC:2209/x8A1 TSBK1 SNDCP_DCH_ANN_EX CHAN:0-1193/----- AUTONOMOUS/REQUESTED-ACCESS DAC:1 **:0 SERVICE OPTIONS:NSAPI:0 HALF DUPLEX CIRCUIT MODE
22:43:24  CC             PASSED    NAC:2209/x8A1 TSBK2 IDEN_UPDATE_TDMA ID:5 OFFSET:-39000000 SPACING:12500 BASE:935012500 TDMA BW:12500 TIMESLOTS:2 VOCODER:HALF_RATE
22:43:24  CC             PASSED    NAC:2209/x8A1 TSBK3 MOTOROLA TDMA DATA CHANNEL NOT ACTIVE MSG:9690423FFFFFFFFF0000306C
22:43:24  CC             PASSED    NAC:2209/x8A1 TSBK1 MOTOROLA TRAFFIC CHANNEL 059040C0C00000000800669F
22:43:24  CC             PASSED    NAC:2209/x8A1 TSBK2 TDMA_SYNC_BCST SYSTEM TIME UNLOCKED: 2026-04-18 21:47:11.700 -0500 LEAP-SECOND CORRECTION:0.0mS MICROSLOT-MINUTE ROLLOVER:SLOW
22:43:24  CC             PASSED    NAC:2209/x8A1 TSBK3 SEC_CCH_BROADCST RFSS:1/x01 SITE:1/x01 CHAN A:0-1509 SERVICE OPTIONS:[BACKUP CONTROL CHANNEL] CHAN B:0-1349 SERVICE OPTIONS:[BACKUP CONTROL CHANNEL]
22:43:24  CC             PASSED    NAC:2209/x8A1 TSBK1 MOTOROLA SYSTEM LOADING MOTOROLA MSG:09900DC000000000000016CC
22:43:24  CC             PASSED    NAC:2209/x8A1 TSBK2 IDEN_UPDATE ID:0 OFFSET:-45000000 SPACING:6250 BASE:851006250 FDMA BW:12500
22:43:24  CC             PASSED    NAC:2209/x8A1 TSBK3 RFSS_STATUS_BCST SYSTEM:2208/x8A0 RFSS:1/x01 SITE:1/x01 LRA:0/x00 CHAN:0-1593 ACTIVE NETWORK CONNECTION SERVICE OPTIONS:[DATA, VOICE, REGISTRATION]
22:43:24  CC             PASSED    NAC:2209/x8A1 TSBK1 NET_STATUS_BCAST WACN:781824/xBEE00 SYSTEM:2208/x8A0 LRA:0/x00 CHAN:0-1593 SERVICES:[DATA, VOICE, REGISTRATION]
22:43:24  CC             PASSED    NAC:2209/x8A1 TSBK2 IDEN_UPDATE ID:1 OFFSET:30000000 SPACING:6250 BASE:762006250 FDMA BW:12500
22:43:24  CC             PASSED    NAC:2209/x8A1 TSBK3 SNDCP_DCH_ANN_EX CHAN:0-1193/----- AUTONOMOUS/REQUESTED-ACCESS DAC:1 **:0 SERVICE OPTIONS:NSAPI:0 HALF DUPLEX CIRCUIT MODE
22:43:24  CC             PASSED    NAC:2209/x8A1 TSBK1 IDEN_UPDATE_TDMA ID:2 OFFSET:-45000000 SPACING:12500 BASE:851012500 TDMA BW:12500 TIMESLOTS:2 VOCODER:HALF_RATE
22:43:24  CC             PASSED    NAC:2209/x8A1 TSBK2 MOTOROLA TDMA DATA CHANNEL NOT ACTIVE MSG:1690423FFFFFFFFF0000D458
22:43:24  CC             PASSED    NAC:2209/x8A1 TSBK3 MOTOROLA TRAFFIC CHANNEL 859040C0C0000000080082AB
22:43:24  CC             PASSED    NAC:2209/x8A1 TSBK1 CCH BASE STAT ID CHAN:0-1593 CWID:
22:43:24  CC             PASSED    NAC:2209/x8A1 TSBK2 TDMA_SYNC_BCST SYSTEM TIME UNLOCKED: 2026-04-18 21:47:12.000 -0500 LEAP-SECOND CORRECTION:0.0mS MICROSLOT-MINUTE ROLLOVER:SLOW
22:43:24  CC             PASSED    NAC:2209/x8A1 TSBK3 SEC_CCH_BROADCST RFSS:1/x01 SITE:1/x01 CHAN A:0-1349 SERVICE OPTIONS:[BACKUP CONTROL CHANNEL] CHAN B:0-1277 SERVICE OPTIONS:[BACKUP CONTROL CHANNEL]
22:43:24  CC             PASSED    NAC:2209/x8A1 TSBK1 MOTOROLA SYSTEM LOADING MOTOROLA MSG:09900F00000000000000EF7F
22:43:24  CC             PASSED    NAC:2209/x8A1 TSBK2 IDEN_UPDATE_TDMA ID:3 OFFSET:30000000 SPACING:12500 BASE:762006250 TDMA BW:12500 TIMESLOTS:2 VOCODER:HALF_RATE
22:43:24  CC             PASSED    NAC:2209/x8A1 TSBK3 RFSS_STATUS_BCST SYSTEM:2208/x8A0 RFSS:1/x01 SITE:1/x01 LRA:0/x00 CHAN:0-1593 ACTIVE NETWORK CONNECTION SERVICE OPTIONS:[DATA, VOICE, REGISTRATION]
22:43:24  CC             PASSED    NAC:2209/x8A1 TSBK1 NET_STATUS_BCAST WACN:781824/xBEE00 SYSTEM:2208/x8A0 LRA:0/x00 CHAN:0-1593 SERVICES:[DATA, VOICE, REGISTRATION]
22:43:24  CC             PASSED    NAC:2209/x8A1 TSBK2 IDEN_UPDATE ID:4 OFFSET:-39000000 SPACING:12500 BASE:935012500 FDMA BW:12500
22:43:24  CC             PASSED    NAC:2209/x8A1 TSBK3 SNDCP_DCH_ANN_EX CHAN:0-1193/----- AUTONOMOUS/REQUESTED-ACCESS DAC:1 **:0 SERVICE OPTIONS:NSAPI:0 HALF DUPLEX CIRCUIT MODE
22:43:24  CC             PASSED    NAC:2209/x8A1 TSBK1 IDEN_UPDATE_TDMA ID:5 OFFSET:-39000000 SPACING:12500 BASE:935012500 TDMA BW:12500 TIMESLOTS:2 VOCODER:HALF_RATE
22:43:24  CC             PASSED    NAC:2209/x8A1 TSBK2 MOTOROLA TDMA DATA CHANNEL NOT ACTIVE MSG:1690423FFFFFFFFF0000D458
22:43:24  CC             PASSED    NAC:2209/x8A1 TSBK3 MOTOROLA TRAFFIC CHANNEL 859040C0C0000000080082AB
22:43:24  CC             PASSED    NAC:2209/x8A1 TSBK1 TDMA_SYNC_BCST SYSTEM TIME UNLOCKED: 2026-04-18 21:47:12.300 -0500 LEAP-SECOND CORRECTION:0.0mS MICROSLOT-MINUTE ROLLOVER:SLOW
22:43:24  CC             PASSED    NAC:2209/x8A1 TSBK2 SEC_CCH_BROADCST RFSS:1/x01 SITE:1/x01 CHAN A:0-1277 SERVICE OPTIONS:[BACKUP CONTROL CHANNEL] CHAN B:0-1509 SERVICE OPTIONS:[BACKUP CONTROL CHANNEL]
22:43:24  T2 858.4625    PASSED    NAC:2209/x8A1 TDULC RFSS STATUS BROADCAST LRA:0/x00 SYSTEM:2208/x8A0 SITE:1/x01-1/x01 CHAN:0-1593 SERVICE OPTIONS:[DATA, VOICE, REGISTRATION]
22:43:24  T2 858.4625    PASSED    NAC:2209/x8A1 TDULC RFSS STATUS BROADCAST LRA:0/x00 SYSTEM:2208/x8A0 SITE:1/x01-1/x01 CHAN:0-1593 SERVICE OPTIONS:[DATA, VOICE, REGISTRATION]
22:43:24  T2 858.4625    PASSED    NAC:2209/x8A1 TDULC RFSS STATUS BROADCAST LRA:0/x00 SYSTEM:2208/x8A0 SITE:1/x01-1/x01 CHAN:0-1593 SERVICE OPTIONS:[DATA, VOICE, REGISTRATION]
22:43:24  T2 858.4625    PASSED    NAC:2209/x8A1 TDULC RFSS STATUS BROADCAST LRA:0/x00 SYSTEM:2208/x8A0 SITE:1/x01-1/x01 CHAN:0-1593 SERVICE OPTIONS:[DATA, VOICE, REGISTRATION]
22:43:24  T2 858.4625    PASSED    NAC:2209/x8A1 TDULC RFSS STATUS BROADCAST LRA:0/x00 SYSTEM:2208/x8A0 SITE:1/x01-1/x01 CHAN:0-1593 SERVICE OPTIONS:[DATA, VOICE, REGISTRATION]
22:43:24  T2 858.4625    PASSED    NAC:2209/x8A1 TDULC RFSS STATUS BROADCAST LRA:0/x00 SYSTEM:2208/x8A0 SITE:1/x01-1/x01 CHAN:0-1593 SERVICE OPTIONS:[DATA, VOICE, REGISTRATION]
22:43:24  T2 858.4625    PASSED    NAC:2209/x8A1 TDULC RFSS STATUS BROADCAST LRA:0/x00 SYSTEM:2208/x8A0 SITE:1/x01-1/x01 CHAN:0-1593 SERVICE OPTIONS:[DATA, VOICE, REGISTRATION]
22:43:24  T2 858.4625    PASSED    NAC:2209/x8A1 TDULC RFSS STATUS BROADCAST LRA:0/x00 SYSTEM:2208/x8A0 SITE:1/x01-1/x01 CHAN:0-1593 SERVICE OPTIONS:[DATA, VOICE, REGISTRATION]
22:43:24  T2 858.4625    PASSED    NAC:2209/x8A1 TDULC RFSS STATUS BROADCAST LRA:0/x00 SYSTEM:2208/x8A0 SITE:1/x01-1/x01 CHAN:0-1593 SERVICE OPTIONS:[DATA, VOICE, REGISTRATION]
22:43:24  T2 858.4625    PASSED    NAC:2209/x8A1 TDULC RFSS STATUS BROADCAST LRA:0/x00 SYSTEM:2208/x8A0 SITE:1/x01-1/x01 CHAN:0-1593 SERVICE OPTIONS:[DATA, VOICE, REGISTRATION]
22:43:24  T2 858.4625    PASSED    NAC:2209/x8A1 TDULC RFSS STATUS BROADCAST LRA:0/x00 SYSTEM:2208/x8A0 SITE:1/x01-1/x01 CHAN:0-1593 SERVICE OPTIONS:[DATA, VOICE, REGISTRATION]
22:43:24  T2 858.4625    PASSED    NAC:2209/x8A1 TDULC RFSS STATUS BROADCAST LRA:0/x00 SYSTEM:2208/x8A0 SITE:1/x01-1/x01 CHAN:0-1593 SERVICE OPTIONS:[DATA, VOICE, REGISTRATION]
22:43:24  T2 858.4625    PASSED    NAC:2209/x8A1 TDULC RFSS STATUS BROADCAST LRA:0/x00 SYSTEM:2208/x8A0 SITE:1/x01-1/x01 CHAN:0-1593 SERVICE OPTIONS:[DATA, VOICE, REGISTRATION]
22:43:24  T2 858.4625    PASSED    NAC:2209/x8A1 TDULC RFSS STATUS BROADCAST LRA:0/x00 SYSTEM:2208/x8A0 SITE:1/x01-1/x01 CHAN:0-1593 SERVICE OPTIONS:[DATA, VOICE, REGISTRATION]
22:43:24  T2 858.4625    PASSED    NAC:2209/x8A1 TDULC RFSS STATUS BROADCAST LRA:0/x00 SYSTEM:2208/x8A0 SITE:1/x01-1/x01 CHAN:0-1593 SERVICE OPTIONS:[DATA, VOICE, REGISTRATION]
22:43:24  T2 858.4625    PASSED    NAC:2209/x8A1 TDULC RFSS STATUS BROADCAST LRA:0/x00 SYSTEM:2208/x8A0 SITE:1/x01-1/x01 CHAN:0-1593 SERVICE OPTIONS:[DATA, VOICE, REGISTRATION]
22:43:24  T2 858.4625    PASSED    NAC:2209/x8A1 TDULC RFSS STATUS BROADCAST LRA:0/x00 SYSTEM:2208/x8A0 SITE:1/x01-1/x01 CHAN:0-1593 SERVICE OPTIONS:[DATA, VOICE, REGISTRATION]
22:43:24  T2 858.4625    PASSED    NAC:2209/x8A1 TDULC RFSS STATUS BROADCAST LRA:0/x00 SYSTEM:2208/x8A0 SITE:1/x01-1/x01 CHAN:0-1593 SERVICE OPTIONS:[DATA, VOICE, REGISTRATION]
22:43:24  T2 858.4625    PASSED    NAC:2209/x8A1 TDULC RFSS STATUS BROADCAST LRA:0/x00 SYSTEM:2208/x8A0 SITE:1/x01-1/x01 CHAN:0-1593 SERVICE OPTIONS:[DATA, VOICE, REGISTRATION]
22:43:24  T2 858.4625    PASSED    NAC:2209/x8A1 TDULC RFSS STATUS BROADCAST LRA:0/x00 SYSTEM:2208/x8A0 SITE:1/x01-1/x01 CHAN:0-1593 SERVICE OPTIONS:[DATA, VOICE, REGISTRATION]
22:43:24  T2 858.4625    PASSED    NAC:2209/x8A1 TDU
22:43:24  T2 858.4625    PASSED    NAC:2209/x8A1 TDU
22:43:24  T2 858.4625    PASSED    NAC:2209/x8A1 TDU
22:43:24  T2 858.4625    PASSED    NAC:2209/x8A1 PDU RESPONSE TO:3422001 ALL BLOCKS RECEIVED
22:43:24  T2 858.4625    PASSED    NAC:2209/x8A1 TDU
22:43:24  T2 858.4625    PASSED    NAC:2209/x8A1 TDU
22:43:24  T2 858.4625    PASSED    NAC:2209/x8A1 TDULC RFSS STATUS BROADCAST LRA:0/x00 SYSTEM:2208/x8A0 SITE:1/x01-1/x01 CHAN:0-1593 SERVICE OPTIONS:[DATA, VOICE, REGISTRATION]
22:43:25  CC             PASSED    NAC:2209/x8A1 TSBK3 MOTOROLA SYSTEM LOADING MOTOROLA MSG:89900DC0000000000000F2F8
22:43:25  CC             PASSED    NAC:2209/x8A1 TSBK1 IDEN_UPDATE ID:0 OFFSET:-45000000 SPACING:6250 BASE:851006250 FDMA BW:12500
22:43:25  CC             PASSED    NAC:2209/x8A1 TSBK2 RFSS_STATUS_BCST SYSTEM:2208/x8A0 RFSS:1/x01 SITE:1/x01 LRA:0/x00 CHAN:0-1593 ACTIVE NETWORK CONNECTION SERVICE OPTIONS:[DATA, VOICE, REGISTRATION]
22:43:25  CC             PASSED    NAC:2209/x8A1 TSBK3 NET_STATUS_BCAST WACN:781824/xBEE00 SYSTEM:2208/x8A0 LRA:0/x00 CHAN:0-1593 SERVICES:[DATA, VOICE, REGISTRATION]
22:43:25  CC             PASSED    NAC:2209/x8A1 TSBK1 IDEN_UPDATE ID:1 OFFSET:30000000 SPACING:6250 BASE:762006250 FDMA BW:12500
22:43:25  CC             PASSED    NAC:2209/x8A1 TSBK2 SNDCP_DCH_ANN_EX CHAN:0-1193/----- AUTONOMOUS/REQUESTED-ACCESS DAC:1 **:0 SERVICE OPTIONS:NSAPI:0 HALF DUPLEX CIRCUIT MODE
22:43:25  CC             PASSED    NAC:2209/x8A1 TSBK3 IDEN_UPDATE_TDMA ID:2 OFFSET:-45000000 SPACING:12500 BASE:851012500 TDMA BW:12500 TIMESLOTS:2 VOCODER:HALF_RATE
22:43:25  CC             PASSED    NAC:2209/x8A1 TSBK1 MOTOROLA TDMA DATA CHANNEL NOT ACTIVE MSG:1690423FFFFFFFFF0000D458
22:43:25  CC             PASSED    NAC:2209/x8A1 TSBK2 CCH BASE STAT ID CHAN:0-1593 CWID:
22:43:25  CC             PASSED    NAC:2209/x8A1 TSBK3 MOTOROLA TRAFFIC CHANNEL 859040C0C0000000080082AB
22:43:25  CC             PASSED    NAC:2209/x8A1 TSBK1 TDMA_SYNC_BCST SYSTEM TIME UNLOCKED: 2026-04-18 21:47:12.600 -0500 LEAP-SECOND CORRECTION:0.0mS MICROSLOT-MINUTE ROLLOVER:SLOW
22:43:25  CC             PASSED    NAC:2209/x8A1 TSBK2 SEC_CCH_BROADCST RFSS:1/x01 SITE:1/x01 CHAN A:0-1509 SERVICE OPTIONS:[BACKUP CONTROL CHANNEL] CHAN B:0-1349 SERVICE OPTIONS:[BACKUP CONTROL CHANNEL]
22:43:25  CC             PASSED    NAC:2209/x8A1 TSBK3 MOTOROLA SYSTEM LOADING MOTOROLA MSG:89900F000000000000000B4B
22:43:25  CC             PASSED    NAC:2209/x8A1 TSBK1 IDEN_UPDATE_TDMA ID:3 OFFSET:30000000 SPACING:12500 BASE:762006250 TDMA BW:12500 TIMESLOTS:2 VOCODER:HALF_RATE
22:43:25  CC             PASSED    NAC:2209/x8A1 TSBK2 RFSS_STATUS_BCST SYSTEM:2208/x8A0 RFSS:1/x01 SITE:1/x01 LRA:0/x00 CHAN:0-1593 ACTIVE NETWORK CONNECTION SERVICE OPTIONS:[DATA, VOICE, REGISTRATION]
22:43:25  CC             PASSED    NAC:2209/x8A1 TSBK3 NET_STATUS_BCAST WACN:781824/xBEE00 SYSTEM:2208/x8A0 LRA:0/x00 CHAN:0-1593 SERVICES:[DATA, VOICE, REGISTRATION]
22:43:25  CC             PASSED    NAC:2209/x8A1 TSBK1 IDEN_UPDATE ID:4 OFFSET:-39000000 SPACING:12500 BASE:935012500 FDMA BW:12500
22:43:25  CC             PASSED    NAC:2209/x8A1 TSBK2 SNDCP_DCH_ANN_EX CHAN:0-1193/----- AUTONOMOUS/REQUESTED-ACCESS DAC:1 **:0 SERVICE OPTIONS:NSAPI:0 HALF DUPLEX CIRCUIT MODE
22:43:25  CC             PASSED    NAC:2209/x8A1 TSBK3 IDEN_UPDATE_TDMA ID:5 OFFSET:-39000000 SPACING:12500 BASE:935012500 TDMA BW:12500 TIMESLOTS:2 VOCODER:HALF_RATE
22:43:25  CC             PASSED    NAC:2209/x8A1 TSBK1 MOTOROLA TDMA DATA CHANNEL NOT ACTIVE MSG:1690423FFFFFFFFF0000D458
22:43:25  CC             PASSED    NAC:2209/x8A1 TSBK2 MOTOROLA TRAFFIC CHANNEL 059040C0C00000000800669F
22:43:25  CC             PASSED    NAC:2209/x8A1 TSBK3 TDMA_SYNC_BCST SYSTEM TIME UNLOCKED: 2026-04-18 21:47:12.825 -0500 LEAP-SECOND CORRECTION:0.0mS MICROSLOT-MINUTE ROLLOVER:SLOW
22:43:25  CC             PASSED    NAC:2209/x8A1 TSBK1 SEC_CCH_BROADCST RFSS:1/x01 SITE:1/x01 CHAN A:0-1349 SERVICE OPTIONS:[BACKUP CONTROL CHANNEL] CHAN B:0-1277 SERVICE OPTIONS:[BACKUP CONTROL CHANNEL]
22:43:25  CC             PASSED    NAC:2209/x8A1 TSBK2 MOTOROLA SYSTEM LOADING MOTOROLA MSG:09900DC000000000000016CC
22:43:25  CC             PASSED    NAC:2209/x8A1 TSBK3 IDEN_UPDATE ID:0 OFFSET:-45000000 SPACING:6250 BASE:851006250 FDMA BW:12500
22:43:25  CC             PASSED    NAC:2209/x8A1 TSBK1 RFSS_STATUS_BCST SYSTEM:2208/x8A0 RFSS:1/x01 SITE:1/x01 LRA:0/x00 CHAN:0-1593 ACTIVE NETWORK CONNECTION SERVICE OPTIONS:[DATA, VOICE, REGISTRATION]
22:43:25  CC             PASSED    NAC:2209/x8A1 TSBK2 NET_STATUS_BCAST WACN:781824/xBEE00 SYSTEM:2208/x8A0 LRA:0/x00 CHAN:0-1593 SERVICES:[DATA, VOICE, REGISTRATION]
22:43:25  CC             PASSED    NAC:2209/x8A1 TSBK3 IDEN_UPDATE ID:1 OFFSET:30000000 SPACING:6250 BASE:762006250 FDMA BW:12500
22:43:25  CC             PASSED    NAC:2209/x8A1 TSBK1 SNDCP_DCH_ANN_EX CHAN:0-1193/----- AUTONOMOUS/REQUESTED-ACCESS DAC:1 **:0 SERVICE OPTIONS:NSAPI:0 HALF DUPLEX CIRCUIT MODE
22:43:25  CC             PASSED    NAC:2209/x8A1 TSBK2 IDEN_UPDATE_TDMA ID:2 OFFSET:-45000000 SPACING:12500 BASE:851012500 TDMA BW:12500 TIMESLOTS:2 VOCODER:HALF_RATE
22:43:25  CC             PASSED    NAC:2209/x8A1 TSBK3 CCH BASE STAT ID CHAN:0-1593 CWID:
22:43:25  CC             PASSED    NAC:2209/x8A1 TSBK1 MOTOROLA TDMA DATA CHANNEL NOT ACTIVE MSG:1690423FFFFFFFFF0000D458
22:43:25  CC             PASSED    NAC:2209/x8A1 TSBK2 MOTOROLA TRAFFIC CHANNEL 059040C0C00000000800669F
22:43:25  CC             PASSED    NAC:2209/x8A1 TSBK3 TDMA_SYNC_BCST SYSTEM TIME UNLOCKED: 2026-04-18 21:47:13.125 -0500 LEAP-SECOND CORRECTION:0.0mS MICROSLOT-MINUTE ROLLOVER:SLOW
22:43:25  CC             PASSED    NAC:2209/x8A1 TSBK1 SEC_CCH_BROADCST RFSS:1/x01 SITE:1/x01 CHAN A:0-1277 SERVICE OPTIONS:[BACKUP CONTROL CHANNEL] CHAN B:0-1509 SERVICE OPTIONS:[BACKUP CONTROL CHANNEL]
22:43:25  CC             PASSED    NAC:2209/x8A1 TSBK2 MOTOROLA SYSTEM LOADING MOTOROLA MSG:09900F00000000000000EF7F
22:43:25  CC             PASSED    NAC:2209/x8A1 TSBK3 IDEN_UPDATE_TDMA ID:3 OFFSET:30000000 SPACING:12500 BASE:762006250 TDMA BW:12500 TIMESLOTS:2 VOCODER:HALF_RATE
22:43:25  CC             PASSED    NAC:2209/x8A1 TSBK1 RFSS_STATUS_BCST SYSTEM:2208/x8A0 RFSS:1/x01 SITE:1/x01 LRA:0/x00 CHAN:0-1593 ACTIVE NETWORK CONNECTION SERVICE OPTIONS:[DATA, VOICE, REGISTRATION]
22:43:25  CC             PASSED    NAC:2209/x8A1 TSBK2 NET_STATUS_BCAST WACN:781824/xBEE00 SYSTEM:2208/x8A0 LRA:0/x00 CHAN:0-1593 SERVICES:[DATA, VOICE, REGISTRATION]
22:43:25  CC             PASSED    NAC:2209/x8A1 TSBK3 IDEN_UPDATE ID:4 OFFSET:-39000000 SPACING:12500 BASE:935012500 FDMA BW:12500
22:43:25  T2 858.4625    PASSED    NAC:2209/x8A1 TDULC RFSS STATUS BROADCAST LRA:0/x00 SYSTEM:2208/x8A0 SITE:1/x01-1/x01 CHAN:0-1593 SERVICE OPTIONS:[DATA, VOICE, REGISTRATION]
22:43:25  T2 858.4625    PASSED    NAC:2209/x8A1 TDULC RFSS STATUS BROADCAST LRA:0/x00 SYSTEM:2208/x8A0 SITE:1/x01-1/x01 CHAN:0-1593 SERVICE OPTIONS:[DATA, VOICE, REGISTRATION]
22:43:25  T2 858.4625    PASSED    NAC:2209/x8A1 TDULC RFSS STATUS BROADCAST LRA:0/x00 SYSTEM:2208/x8A0 SITE:1/x01-1/x01 CHAN:0-1593 SERVICE OPTIONS:[DATA, VOICE, REGISTRATION]
22:43:25  T2 858.4625    PASSED    NAC:2209/x8A1 TDULC RFSS STATUS BROADCAST LRA:0/x00 SYSTEM:2208/x8A0 SITE:1/x01-1/x01 CHAN:0-1593 SERVICE OPTIONS:[DATA, VOICE, REGISTRATION]
22:43:25  T2 858.4625    PASSED    NAC:2209/x8A1 TDULC RFSS STATUS BROADCAST LRA:0/x00 SYSTEM:2208/x8A0 SITE:1/x01-1/x01 CHAN:0-1593 SERVICE OPTIONS:[DATA, VOICE, REGISTRATION]
22:43:25  T2 858.4625    PASSED    NAC:2209/x8A1 TDULC RFSS STATUS BROADCAST LRA:0/x00 SYSTEM:2208/x8A0 SITE:1/x01-1/x01 CHAN:0-1593 SERVICE OPTIONS:[DATA, VOICE, REGISTRATION]
22:43:25  T2 858.4625    PASSED    NAC:2209/x8A1 TDULC RFSS STATUS BROADCAST LRA:0/x00 SYSTEM:2208/x8A0 SITE:1/x01-1/x01 CHAN:0-1593 SERVICE OPTIONS:[DATA, VOICE, REGISTRATION]
22:43:25  T2 858.4625    PASSED    NAC:2209/x8A1 TDULC RFSS STATUS BROADCAST LRA:0/x00 SYSTEM:2208/x8A0 SITE:1/x01-1/x01 CHAN:0-1593 SERVICE OPTIONS:[DATA, VOICE, REGISTRATION]
22:43:25  T2 858.4625    PASSED    NAC:2209/x8A1 TDULC RFSS STATUS BROADCAST LRA:0/x00 SYSTEM:2208/x8A0 SITE:1/x01-1/x01 CHAN:0-1593 SERVICE OPTIONS:[DATA, VOICE, REGISTRATION]
22:43:25  T2 858.4625    PASSED    NAC:2209/x8A1 TDULC RFSS STATUS BROADCAST LRA:0/x00 SYSTEM:2208/x8A0 SITE:1/x01-1/x01 CHAN:0-1593 SERVICE OPTIONS:[DATA, VOICE, REGISTRATION]
22:43:25  T2 858.4625    PASSED    NAC:2209/x8A1 TDULC RFSS STATUS BROADCAST LRA:0/x00 SYSTEM:2208/x8A0 SITE:1/x01-1/x01 CHAN:0-1593 SERVICE OPTIONS:[DATA, VOICE, REGISTRATION]
22:43:25  T2 858.4625    PASSED    NAC:2209/x8A1 TDU
22:43:25  T2 858.4625    PASSED    NAC:2209/x8A1 TDU
22:43:25  T2 858.4625    PASSED    NAC:2209/x8A1 TDU
22:43:25  T2 858.4625    PASSED    NAC:2209/x8A1 PDU RESPONSE TO:3412098 ALL BLOCKS RECEIVED
22:43:25  T2 858.4625    PASSED    NAC:2209/x8A1 TDULC CALL TERMINATION BY:3422017
22:43:25  T2 858.4625    PASSED    NAC:2209/x8A1 TDULC CALL TERMINATION BY:3422017
22:43:25  T2 858.4625    PASSED    NAC:2209/x8A1 TDU
22:43:25  T2 858.4625    PASSED    NAC:2209/x8A1 TDU
22:43:25  T2 858.4625    PASSED    NAC:2209/x8A1 TDULC RFSS STATUS BROADCAST LRA:0/x00 SYSTEM:2208/x8A0 SITE:1/x01-1/x01 CHAN:0-1593 SERVICE OPTIONS:[DATA, VOICE, REGISTRATION]
22:43:25  T2 858.4625    PASSED    NAC:2209/x8A1 TDULC RFSS STATUS BROADCAST LRA:0/x00 SYSTEM:2208/x8A0 SITE:1/x01-1/x01 CHAN:0-1593 SERVICE OPTIONS:[DATA, VOICE, REGISTRATION]
22:43:25  T2 858.4625    PASSED    NAC:2209/x8A1 TDU
22:43:25  T2 858.4625    PASSED    NAC:2209/x8A1 TDU
22:43:25  T2 858.4625    PASSED    NAC:2209/x8A1 TDU
22:43:25  T2 858.4625    PASSED    NAC:2209/x8A1 TDULC CALL TERMINATION BY:3406093
22:43:25  T2 858.4625    PASSED    NAC:2209/x8A1 TDULC CALL TERMINATION BY:3406093
22:43:25  T2 858.4625    PASSED    NAC:2209/x8A1 TDU
22:43:25  T2 858.4625    PASSED    NAC:2209/x8A1 TDU
22:43:26  CC             PASSED    NAC:2209/x8A1 TSBK1 SNDCP_DCH_ANN_EX CHAN:0-1193/----- AUTONOMOUS/REQUESTED-ACCESS DAC:1 **:0 SERVICE OPTIONS:NSAPI:0 HALF DUPLEX CIRCUIT MODE
22:43:26  CC             PASSED    NAC:2209/x8A1 TSBK2 IDEN_UPDATE_TDMA ID:5 OFFSET:-39000000 SPACING:12500 BASE:935012500 TDMA BW:12500 TIMESLOTS:2 VOCODER:HALF_RATE
22:43:26  CC             PASSED    NAC:2209/x8A1 TSBK3 MOTOROLA TDMA DATA CHANNEL NOT ACTIVE MSG:9690423FFFFFFFFF0000306C
22:43:26  CC             PASSED    NAC:2209/x8A1 TSBK1 MOTOROLA TRAFFIC CHANNEL 059040C0C00000000800669F
22:43:26  CC             PASSED    NAC:2209/x8A1 TSBK2 TDMA_SYNC_BCST SYSTEM TIME UNLOCKED: 2026-04-18 21:47:13.425 -0500 LEAP-SECOND CORRECTION:0.0mS MICROSLOT-MINUTE ROLLOVER:SLOW
22:43:26  CC             PASSED    NAC:2209/x8A1 TSBK3 SEC_CCH_BROADCST RFSS:1/x01 SITE:1/x01 CHAN A:0-1509 SERVICE OPTIONS:[BACKUP CONTROL CHANNEL] CHAN B:0-1349 SERVICE OPTIONS:[BACKUP CONTROL CHANNEL]
22:43:26  CC             PASSED    NAC:2209/x8A1 TSBK1 MOTOROLA SYSTEM LOADING MOTOROLA MSG:09900DC000000000000016CC
22:43:26  CC             PASSED    NAC:2209/x8A1 TSBK2 IDEN_UPDATE ID:0 OFFSET:-45000000 SPACING:6250 BASE:851006250 FDMA BW:12500
22:43:26  CC             PASSED    NAC:2209/x8A1 TSBK3 RFSS_STATUS_BCST SYSTEM:2208/x8A0 RFSS:1/x01 SITE:1/x01 LRA:0/x00 CHAN:0-1593 ACTIVE NETWORK CONNECTION SERVICE OPTIONS:[DATA, VOICE, REGISTRATION]
22:43:26  CC             PASSED    NAC:2209/x8A1 TSBK1 NET_STATUS_BCAST WACN:781824/xBEE00 SYSTEM:2208/x8A0 LRA:0/x00 CHAN:0-1593 SERVICES:[DATA, VOICE, REGISTRATION]
22:43:26  CC             PASSED    NAC:2209/x8A1 TSBK2 IDEN_UPDATE ID:1 OFFSET:30000000 SPACING:6250 BASE:762006250 FDMA BW:12500
22:43:26  CC             PASSED    NAC:2209/x8A1 TSBK3 SNDCP_DCH_ANN_EX CHAN:0-1193/----- AUTONOMOUS/REQUESTED-ACCESS DAC:1 **:0 SERVICE OPTIONS:NSAPI:0 HALF DUPLEX CIRCUIT MODE
22:43:26  CC             PASSED    NAC:2209/x8A1 TSBK1 CCH BASE STAT ID CHAN:0-1593 CWID:
22:43:26  CC             PASSED    NAC:2209/x8A1 TSBK2 IDEN_UPDATE_TDMA ID:2 OFFSET:-45000000 SPACING:12500 BASE:851012500 TDMA BW:12500 TIMESLOTS:2 VOCODER:HALF_RATE
22:43:26  CC             PASSED    NAC:2209/x8A1 TSBK3 MOTOROLA TDMA DATA CHANNEL NOT ACTIVE MSG:9690423FFFFFFFFF0000306C
22:43:26  CC             PASSED    NAC:2209/x8A1 TSBK1 MOTOROLA TRAFFIC CHANNEL 059040C0C00000000800669F
22:43:26  CC             PASSED    NAC:2209/x8A1 TSBK2 TDMA_SYNC_BCST SYSTEM TIME UNLOCKED: 2026-04-18 21:47:13.725 -0500 LEAP-SECOND CORRECTION:0.0mS MICROSLOT-MINUTE ROLLOVER:SLOW
22:43:26  CC             PASSED    NAC:2209/x8A1 TSBK3 SEC_CCH_BROADCST RFSS:1/x01 SITE:1/x01 CHAN A:0-1349 SERVICE OPTIONS:[BACKUP CONTROL CHANNEL] CHAN B:0-1277 SERVICE OPTIONS:[BACKUP CONTROL CHANNEL]
22:43:26  CC             PASSED    NAC:2209/x8A1 TSBK1 MOTOROLA SYSTEM LOADING MOTOROLA MSG:09900F00000000000000EF7F
22:43:26  CC             PASSED    NAC:2209/x8A1 TSBK2 IDEN_UPDATE_TDMA ID:3 OFFSET:30000000 SPACING:12500 BASE:762006250 TDMA BW:12500 TIMESLOTS:2 VOCODER:HALF_RATE
22:43:26  CC             PASSED    NAC:2209/x8A1 TSBK3 RFSS_STATUS_BCST SYSTEM:2208/x8A0 RFSS:1/x01 SITE:1/x01 LRA:0/x00 CHAN:0-1593 ACTIVE NETWORK CONNECTION SERVICE OPTIONS:[DATA, VOICE, REGISTRATION]
22:43:26  CC             PASSED    NAC:2209/x8A1 TSBK1 NET_STATUS_BCAST WACN:781824/xBEE00 SYSTEM:2208/x8A0 LRA:0/x00 CHAN:0-1593 SERVICES:[DATA, VOICE, REGISTRATION]
22:43:26  CC             PASSED    NAC:2209/x8A1 TSBK2 IDEN_UPDATE ID:4 OFFSET:-39000000 SPACING:12500 BASE:935012500 FDMA BW:12500
22:43:26  CC             PASSED    NAC:2209/x8A1 TSBK3 SNDCP_DCH_ANN_EX CHAN:0-1193/----- AUTONOMOUS/REQUESTED-ACCESS DAC:1 **:0 SERVICE OPTIONS:NSAPI:0 HALF DUPLEX CIRCUIT MODE
22:43:26  CC             PASSED    NAC:2209/x8A1 TSBK1 IDEN_UPDATE_TDMA ID:5 OFFSET:-39000000 SPACING:12500 BASE:935012500 TDMA BW:12500 TIMESLOTS:2 VOCODER:HALF_RATE
22:43:26  CC             PASSED    NAC:2209/x8A1 TSBK2 MOTOROLA TDMA DATA CHANNEL NOT ACTIVE MSG:1690423FFFFFFFFF0000D458
22:43:26  CC             PASSED    NAC:2209/x8A1 TSBK3 MOTOROLA TRAFFIC CHANNEL 859040C0C0000000080082AB
22:43:26  CC             PASSED    NAC:2209/x8A1 TSBK1 TDMA_SYNC_BCST SYSTEM TIME UNLOCKED: 2026-04-18 21:47:14.025 -0500 LEAP-SECOND CORRECTION:0.0mS MICROSLOT-MINUTE ROLLOVER:SLOW
22:43:26  CC             PASSED    NAC:2209/x8A1 TSBK2 SEC_CCH_BROADCST RFSS:1/x01 SITE:1/x01 CHAN A:0-1277 SERVICE OPTIONS:[BACKUP CONTROL CHANNEL] CHAN B:0-1509 SERVICE OPTIONS:[BACKUP CONTROL CHANNEL]
22:43:26  CC             PASSED    NAC:2209/x8A1 TSBK3 MOTOROLA SYSTEM LOADING MOTOROLA MSG:89900DC0000000000000F2F8
22:43:26  CC             PASSED    NAC:2209/x8A1 TSBK1 IDEN_UPDATE ID:0 OFFSET:-45000000 SPACING:6250 BASE:851006250 FDMA BW:12500
22:43:26  CC             PASSED    NAC:2209/x8A1 TSBK2 RFSS_STATUS_BCST SYSTEM:2208/x8A0 RFSS:1/x01 SITE:1/x01 LRA:0/x00 CHAN:0-1593 ACTIVE NETWORK CONNECTION SERVICE OPTIONS:[DATA, VOICE, REGISTRATION]
22:43:26  CC             PASSED    NAC:2209/x8A1 TSBK3 NET_STATUS_BCAST WACN:781824/xBEE00 SYSTEM:2208/x8A0 LRA:0/x00 CHAN:0-1593 SERVICES:[DATA, VOICE, REGISTRATION]
22:43:26  CC             PASSED    NAC:2209/x8A1 TSBK1 IDEN_UPDATE ID:1 OFFSET:30000000 SPACING:6250 BASE:762006250 FDMA BW:12500
22:43:26  CC             PASSED    NAC:2209/x8A1 TSBK2 CCH BASE STAT ID CHAN:0-1593 CWID:
22:43:26  CC             PASSED    NAC:2209/x8A1 TSBK3 SNDCP_DCH_ANN_EX CHAN:0-1193/----- AUTONOMOUS/REQUESTED-ACCESS DAC:1 **:0 SERVICE OPTIONS:NSAPI:0 HALF DUPLEX CIRCUIT MODE
22:43:26  CC             PASSED    NAC:2209/x8A1 TSBK1 IDEN_UPDATE_TDMA ID:2 OFFSET:-45000000 SPACING:12500 BASE:851012500 TDMA BW:12500 TIMESLOTS:2 VOCODER:HALF_RATE
22:43:26  CC             PASSED    NAC:2209/x8A1 TSBK2 MOTOROLA TDMA DATA CHANNEL NOT ACTIVE MSG:1690423FFFFFFFFF0000D458
22:43:26  CC             PASSED    NAC:2209/x8A1 TSBK3 MOTOROLA TRAFFIC CHANNEL 859040C0C0000000080082AB
22:43:26  CC             PASSED    NAC:2209/x8A1 TSBK1 TDMA_SYNC_BCST SYSTEM TIME UNLOCKED: 2026-04-18 21:47:14.325 -0500 LEAP-SECOND CORRECTION:0.0mS MICROSLOT-MINUTE ROLLOVER:SLOW
22:43:26  T2 858.4625    PASSED    NAC:2209/x8A1 TDULC RFSS STATUS BROADCAST LRA:0/x00 SYSTEM:2208/x8A0 SITE:1/x01-1/x01 CHAN:0-1593 SERVICE OPTIONS:[DATA, VOICE, REGISTRATION]
22:43:26  T2 858.4625    PASSED    NAC:2209/x8A1 TDULC RFSS STATUS BROADCAST LRA:0/x00 SYSTEM:2208/x8A0 SITE:1/x01-1/x01 CHAN:0-1593 SERVICE OPTIONS:[DATA, VOICE, REGISTRATION]
22:43:26  T2 858.4625    PASSED    NAC:2209/x8A1 TDULC RFSS STATUS BROADCAST LRA:0/x00 SYSTEM:2208/x8A0 SITE:1/x01-1/x01 CHAN:0-1593 SERVICE OPTIONS:[DATA, VOICE, REGISTRATION]
22:43:26  T2 858.4625    PASSED    NAC:2209/x8A1 TDULC RFSS STATUS BROADCAST LRA:0/x00 SYSTEM:2208/x8A0 SITE:1/x01-1/x01 CHAN:0-1593 SERVICE OPTIONS:[DATA, VOICE, REGISTRATION]
22:43:26  T2 858.4625    PASSED    NAC:2209/x8A1 TDULC RFSS STATUS BROADCAST LRA:0/x00 SYSTEM:2208/x8A0 SITE:1/x01-1/x01 CHAN:0-1593 SERVICE OPTIONS:[DATA, VOICE, REGISTRATION]
22:43:26  T2 858.4625    PASSED    NAC:2209/x8A1 TDULC RFSS STATUS BROADCAST LRA:0/x00 SYSTEM:2208/x8A0 SITE:1/x01-1/x01 CHAN:0-1593 SERVICE OPTIONS:[DATA, VOICE, REGISTRATION]
22:43:26  T2 858.4625    PASSED    NAC:2209/x8A1 TDULC RFSS STATUS BROADCAST LRA:0/x00 SYSTEM:2208/x8A0 SITE:1/x01-1/x01 CHAN:0-1593 SERVICE OPTIONS:[DATA, VOICE, REGISTRATION]
22:43:26  T2 858.4625    PASSED    NAC:2209/x8A1 TDULC RFSS STATUS BROADCAST LRA:0/x00 SYSTEM:2208/x8A0 SITE:1/x01-1/x01 CHAN:0-1593 SERVICE OPTIONS:[DATA, VOICE, REGISTRATION]
22:43:26  T2 858.4625    PASSED    NAC:2209/x8A1 TDULC RFSS STATUS BROADCAST LRA:0/x00 SYSTEM:2208/x8A0 SITE:1/x01-1/x01 CHAN:0-1593 SERVICE OPTIONS:[DATA, VOICE, REGISTRATION]
22:43:26  T2 858.4625    PASSED    NAC:2209/x8A1 TDULC RFSS STATUS BROADCAST LRA:0/x00 SYSTEM:2208/x8A0 SITE:1/x01-1/x01 CHAN:0-1593 SERVICE OPTIONS:[DATA, VOICE, REGISTRATION]
22:43:26  T2 858.4625    PASSED    NAC:2209/x8A1 TDULC RFSS STATUS BROADCAST LRA:0/x00 SYSTEM:2208/x8A0 SITE:1/x01-1/x01 CHAN:0-1593 SERVICE OPTIONS:[DATA, VOICE, REGISTRATION]
22:43:26  T2 858.4625    PASSED    NAC:2209/x8A1 TDULC RFSS STATUS BROADCAST LRA:0/x00 SYSTEM:2208/x8A0 SITE:1/x01-1/x01 CHAN:0-1593 SERVICE OPTIONS:[DATA, VOICE, REGISTRATION]
22:43:26  T2 858.4625    PASSED    NAC:2209/x8A1 TDULC RFSS STATUS BROADCAST LRA:0/x00 SYSTEM:2208/x8A0 SITE:1/x01-1/x01 CHAN:0-1593 SERVICE OPTIONS:[DATA, VOICE, REGISTRATION]
22:43:26  T2 858.4625    PASSED    NAC:2209/x8A1 TDULC RFSS STATUS BROADCAST LRA:0/x00 SYSTEM:2208/x8A0 SITE:1/x01-1/x01 CHAN:0-1593 SERVICE OPTIONS:[DATA, VOICE, REGISTRATION]
22:43:26  T2 858.4625    PASSED    NAC:2209/x8A1 TDULC RFSS STATUS BROADCAST LRA:0/x00 SYSTEM:2208/x8A0 SITE:1/x01-1/x01 CHAN:0-1593 SERVICE OPTIONS:[DATA, VOICE, REGISTRATION]
22:43:26  T2 858.4625    PASSED    NAC:2209/x8A1 TDULC RFSS STATUS BROADCAST LRA:0/x00 SYSTEM:2208/x8A0 SITE:1/x01-1/x01 CHAN:0-1593 SERVICE OPTIONS:[DATA, VOICE, REGISTRATION]
22:43:26  T2 858.4625    PASSED    NAC:2209/x8A1 TDULC RFSS STATUS BROADCAST LRA:0/x00 SYSTEM:2208/x8A0 SITE:1/x01-1/x01 CHAN:0-1593 SERVICE OPTIONS:[DATA, VOICE, REGISTRATION]
22:43:26  T2 858.4625    PASSED    NAC:2209/x8A1 TDULC RFSS STATUS BROADCAST LRA:0/x00 SYSTEM:2208/x8A0 SITE:1/x01-1/x01 CHAN:0-1593 SERVICE OPTIONS:[DATA, VOICE, REGISTRATION]
22:43:26  T2 858.4625    PASSED    NAC:2209/x8A1 TDULC RFSS STATUS BROADCAST LRA:0/x00 SYSTEM:2208/x8A0 SITE:1/x01-1/x01 CHAN:0-1593 SERVICE OPTIONS:[DATA, VOICE, REGISTRATION]
22:43:26  T2 858.4625    PASSED    NAC:2209/x8A1 TDULC RFSS STATUS BROADCAST LRA:0/x00 SYSTEM:2208/x8A0 SITE:1/x01-1/x01 CHAN:0-1593 SERVICE OPTIONS:[DATA, VOICE, REGISTRATION]
22:43:26  T2 858.4625    PASSED    NAC:2209/x8A1 TDULC RFSS STATUS BROADCAST LRA:0/x00 SYSTEM:2208/x8A0 SITE:1/x01-1/x01 CHAN:0-1593 SERVICE OPTIONS:[DATA, VOICE, REGISTRATION]
22:43:26  T2 858.4625    PASSED    NAC:2209/x8A1 TDULC RFSS STATUS BROADCAST LRA:0/x00 SYSTEM:2208/x8A0 SITE:1/x01-1/x01 CHAN:0-1593 SERVICE OPTIONS:[DATA, VOICE, REGISTRATION]
22:43:26  T2 858.4625    PASSED    NAC:2209/x8A1 TDULC RFSS STATUS BROADCAST LRA:0/x00 SYSTEM:2208/x8A0 SITE:1/x01-1/x01 CHAN:0-1593 SERVICE OPTIONS:[DATA, VOICE, REGISTRATION]
22:43:27  CC             PASSED    NAC:2209/x8A1 TSBK2 SEC_CCH_BROADCST RFSS:1/x01 SITE:1/x01 CHAN A:0-1509 SERVICE OPTIONS:[BACKUP CONTROL CHANNEL] CHAN B:0-1349 SERVICE OPTIONS:[BACKUP CONTROL CHANNEL]
22:43:27  CC             PASSED    NAC:2209/x8A1 TSBK3 MOTOROLA SYSTEM LOADING MOTOROLA MSG:89900F000000000000000B4B
22:43:27  CC             PASSED    NAC:2209/x8A1 TSBK1 IDEN_UPDATE_TDMA ID:3 OFFSET:30000000 SPACING:12500 BASE:762006250 TDMA BW:12500 TIMESLOTS:2 VOCODER:HALF_RATE
22:43:27  CC             PASSED    NAC:2209/x8A1 TSBK2 RFSS_STATUS_BCST SYSTEM:2208/x8A0 RFSS:1/x01 SITE:1/x01 LRA:0/x00 CHAN:0-1593 ACTIVE NETWORK CONNECTION SERVICE OPTIONS:[DATA, VOICE, REGISTRATION]
22:43:27  CC             PASSED    NAC:2209/x8A1 TSBK3 NET_STATUS_BCAST WACN:781824/xBEE00 SYSTEM:2208/x8A0 LRA:0/x00 CHAN:0-1593 SERVICES:[DATA, VOICE, REGISTRATION]
22:43:27  CC             PASSED    NAC:2209/x8A1 TSBK1 IDEN_UPDATE ID:4 OFFSET:-39000000 SPACING:12500 BASE:935012500 FDMA BW:12500
22:43:27  CC             PASSED    NAC:2209/x8A1 TSBK2 SNDCP_DCH_ANN_EX CHAN:0-1193/----- AUTONOMOUS/REQUESTED-ACCESS DAC:1 **:0 SERVICE OPTIONS:NSAPI:0 HALF DUPLEX CIRCUIT MODE
22:43:27  CC             PASSED    NAC:2209/x8A1 TSBK3 IDEN_UPDATE_TDMA ID:5 OFFSET:-39000000 SPACING:12500 BASE:935012500 TDMA BW:12500 TIMESLOTS:2 VOCODER:HALF_RATE
22:43:27  CC             PASSED    NAC:2209/x8A1 TSBK1 MOTOROLA TDMA DATA CHANNEL NOT ACTIVE MSG:1690423FFFFFFFFF0000D458
22:43:27  CC             PASSED    NAC:2209/x8A1 TSBK2 MOTOROLA TRAFFIC CHANNEL 059040C0C00000000800669F
22:43:27  CC             PASSED    NAC:2209/x8A1 TSBK3 TDMA_SYNC_BCST SYSTEM TIME UNLOCKED: 2026-04-18 21:47:14.550 -0500 LEAP-SECOND CORRECTION:0.0mS MICROSLOT-MINUTE ROLLOVER:SLOW
22:43:27  CC             PASSED    NAC:2209/x8A1 TSBK1 SEC_CCH_BROADCST RFSS:1/x01 SITE:1/x01 CHAN A:0-1349 SERVICE OPTIONS:[BACKUP CONTROL CHANNEL] CHAN B:0-1277 SERVICE OPTIONS:[BACKUP CONTROL CHANNEL]
22:43:27  CC             PASSED    NAC:2209/x8A1 TSBK2 MOTOROLA SYSTEM LOADING MOTOROLA MSG:09900DC000000000000016CC
22:43:27  CC             PASSED    NAC:2209/x8A1 TSBK3 IDEN_UPDATE ID:0 OFFSET:-45000000 SPACING:6250 BASE:851006250 FDMA BW:12500
22:43:27  CC             PASSED    NAC:2209/x8A1 TSBK1 RFSS_STATUS_BCST SYSTEM:2208/x8A0 RFSS:1/x01 SITE:1/x01 LRA:0/x00 CHAN:0-1593 ACTIVE NETWORK CONNECTION SERVICE OPTIONS:[DATA, VOICE, REGISTRATION]
22:43:27  CC             PASSED    NAC:2209/x8A1 TSBK2 NET_STATUS_BCAST WACN:781824/xBEE00 SYSTEM:2208/x8A0 LRA:0/x00 CHAN:0-1593 SERVICES:[DATA, VOICE, REGISTRATION]
22:43:27  CC             PASSED    NAC:2209/x8A1 TSBK3 CCH BASE STAT ID CHAN:0-1593 CWID:
22:43:27  CC             PASSED    NAC:2209/x8A1 TSBK1 IDEN_UPDATE ID:1 OFFSET:30000000 SPACING:6250 BASE:762006250 FDMA BW:12500
22:43:27  CC             PASSED    NAC:2209/x8A1 TSBK2 SNDCP_DCH_ANN_EX CHAN:0-1193/----- AUTONOMOUS/REQUESTED-ACCESS DAC:1 **:0 SERVICE OPTIONS:NSAPI:0 HALF DUPLEX CIRCUIT MODE
22:43:27  CC             PASSED    NAC:2209/x8A1 TSBK3 IDEN_UPDATE_TDMA ID:2 OFFSET:-45000000 SPACING:12500 BASE:851012500 TDMA BW:12500 TIMESLOTS:2 VOCODER:HALF_RATE
22:43:27  CC             PASSED    NAC:2209/x8A1 TSBK1 MOTOROLA TDMA DATA CHANNEL NOT ACTIVE MSG:1690423FFFFFFFFF0000D458
22:43:27  CC             PASSED    NAC:2209/x8A1 TSBK2 MOTOROLA TRAFFIC CHANNEL 059040C0C00000000800669F
22:43:27  CC             PASSED    NAC:2209/x8A1 TSBK3 TDMA_SYNC_BCST SYSTEM TIME UNLOCKED: 2026-04-18 21:47:14.850 -0500 LEAP-SECOND CORRECTION:0.0mS MICROSLOT-MINUTE ROLLOVER:SLOW
22:43:27  CC             PASSED    NAC:2209/x8A1 TSBK1 SEC_CCH_BROADCST RFSS:1/x01 SITE:1/x01 CHAN A:0-1277 SERVICE OPTIONS:[BACKUP CONTROL CHANNEL] CHAN B:0-1509 SERVICE OPTIONS:[BACKUP CONTROL CHANNEL]
22:43:27  CC             PASSED    NAC:2209/x8A1 TSBK2 MOTOROLA SYSTEM LOADING MOTOROLA MSG:09900F00000000000000EF7F
22:43:27  CC             PASSED    NAC:2209/x8A1 TSBK3 IDEN_UPDATE_TDMA ID:3 OFFSET:30000000 SPACING:12500 BASE:762006250 TDMA BW:12500 TIMESLOTS:2 VOCODER:HALF_RATE
22:43:27  CC             PASSED    NAC:2209/x8A1 TSBK1 RFSS_STATUS_BCST SYSTEM:2208/x8A0 RFSS:1/x01 SITE:1/x01 LRA:0/x00 CHAN:0-1593 ACTIVE NETWORK CONNECTION SERVICE OPTIONS:[DATA, VOICE, REGISTRATION]
22:43:27  CC             PASSED    NAC:2209/x8A1 TSBK2 NET_STATUS_BCAST WACN:781824/xBEE00 SYSTEM:2208/x8A0 LRA:0/x00 CHAN:0-1593 SERVICES:[DATA, VOICE, REGISTRATION]
22:43:27  CC             PASSED    NAC:2209/x8A1 TSBK3 IDEN_UPDATE ID:4 OFFSET:-39000000 SPACING:12500 BASE:935012500 FDMA BW:12500
22:43:27  CC             PASSED    NAC:2209/x8A1 TSBK1 SNDCP_DCH_ANN_EX CHAN:0-1193/----- AUTONOMOUS/REQUESTED-ACCESS DAC:1 **:0 SERVICE OPTIONS:NSAPI:0 HALF DUPLEX CIRCUIT MODE
22:43:27  CC             PASSED    NAC:2209/x8A1 TSBK2 IDEN_UPDATE_TDMA ID:5 OFFSET:-39000000 SPACING:12500 BASE:935012500 TDMA BW:12500 TIMESLOTS:2 VOCODER:HALF_RATE
22:43:27  CC             PASSED    NAC:2209/x8A1 TSBK3 MOTOROLA TDMA DATA CHANNEL NOT ACTIVE MSG:9690423FFFFFFFFF0000306C
22:43:27  CC             PASSED    NAC:2209/x8A1 TSBK1 MOTOROLA TRAFFIC CHANNEL 059040C0C00000000800669F
22:43:27  CC             PASSED    NAC:2209/x8A1 TSBK2 TDMA_SYNC_BCST SYSTEM TIME UNLOCKED: 2026-04-18 21:47:15.150 -0500 LEAP-SECOND CORRECTION:0.0mS MICROSLOT-MINUTE ROLLOVER:SLOW
22:43:27  CC             PASSED    NAC:2209/x8A1 TSBK3 SEC_CCH_BROADCST RFSS:1/x01 SITE:1/x01 CHAN A:0-1509 SERVICE OPTIONS:[BACKUP CONTROL CHANNEL] CHAN B:0-1349 SERVICE OPTIONS:[BACKUP CONTROL CHANNEL]
22:43:27  CC             PASSED    NAC:2209/x8A1 TSBK1 MOTOROLA SYSTEM LOADING MOTOROLA MSG:09900DC000000000000016CC
22:43:27  CC             PASSED    NAC:2209/x8A1 TSBK2 IDEN_UPDATE ID:0 OFFSET:-45000000 SPACING:6250 BASE:851006250 FDMA BW:12500
22:43:27  CC             PASSED    NAC:2209/x8A1 TSBK3 RFSS_STATUS_BCST SYSTEM:2208/x8A0 RFSS:1/x01 SITE:1/x01 LRA:0/x00 CHAN:0-1593 ACTIVE NETWORK CONNECTION SERVICE OPTIONS:[DATA, VOICE, REGISTRATION]
22:43:27  CC             PASSED    NAC:2209/x8A1 TSBK1 CCH BASE STAT ID CHAN:0-1593 CWID:
22:43:27  CC             PASSED    NAC:2209/x8A1 TSBK2 NET_STATUS_BCAST WACN:781824/xBEE00 SYSTEM:2208/x8A0 LRA:0/x00 CHAN:0-1593 SERVICES:[DATA, VOICE, REGISTRATION]
22:43:27  T2 858.4625    PASSED    NAC:2209/x8A1 TDULC RFSS STATUS BROADCAST LRA:0/x00 SYSTEM:2208/x8A0 SITE:1/x01-1/x01 CHAN:0-1593 SERVICE OPTIONS:[DATA, VOICE, REGISTRATION]
22:43:27  T2 858.4625    PASSED    NAC:2209/x8A1 TDULC RFSS STATUS BROADCAST LRA:0/x00 SYSTEM:2208/x8A0 SITE:1/x01-1/x01 CHAN:0-1593 SERVICE OPTIONS:[DATA, VOICE, REGISTRATION]
22:43:27  T2 858.4625    PASSED    NAC:2209/x8A1 TDULC RFSS STATUS BROADCAST LRA:0/x00 SYSTEM:2208/x8A0 SITE:1/x01-1/x01 CHAN:0-1593 SERVICE OPTIONS:[DATA, VOICE, REGISTRATION]
22:43:27  T2 858.4625    PASSED    NAC:2209/x8A1 TDULC RFSS STATUS BROADCAST LRA:0/x00 SYSTEM:2208/x8A0 SITE:1/x01-1/x01 CHAN:0-1593 SERVICE OPTIONS:[DATA, VOICE, REGISTRATION]
22:43:27  T2 858.4625    PASSED    NAC:2209/x8A1 TDULC RFSS STATUS BROADCAST LRA:0/x00 SYSTEM:2208/x8A0 SITE:1/x01-1/x01 CHAN:0-1593 SERVICE OPTIONS:[DATA, VOICE, REGISTRATION]
22:43:27  T2 858.4625    PASSED    NAC:2209/x8A1 TDULC RFSS STATUS BROADCAST LRA:0/x00 SYSTEM:2208/x8A0 SITE:1/x01-1/x01 CHAN:0-1593 SERVICE OPTIONS:[DATA, VOICE, REGISTRATION]
22:43:27  T2 858.4625    PASSED    NAC:2209/x8A1 TDULC RFSS STATUS BROADCAST LRA:0/x00 SYSTEM:2208/x8A0 SITE:1/x01-1/x01 CHAN:0-1593 SERVICE OPTIONS:[DATA, VOICE, REGISTRATION]
22:43:27  T2 858.4625    PASSED    NAC:2209/x8A1 TDULC RFSS STATUS BROADCAST LRA:0/x00 SYSTEM:2208/x8A0 SITE:1/x01-1/x01 CHAN:0-1593 SERVICE OPTIONS:[DATA, VOICE, REGISTRATION]
22:43:27  T2 858.4625    PASSED    NAC:2209/x8A1 TDULC RFSS STATUS BROADCAST LRA:0/x00 SYSTEM:2208/x8A0 SITE:1/x01-1/x01 CHAN:0-1593 SERVICE OPTIONS:[DATA, VOICE, REGISTRATION]
22:43:27  T2 858.4625    PASSED    NAC:2209/x8A1 TDULC RFSS STATUS BROADCAST LRA:0/x00 SYSTEM:2208/x8A0 SITE:1/x01-1/x01 CHAN:0-1593 SERVICE OPTIONS:[DATA, VOICE, REGISTRATION]
22:43:27  T2 858.4625    PASSED    NAC:2209/x8A1 TDULC RFSS STATUS BROADCAST LRA:0/x00 SYSTEM:2208/x8A0 SITE:1/x01-1/x01 CHAN:0-1593 SERVICE OPTIONS:[DATA, VOICE, REGISTRATION]
22:43:27  T2 858.4625    PASSED    NAC:2209/x8A1 TDULC RFSS STATUS BROADCAST LRA:0/x00 SYSTEM:2208/x8A0 SITE:1/x01-1/x01 CHAN:0-1593 SERVICE OPTIONS:[DATA, VOICE, REGISTRATION]
22:43:27  T2 858.4625    PASSED    NAC:2209/x8A1 TDU
22:43:27  T2 858.4625    PASSED    NAC:2209/x8A1 TDU
22:43:27  T2 858.4625    PASSED    NAC:2209/x8A1 TDU
22:43:27  T2 858.4625    PASSED    NAC:2209/x8A1 PDU RESPONSE TO:3402050 ALL BLOCKS RECEIVED
22:43:27  T2 858.4625    PASSED    NAC:2209/x8A1 TDU
22:43:27  T2 858.4625    PASSED    NAC:2209/x8A1 TDU
22:43:27  T2 858.4625    PASSED    NAC:2209/x8A1 TDULC RFSS STATUS BROADCAST LRA:0/x00 SYSTEM:2208/x8A0 SITE:1/x01-1/x01 CHAN:0-1593 SERVICE OPTIONS:[DATA, VOICE, REGISTRATION]
22:43:27  T2 858.4625    PASSED    NAC:2209/x8A1 TDULC RFSS STATUS BROADCAST LRA:0/x00 SYSTEM:2208/x8A0 SITE:1/x01-1/x01 CHAN:0-1593 SERVICE OPTIONS:[DATA, VOICE, REGISTRATION]
22:43:27  T2 858.4625    PASSED    NAC:2209/x8A1 TDULC RFSS STATUS BROADCAST LRA:0/x00 SYSTEM:2208/x8A0 SITE:1/x01-1/x01 CHAN:0-1593 SERVICE OPTIONS:[DATA, VOICE, REGISTRATION]
22:43:27  T2 858.4625    PASSED    NAC:2209/x8A1 TDULC RFSS STATUS BROADCAST LRA:0/x00 SYSTEM:2208/x8A0 SITE:1/x01-1/x01 CHAN:0-1593 SERVICE OPTIONS:[DATA, VOICE, REGISTRATION]
22:43:27  T2 858.4625    PASSED    NAC:2209/x8A1 TDULC RFSS STATUS BROADCAST LRA:0/x00 SYSTEM:2208/x8A0 SITE:1/x01-1/x01 CHAN:0-1593 SERVICE OPTIONS:[DATA, VOICE, REGISTRATION]
22:43:27  T2 858.4625    PASSED    NAC:2209/x8A1 TDULC RFSS STATUS BROADCAST LRA:0/x00 SYSTEM:2208/x8A0 SITE:1/x01-1/x01 CHAN:0-1593 SERVICE OPTIONS:[DATA, VOICE, REGISTRATION]
22:43:27  T2 858.4625    PASSED    NAC:2209/x8A1 TDULC RFSS STATUS BROADCAST LRA:0/x00 SYSTEM:2208/x8A0 SITE:1/x01-1/x01 CHAN:0-1593 SERVICE OPTIONS:[DATA, VOICE, REGISTRATION]
22:43:27  T2 858.4625    PASSED    NAC:2209/x8A1 TDULC RFSS STATUS BROADCAST LRA:0/x00 SYSTEM:2208/x8A0 SITE:1/x01-1/x01 CHAN:0-1593 SERVICE OPTIONS:[DATA, VOICE, REGISTRATION]
22:43:28  CC             PASSED    NAC:2209/x8A1 TSBK3 IDEN_UPDATE ID:1 OFFSET:30000000 SPACING:6250 BASE:762006250 FDMA BW:12500
22:43:28  CC             PASSED    NAC:2209/x8A1 TSBK1 SNDCP_DCH_ANN_EX CHAN:0-1193/----- AUTONOMOUS/REQUESTED-ACCESS DAC:1 **:0 SERVICE OPTIONS:NSAPI:0 HALF DUPLEX CIRCUIT MODE
22:43:28  CC             PASSED    NAC:2209/x8A1 TSBK2 IDEN_UPDATE_TDMA ID:2 OFFSET:-45000000 SPACING:12500 BASE:851012500 TDMA BW:12500 TIMESLOTS:2 VOCODER:HALF_RATE
22:43:28  CC             PASSED    NAC:2209/x8A1 TSBK3 MOTOROLA TDMA DATA CHANNEL NOT ACTIVE MSG:9690423FFFFFFFFF0000306C
22:43:28  CC             PASSED    NAC:2209/x8A1 TSBK1 MOTOROLA TRAFFIC CHANNEL 059040C0C00000000800669F
22:43:28  CC             PASSED    NAC:2209/x8A1 TSBK2 TDMA_SYNC_BCST SYSTEM TIME UNLOCKED: 2026-04-18 21:47:15.450 -0500 LEAP-SECOND CORRECTION:0.0mS MICROSLOT-MINUTE ROLLOVER:SLOW
22:43:28  CC             PASSED    NAC:2209/x8A1 TSBK3 SEC_CCH_BROADCST RFSS:1/x01 SITE:1/x01 CHAN A:0-1349 SERVICE OPTIONS:[BACKUP CONTROL CHANNEL] CHAN B:0-1277 SERVICE OPTIONS:[BACKUP CONTROL CHANNEL]
22:43:28  CC             PASSED    NAC:2209/x8A1 TSBK1 MOTOROLA SYSTEM LOADING MOTOROLA MSG:09900F00000000000000EF7F
22:43:28  CC             PASSED    NAC:2209/x8A1 TSBK2 IDEN_UPDATE_TDMA ID:3 OFFSET:30000000 SPACING:12500 BASE:762006250 TDMA BW:12500 TIMESLOTS:2 VOCODER:HALF_RATE
22:43:28  CC             PASSED    NAC:2209/x8A1 TSBK3 RFSS_STATUS_BCST SYSTEM:2208/x8A0 RFSS:1/x01 SITE:1/x01 LRA:0/x00 CHAN:0-1593 ACTIVE NETWORK CONNECTION SERVICE OPTIONS:[DATA, VOICE, REGISTRATION]
22:43:28  CC             PASSED    NAC:2209/x8A1 TSBK1 NET_STATUS_BCAST WACN:781824/xBEE00 SYSTEM:2208/x8A0 LRA:0/x00 CHAN:0-1593 SERVICES:[DATA, VOICE, REGISTRATION]
22:43:28  CC             PASSED    NAC:2209/x8A1 TSBK2 IDEN_UPDATE ID:4 OFFSET:-39000000 SPACING:12500 BASE:935012500 FDMA BW:12500
22:43:28  CC             PASSED    NAC:2209/x8A1 TSBK3 SNDCP_DCH_ANN_EX CHAN:0-1193/----- AUTONOMOUS/REQUESTED-ACCESS DAC:1 **:0 SERVICE OPTIONS:NSAPI:0 HALF DUPLEX CIRCUIT MODE
22:43:28  CC             PASSED    NAC:2209/x8A1 TSBK1 IDEN_UPDATE_TDMA ID:5 OFFSET:-39000000 SPACING:12500 BASE:935012500 TDMA BW:12500 TIMESLOTS:2 VOCODER:HALF_RATE
22:43:28  CC             PASSED    NAC:2209/x8A1 TSBK2 MOTOROLA TDMA DATA CHANNEL NOT ACTIVE MSG:1690423FFFFFFFFF0000D458
22:43:28  CC             PASSED    NAC:2209/x8A1 TSBK3 MOTOROLA TRAFFIC CHANNEL 859040C0C0000000080082AB
22:43:28  CC             PASSED    NAC:2209/x8A1 TSBK1 TDMA_SYNC_BCST SYSTEM TIME UNLOCKED: 2026-04-18 21:47:15.750 -0500 LEAP-SECOND CORRECTION:0.0mS MICROSLOT-MINUTE ROLLOVER:SLOW
22:43:28  CC             PASSED    NAC:2209/x8A1 TSBK2 SEC_CCH_BROADCST RFSS:1/x01 SITE:1/x01 CHAN A:0-1277 SERVICE OPTIONS:[BACKUP CONTROL CHANNEL] CHAN B:0-1509 SERVICE OPTIONS:[BACKUP CONTROL CHANNEL]
22:43:28  CC             PASSED    NAC:2209/x8A1 TSBK3 MOTOROLA SYSTEM LOADING MOTOROLA MSG:89900DC0000000000000F2F8
22:43:28  CC             PASSED    NAC:2209/x8A1 TSBK1 IDEN_UPDATE ID:0 OFFSET:-45000000 SPACING:6250 BASE:851006250 FDMA BW:12500
22:43:28  CC             PASSED    NAC:2209/x8A1 TSBK2 CCH BASE STAT ID CHAN:0-1593 CWID:
22:43:28  CC             PASSED    NAC:2209/x8A1 TSBK3 RFSS_STATUS_BCST SYSTEM:2208/x8A0 RFSS:1/x01 SITE:1/x01 LRA:0/x00 CHAN:0-1593 ACTIVE NETWORK CONNECTION SERVICE OPTIONS:[DATA, VOICE, REGISTRATION]
22:43:28  CC             PASSED    NAC:2209/x8A1 TSBK1 NET_STATUS_BCAST WACN:781824/xBEE00 SYSTEM:2208/x8A0 LRA:0/x00 CHAN:0-1593 SERVICES:[DATA, VOICE, REGISTRATION]
22:43:28  CC             PASSED    NAC:2209/x8A1 TSBK2 IDEN_UPDATE ID:1 OFFSET:30000000 SPACING:6250 BASE:762006250 FDMA BW:12500
22:43:28  CC             PASSED    NAC:2209/x8A1 TSBK3 SNDCP_DCH_ANN_EX CHAN:0-1193/----- AUTONOMOUS/REQUESTED-ACCESS DAC:1 **:0 SERVICE OPTIONS:NSAPI:0 HALF DUPLEX CIRCUIT MODE
22:43:28  CC             PASSED    NAC:2209/x8A1 TSBK1 IDEN_UPDATE_TDMA ID:2 OFFSET:-45000000 SPACING:12500 BASE:851012500 TDMA BW:12500 TIMESLOTS:2 VOCODER:HALF_RATE
22:43:28  CC             PASSED    NAC:2209/x8A1 TSBK2 MOTOROLA TDMA DATA CHANNEL NOT ACTIVE MSG:1690423FFFFFFFFF0000D458
22:43:28  CC             PASSED    NAC:2209/x8A1 TSBK3 MOTOROLA TRAFFIC CHANNEL 859040C0C0000000080082AB
22:43:28  CC             PASSED    NAC:2209/x8A1 TSBK1 TDMA_SYNC_BCST SYSTEM TIME UNLOCKED: 2026-04-18 21:47:16.050 -0500 LEAP-SECOND CORRECTION:0.0mS MICROSLOT-MINUTE ROLLOVER:SLOW
22:43:28  CC             PASSED    NAC:2209/x8A1 TSBK2 SNDCP_DCH_GRANT TO:3412574 CHAN:0-1193 SERVICE OPTIONS:NSAPI:0 HALF DUPLEX CIRCUIT MODE
22:43:28  CC             PASSED    NAC:2209/x8A1 TSBK3 SEC_CCH_BROADCST RFSS:1/x01 SITE:1/x01 CHAN A:0-1509 SERVICE OPTIONS:[BACKUP CONTROL CHANNEL] CHAN B:0-1349 SERVICE OPTIONS:[BACKUP CONTROL CHANNEL]
22:43:28  CC             PASSED    NAC:2209/x8A1 TSBK1 MOTOROLA SYSTEM LOADING MOTOROLA MSG:09901040000000000000D6E5
22:43:28  CC             PASSED    NAC:2209/x8A1 TSBK2 SNDCP_DCH_GRANT TO:3412574 CHAN:0-1193 SERVICE OPTIONS:NSAPI:0 HALF DUPLEX CIRCUIT MODE
22:43:28  CC             PASSED    NAC:2209/x8A1 TSBK3 IDEN_UPDATE_TDMA ID:3 OFFSET:30000000 SPACING:12500 BASE:762006250 TDMA BW:12500 TIMESLOTS:2 VOCODER:HALF_RATE
22:43:28  CC             PASSED    NAC:2209/x8A1 TSBK1 RFSS_STATUS_BCST SYSTEM:2208/x8A0 RFSS:1/x01 SITE:1/x01 LRA:0/x00 CHAN:0-1593 ACTIVE NETWORK CONNECTION SERVICE OPTIONS:[DATA, VOICE, REGISTRATION]
22:43:28  CC             PASSED    NAC:2209/x8A1 TSBK2 SNDCP_DCH_GRANT TO:3412574 CHAN:0-1193 SERVICE OPTIONS:NSAPI:0 HALF DUPLEX CIRCUIT MODE
22:43:28  CC             PASSED    NAC:2209/x8A1 TSBK3 NET_STATUS_BCAST WACN:781824/xBEE00 SYSTEM:2208/x8A0 LRA:0/x00 CHAN:0-1593 SERVICES:[DATA, VOICE, REGISTRATION]
22:43:28  CC             PASSED    NAC:2209/x8A1 TSBK1 IDEN_UPDATE ID:4 OFFSET:-39000000 SPACING:12500 BASE:935012500 FDMA BW:12500
22:43:28  CC             PASSED    NAC:2209/x8A1 TSBK2 SNDCP_DCH_ANN_EX CHAN:0-1193/----- AUTONOMOUS/REQUESTED-ACCESS DAC:1 **:0 SERVICE OPTIONS:NSAPI:0 HALF DUPLEX CIRCUIT MODE
22:43:28  T2 858.4625    PASSED    NAC:2209/x8A1 TDULC RFSS STATUS BROADCAST LRA:0/x00 SYSTEM:2208/x8A0 SITE:1/x01-1/x01 CHAN:0-1593 SERVICE OPTIONS:[DATA, VOICE, REGISTRATION]
22:43:28  T2 858.4625    PASSED    NAC:2209/x8A1 TDULC RFSS STATUS BROADCAST LRA:0/x00 SYSTEM:2208/x8A0 SITE:1/x01-1/x01 CHAN:0-1593 SERVICE OPTIONS:[DATA, VOICE, REGISTRATION]
22:43:28  T2 858.4625    PASSED    NAC:2209/x8A1 TDULC RFSS STATUS BROADCAST LRA:0/x00 SYSTEM:2208/x8A0 SITE:1/x01-1/x01 CHAN:0-1593 SERVICE OPTIONS:[DATA, VOICE, REGISTRATION]
22:43:28  T2 858.4625    PASSED    NAC:2209/x8A1 TDULC RFSS STATUS BROADCAST LRA:0/x00 SYSTEM:2208/x8A0 SITE:1/x01-1/x01 CHAN:0-1593 SERVICE OPTIONS:[DATA, VOICE, REGISTRATION]
22:43:28  T2 858.4625    PASSED    NAC:2209/x8A1 TDULC RFSS STATUS BROADCAST LRA:0/x00 SYSTEM:2208/x8A0 SITE:1/x01-1/x01 CHAN:0-1593 SERVICE OPTIONS:[DATA, VOICE, REGISTRATION]
22:43:28  T2 858.4625    PASSED    NAC:2209/x8A1 TDULC RFSS STATUS BROADCAST LRA:0/x00 SYSTEM:2208/x8A0 SITE:1/x01-1/x01 CHAN:0-1593 SERVICE OPTIONS:[DATA, VOICE, REGISTRATION]
22:43:28  T2 858.4625    PASSED    NAC:2209/x8A1 TDULC RFSS STATUS BROADCAST LRA:0/x00 SYSTEM:2208/x8A0 SITE:1/x01-1/x01 CHAN:0-1593 SERVICE OPTIONS:[DATA, VOICE, REGISTRATION]
22:43:28  T2 858.4625    PASSED    NAC:2209/x8A1 TDULC RFSS STATUS BROADCAST LRA:0/x00 SYSTEM:2208/x8A0 SITE:1/x01-1/x01 CHAN:0-1593 SERVICE OPTIONS:[DATA, VOICE, REGISTRATION]
22:43:28  T2 858.4625    PASSED    NAC:2209/x8A1 TDULC RFSS STATUS BROADCAST LRA:0/x00 SYSTEM:2208/x8A0 SITE:1/x01-1/x01 CHAN:0-1593 SERVICE OPTIONS:[DATA, VOICE, REGISTRATION]
22:43:28  T2 858.4625    PASSED    NAC:2209/x8A1 TDULC RFSS STATUS BROADCAST LRA:0/x00 SYSTEM:2208/x8A0 SITE:1/x01-1/x01 CHAN:0-1593 SERVICE OPTIONS:[DATA, VOICE, REGISTRATION]
22:43:28  T2 858.4625    PASSED    NAC:2209/x8A1 TDULC RFSS STATUS BROADCAST LRA:0/x00 SYSTEM:2208/x8A0 SITE:1/x01-1/x01 CHAN:0-1593 SERVICE OPTIONS:[DATA, VOICE, REGISTRATION]
22:43:28  T2 858.4625    PASSED    NAC:2209/x8A1 TDULC RFSS STATUS BROADCAST LRA:0/x00 SYSTEM:2208/x8A0 SITE:1/x01-1/x01 CHAN:0-1593 SERVICE OPTIONS:[DATA, VOICE, REGISTRATION]
22:43:28  T2 858.4625    PASSED    NAC:2209/x8A1 TDULC RFSS STATUS BROADCAST LRA:0/x00 SYSTEM:2208/x8A0 SITE:1/x01-1/x01 CHAN:0-1593 SERVICE OPTIONS:[DATA, VOICE, REGISTRATION]
22:43:28  T2 858.4625    PASSED    NAC:2209/x8A1 TDULC RFSS STATUS BROADCAST LRA:0/x00 SYSTEM:2208/x8A0 SITE:1/x01-1/x01 CHAN:0-1593 SERVICE OPTIONS:[DATA, VOICE, REGISTRATION]
22:43:28  T2 858.4625    PASSED    NAC:2209/x8A1 TDULC RFSS STATUS BROADCAST LRA:0/x00 SYSTEM:2208/x8A0 SITE:1/x01-1/x01 CHAN:0-1593 SERVICE OPTIONS:[DATA, VOICE, REGISTRATION]
22:43:28  T2 858.4625    PASSED    NAC:2209/x8A1 TDULC RFSS STATUS BROADCAST LRA:0/x00 SYSTEM:2208/x8A0 SITE:1/x01-1/x01 CHAN:0-1593 SERVICE OPTIONS:[DATA, VOICE, REGISTRATION]
22:43:28  T2 858.4625    PASSED    NAC:2209/x8A1 TDULC RFSS STATUS BROADCAST LRA:0/x00 SYSTEM:2208/x8A0 SITE:1/x01-1/x01 CHAN:0-1593 SERVICE OPTIONS:[DATA, VOICE, REGISTRATION]
22:43:28  T2 858.4625    PASSED    NAC:2209/x8A1 TDULC RFSS STATUS BROADCAST LRA:0/x00 SYSTEM:2208/x8A0 SITE:1/x01-1/x01 CHAN:0-1593 SERVICE OPTIONS:[DATA, VOICE, REGISTRATION]
22:43:28  T2 858.4625    PASSED    NAC:2209/x8A1 TDULC RFSS STATUS BROADCAST LRA:0/x00 SYSTEM:2208/x8A0 SITE:1/x01-1/x01 CHAN:0-1593 SERVICE OPTIONS:[DATA, VOICE, REGISTRATION]
22:43:28  T2 858.4625    PASSED    NAC:2209/x8A1 TDULC RFSS STATUS BROADCAST LRA:0/x00 SYSTEM:2208/x8A0 SITE:1/x01-1/x01 CHAN:0-1593 SERVICE OPTIONS:[DATA, VOICE, REGISTRATION]
22:43:28  T2 858.4625    PASSED    NAC:2209/x8A1 TDULC RFSS STATUS BROADCAST LRA:0/x00 SYSTEM:2208/x8A0 SITE:1/x01-1/x01 CHAN:0-1593 SERVICE OPTIONS:[DATA, VOICE, REGISTRATION]
22:43:29  CC             PASSED    NAC:2209/x8A1 TSBK3 IDEN_UPDATE_TDMA ID:5 OFFSET:-39000000 SPACING:12500 BASE:935012500 TDMA BW:12500 TIMESLOTS:2 VOCODER:HALF_RATE
22:43:29  CC             PASSED    NAC:2209/x8A1 TSBK1 MOTOROLA TDMA DATA CHANNEL NOT ACTIVE MSG:1690423FFFFFFFFF0000D458
22:43:29  CC             PASSED    NAC:2209/x8A1 TSBK2 MOTOROLA TRAFFIC CHANNEL 059040C0C00000000800669F
22:43:29  CC             PASSED    NAC:2209/x8A1 TSBK3 TDMA_SYNC_BCST SYSTEM TIME UNLOCKED: 2026-04-18 21:47:16.350 -0500 LEAP-SECOND CORRECTION:0.0mS MICROSLOT-MINUTE ROLLOVER:SLOW
22:43:29  CC             PASSED    NAC:2209/x8A1 TSBK1 SEC_CCH_BROADCST RFSS:1/x01 SITE:1/x01 CHAN A:0-1349 SERVICE OPTIONS:[BACKUP CONTROL CHANNEL] CHAN B:0-1277 SERVICE OPTIONS:[BACKUP CONTROL CHANNEL]
22:43:29  CC             PASSED    NAC:2209/x8A1 TSBK2 MOTOROLA SYSTEM LOADING MOTOROLA MSG:09901040000000000000D6E5
22:43:29  CC             PASSED    NAC:2209/x8A1 TSBK3 CCH BASE STAT ID CHAN:0-1593 CWID:
22:43:29  CC             PASSED    NAC:2209/x8A1 TSBK1 IDEN_UPDATE ID:0 OFFSET:-45000000 SPACING:6250 BASE:851006250 FDMA BW:12500
22:43:29  CC             PASSED    NAC:2209/x8A1 TSBK2 RFSS_STATUS_BCST SYSTEM:2208/x8A0 RFSS:1/x01 SITE:1/x01 LRA:0/x00 CHAN:0-1593 ACTIVE NETWORK CONNECTION SERVICE OPTIONS:[DATA, VOICE, REGISTRATION]
22:43:29  CC             PASSED    NAC:2209/x8A1 TSBK3 NET_STATUS_BCAST WACN:781824/xBEE00 SYSTEM:2208/x8A0 LRA:0/x00 CHAN:0-1593 SERVICES:[DATA, VOICE, REGISTRATION]
22:43:29  CC             PASSED    NAC:2209/x8A1 TSBK1 IDEN_UPDATE ID:1 OFFSET:30000000 SPACING:6250 BASE:762006250 FDMA BW:12500
22:43:29  CC             PASSED    NAC:2209/x8A1 TSBK2 SNDCP_DCH_ANN_EX CHAN:0-1193/----- AUTONOMOUS/REQUESTED-ACCESS DAC:1 **:0 SERVICE OPTIONS:NSAPI:0 HALF DUPLEX CIRCUIT MODE
22:43:29  CC             PASSED    NAC:2209/x8A1 TSBK3 IDEN_UPDATE_TDMA ID:2 OFFSET:-45000000 SPACING:12500 BASE:851012500 TDMA BW:12500 TIMESLOTS:2 VOCODER:HALF_RATE
22:43:29  CC             PASSED    NAC:2209/x8A1 TSBK1 MOTOROLA TDMA DATA CHANNEL NOT ACTIVE MSG:1690423FFFFFFFFF0000D458
22:43:29  CC             PASSED    NAC:2209/x8A1 TSBK2 MOTOROLA TRAFFIC CHANNEL 059040C0C00000000800669F
22:43:29  CC             PASSED    NAC:2209/x8A1 TSBK3 TDMA_SYNC_BCST SYSTEM TIME UNLOCKED: 2026-04-18 21:47:16.650 -0500 LEAP-SECOND CORRECTION:0.0mS MICROSLOT-MINUTE ROLLOVER:SLOW
22:43:29  CC             PASSED    NAC:2209/x8A1 TSBK1 SEC_CCH_BROADCST RFSS:1/x01 SITE:1/x01 CHAN A:0-1277 SERVICE OPTIONS:[BACKUP CONTROL CHANNEL] CHAN B:0-1509 SERVICE OPTIONS:[BACKUP CONTROL CHANNEL]
22:43:29  CC             PASSED    NAC:2209/x8A1 TSBK2 MOTOROLA SYSTEM LOADING MOTOROLA MSG:09900F00000000000000EF7F
22:43:29  CC             PASSED    NAC:2209/x8A1 TSBK3 IDEN_UPDATE_TDMA ID:3 OFFSET:30000000 SPACING:12500 BASE:762006250 TDMA BW:12500 TIMESLOTS:2 VOCODER:HALF_RATE
22:43:29  CC             PASSED    NAC:2209/x8A1 TSBK1 RFSS_STATUS_BCST SYSTEM:2208/x8A0 RFSS:1/x01 SITE:1/x01 LRA:0/x00 CHAN:0-1593 ACTIVE NETWORK CONNECTION SERVICE OPTIONS:[DATA, VOICE, REGISTRATION]
22:43:29  CC             PASSED    NAC:2209/x8A1 TSBK2 NET_STATUS_BCAST WACN:781824/xBEE00 SYSTEM:2208/x8A0 LRA:0/x00 CHAN:0-1593 SERVICES:[DATA, VOICE, REGISTRATION]
22:43:29  CC             PASSED    NAC:2209/x8A1 TSBK3 IDEN_UPDATE ID:4 OFFSET:-39000000 SPACING:12500 BASE:935012500 FDMA BW:12500
22:43:29  CC             PASSED    NAC:2209/x8A1 TSBK1 SNDCP_DCH_ANN_EX CHAN:0-1193/----- AUTONOMOUS/REQUESTED-ACCESS DAC:1 **:0 SERVICE OPTIONS:NSAPI:0 HALF DUPLEX CIRCUIT MODE
22:43:29  CC             PASSED    NAC:2209/x8A1 TSBK2 IDEN_UPDATE_TDMA ID:5 OFFSET:-39000000 SPACING:12500 BASE:935012500 TDMA BW:12500 TIMESLOTS:2 VOCODER:HALF_RATE
22:43:29  CC             PASSED    NAC:2209/x8A1 TSBK3 MOTOROLA TDMA DATA CHANNEL NOT ACTIVE MSG:9690423FFFFFFFFF0000306C
22:43:29  CC             PASSED    NAC:2209/x8A1 TSBK1 MOTOROLA TRAFFIC CHANNEL 059040C0C00000000800669F
22:43:29  CC             PASSED    NAC:2209/x8A1 TSBK2 TDMA_SYNC_BCST SYSTEM TIME UNLOCKED: 2026-04-18 21:47:16.950 -0500 LEAP-SECOND CORRECTION:0.0mS MICROSLOT-MINUTE ROLLOVER:SLOW
22:43:29  CC             PASSED    NAC:2209/x8A1 TSBK3 SEC_CCH_BROADCST RFSS:1/x01 SITE:1/x01 CHAN A:0-1509 SERVICE OPTIONS:[BACKUP CONTROL CHANNEL] CHAN B:0-1349 SERVICE OPTIONS:[BACKUP CONTROL CHANNEL]
22:43:29  CC             PASSED    NAC:2209/x8A1 TSBK1 CCH BASE STAT ID CHAN:0-1593 CWID:
22:43:29  CC             PASSED    NAC:2209/x8A1 TSBK2 MOTOROLA SYSTEM LOADING MOTOROLA MSG:09900F00000000000000EF7F
22:43:29  CC             PASSED    NAC:2209/x8A1 TSBK3 IDEN_UPDATE ID:0 OFFSET:-45000000 SPACING:6250 BASE:851006250 FDMA BW:12500
22:43:29  CC             PASSED    NAC:2209/x8A1 TSBK1 RFSS_STATUS_BCST SYSTEM:2208/x8A0 RFSS:1/x01 SITE:1/x01 LRA:0/x00 CHAN:0-1593 ACTIVE NETWORK CONNECTION SERVICE OPTIONS:[DATA, VOICE, REGISTRATION]
22:43:29  CC             PASSED    NAC:2209/x8A1 TSBK2 NET_STATUS_BCAST WACN:781824/xBEE00 SYSTEM:2208/x8A0 LRA:0/x00 CHAN:0-1593 SERVICES:[DATA, VOICE, REGISTRATION]
22:43:29  CC             PASSED    NAC:2209/x8A1 TSBK3 IDEN_UPDATE ID:1 OFFSET:30000000 SPACING:6250 BASE:762006250 FDMA BW:12500
22:43:29  CC             PASSED    NAC:2209/x8A1 TSBK1 SNDCP_DCH_ANN_EX CHAN:0-1193/----- AUTONOMOUS/REQUESTED-ACCESS DAC:1 **:0 SERVICE OPTIONS:NSAPI:0 HALF DUPLEX CIRCUIT MODE
22:43:29  CC             PASSED    NAC:2209/x8A1 TSBK2 IDEN_UPDATE_TDMA ID:2 OFFSET:-45000000 SPACING:12500 BASE:851012500 TDMA BW:12500 TIMESLOTS:2 VOCODER:HALF_RATE
22:43:29  CC             PASSED    NAC:2209/x8A1 TSBK3 MOTOROLA TDMA DATA CHANNEL NOT ACTIVE MSG:9690423FFFFFFFFF0000306C
22:43:29  CC             PASSED    NAC:2209/x8A1 TSBK1 MOTOROLA TRAFFIC CHANNEL 059040C0C00000000800669F
22:43:29  CC             PASSED    NAC:2209/x8A1 TSBK2 TDMA_SYNC_BCST SYSTEM TIME UNLOCKED: 2026-04-18 21:47:17.250 -0500 LEAP-SECOND CORRECTION:0.0mS MICROSLOT-MINUTE ROLLOVER:SLOW
22:43:29  CC             PASSED    NAC:2209/x8A1 TSBK3 SEC_CCH_BROADCST RFSS:1/x01 SITE:1/x01 CHAN A:0-1349 SERVICE OPTIONS:[BACKUP CONTROL CHANNEL] CHAN B:0-1277 SERVICE OPTIONS:[BACKUP CONTROL CHANNEL]
22:43:29  CC             PASSED    NAC:2209/x8A1 TSBK1 MOTOROLA SYSTEM LOADING MOTOROLA MSG:09900DC000000000000016CC
22:43:29  T2 858.4625    PASSED    NAC:2209/x8A1 TDULC RFSS STATUS BROADCAST LRA:0/x00 SYSTEM:2208/x8A0 SITE:1/x01-1/x01 CHAN:0-1593 SERVICE OPTIONS:[DATA, VOICE, REGISTRATION]
22:43:29  T2 858.4625    PASSED    NAC:2209/x8A1 TDULC RFSS STATUS BROADCAST LRA:0/x00 SYSTEM:2208/x8A0 SITE:1/x01-1/x01 CHAN:0-1593 SERVICE OPTIONS:[DATA, VOICE, REGISTRATION]
22:43:29  T2 858.4625    PASSED    NAC:2209/x8A1 TDULC RFSS STATUS BROADCAST LRA:0/x00 SYSTEM:2208/x8A0 SITE:1/x01-1/x01 CHAN:0-1593 SERVICE OPTIONS:[DATA, VOICE, REGISTRATION]
22:43:29  T2 858.4625    PASSED    NAC:2209/x8A1 TDULC RFSS STATUS BROADCAST LRA:0/x00 SYSTEM:2208/x8A0 SITE:1/x01-1/x01 CHAN:0-1593 SERVICE OPTIONS:[DATA, VOICE, REGISTRATION]
22:43:29  T2 858.4625    PASSED    NAC:2209/x8A1 TDULC RFSS STATUS BROADCAST LRA:0/x00 SYSTEM:2208/x8A0 SITE:1/x01-1/x01 CHAN:0-1593 SERVICE OPTIONS:[DATA, VOICE, REGISTRATION]
22:43:29  T2 858.4625    PASSED    NAC:2209/x8A1 TDU
22:43:29  T2 858.4625    PASSED    NAC:2209/x8A1 TDU
22:43:29  T2 858.4625    PASSED    NAC:2209/x8A1 TDU
22:43:29  T2 858.4625    PASSED    NAC:2209/x8A1 PDU RESPONSE TO:3412574 ALL BLOCKS RECEIVED
22:43:29  T2 858.4625    PASSED    NAC:2209/x8A1 SNDCP LLID:3412574 ACTIVATE TDS CONTEXT ACCEPT NSAPI:1 ADDRESS:10.71.197.87 TYPE:IPV4 DYNAMIC ADDRESS READY TIMER:15s STANDBY TIMER:43200s MTU:0 AUTHORIZED GROUPS:[16] MSG:0147B10A47C557000000000001003C40000003000000
22:43:29  T2 858.4625    PASSED    NAC:2209/x8A1 TDU
22:43:29  T2 858.4625    PASSED    NAC:2209/x8A1 TDU
22:43:29  T2 858.4625    PASSED    NAC:2209/x8A1 TDULC RFSS STATUS BROADCAST LRA:0/x00 SYSTEM:2208/x8A0 SITE:1/x01-1/x01 CHAN:0-1593 SERVICE OPTIONS:[DATA, VOICE, REGISTRATION]
22:43:29  T2 858.4625    PASSED    NAC:2209/x8A1 TDULC RFSS STATUS BROADCAST LRA:0/x00 SYSTEM:2208/x8A0 SITE:1/x01-1/x01 CHAN:0-1593 SERVICE OPTIONS:[DATA, VOICE, REGISTRATION]
22:43:29  T2 858.4625    PASSED    NAC:2209/x8A1 TDULC RFSS STATUS BROADCAST LRA:0/x00 SYSTEM:2208/x8A0 SITE:1/x01-1/x01 CHAN:0-1593 SERVICE OPTIONS:[DATA, VOICE, REGISTRATION]
22:43:29  T2 858.4625    PASSED    NAC:2209/x8A1 TDULC RFSS STATUS BROADCAST LRA:0/x00 SYSTEM:2208/x8A0 SITE:1/x01-1/x01 CHAN:0-1593 SERVICE OPTIONS:[DATA, VOICE, REGISTRATION]
22:43:29  T2 858.4625    PASSED    NAC:2209/x8A1 TDULC RFSS STATUS BROADCAST LRA:0/x00 SYSTEM:2208/x8A0 SITE:1/x01-1/x01 CHAN:0-1593 SERVICE OPTIONS:[DATA, VOICE, REGISTRATION]
22:43:29  T2 858.4625    PASSED    NAC:2209/x8A1 TDU
22:43:29  T2 858.4625    PASSED    NAC:2209/x8A1 TDU
22:43:29  T2 858.4625    PASSED    NAC:2209/x8A1 TDU
22:43:29  T2 858.4625    PASSED    NAC:2209/x8A1 TDULC CALL TERMINATION BY:3412574
22:43:29  T2 858.4625    PASSED    NAC:2209/x8A1 TDULC CALL TERMINATION BY:3412574
22:43:29  T2 858.4625    PASSED    NAC:2209/x8A1 TDU
22:43:29  T2 858.4625    PASSED    NAC:2209/x8A1 TDU
22:43:29  T2 858.4625    PASSED    NAC:2209/x8A1 TDULC RFSS STATUS BROADCAST LRA:0/x00 SYSTEM:2208/x8A0 SITE:1/x01-1/x01 CHAN:0-1593 SERVICE OPTIONS:[DATA, VOICE, REGISTRATION]
22:43:29  T2 858.4625    PASSED    NAC:2209/x8A1 TDULC RFSS STATUS BROADCAST LRA:0/x00 SYSTEM:2208/x8A0 SITE:1/x01-1/x01 CHAN:0-1593 SERVICE OPTIONS:[DATA, VOICE, REGISTRATION]
22:43:29  T2 858.4625    PASSED    NAC:2209/x8A1 TDULC RFSS STATUS BROADCAST LRA:0/x00 SYSTEM:2208/x8A0 SITE:1/x01-1/x01 CHAN:0-1593 SERVICE OPTIONS:[DATA, VOICE, REGISTRATION]
22:43:29  T2 858.4625    PASSED    NAC:2209/x8A1 TDULC RFSS STATUS BROADCAST LRA:0/x00 SYSTEM:2208/x8A0 SITE:1/x01-1/x01 CHAN:0-1593 SERVICE OPTIONS:[DATA, VOICE, REGISTRATION]
22:43:29  T2 858.4625    PASSED    NAC:2209/x8A1 TDULC RFSS STATUS BROADCAST LRA:0/x00 SYSTEM:2208/x8A0 SITE:1/x01-1/x01 CHAN:0-1593 SERVICE OPTIONS:[DATA, VOICE, REGISTRATION]
22:43:30  CC             PASSED    NAC:2209/x8A1 TSBK2 IDEN_UPDATE_TDMA ID:3 OFFSET:30000000 SPACING:12500 BASE:762006250 TDMA BW:12500 TIMESLOTS:2 VOCODER:HALF_RATE
22:43:30  CC             PASSED    NAC:2209/x8A1 TSBK3 RFSS_STATUS_BCST SYSTEM:2208/x8A0 RFSS:1/x01 SITE:1/x01 LRA:0/x00 CHAN:0-1593 ACTIVE NETWORK CONNECTION SERVICE OPTIONS:[DATA, VOICE, REGISTRATION]
22:43:30  CC             PASSED    NAC:2209/x8A1 TSBK1 NET_STATUS_BCAST WACN:781824/xBEE00 SYSTEM:2208/x8A0 LRA:0/x00 CHAN:0-1593 SERVICES:[DATA, VOICE, REGISTRATION]
22:43:30  CC             PASSED    NAC:2209/x8A1 TSBK2 IDEN_UPDATE ID:4 OFFSET:-39000000 SPACING:12500 BASE:935012500 FDMA BW:12500
22:43:30  CC             PASSED    NAC:2209/x8A1 TSBK3 SNDCP_DCH_ANN_EX CHAN:0-1193/----- AUTONOMOUS/REQUESTED-ACCESS DAC:1 **:0 SERVICE OPTIONS:NSAPI:0 HALF DUPLEX CIRCUIT MODE
22:43:30  CC             PASSED    NAC:2209/x8A1 TSBK1 IDEN_UPDATE_TDMA ID:5 OFFSET:-39000000 SPACING:12500 BASE:935012500 TDMA BW:12500 TIMESLOTS:2 VOCODER:HALF_RATE
22:43:30  CC             PASSED    NAC:2209/x8A1 TSBK2 MOTOROLA TDMA DATA CHANNEL NOT ACTIVE MSG:1690423FFFFFFFFF0000D458
22:43:30  CC             PASSED    NAC:2209/x8A1 TSBK3 MOTOROLA TRAFFIC CHANNEL 859040C0C0000000080082AB
22:43:30  CC             PASSED    NAC:2209/x8A1 TSBK1 TDMA_SYNC_BCST SYSTEM TIME UNLOCKED: 2026-04-18 21:47:17.550 -0500 LEAP-SECOND CORRECTION:0.0mS MICROSLOT-MINUTE ROLLOVER:SLOW
22:43:30  CC             PASSED    NAC:2209/x8A1 TSBK2 CCH BASE STAT ID CHAN:0-1593 CWID:
22:43:30  CC             PASSED    NAC:2209/x8A1 TSBK3 ACK_RESPONSE_FNE FM:16777213 TO:3100023 ACKNOWLEDGING:GRP_V_REQ
22:43:30  CC             PASSED    NAC:2209/x8A1 TSBK1 SEC_CCH_BROADCST RFSS:1/x01 SITE:1/x01 CHAN A:0-1277 SERVICE OPTIONS:[BACKUP CONTROL CHANNEL] CHAN B:0-1509 SERVICE OPTIONS:[BACKUP CONTROL CHANNEL]
22:43:30  CC             PASSED    NAC:2209/x8A1 TSBK2 MOTOROLA SYSTEM LOADING MOTOROLA MSG:09901040000000000000D6E5
22:43:30  CC             PASSED    NAC:2209/x8A1 TSBK3 ACK_RESPONSE_FNE FM:16777213 TO:3100023 ACKNOWLEDGING:GRP_V_REQ
22:43:30  CC             PASSED    NAC:2209/x8A1 TSBK1 GRP_VCH_GRANT FM:3100023 TO:300 CHAN:0-1189 PRI4 CIRCUIT
22:43:30  CC             PASSED    NAC:2209/x8A1 TSBK2 IDEN_UPDATE ID:0 OFFSET:-45000000 SPACING:6250 BASE:851006250 FDMA BW:12500
22:43:30  CC             PASSED    NAC:2209/x8A1 TSBK3 RFSS_STATUS_BCST SYSTEM:2208/x8A0 RFSS:1/x01 SITE:1/x01 LRA:0/x00 CHAN:0-1593 ACTIVE NETWORK CONNECTION SERVICE OPTIONS:[DATA, VOICE, REGISTRATION]
22:43:30  CC             PASSED    NAC:2209/x8A1 TSBK1 GRP_VCH_GRANT FM:3100023 TO:300 CHAN:0-1189 PRI4 CIRCUIT
22:43:30  CC             PASSED    NAC:2209/x8A1 TSBK2 NET_STATUS_BCAST WACN:781824/xBEE00 SYSTEM:2208/x8A0 LRA:0/x00 CHAN:0-1593 SERVICES:[DATA, VOICE, REGISTRATION]
22:43:30  CC             PASSED    NAC:2209/x8A1 TSBK3 IDEN_UPDATE ID:1 OFFSET:30000000 SPACING:6250 BASE:762006250 FDMA BW:12500
22:43:30  CC             PASSED    NAC:2209/x8A1 TSBK1 GRP_VCH_GRNT_UPD GROUP A:300 CHAN A:0-1189
22:43:30  CC             PASSED    NAC:2209/x8A1 TSBK2 SNDCP_DCH_ANN_EX CHAN:0-1193/----- AUTONOMOUS/REQUESTED-ACCESS DAC:1 **:0 SERVICE OPTIONS:NSAPI:0 HALF DUPLEX CIRCUIT MODE
22:43:30  CC             PASSED    NAC:2209/x8A1 TSBK3 IDEN_UPDATE_TDMA ID:2 OFFSET:-45000000 SPACING:12500 BASE:851012500 TDMA BW:12500 TIMESLOTS:2 VOCODER:HALF_RATE
22:43:30  CC             PASSED    NAC:2209/x8A1 TSBK1 MOTOROLA TDMA DATA CHANNEL NOT ACTIVE MSG:1690423FFFFFFFFF0000D458
22:43:30  CC             PASSED    NAC:2209/x8A1 TSBK2 MOTOROLA TRAFFIC CHANNEL 059040C0C00000000800669F
22:43:30  CC             PASSED    NAC:2209/x8A1 TSBK3 TDMA_SYNC_BCST SYSTEM TIME UNLOCKED: 2026-04-18 21:47:17.925 -0500 LEAP-SECOND CORRECTION:0.0mS MICROSLOT-MINUTE ROLLOVER:SLOW
22:43:30  CC             PASSED    NAC:2209/x8A1 TSBK1 SEC_CCH_BROADCST RFSS:1/x01 SITE:1/x01 CHAN A:0-1509 SERVICE OPTIONS:[BACKUP CONTROL CHANNEL] CHAN B:0-1349 SERVICE OPTIONS:[BACKUP CONTROL CHANNEL]
22:43:30  CC             PASSED    NAC:2209/x8A1 TSBK2 MOTOROLA SYSTEM LOADING MOTOROLA MSG:099012C0000000000000F2BA
22:43:30  CC             PASSED    NAC:2209/x8A1 TSBK3 ACK_RESPONSE_FNE FM:16777213 TO:3402050 ACKNOWLEDGING:CAN_SRV_REQ
22:43:30  CC             PASSED    NAC:2209/x8A1 TSBK1 IDEN_UPDATE_TDMA ID:3 OFFSET:30000000 SPACING:12500 BASE:762006250 TDMA BW:12500 TIMESLOTS:2 VOCODER:HALF_RATE
22:43:30  CC             PASSED    NAC:2209/x8A1 TSBK2 RFSS_STATUS_BCST SYSTEM:2208/x8A0 RFSS:1/x01 SITE:1/x01 LRA:0/x00 CHAN:0-1593 ACTIVE NETWORK CONNECTION SERVICE OPTIONS:[DATA, VOICE, REGISTRATION]
22:43:30  CC             PASSED    NAC:2209/x8A1 TSBK3 ACK_RESPONSE_FNE FM:16777213 TO:3402050 ACKNOWLEDGING:CAN_SRV_REQ
22:43:30  CC             PASSED    NAC:2209/x8A1 TSBK1 NET_STATUS_BCAST WACN:781824/xBEE00 SYSTEM:2208/x8A0 LRA:0/x00 CHAN:0-1593 SERVICES:[DATA, VOICE, REGISTRATION]
22:43:30  CC             PASSED    NAC:2209/x8A1 TSBK2 IDEN_UPDATE ID:4 OFFSET:-39000000 SPACING:12500 BASE:935012500 FDMA BW:12500
22:43:30  CC             PASSED    NAC:2209/x8A1 TSBK3 GRP_VCH_GRNT_UPD GROUP A:300 CHAN A:0-1189
22:43:30  CC             PASSED    NAC:2209/x8A1 TSBK1 SNDCP_DCH_ANN_EX CHAN:0-1193/----- AUTONOMOUS/REQUESTED-ACCESS DAC:1 **:0 SERVICE OPTIONS:NSAPI:0 HALF DUPLEX CIRCUIT MODE
22:43:30  CC             PASSED    NAC:2209/x8A1 TSBK2 IDEN_UPDATE_TDMA ID:5 OFFSET:-39000000 SPACING:12500 BASE:935012500 TDMA BW:12500 TIMESLOTS:2 VOCODER:HALF_RATE
22:43:30  CC             PASSED    NAC:2209/x8A1 TSBK3 MOTOROLA TDMA DATA CHANNEL NOT ACTIVE MSG:9690423FFFFFFFFF0000306C
22:43:30  CC             PASSED    NAC:2209/x8A1 TSBK1 CCH BASE STAT ID CHAN:0-1593 CWID:
22:43:30  T2 858.4625    PASSED    NAC:2209/x8A1 TDULC RFSS STATUS BROADCAST LRA:0/x00 SYSTEM:2208/x8A0 SITE:1/x01-1/x01 CHAN:0-1593 SERVICE OPTIONS:[DATA, VOICE, REGISTRATION]
22:43:30  T2 858.4625    PASSED    NAC:2209/x8A1 TDULC RFSS STATUS BROADCAST LRA:0/x00 SYSTEM:2208/x8A0 SITE:1/x01-1/x01 CHAN:0-1593 SERVICE OPTIONS:[DATA, VOICE, REGISTRATION]
22:43:30  T2 858.4625    PASSED    NAC:2209/x8A1 TDULC RFSS STATUS BROADCAST LRA:0/x00 SYSTEM:2208/x8A0 SITE:1/x01-1/x01 CHAN:0-1593 SERVICE OPTIONS:[DATA, VOICE, REGISTRATION]
22:43:30  T2 858.4625    PASSED    NAC:2209/x8A1 TDULC RFSS STATUS BROADCAST LRA:0/x00 SYSTEM:2208/x8A0 SITE:1/x01-1/x01 CHAN:0-1593 SERVICE OPTIONS:[DATA, VOICE, REGISTRATION]
22:43:30  T2 858.4625    PASSED    NAC:2209/x8A1 TDULC RFSS STATUS BROADCAST LRA:0/x00 SYSTEM:2208/x8A0 SITE:1/x01-1/x01 CHAN:0-1593 SERVICE OPTIONS:[DATA, VOICE, REGISTRATION]
22:43:30  T2 858.4625    PASSED    NAC:2209/x8A1 TDULC RFSS STATUS BROADCAST LRA:0/x00 SYSTEM:2208/x8A0 SITE:1/x01-1/x01 CHAN:0-1593 SERVICE OPTIONS:[DATA, VOICE, REGISTRATION]
22:43:30  T2 858.4625    PASSED    NAC:2209/x8A1 TDULC RFSS STATUS BROADCAST LRA:0/x00 SYSTEM:2208/x8A0 SITE:1/x01-1/x01 CHAN:0-1593 SERVICE OPTIONS:[DATA, VOICE, REGISTRATION]
22:43:30  T2 858.4625    PASSED    NAC:2209/x8A1 TDULC RFSS STATUS BROADCAST LRA:0/x00 SYSTEM:2208/x8A0 SITE:1/x01-1/x01 CHAN:0-1593 SERVICE OPTIONS:[DATA, VOICE, REGISTRATION]
22:43:30  T2 858.4625    PASSED    NAC:2209/x8A1 TDULC GROUP VOICE CHANNEL UPDATE TALKGROUP A:300 CHAN A:0-1189
22:43:30  T2 858.4625    PASSED    NAC:2209/x8A1 TDULC GROUP VOICE CHANNEL UPDATE TALKGROUP A:300 CHAN A:0-1189
22:43:30  T2 858.4625    PASSED    NAC:2209/x8A1 TDULC RFSS STATUS BROADCAST LRA:0/x00 SYSTEM:2208/x8A0 SITE:1/x01-1/x01 CHAN:0-1593 SERVICE OPTIONS:[DATA, VOICE, REGISTRATION]
22:43:30  T2 858.4625    PASSED    NAC:2209/x8A1 TDULC GROUP VOICE CHANNEL UPDATE TALKGROUP A:300 CHAN A:0-1189
22:43:30  T2 858.4625    PASSED    NAC:2209/x8A1 TDULC RFSS STATUS BROADCAST LRA:0/x00 SYSTEM:2208/x8A0 SITE:1/x01-1/x01 CHAN:0-1593 SERVICE OPTIONS:[DATA, VOICE, REGISTRATION]
22:43:30  T2 858.4625    PASSED    NAC:2209/x8A1 TDULC GROUP VOICE CHANNEL UPDATE TALKGROUP A:300 CHAN A:0-1189
22:43:30  T2 858.4625    PASSED    NAC:2209/x8A1 TDULC RFSS STATUS BROADCAST LRA:0/x00 SYSTEM:2208/x8A0 SITE:1/x01-1/x01 CHAN:0-1593 SERVICE OPTIONS:[DATA, VOICE, REGISTRATION]
22:43:30  T2 858.4625    PASSED    NAC:2209/x8A1 TDULC GROUP VOICE CHANNEL UPDATE TALKGROUP A:300 CHAN A:0-1189
22:43:30  T2 858.4625    PASSED    NAC:2209/x8A1 TDULC RFSS STATUS BROADCAST LRA:0/x00 SYSTEM:2208/x8A0 SITE:1/x01-1/x01 CHAN:0-1593 SERVICE OPTIONS:[DATA, VOICE, REGISTRATION]
22:43:30  T2 858.4625    PASSED    NAC:2209/x8A1 TDULC GROUP VOICE CHANNEL UPDATE TALKGROUP A:300 CHAN A:0-1189
22:43:30  T2 858.4625    PASSED    NAC:2209/x8A1 TDULC RFSS STATUS BROADCAST LRA:0/x00 SYSTEM:2208/x8A0 SITE:1/x01-1/x01 CHAN:0-1593 SERVICE OPTIONS:[DATA, VOICE, REGISTRATION]
22:43:30  T2 858.4625    PASSED    NAC:2209/x8A1 TDULC GROUP VOICE CHANNEL UPDATE TALKGROUP A:300 CHAN A:0-1189
22:43:30  T2 858.4625    PASSED    NAC:2209/x8A1 TDULC RFSS STATUS BROADCAST LRA:0/x00 SYSTEM:2208/x8A0 SITE:1/x01-1/x01 CHAN:0-1593 SERVICE OPTIONS:[DATA, VOICE, REGISTRATION]
22:43:30  T2 858.4625    PASSED    NAC:2209/x8A1 TDULC GROUP VOICE CHANNEL UPDATE TALKGROUP A:300 CHAN A:0-1189
22:43:30  T3 858.4375    PASSED    <-> SYNC LOSS - BITS PROCESSED [200]
22:43:30  T3 858.4375    PASSED    NAC:2209/x8A1 TDULC GROUP VOICE CHANNEL USER FM:0 TO:300 SERVICE OPTIONS:PRI4 CIRCUIT
22:43:30  T3 858.4375    PASSED    NAC:2209/x8A1 TDULC GROUP VOICE CHANNEL USER FM:0 TO:300 SERVICE OPTIONS:PRI4 CIRCUIT
22:43:30  T3 858.4375    PASSED    NAC:2209/x8A1 TDULC GROUP VOICE CHANNEL USER FM:0 TO:300 SERVICE OPTIONS:PRI4 CIRCUIT
22:43:30  T3 858.4375    PASSED    NAC:2209/x8A1 TDULC GROUP VOICE CHANNEL USER FM:0 TO:300 SERVICE OPTIONS:PRI4 CIRCUIT
22:43:30  T3 858.4375    PASSED    NAC:2209/x8A1 TDULC GROUP VOICE CHANNEL USER FM:0 TO:300 SERVICE OPTIONS:PRI4 CIRCUIT
22:43:30  T3 858.4375    PASSED    NAC:2209/x8A1 TDULC GROUP VOICE CHANNEL USER FM:0 TO:300 SERVICE OPTIONS:PRI4 CIRCUIT
22:43:30  T3 858.4375    PASSED    NAC:2209/x8A1 HDU   TALKGROUP:300 UNENCRYPTED
22:43:30  T3 858.4375    PASSED    NAC:2209/x8A1 LDU1  VOICE LSD:0000 GROUP VOICE CHANNEL USER FM:0 TO:300 SERVICE OPTIONS:PRI4 CIRCUIT
22:43:31  CC             PASSED    NAC:2209/x8A1 TSBK2 MOTOROLA TRAFFIC CHANNEL 059040C0C00000000800669F
22:43:31  CC             PASSED    NAC:2209/x8A1 TSBK3 TDMA_SYNC_BCST SYSTEM TIME UNLOCKED: 2026-04-18 21:47:18.300 -0500 LEAP-SECOND CORRECTION:0.0mS MICROSLOT-MINUTE ROLLOVER:SLOW
22:43:31  CC             PASSED    NAC:2209/x8A1 TSBK1 SEC_CCH_BROADCST RFSS:1/x01 SITE:1/x01 CHAN A:0-1349 SERVICE OPTIONS:[BACKUP CONTROL CHANNEL] CHAN B:0-1277 SERVICE OPTIONS:[BACKUP CONTROL CHANNEL]
22:43:31  CC             PASSED    NAC:2209/x8A1 TSBK2 MOTOROLA SYSTEM LOADING MOTOROLA MSG:099012C0000000000000F2BA
22:43:31  CC             PASSED    NAC:2209/x8A1 TSBK3 IDEN_UPDATE ID:0 OFFSET:-45000000 SPACING:6250 BASE:851006250 FDMA BW:12500
22:43:31  CC             PASSED    NAC:2209/x8A1 TSBK1 RFSS_STATUS_BCST SYSTEM:2208/x8A0 RFSS:1/x01 SITE:1/x01 LRA:0/x00 CHAN:0-1593 ACTIVE NETWORK CONNECTION SERVICE OPTIONS:[DATA, VOICE, REGISTRATION]
22:43:31  CC             PASSED    NAC:2209/x8A1 TSBK2 NET_STATUS_BCAST WACN:781824/xBEE00 SYSTEM:2208/x8A0 LRA:0/x00 CHAN:0-1593 SERVICES:[DATA, VOICE, REGISTRATION]
22:43:31  CC             PASSED    NAC:2209/x8A1 TSBK3 IDEN_UPDATE ID:1 OFFSET:30000000 SPACING:6250 BASE:762006250 FDMA BW:12500
22:43:31  CC             PASSED    NAC:2209/x8A1 TSBK1 GRP_VCH_GRNT_UPD GROUP A:300 CHAN A:0-1189
22:43:31  CC             PASSED    NAC:2209/x8A1 TSBK2 SNDCP_DCH_ANN_EX CHAN:0-1193/----- AUTONOMOUS/REQUESTED-ACCESS DAC:1 **:0 SERVICE OPTIONS:NSAPI:0 HALF DUPLEX CIRCUIT MODE
22:43:31  CC             PASSED    NAC:2209/x8A1 TSBK3 IDEN_UPDATE_TDMA ID:2 OFFSET:-45000000 SPACING:12500 BASE:851012500 TDMA BW:12500 TIMESLOTS:2 VOCODER:HALF_RATE
22:43:31  CC             PASSED    NAC:2209/x8A1 TSBK1 MOTOROLA TDMA DATA CHANNEL NOT ACTIVE MSG:1690423FFFFFFFFF0000D458
22:43:31  CC             PASSED    NAC:2209/x8A1 TSBK2 MOTOROLA TRAFFIC CHANNEL 059040C0C00000000800669F
22:43:31  CC             PASSED    NAC:2209/x8A1 TSBK3 TDMA_SYNC_BCST SYSTEM TIME UNLOCKED: 2026-04-18 21:47:18.600 -0500 LEAP-SECOND CORRECTION:0.0mS MICROSLOT-MINUTE ROLLOVER:SLOW
22:43:31  CC             PASSED    NAC:2209/x8A1 TSBK1 SEC_CCH_BROADCST RFSS:1/x01 SITE:1/x01 CHAN A:0-1277 SERVICE OPTIONS:[BACKUP CONTROL CHANNEL] CHAN B:0-1509 SERVICE OPTIONS:[BACKUP CONTROL CHANNEL]
22:43:31  CC             PASSED    NAC:2209/x8A1 TSBK2 MOTOROLA SYSTEM LOADING MOTOROLA MSG:09900F00000000000000EF7F
22:43:31  CC             PASSED    NAC:2209/x8A1 TSBK3 IDEN_UPDATE_TDMA ID:3 OFFSET:30000000 SPACING:12500 BASE:762006250 TDMA BW:12500 TIMESLOTS:2 VOCODER:HALF_RATE
22:43:31  CC             PASSED    NAC:2209/x8A1 TSBK1 RFSS_STATUS_BCST SYSTEM:2208/x8A0 RFSS:1/x01 SITE:1/x01 LRA:0/x00 CHAN:0-1593 ACTIVE NETWORK CONNECTION SERVICE OPTIONS:[DATA, VOICE, REGISTRATION]
22:43:31  CC             PASSED    NAC:2209/x8A1 TSBK2 NET_STATUS_BCAST WACN:781824/xBEE00 SYSTEM:2208/x8A0 LRA:0/x00 CHAN:0-1593 SERVICES:[DATA, VOICE, REGISTRATION]
22:43:31  CC             PASSED    NAC:2209/x8A1 TSBK3 IDEN_UPDATE ID:4 OFFSET:-39000000 SPACING:12500 BASE:935012500 FDMA BW:12500
22:43:31  CC             PASSED    NAC:2209/x8A1 TSBK1 GRP_VCH_GRNT_UPD GROUP A:300 CHAN A:0-1189
22:43:31  CC             PASSED    NAC:2209/x8A1 TSBK2 SNDCP_DCH_ANN_EX CHAN:0-1193/----- AUTONOMOUS/REQUESTED-ACCESS DAC:1 **:0 SERVICE OPTIONS:NSAPI:0 HALF DUPLEX CIRCUIT MODE
22:43:31  CC             PASSED    NAC:2209/x8A1 TSBK3 CCH BASE STAT ID CHAN:0-1593 CWID:
22:43:31  CC             PASSED    NAC:2209/x8A1 TSBK1 SNDCP_DCH_PAG_RQ FM:3402104 TO:65535 NSAPI:1 HALF DUPLEX CIRCUIT MODE
22:43:31  CC             PASSED    NAC:2209/x8A1 TSBK2 IDEN_UPDATE_TDMA ID:5 OFFSET:-39000000 SPACING:12500 BASE:935012500 TDMA BW:12500 TIMESLOTS:2 VOCODER:HALF_RATE
22:43:31  CC             PASSED    NAC:2209/x8A1 TSBK3 MOTOROLA TDMA DATA CHANNEL NOT ACTIVE MSG:9690423FFFFFFFFF0000306C
22:43:31  CC             PASSED    NAC:2209/x8A1 TSBK1 MOTOROLA TRAFFIC CHANNEL 059040C0C00000000800669F
22:43:31  CC             PASSED    NAC:2209/x8A1 TSBK2 TDMA_SYNC_BCST SYSTEM TIME UNLOCKED: 2026-04-18 21:47:18.975 -0500 LEAP-SECOND CORRECTION:0.0mS MICROSLOT-MINUTE ROLLOVER:SLOW
22:43:31  CC             PASSED    NAC:2209/x8A1 TSBK3 SEC_CCH_BROADCST RFSS:1/x01 SITE:1/x01 CHAN A:0-1509 SERVICE OPTIONS:[BACKUP CONTROL CHANNEL] CHAN B:0-1349 SERVICE OPTIONS:[BACKUP CONTROL CHANNEL]
22:43:31  CC             PASSED    NAC:2209/x8A1 TSBK1 MOTOROLA SYSTEM LOADING MOTOROLA MSG:09901180000000000000E723
22:43:31  CC             PASSED    NAC:2209/x8A1 TSBK2 IDEN_UPDATE ID:0 OFFSET:-45000000 SPACING:6250 BASE:851006250 FDMA BW:12500
22:43:31  CC             PASSED    NAC:2209/x8A1 TSBK3 RFSS_STATUS_BCST SYSTEM:2208/x8A0 RFSS:1/x01 SITE:1/x01 LRA:0/x00 CHAN:0-1593 ACTIVE NETWORK CONNECTION SERVICE OPTIONS:[DATA, VOICE, REGISTRATION]
22:43:31  CC             PASSED    NAC:2209/x8A1 TSBK1 NET_STATUS_BCAST WACN:781824/xBEE00 SYSTEM:2208/x8A0 LRA:0/x00 CHAN:0-1593 SERVICES:[DATA, VOICE, REGISTRATION]
22:43:31  CC             PASSED    NAC:2209/x8A1 TSBK2 IDEN_UPDATE ID:1 OFFSET:30000000 SPACING:6250 BASE:762006250 FDMA BW:12500
22:43:31  CC             PASSED    NAC:2209/x8A1 TSBK3 GRP_VCH_GRNT_UPD GROUP A:300 CHAN A:0-1189
22:43:31  CC             PASSED    NAC:2209/x8A1 TSBK1 SNDCP_DCH_ANN_EX CHAN:0-1193/----- AUTONOMOUS/REQUESTED-ACCESS DAC:1 **:0 SERVICE OPTIONS:NSAPI:0 HALF DUPLEX CIRCUIT MODE
22:43:31  CC             PASSED    NAC:2209/x8A1 TSBK2 SNDCP_DCH_PAG_RQ FM:3402104 TO:65535 NSAPI:1 HALF DUPLEX CIRCUIT MODE
22:43:31  CC             PASSED    NAC:2209/x8A1 TSBK3 IDEN_UPDATE_TDMA ID:2 OFFSET:-45000000 SPACING:12500 BASE:851012500 TDMA BW:12500 TIMESLOTS:2 VOCODER:HALF_RATE
22:43:31  CC             PASSED    NAC:2209/x8A1 TSBK1 MOTOROLA TDMA DATA CHANNEL NOT ACTIVE MSG:1690423FFFFFFFFF0000D458
22:43:31  CC             PASSED    NAC:2209/x8A1 TSBK2 MOTOROLA TRAFFIC CHANNEL 059040C0C00000000800669F
22:43:31  CC             PASSED    NAC:2209/x8A1 TSBK3 TDMA_SYNC_BCST SYSTEM TIME UNLOCKED: 2026-04-18 21:47:19.275 -0500 LEAP-SECOND CORRECTION:0.0mS MICROSLOT-MINUTE ROLLOVER:SLOW
22:43:31  T2 858.4625    PASSED    NAC:2209/x8A1 TDULC RFSS STATUS BROADCAST LRA:0/x00 SYSTEM:2208/x8A0 SITE:1/x01-1/x01 CHAN:0-1593 SERVICE OPTIONS:[DATA, VOICE, REGISTRATION]
22:43:31  T2 858.4625    PASSED    NAC:2209/x8A1 TDULC GROUP VOICE CHANNEL UPDATE TALKGROUP A:300 CHAN A:0-1189
22:43:31  T2 858.4625    PASSED    NAC:2209/x8A1 TDULC RFSS STATUS BROADCAST LRA:0/x00 SYSTEM:2208/x8A0 SITE:1/x01-1/x01 CHAN:0-1593 SERVICE OPTIONS:[DATA, VOICE, REGISTRATION]
22:43:31  T2 858.4625    PASSED    NAC:2209/x8A1 TDU
22:43:31  T2 858.4625    PASSED    NAC:2209/x8A1 TDU
22:43:31  T2 858.4625    PASSED    NAC:2209/x8A1 TDU
22:43:31  T2 858.4625    PASSED    NAC:2209/x8A1 TDULC CALL TERMINATION BY:3416142
22:43:31  T2 858.4625    PASSED    NAC:2209/x8A1 TDULC CALL TERMINATION BY:3416142
22:43:31  T2 858.4625    PASSED    NAC:2209/x8A1 TDU
22:43:31  T2 858.4625    PASSED    NAC:2209/x8A1 TDU
22:43:31  T2 858.4625    PASSED    NAC:2209/x8A1 TDULC GROUP VOICE CHANNEL UPDATE TALKGROUP A:300 CHAN A:0-1189
22:43:31  T2 858.4625    PASSED    NAC:2209/x8A1 TDULC RFSS STATUS BROADCAST LRA:0/x00 SYSTEM:2208/x8A0 SITE:1/x01-1/x01 CHAN:0-1593 SERVICE OPTIONS:[DATA, VOICE, REGISTRATION]
22:43:31  T2 858.4625    PASSED    NAC:2209/x8A1 TDULC GROUP VOICE CHANNEL UPDATE TALKGROUP A:300 CHAN A:0-1189
22:43:31  T2 858.4625    PASSED    NAC:2209/x8A1 TDULC RFSS STATUS BROADCAST LRA:0/x00 SYSTEM:2208/x8A0 SITE:1/x01-1/x01 CHAN:0-1593 SERVICE OPTIONS:[DATA, VOICE, REGISTRATION]
22:43:31  T2 858.4625    PASSED    NAC:2209/x8A1 TDULC GROUP VOICE CHANNEL UPDATE TALKGROUP A:300 CHAN A:0-1189
22:43:31  T2 858.4625    PASSED    NAC:2209/x8A1 TDULC RFSS STATUS BROADCAST LRA:0/x00 SYSTEM:2208/x8A0 SITE:1/x01-1/x01 CHAN:0-1593 SERVICE OPTIONS:[DATA, VOICE, REGISTRATION]
22:43:31  T2 858.4625    PASSED    NAC:2209/x8A1 TDULC GROUP VOICE CHANNEL UPDATE TALKGROUP A:300 CHAN A:0-1189
22:43:31  T2 858.4625    PASSED    NAC:2209/x8A1 TDU
22:43:31  T2 858.4625    PASSED    NAC:2209/x8A1 TDU
22:43:31  T2 858.4625    PASSED    NAC:2209/x8A1 TDU
22:43:31  T2 858.4625    PASSED    NAC:2209/x8A1 TDULC CALL TERMINATION BY:3412772
22:43:31  T2 858.4625    PASSED    NAC:2209/x8A1 TDULC CALL TERMINATION BY:3412772
22:43:31  T2 858.4625    PASSED    NAC:2209/x8A1 TDU
22:43:31  T2 858.4625    PASSED    NAC:2209/x8A1 TDU
22:43:31  T2 858.4625    PASSED    NAC:2209/x8A1 TDULC RFSS STATUS BROADCAST LRA:0/x00 SYSTEM:2208/x8A0 SITE:1/x01-1/x01 CHAN:0-1593 SERVICE OPTIONS:[DATA, VOICE, REGISTRATION]
22:43:31  T2 858.4625    PASSED    NAC:2209/x8A1 TDULC GROUP VOICE CHANNEL UPDATE TALKGROUP A:300 CHAN A:0-1189
22:43:31  T2 858.4625    PASSED    NAC:2209/x8A1 TDULC RFSS STATUS BROADCAST LRA:0/x00 SYSTEM:2208/x8A0 SITE:1/x01-1/x01 CHAN:0-1593 SERVICE OPTIONS:[DATA, VOICE, REGISTRATION]
22:43:31  T2 858.4625    PASSED    NAC:2209/x8A1 TDULC GROUP VOICE CHANNEL UPDATE TALKGROUP A:300 CHAN A:0-1189
22:43:31  T2 858.4625    PASSED    NAC:2209/x8A1 TDULC RFSS STATUS BROADCAST LRA:0/x00 SYSTEM:2208/x8A0 SITE:1/x01-1/x01 CHAN:0-1593 SERVICE OPTIONS:[DATA, VOICE, REGISTRATION]
22:43:31  T2 858.4625    PASSED    NAC:2209/x8A1 TDULC GROUP VOICE CHANNEL UPDATE TALKGROUP A:300 CHAN A:0-1189
22:43:31  T3 858.4375    PASSED    NAC:2209/x8A1 LDU2  VOICE LSD:0000 UNENCRYPTED
22:43:31  T3 858.4375    PASSED    NAC:2209/x8A1 LDU1  VOICE LSD:0000 GROUP VOICE CHANNEL USER FM:0 TO:300 SERVICE OPTIONS:PRI4 CIRCUIT
22:43:31  T3 858.4375    PASSED    NAC:2209/x8A1 LDU2  VOICE LSD:0000 UNENCRYPTED
22:43:31  T3 858.4375    PASSED    NAC:2209/x8A1 LDU1  VOICE LSD:0000 GROUP VOICE CHANNEL USER FM:3100023 TO:300 SERVICE OPTIONS:PRI4 CIRCUIT
22:43:31  T3 858.4375    PASSED    NAC:2209/x8A1 LDU2  VOICE LSD:0000 UNENCRYPTED
22:43:32  CC             PASSED    NAC:2209/x8A1 TSBK1 SEC_CCH_BROADCST RFSS:1/x01 SITE:1/x01 CHAN A:0-1349 SERVICE OPTIONS:[BACKUP CONTROL CHANNEL] CHAN B:0-1277 SERVICE OPTIONS:[BACKUP CONTROL CHANNEL]
22:43:32  CC             PASSED    NAC:2209/x8A1 TSBK2 MOTOROLA SYSTEM LOADING MOTOROLA MSG:09901040000000000000D6E5
22:43:32  CC             PASSED    NAC:2209/x8A1 TSBK3 IDEN_UPDATE_TDMA ID:3 OFFSET:30000000 SPACING:12500 BASE:762006250 TDMA BW:12500 TIMESLOTS:2 VOCODER:HALF_RATE
22:43:32  CC             PASSED    NAC:2209/x8A1 TSBK1 RFSS_STATUS_BCST SYSTEM:2208/x8A0 RFSS:1/x01 SITE:1/x01 LRA:0/x00 CHAN:0-1593 ACTIVE NETWORK CONNECTION SERVICE OPTIONS:[DATA, VOICE, REGISTRATION]
22:43:32  CC             PASSED    NAC:2209/x8A1 TSBK2 NET_STATUS_BCAST WACN:781824/xBEE00 SYSTEM:2208/x8A0 LRA:0/x00 CHAN:0-1593 SERVICES:[DATA, VOICE, REGISTRATION]
22:43:32  CC             PASSED    NAC:2209/x8A1 TSBK3 CCH BASE STAT ID CHAN:0-1593 CWID:
22:43:32  CC             PASSED    NAC:2209/x8A1 TSBK1 IDEN_UPDATE ID:4 OFFSET:-39000000 SPACING:12500 BASE:935012500 FDMA BW:12500
22:43:32  CC             PASSED    NAC:2209/x8A1 TSBK2 GRP_VCH_GRNT_UPD GROUP A:300 CHAN A:0-1189
22:43:32  CC             PASSED    NAC:2209/x8A1 TSBK3 SNDCP_DCH_ANN_EX CHAN:0-1193/----- AUTONOMOUS/REQUESTED-ACCESS DAC:1 **:0 SERVICE OPTIONS:NSAPI:0 HALF DUPLEX CIRCUIT MODE
22:43:32  CC             PASSED    NAC:2209/x8A1 TSBK1 SNDCP_DCH_PAG_RQ FM:3402104 TO:65535 NSAPI:1 HALF DUPLEX CIRCUIT MODE
22:43:32  CC             PASSED    NAC:2209/x8A1 TSBK2 IDEN_UPDATE_TDMA ID:5 OFFSET:-39000000 SPACING:12500 BASE:935012500 TDMA BW:12500 TIMESLOTS:2 VOCODER:HALF_RATE
22:43:32  CC             PASSED    NAC:2209/x8A1 TSBK3 MOTOROLA TDMA DATA CHANNEL NOT ACTIVE MSG:9690423FFFFFFFFF0000306C
22:43:32  CC             PASSED    NAC:2209/x8A1 TSBK1 MOTOROLA TRAFFIC CHANNEL 059040C0C00000000800669F
22:43:32  CC             PASSED    NAC:2209/x8A1 TSBK2 TDMA_SYNC_BCST SYSTEM TIME UNLOCKED: 2026-04-18 21:47:19.650 -0500 LEAP-SECOND CORRECTION:0.0mS MICROSLOT-MINUTE ROLLOVER:SLOW
22:43:32  CC             PASSED    NAC:2209/x8A1 TSBK3 SEC_CCH_BROADCST RFSS:1/x01 SITE:1/x01 CHAN A:0-1277 SERVICE OPTIONS:[BACKUP CONTROL CHANNEL] CHAN B:0-1509 SERVICE OPTIONS:[BACKUP CONTROL CHANNEL]
22:43:32  CC             PASSED    NAC:2209/x8A1 TSBK1 MOTOROLA SYSTEM LOADING MOTOROLA MSG:09901180000000000000E723
22:43:32  CC             PASSED    NAC:2209/x8A1 TSBK2 IDEN_UPDATE ID:0 OFFSET:-45000000 SPACING:6250 BASE:851006250 FDMA BW:12500
22:43:32  CC             PASSED    NAC:2209/x8A1 TSBK3 RFSS_STATUS_BCST SYSTEM:2208/x8A0 RFSS:1/x01 SITE:1/x01 LRA:0/x00 CHAN:0-1593 ACTIVE NETWORK CONNECTION SERVICE OPTIONS:[DATA, VOICE, REGISTRATION]
22:43:32  CC             PASSED    NAC:2209/x8A1 TSBK1 NET_STATUS_BCAST WACN:781824/xBEE00 SYSTEM:2208/x8A0 LRA:0/x00 CHAN:0-1593 SERVICES:[DATA, VOICE, REGISTRATION]
22:43:32  CC             PASSED    NAC:2209/x8A1 TSBK2 IDEN_UPDATE ID:1 OFFSET:30000000 SPACING:6250 BASE:762006250 FDMA BW:12500
22:43:32  CC             PASSED    NAC:2209/x8A1 TSBK3 GRP_VCH_GRNT_UPD GROUP A:300 CHAN A:0-1189
22:43:32  CC             PASSED    NAC:2209/x8A1 TSBK1 SNDCP_DCH_ANN_EX CHAN:0-1193/----- AUTONOMOUS/REQUESTED-ACCESS DAC:1 **:0 SERVICE OPTIONS:NSAPI:0 HALF DUPLEX CIRCUIT MODE
22:43:32  CC             PASSED    NAC:2209/x8A1 TSBK2 SNDCP_DCH_PAG_RQ FM:3402104 TO:65535 NSAPI:1 HALF DUPLEX CIRCUIT MODE
22:43:32  CC             PASSED    NAC:2209/x8A1 TSBK3 IDEN_UPDATE_TDMA ID:2 OFFSET:-45000000 SPACING:12500 BASE:851012500 TDMA BW:12500 TIMESLOTS:2 VOCODER:HALF_RATE
22:43:32  CC             PASSED    NAC:2209/x8A1 TSBK1 MOTOROLA TDMA DATA CHANNEL NOT ACTIVE MSG:1690423FFFFFFFFF0000D458
22:43:32  CC             PASSED    NAC:2209/x8A1 TSBK2 MOTOROLA TRAFFIC CHANNEL 059040C0C00000000800669F
22:43:32  CC             PASSED    NAC:2209/x8A1 TSBK3 TDMA_SYNC_BCST SYSTEM TIME UNLOCKED: 2026-04-18 21:47:19.950 -0500 LEAP-SECOND CORRECTION:0.0mS MICROSLOT-MINUTE ROLLOVER:SLOW
22:43:32  CC             PASSED    NAC:2209/x8A1 TSBK1 SEC_CCH_BROADCST RFSS:1/x01 SITE:1/x01 CHAN A:0-1509 SERVICE OPTIONS:[BACKUP CONTROL CHANNEL] CHAN B:0-1349 SERVICE OPTIONS:[BACKUP CONTROL CHANNEL]
22:43:32  CC             PASSED    NAC:2209/x8A1 TSBK2 MOTOROLA SYSTEM LOADING MOTOROLA MSG:09901040000000000000D6E5
22:43:32  CC             PASSED    NAC:2209/x8A1 TSBK3 CCH BASE STAT ID CHAN:0-1593 CWID:
22:43:32  CC             PASSED    NAC:2209/x8A1 TSBK1 IDEN_UPDATE_TDMA ID:3 OFFSET:30000000 SPACING:12500 BASE:762006250 TDMA BW:12500 TIMESLOTS:2 VOCODER:HALF_RATE
22:43:32  CC             PASSED    NAC:2209/x8A1 TSBK2 RFSS_STATUS_BCST SYSTEM:2208/x8A0 RFSS:1/x01 SITE:1/x01 LRA:0/x00 CHAN:0-1593 ACTIVE NETWORK CONNECTION SERVICE OPTIONS:[DATA, VOICE, REGISTRATION]
22:43:32  CC             PASSED    NAC:2209/x8A1 TSBK3 NET_STATUS_BCAST WACN:781824/xBEE00 SYSTEM:2208/x8A0 LRA:0/x00 CHAN:0-1593 SERVICES:[DATA, VOICE, REGISTRATION]
22:43:32  CC             PASSED    NAC:2209/x8A1 TSBK1 IDEN_UPDATE ID:4 OFFSET:-39000000 SPACING:12500 BASE:935012500 FDMA BW:12500
22:43:32  CC             PASSED    NAC:2209/x8A1 TSBK2 GRP_VCH_GRNT_UPD GROUP A:300 CHAN A:0-1189
22:43:32  CC             PASSED    NAC:2209/x8A1 TSBK3 SNDCP_DCH_ANN_EX CHAN:0-1193/----- AUTONOMOUS/REQUESTED-ACCESS DAC:1 **:0 SERVICE OPTIONS:NSAPI:0 HALF DUPLEX CIRCUIT MODE
22:43:32  CC             PASSED    NAC:2209/x8A1 TSBK1 SNDCP_DCH_PAG_RQ FM:3402104 TO:65535 NSAPI:1 HALF DUPLEX CIRCUIT MODE
22:43:32  CC             PASSED    NAC:2209/x8A1 TSBK2 GRP_VCH_GRANT FM:1014 TO:300 CHAN:0-1189 PRI4 CIRCUIT
22:43:32  CC             PASSED    NAC:2209/x8A1 TSBK3 IDEN_UPDATE_TDMA ID:5 OFFSET:-39000000 SPACING:12500 BASE:935012500 TDMA BW:12500 TIMESLOTS:2 VOCODER:HALF_RATE
22:43:32  T2 858.4625    PASSED    NAC:2209/x8A1 TDULC RFSS STATUS BROADCAST LRA:0/x00 SYSTEM:2208/x8A0 SITE:1/x01-1/x01 CHAN:0-1593 SERVICE OPTIONS:[DATA, VOICE, REGISTRATION]
22:43:32  T2 858.4625    PASSED    NAC:2209/x8A1 TDULC GROUP VOICE CHANNEL UPDATE TALKGROUP A:300 CHAN A:0-1189
22:43:32  T2 858.4625    PASSED    NAC:2209/x8A1 TDULC RFSS STATUS BROADCAST LRA:0/x00 SYSTEM:2208/x8A0 SITE:1/x01-1/x01 CHAN:0-1593 SERVICE OPTIONS:[DATA, VOICE, REGISTRATION]
22:43:32  T2 858.4625    PASSED    NAC:2209/x8A1 TDULC GROUP VOICE CHANNEL UPDATE TALKGROUP A:300 CHAN A:0-1189
22:43:32  T2 858.4625    PASSED    NAC:2209/x8A1 TDULC RFSS STATUS BROADCAST LRA:0/x00 SYSTEM:2208/x8A0 SITE:1/x01-1/x01 CHAN:0-1593 SERVICE OPTIONS:[DATA, VOICE, REGISTRATION]
22:43:32  T2 858.4625    PASSED    NAC:2209/x8A1 TDULC GROUP VOICE CHANNEL UPDATE TALKGROUP A:300 CHAN A:0-1189
22:43:32  T2 858.4625    PASSED    NAC:2209/x8A1 TDULC RFSS STATUS BROADCAST LRA:0/x00 SYSTEM:2208/x8A0 SITE:1/x01-1/x01 CHAN:0-1593 SERVICE OPTIONS:[DATA, VOICE, REGISTRATION]
22:43:32  T2 858.4625    PASSED    NAC:2209/x8A1 TDULC GROUP VOICE CHANNEL UPDATE TALKGROUP A:300 CHAN A:0-1189
22:43:32  T2 858.4625    PASSED    NAC:2209/x8A1 TDULC RFSS STATUS BROADCAST LRA:0/x00 SYSTEM:2208/x8A0 SITE:1/x01-1/x01 CHAN:0-1593 SERVICE OPTIONS:[DATA, VOICE, REGISTRATION]
22:43:32  T2 858.4625    PASSED    NAC:2209/x8A1 TDULC GROUP VOICE CHANNEL UPDATE TALKGROUP A:300 CHAN A:0-1189
22:43:32  T2 858.4625    PASSED    NAC:2209/x8A1 TDULC RFSS STATUS BROADCAST LRA:0/x00 SYSTEM:2208/x8A0 SITE:1/x01-1/x01 CHAN:0-1593 SERVICE OPTIONS:[DATA, VOICE, REGISTRATION]
22:43:32  T2 858.4625    PASSED    NAC:2209/x8A1 TDULC GROUP VOICE CHANNEL UPDATE TALKGROUP A:300 CHAN A:0-1189
22:43:32  T2 858.4625    PASSED    NAC:2209/x8A1 TDULC RFSS STATUS BROADCAST LRA:0/x00 SYSTEM:2208/x8A0 SITE:1/x01-1/x01 CHAN:0-1593 SERVICE OPTIONS:[DATA, VOICE, REGISTRATION]
22:43:32  T2 858.4625    PASSED    NAC:2209/x8A1 TDULC GROUP VOICE CHANNEL UPDATE TALKGROUP A:300 CHAN A:0-1189
22:43:32  T2 858.4625    PASSED    NAC:2209/x8A1 TDULC RFSS STATUS BROADCAST LRA:0/x00 SYSTEM:2208/x8A0 SITE:1/x01-1/x01 CHAN:0-1593 SERVICE OPTIONS:[DATA, VOICE, REGISTRATION]
22:43:32  T2 858.4625    PASSED    NAC:2209/x8A1 TDULC GROUP VOICE CHANNEL UPDATE TALKGROUP A:300 CHAN A:0-1189
22:43:32  T2 858.4625    PASSED    NAC:2209/x8A1 TDULC RFSS STATUS BROADCAST LRA:0/x00 SYSTEM:2208/x8A0 SITE:1/x01-1/x01 CHAN:0-1593 SERVICE OPTIONS:[DATA, VOICE, REGISTRATION]
22:43:32  T2 858.4625    PASSED    NAC:2209/x8A1 TDULC GROUP VOICE CHANNEL UPDATE TALKGROUP A:300 CHAN A:0-1189
22:43:32  T2 858.4625    PASSED    NAC:2209/x8A1 TDULC RFSS STATUS BROADCAST LRA:0/x00 SYSTEM:2208/x8A0 SITE:1/x01-1/x01 CHAN:0-1593 SERVICE OPTIONS:[DATA, VOICE, REGISTRATION]
22:43:32  T2 858.4625    PASSED    NAC:2209/x8A1 TDULC GROUP VOICE CHANNEL UPDATE TALKGROUP A:300 CHAN A:0-1189
22:43:32  T2 858.4625    PASSED    NAC:2209/x8A1 TDULC GROUP VOICE CHANNEL UPDATE TALKGROUP A:300 CHAN A:0-1189
22:43:32  T3 858.4375    PASSED    NAC:2209/x8A1 LDU1  VOICE LSD:0000 GROUP VOICE CHANNEL USER FM:3100023 TO:300 SERVICE OPTIONS:PRI4 CIRCUIT
22:43:32  T3 858.4375    PASSED    NAC:2209/x8A1 LDU2  VOICE LSD:0000 UNENCRYPTED
22:43:32  T3 858.4375    PASSED    NAC:2209/x8A1 LDU1  VOICE LSD:0000 GROUP VOICE CHANNEL USER FM:3100023 TO:300 SERVICE OPTIONS:PRI4 CIRCUIT
22:43:32  T3 858.4375    PASSED    NAC:2209/x8A1 LDU2  VOICE LSD:0000 UNENCRYPTED
22:43:32  T3 858.4375    PASSED    NAC:2209/x8A1 TDULC MOTOROLA TALK COMPLETE BY:3100023 UNK1:10 UNK2:10
22:43:32  T3 858.4375    PASSED    NAC:2209/x8A1 TDULC GROUP VOICE CHANNEL USER FM:0 TO:300 SERVICE OPTIONS:PRI4 CIRCUIT
22:43:32  T3 858.4375    PASSED    NAC:2209/x8A1 TDULC GROUP VOICE CHANNEL USER FM:0 TO:300 SERVICE OPTIONS:PRI4 CIRCUIT
22:43:32  T3 858.4375    PASSED    NAC:2209/x8A1 TDULC GROUP VOICE CHANNEL USER FM:0 TO:300 SERVICE OPTIONS:PRI4 CIRCUIT
22:43:32  T3 858.4375    PASSED    NAC:2209/x8A1 TDULC GROUP VOICE CHANNEL USER FM:0 TO:300 SERVICE OPTIONS:PRI4 CIRCUIT
22:43:32  T3 858.4375    PASSED    NAC:2209/x8A1 TDULC GROUP VOICE CHANNEL USER FM:0 TO:300 SERVICE OPTIONS:PRI4 CIRCUIT
22:43:32  T3 858.4375    PASSED    NAC:2209/x8A1 TDULC GROUP VOICE CHANNEL USER FM:0 TO:300 SERVICE OPTIONS:PRI4 CIRCUIT
22:43:32  T3 858.4375    PASSED    NAC:2209/x8A1 TDULC GROUP VOICE CHANNEL USER FM:0 TO:300 SERVICE OPTIONS:PRI4 CIRCUIT
22:43:32  T3 858.4375    PASSED    NAC:2209/x8A1 TDU
22:43:32  T3 858.4375    PASSED    NAC:2209/x8A1 TDULC GROUP VOICE CHANNEL USER FM:0 TO:300 SERVICE OPTIONS:PRI4 CIRCUIT
22:43:33  CC             PASSED    NAC:2209/x8A1 TSBK1 MOTOROLA TDMA DATA CHANNEL NOT ACTIVE MSG:1690423FFFFFFFFF0000D458
22:43:33  CC             PASSED    NAC:2209/x8A1 TSBK2 GRP_VCH_GRANT FM:1014 TO:300 CHAN:0-1189 PRI4 CIRCUIT
22:43:33  CC             PASSED    NAC:2209/x8A1 TSBK3 MOTOROLA TRAFFIC CHANNEL 859040C0C0000000080082AB
22:43:33  CC             PASSED    NAC:2209/x8A1 TSBK1 TDMA_SYNC_BCST SYSTEM TIME UNLOCKED: 2026-04-18 21:47:20.400 -0500 LEAP-SECOND CORRECTION:0.0mS MICROSLOT-MINUTE ROLLOVER:SLOW
22:43:33  CC             PASSED    NAC:2209/x8A1 TSBK2 GRP_VCH_GRNT_UPD GROUP A:300 CHAN A:0-1189
22:43:33  CC             PASSED    NAC:2209/x8A1 TSBK3 SEC_CCH_BROADCST RFSS:1/x01 SITE:1/x01 CHAN A:0-1349 SERVICE OPTIONS:[BACKUP CONTROL CHANNEL] CHAN B:0-1277 SERVICE OPTIONS:[BACKUP CONTROL CHANNEL]
22:43:33  CC             PASSED    NAC:2209/x8A1 TSBK1 MOTOROLA SYSTEM LOADING MOTOROLA MSG:099015400000000000009E5B
22:43:33  CC             PASSED    NAC:2209/x8A1 TSBK2 IDEN_UPDATE ID:0 OFFSET:-45000000 SPACING:6250 BASE:851006250 FDMA BW:12500
22:43:33  CC             PASSED    NAC:2209/x8A1 TSBK3 RFSS_STATUS_BCST SYSTEM:2208/x8A0 RFSS:1/x01 SITE:1/x01 LRA:0/x00 CHAN:0-1593 ACTIVE NETWORK CONNECTION SERVICE OPTIONS:[DATA, VOICE, REGISTRATION]
22:43:33  CC             PASSED    NAC:2209/x8A1 TSBK1 NET_STATUS_BCAST WACN:781824/xBEE00 SYSTEM:2208/x8A0 LRA:0/x00 CHAN:0-1593 SERVICES:[DATA, VOICE, REGISTRATION]
22:43:33  CC             PASSED    NAC:2209/x8A1 TSBK2 IDEN_UPDATE ID:1 OFFSET:30000000 SPACING:6250 BASE:762006250 FDMA BW:12500
22:43:33  CC             PASSED    NAC:2209/x8A1 TSBK3 SNDCP_DCH_ANN_EX CHAN:0-1193/----- AUTONOMOUS/REQUESTED-ACCESS DAC:1 **:0 SERVICE OPTIONS:NSAPI:0 HALF DUPLEX CIRCUIT MODE
22:43:33  CC             PASSED    NAC:2209/x8A1 TSBK1 SNDCP_DCH_PAG_RQ FM:3402104 TO:65535 NSAPI:1 HALF DUPLEX CIRCUIT MODE
22:43:33  CC             PASSED    NAC:2209/x8A1 TSBK2 IDEN_UPDATE_TDMA ID:2 OFFSET:-45000000 SPACING:12500 BASE:851012500 TDMA BW:12500 TIMESLOTS:2 VOCODER:HALF_RATE
22:43:33  CC             PASSED    NAC:2209/x8A1 TSBK3 MOTOROLA TDMA DATA CHANNEL NOT ACTIVE MSG:9690423FFFFFFFFF0000306C
22:43:33  CC             PASSED    NAC:2209/x8A1 TSBK1 MOTOROLA TRAFFIC CHANNEL 059040C0C00000000800669F
22:43:33  CC             PASSED    NAC:2209/x8A1 TSBK2 TDMA_SYNC_BCST SYSTEM TIME UNLOCKED: 2026-04-18 21:47:20.700 -0500 LEAP-SECOND CORRECTION:0.0mS MICROSLOT-MINUTE ROLLOVER:SLOW
22:43:33  CC             PASSED    NAC:2209/x8A1 TSBK3 SNDCP_DCH_GRANT TO:3412538 CHAN:0-1193 SERVICE OPTIONS:NSAPI:0 HALF DUPLEX CIRCUIT MODE
22:43:33  CC             PASSED    NAC:2209/x8A1 TSBK1 CCH BASE STAT ID CHAN:0-1593 CWID:
22:43:33  CC             PASSED    NAC:2209/x8A1 TSBK2 GRP_VCH_GRNT_UPD GROUP A:300 CHAN A:0-1189
22:43:33  CC             PASSED    NAC:2209/x8A1 TSBK3 SNDCP_DCH_GRANT TO:3412538 CHAN:0-1193 SERVICE OPTIONS:NSAPI:0 HALF DUPLEX CIRCUIT MODE
22:43:33  CC             PASSED    NAC:2209/x8A1 TSBK1 SEC_CCH_BROADCST RFSS:1/x01 SITE:1/x01 CHAN A:0-1277 SERVICE OPTIONS:[BACKUP CONTROL CHANNEL] CHAN B:0-1509 SERVICE OPTIONS:[BACKUP CONTROL CHANNEL]
22:43:33  CC             PASSED    NAC:2209/x8A1 TSBK2 MOTOROLA SYSTEM LOADING MOTOROLA MSG:099014000000000000000464
22:43:33  CC             PASSED    NAC:2209/x8A1 TSBK3 SNDCP_DCH_GRANT TO:3412538 CHAN:0-1193 SERVICE OPTIONS:NSAPI:0 HALF DUPLEX CIRCUIT MODE
22:43:33  CC             PASSED    NAC:2209/x8A1 TSBK1 IDEN_UPDATE_TDMA ID:3 OFFSET:30000000 SPACING:12500 BASE:762006250 TDMA BW:12500 TIMESLOTS:2 VOCODER:HALF_RATE
22:43:33  CC             PASSED    NAC:2209/x8A1 TSBK2 RFSS_STATUS_BCST SYSTEM:2208/x8A0 RFSS:1/x01 SITE:1/x01 LRA:0/x00 CHAN:0-1593 ACTIVE NETWORK CONNECTION SERVICE OPTIONS:[DATA, VOICE, REGISTRATION]
22:43:33  CC             PASSED    NAC:2209/x8A1 TSBK3 NET_STATUS_BCAST WACN:781824/xBEE00 SYSTEM:2208/x8A0 LRA:0/x00 CHAN:0-1593 SERVICES:[DATA, VOICE, REGISTRATION]
22:43:33  CC             PASSED    NAC:2209/x8A1 TSBK1 IDEN_UPDATE ID:4 OFFSET:-39000000 SPACING:12500 BASE:935012500 FDMA BW:12500
22:43:33  CC             PASSED    NAC:2209/x8A1 TSBK2 SNDCP_DCH_ANN_EX CHAN:0-1193/----- AUTONOMOUS/REQUESTED-ACCESS DAC:1 **:0 SERVICE OPTIONS:NSAPI:0 HALF DUPLEX CIRCUIT MODE
22:43:33  CC             PASSED    NAC:2209/x8A1 TSBK3 SNDCP_DCH_PAG_RQ FM:3402104 TO:65535 NSAPI:1 HALF DUPLEX CIRCUIT MODE
22:43:33  CC             PASSED    NAC:2209/x8A1 TSBK1 IDEN_UPDATE_TDMA ID:5 OFFSET:-39000000 SPACING:12500 BASE:935012500 TDMA BW:12500 TIMESLOTS:2 VOCODER:HALF_RATE
22:43:33  CC             PASSED    NAC:2209/x8A1 TSBK2 MOTOROLA TDMA DATA CHANNEL NOT ACTIVE MSG:1690423FFFFFFFFF0000D458
22:43:33  CC             PASSED    NAC:2209/x8A1 TSBK3 MOTOROLA TRAFFIC CHANNEL 859040C0C0000000080082AB
22:43:33  CC             PASSED    NAC:2209/x8A1 TSBK1 TDMA_SYNC_BCST SYSTEM TIME UNLOCKED: 2026-04-18 21:47:21.150 -0500 LEAP-SECOND CORRECTION:0.0mS MICROSLOT-MINUTE ROLLOVER:SLOW
22:43:33  CC             PASSED    NAC:2209/x8A1 TSBK2 GRP_VCH_GRNT_UPD GROUP A:300 CHAN A:0-1189
22:43:33  CC             PASSED    NAC:2209/x8A1 TSBK3 SEC_CCH_BROADCST RFSS:1/x01 SITE:1/x01 CHAN A:0-1509 SERVICE OPTIONS:[BACKUP CONTROL CHANNEL] CHAN B:0-1349 SERVICE OPTIONS:[BACKUP CONTROL CHANNEL]
22:43:33  CC             PASSED    NAC:2209/x8A1 TSBK1 MOTOROLA SYSTEM LOADING MOTOROLA MSG:09901180000000000000E723
22:43:33  CC             PASSED    NAC:2209/x8A1 TSBK2 IDEN_UPDATE ID:0 OFFSET:-45000000 SPACING:6250 BASE:851006250 FDMA BW:12500
22:43:33  CC             PASSED    NAC:2209/x8A1 TSBK3 RFSS_STATUS_BCST SYSTEM:2208/x8A0 RFSS:1/x01 SITE:1/x01 LRA:0/x00 CHAN:0-1593 ACTIVE NETWORK CONNECTION SERVICE OPTIONS:[DATA, VOICE, REGISTRATION]
22:43:33  CC             PASSED    NAC:2209/x8A1 TSBK1 NET_STATUS_BCAST WACN:781824/xBEE00 SYSTEM:2208/x8A0 LRA:0/x00 CHAN:0-1593 SERVICES:[DATA, VOICE, REGISTRATION]
22:43:33  CC             PASSED    NAC:2209/x8A1 TSBK3 SNDCP_DCH_ANN_EX CHAN:0-1193/----- AUTONOMOUS/REQUESTED-ACCESS DAC:1 **:0 SERVICE OPTIONS:NSAPI:0 HALF DUPLEX CIRCUIT MODE
22:43:33  T2 858.4625    PASSED    NAC:2209/x8A1 TDULC GROUP VOICE CHANNEL UPDATE TALKGROUP A:300 CHAN A:0-1189
22:43:33  T2 858.4625    PASSED    NAC:2209/x8A1 TDULC RFSS STATUS BROADCAST LRA:0/x00 SYSTEM:2208/x8A0 SITE:1/x01-1/x01 CHAN:0-1593 SERVICE OPTIONS:[DATA, VOICE, REGISTRATION]
22:43:33  T2 858.4625    PASSED    NAC:2209/x8A1 TDULC GROUP VOICE CHANNEL UPDATE TALKGROUP A:300 CHAN A:0-1189
22:43:33  T2 858.4625    PASSED    NAC:2209/x8A1 TDULC RFSS STATUS BROADCAST LRA:0/x00 SYSTEM:2208/x8A0 SITE:1/x01-1/x01 CHAN:0-1593 SERVICE OPTIONS:[DATA, VOICE, REGISTRATION]
22:43:33  T2 858.4625    PASSED    NAC:2209/x8A1 TDULC GROUP VOICE CHANNEL UPDATE TALKGROUP A:300 CHAN A:0-1189
22:43:33  T2 858.4625    PASSED    NAC:2209/x8A1 TDULC RFSS STATUS BROADCAST LRA:0/x00 SYSTEM:2208/x8A0 SITE:1/x01-1/x01 CHAN:0-1593 SERVICE OPTIONS:[DATA, VOICE, REGISTRATION]
22:43:33  T2 858.4625    PASSED    NAC:2209/x8A1 TDULC GROUP VOICE CHANNEL UPDATE TALKGROUP A:300 CHAN A:0-1189
22:43:33  T2 858.4625    PASSED    NAC:2209/x8A1 TDULC RFSS STATUS BROADCAST LRA:0/x00 SYSTEM:2208/x8A0 SITE:1/x01-1/x01 CHAN:0-1593 SERVICE OPTIONS:[DATA, VOICE, REGISTRATION]
22:43:33  T2 858.4625    PASSED    NAC:2209/x8A1 TDULC GROUP VOICE CHANNEL UPDATE TALKGROUP A:300 CHAN A:0-1189
22:43:33  T2 858.4625    PASSED    NAC:2209/x8A1 TDULC RFSS STATUS BROADCAST LRA:0/x00 SYSTEM:2208/x8A0 SITE:1/x01-1/x01 CHAN:0-1593 SERVICE OPTIONS:[DATA, VOICE, REGISTRATION]
22:43:33  T2 858.4625    PASSED    NAC:2209/x8A1 TDULC GROUP VOICE CHANNEL UPDATE TALKGROUP A:300 CHAN A:0-1189
22:43:33  T2 858.4625    PASSED    NAC:2209/x8A1 TDULC RFSS STATUS BROADCAST LRA:0/x00 SYSTEM:2208/x8A0 SITE:1/x01-1/x01 CHAN:0-1593 SERVICE OPTIONS:[DATA, VOICE, REGISTRATION]
22:43:33  T2 858.4625    PASSED    NAC:2209/x8A1 TDULC GROUP VOICE CHANNEL UPDATE TALKGROUP A:300 CHAN A:0-1189
22:43:33  T2 858.4625    PASSED    NAC:2209/x8A1 TDULC RFSS STATUS BROADCAST LRA:0/x00 SYSTEM:2208/x8A0 SITE:1/x01-1/x01 CHAN:0-1593 SERVICE OPTIONS:[DATA, VOICE, REGISTRATION]
22:43:33  T2 858.4625    PASSED    NAC:2209/x8A1 TDULC GROUP VOICE CHANNEL UPDATE TALKGROUP A:300 CHAN A:0-1189
22:43:33  T2 858.4625    PASSED    NAC:2209/x8A1 TDULC RFSS STATUS BROADCAST LRA:0/x00 SYSTEM:2208/x8A0 SITE:1/x01-1/x01 CHAN:0-1593 SERVICE OPTIONS:[DATA, VOICE, REGISTRATION]
22:43:33  T2 858.4625    PASSED    NAC:2209/x8A1 TDULC GROUP VOICE CHANNEL UPDATE TALKGROUP A:300 CHAN A:0-1189
22:43:33  T2 858.4625    PASSED    NAC:2209/x8A1 TDULC RFSS STATUS BROADCAST LRA:0/x00 SYSTEM:2208/x8A0 SITE:1/x01-1/x01 CHAN:0-1593 SERVICE OPTIONS:[DATA, VOICE, REGISTRATION]
22:43:33  T2 858.4625    PASSED    NAC:2209/x8A1 TDULC GROUP VOICE CHANNEL UPDATE TALKGROUP A:300 CHAN A:0-1189
22:43:33  T2 858.4625    PASSED    NAC:2209/x8A1 TDULC RFSS STATUS BROADCAST LRA:0/x00 SYSTEM:2208/x8A0 SITE:1/x01-1/x01 CHAN:0-1593 SERVICE OPTIONS:[DATA, VOICE, REGISTRATION]
22:43:33  T2 858.4625    PASSED    NAC:2209/x8A1 TDULC GROUP VOICE CHANNEL UPDATE TALKGROUP A:300 CHAN A:0-1189
22:43:33  T2 858.4625    PASSED    NAC:2209/x8A1 TDU
22:43:33  T2 858.4625    PASSED    NAC:2209/x8A1 TDU
22:43:33  T2 858.4625    PASSED    NAC:2209/x8A1 TDU
22:43:33  T3 858.4375    PASSED    NAC:2209/x8A1 TDULC GROUP VOICE CHANNEL USER FM:0 TO:300 SERVICE OPTIONS:PRI4 CIRCUIT
22:43:33  T3 858.4375    PASSED    NAC:2209/x8A1 TDULC GROUP VOICE CHANNEL USER FM:0 TO:300 SERVICE OPTIONS:PRI4 CIRCUIT
22:43:33  T3 858.4375    PASSED    NAC:2209/x8A1 TDULC GROUP VOICE CHANNEL USER FM:0 TO:300 SERVICE OPTIONS:PRI4 CIRCUIT
22:43:33  T3 858.4375    PASSED    NAC:2209/x8A1 TDULC GROUP VOICE CHANNEL USER FM:0 TO:300 SERVICE OPTIONS:PRI4 CIRCUIT
22:43:33  T3 858.4375    PASSED    NAC:2209/x8A1 HDU   TALKGROUP:300 UNENCRYPTED
22:43:33  T3 858.4375    PASSED    NAC:2209/x8A1 LDU1  VOICE LSD:0000 GROUP VOICE CHANNEL USER FM:0 TO:300 SERVICE OPTIONS:PRI4 CIRCUIT
22:43:33  T3 858.4375    PASSED    NAC:2209/x8A1 LDU2  VOICE LSD:0000 UNENCRYPTED
22:43:33  T3 858.4375    PASSED    NAC:2209/x8A1 LDU1  VOICE LSD:0000 GROUP VOICE CHANNEL USER FM:0 TO:300 SERVICE OPTIONS:PRI4 CIRCUIT
22:43:33  T3 858.4375    PASSED    NAC:2209/x8A1 LDU2  VOICE LSD:0000 UNENCRYPTED
22:43:34  CC             PASSED    NAC:2209/x8A1 TSBK2 IDEN_UPDATE ID:1 OFFSET:30000000 SPACING:6250 BASE:762006250 FDMA BW:12500
22:43:34  CC             PASSED    NAC:2209/x8A1 TSBK1 SNDCP_DCH_PAG_RQ FM:3402104 TO:65535 NSAPI:1 HALF DUPLEX CIRCUIT MODE
22:43:34  CC             PASSED    NAC:2209/x8A1 TSBK2 IDEN_UPDATE_TDMA ID:2 OFFSET:-45000000 SPACING:12500 BASE:851012500 TDMA BW:12500 TIMESLOTS:2 VOCODER:HALF_RATE
22:43:34  CC             PASSED    NAC:2209/x8A1 TSBK3 CCH BASE STAT ID CHAN:0-1593 CWID:
22:43:34  CC             PASSED    NAC:2209/x8A1 TSBK1 MOTOROLA TDMA DATA CHANNEL NOT ACTIVE MSG:1690423FFFFFFFFF0000D458
22:43:34  CC             PASSED    NAC:2209/x8A1 TSBK2 MOTOROLA TRAFFIC CHANNEL 059040C0C00000000800669F
22:43:34  CC             PASSED    NAC:2209/x8A1 TSBK3 TDMA_SYNC_BCST SYSTEM TIME UNLOCKED: 2026-04-18 21:47:21.450 -0500 LEAP-SECOND CORRECTION:0.0mS MICROSLOT-MINUTE ROLLOVER:SLOW
22:43:34  CC             PASSED    NAC:2209/x8A1 TSBK1 GRP_VCH_GRNT_UPD GROUP A:300 CHAN A:0-1189
22:43:34  CC             PASSED    NAC:2209/x8A1 TSBK2 SEC_CCH_BROADCST RFSS:1/x01 SITE:1/x01 CHAN A:0-1349 SERVICE OPTIONS:[BACKUP CONTROL CHANNEL] CHAN B:0-1277 SERVICE OPTIONS:[BACKUP CONTROL CHANNEL]
22:43:34  CC             PASSED    NAC:2209/x8A1 TSBK3 MOTOROLA SYSTEM LOADING MOTOROLA MSG:899011800000000000000317
22:43:34  CC             PASSED    NAC:2209/x8A1 TSBK1 IDEN_UPDATE_TDMA ID:3 OFFSET:30000000 SPACING:12500 BASE:762006250 TDMA BW:12500 TIMESLOTS:2 VOCODER:HALF_RATE
22:43:34  CC             PASSED    NAC:2209/x8A1 TSBK2 RFSS_STATUS_BCST SYSTEM:2208/x8A0 RFSS:1/x01 SITE:1/x01 LRA:0/x00 CHAN:0-1593 ACTIVE NETWORK CONNECTION SERVICE OPTIONS:[DATA, VOICE, REGISTRATION]
22:43:34  CC             PASSED    NAC:2209/x8A1 TSBK3 NET_STATUS_BCAST WACN:781824/xBEE00 SYSTEM:2208/x8A0 LRA:0/x00 CHAN:0-1593 SERVICES:[DATA, VOICE, REGISTRATION]
22:43:34  CC             PASSED    NAC:2209/x8A1 TSBK1 IDEN_UPDATE ID:4 OFFSET:-39000000 SPACING:12500 BASE:935012500 FDMA BW:12500
22:43:34  CC             PASSED    NAC:2209/x8A1 TSBK2 SNDCP_DCH_ANN_EX CHAN:0-1193/----- AUTONOMOUS/REQUESTED-ACCESS DAC:1 **:0 SERVICE OPTIONS:NSAPI:0 HALF DUPLEX CIRCUIT MODE
22:43:34  CC             PASSED    NAC:2209/x8A1 TSBK3 SNDCP_DCH_PAG_RQ FM:3402104 TO:65535 NSAPI:1 HALF DUPLEX CIRCUIT MODE
22:43:34  CC             PASSED    NAC:2209/x8A1 TSBK1 IDEN_UPDATE_TDMA ID:5 OFFSET:-39000000 SPACING:12500 BASE:935012500 TDMA BW:12500 TIMESLOTS:2 VOCODER:HALF_RATE
22:43:34  CC             PASSED    NAC:2209/x8A1 TSBK2 MOTOROLA TDMA DATA CHANNEL NOT ACTIVE MSG:1690423FFFFFFFFF0000D458
22:43:34  CC             PASSED    NAC:2209/x8A1 TSBK3 MOTOROLA TRAFFIC CHANNEL 859040C0C0000000080082AB
22:43:34  CC             PASSED    NAC:2209/x8A1 TSBK1 TDMA_SYNC_BCST SYSTEM TIME UNLOCKED: 2026-04-18 21:47:21.825 -0500 LEAP-SECOND CORRECTION:0.0mS MICROSLOT-MINUTE ROLLOVER:SLOW
22:43:34  CC             PASSED    NAC:2209/x8A1 TSBK2 GRP_VCH_GRNT_UPD GROUP A:300 CHAN A:0-1189
22:43:34  CC             PASSED    NAC:2209/x8A1 TSBK3 SEC_CCH_BROADCST RFSS:1/x01 SITE:1/x01 CHAN A:0-1277 SERVICE OPTIONS:[BACKUP CONTROL CHANNEL] CHAN B:0-1509 SERVICE OPTIONS:[BACKUP CONTROL CHANNEL]
22:43:34  CC             PASSED    NAC:2209/x8A1 TSBK1 MOTOROLA SYSTEM LOADING MOTOROLA MSG:09901040000000000000D6E5
22:43:34  CC             PASSED    NAC:2209/x8A1 TSBK2 IDEN_UPDATE ID:0 OFFSET:-45000000 SPACING:6250 BASE:851006250 FDMA BW:12500
22:43:34  CC             PASSED    NAC:2209/x8A1 TSBK3 RFSS_STATUS_BCST SYSTEM:2208/x8A0 RFSS:1/x01 SITE:1/x01 LRA:0/x00 CHAN:0-1593 ACTIVE NETWORK CONNECTION SERVICE OPTIONS:[DATA, VOICE, REGISTRATION]
22:43:34  CC             PASSED    NAC:2209/x8A1 TSBK1 NET_STATUS_BCAST WACN:781824/xBEE00 SYSTEM:2208/x8A0 LRA:0/x00 CHAN:0-1593 SERVICES:[DATA, VOICE, REGISTRATION]
22:43:34  CC             PASSED    NAC:2209/x8A1 TSBK2 IDEN_UPDATE ID:1 OFFSET:30000000 SPACING:6250 BASE:762006250 FDMA BW:12500
22:43:34  CC             PASSED    NAC:2209/x8A1 TSBK3 CCH BASE STAT ID CHAN:0-1593 CWID:
22:43:34  CC             PASSED    NAC:2209/x8A1 TSBK1 SNDCP_DCH_ANN_EX CHAN:0-1193/----- AUTONOMOUS/REQUESTED-ACCESS DAC:1 **:0 SERVICE OPTIONS:NSAPI:0 HALF DUPLEX CIRCUIT MODE
22:43:34  CC             PASSED    NAC:2209/x8A1 TSBK2 SNDCP_DCH_PAG_RQ FM:3402104 TO:65535 NSAPI:1 HALF DUPLEX CIRCUIT MODE
22:43:34  CC             PASSED    NAC:2209/x8A1 TSBK3 IDEN_UPDATE_TDMA ID:2 OFFSET:-45000000 SPACING:12500 BASE:851012500 TDMA BW:12500 TIMESLOTS:2 VOCODER:HALF_RATE
22:43:34  CC             PASSED    NAC:2209/x8A1 TSBK1 MOTOROLA TDMA DATA CHANNEL NOT ACTIVE MSG:1690423FFFFFFFFF0000D458
22:43:34  CC             PASSED    NAC:2209/x8A1 TSBK2 MOTOROLA TRAFFIC CHANNEL 059040C0C00000000800669F
22:43:34  CC             PASSED    NAC:2209/x8A1 TSBK3 TDMA_SYNC_BCST SYSTEM TIME UNLOCKED: 2026-04-18 21:47:22.125 -0500 LEAP-SECOND CORRECTION:0.0mS MICROSLOT-MINUTE ROLLOVER:SLOW
22:43:34  CC             PASSED    NAC:2209/x8A1 TSBK1 GRP_VCH_GRNT_UPD GROUP A:300 CHAN A:0-1189
22:43:34  CC             PASSED    NAC:2209/x8A1 TSBK2 SEC_CCH_BROADCST RFSS:1/x01 SITE:1/x01 CHAN A:0-1509 SERVICE OPTIONS:[BACKUP CONTROL CHANNEL] CHAN B:0-1349 SERVICE OPTIONS:[BACKUP CONTROL CHANNEL]
22:43:34  CC             PASSED    NAC:2209/x8A1 TSBK3 MOTOROLA SYSTEM LOADING MOTOROLA MSG:899011800000000000000317
22:43:34  CC             PASSED    NAC:2209/x8A1 TSBK1 IDEN_UPDATE_TDMA ID:3 OFFSET:30000000 SPACING:12500 BASE:762006250 TDMA BW:12500 TIMESLOTS:2 VOCODER:HALF_RATE
22:43:34  CC             PASSED    NAC:2209/x8A1 TSBK2 RFSS_STATUS_BCST SYSTEM:2208/x8A0 RFSS:1/x01 SITE:1/x01 LRA:0/x00 CHAN:0-1593 ACTIVE NETWORK CONNECTION SERVICE OPTIONS:[DATA, VOICE, REGISTRATION]
22:43:34  CC             PASSED    NAC:2209/x8A1 TSBK3 NET_STATUS_BCAST WACN:781824/xBEE00 SYSTEM:2208/x8A0 LRA:0/x00 CHAN:0-1593 SERVICES:[DATA, VOICE, REGISTRATION]
22:43:34  T2 858.4625    PASSED    NAC:2209/x8A1 PDU RESPONSE TO:3412574 ALL BLOCKS RECEIVED
22:43:34  T2 858.4625    PASSED    <-> SYNC LOSS - BITS PROCESSED [2232]
22:43:34  T2 858.4625    PASSED    NAC:2209/x8A1 PDU RESPONSE TO:3412538 ALL BLOCKS RECEIVED
22:43:34  T2 858.4625    PASSED    NAC:2209/x8A1 SNDCP LLID:3412538 ACTIVATE TDS CONTEXT ACCEPT NSAPI:1 ADDRESS:10.71.204.179 TYPE:IPV4 DYNAMIC ADDRESS READY TIMER:15s STANDBY TIMER:43200s MTU:0 AUTHORIZED GROUPS:[16] MSG:0147B10A47CCB3000000000001003C40000003000000
22:43:34  T2 858.4625    PASSED    NAC:2209/x8A1 TDU
22:43:34  T2 858.4625    PASSED    NAC:2209/x8A1 TDU
22:43:34  T2 858.4625    PASSED    NAC:2209/x8A1 TDULC RFSS STATUS BROADCAST LRA:0/x00 SYSTEM:2208/x8A0 SITE:1/x01-1/x01 CHAN:0-1593 SERVICE OPTIONS:[DATA, VOICE, REGISTRATION]
22:43:34  T2 858.4625    PASSED    NAC:2209/x8A1 TDULC GROUP VOICE CHANNEL UPDATE TALKGROUP A:300 CHAN A:0-1189
22:43:34  T2 858.4625    PASSED    NAC:2209/x8A1 TDULC RFSS STATUS BROADCAST LRA:0/x00 SYSTEM:2208/x8A0 SITE:1/x01-1/x01 CHAN:0-1593 SERVICE OPTIONS:[DATA, VOICE, REGISTRATION]
22:43:34  T2 858.4625    PASSED    NAC:2209/x8A1 TDULC GROUP VOICE CHANNEL UPDATE TALKGROUP A:300 CHAN A:0-1189
22:43:34  T2 858.4625    PASSED    NAC:2209/x8A1 TDU
22:43:34  T2 858.4625    PASSED    NAC:2209/x8A1 TDU
22:43:34  T2 858.4625    PASSED    NAC:2209/x8A1 TDU
22:43:34  T2 858.4625    PASSED    NAC:2209/x8A1 IPPKT LLID:3412574 NSAPI:1 IP FROM:10.51.1.116 TO:10.71.197.87 UDP PORT FROM:4001 TO:4001 LRRP TRIGGERED LOCATION START REQUEST ID:13434879 TRIGGER ON GPIO TRIGGER EVERY:130 SECS TRIGGER ON MOVE REQUESTED TOKENS [TIME,REQUEST-64,REQUEST-62,HORIZONTAL DIRECTION,TIMESTAMP,UNRECOGNIZED(10,12,2C,44,9C)]
22:43:34  T2 858.4625    PASSED    <-> SYNC LOSS - BITS PROCESSED [1800]
22:43:34  T2 858.4625    PASSED    NAC:2209/x8A1 TDULC GROUP VOICE CHANNEL UPDATE TALKGROUP A:300 CHAN A:0-1189
22:43:34  T2 858.4625    PASSED    NAC:2209/x8A1 TDU
22:43:34  T2 858.4625    PASSED    NAC:2209/x8A1 TDU
22:43:34  T2 858.4625    PASSED    NAC:2209/x8A1 TDU
22:43:34  T3 858.4375    PASSED    NAC:2209/x8A1 LDU1  VOICE LSD:0000 GROUP VOICE CHANNEL USER FM:1014 TO:300 SERVICE OPTIONS:PRI4 CIRCUIT
22:43:34  T3 858.4375    PASSED    NAC:2209/x8A1 LDU2  VOICE LSD:0000 UNENCRYPTED
22:43:34  T3 858.4375    PASSED    NAC:2209/x8A1 LDU1  VOICE LSD:0000 GROUP VOICE CHANNEL USER FM:1014 TO:300 SERVICE OPTIONS:PRI4 CIRCUIT
22:43:34  T3 858.4375    PASSED    NAC:2209/x8A1 LDU2  VOICE LSD:0000 UNENCRYPTED
22:43:34  T3 858.4375    PASSED    NAC:2209/x8A1 LDU1  VOICE LSD:0000 ***LINK CONTROL CRC FAIL*** GROUP VOICE CHANNEL USER FM:532610 TO:8322 SERVICE OPTIONS:PRI4 CIRCUIT
22:43:34  T3 858.4375    PASSED    NAC:2209/x8A1 TDULC GROUP VOICE CHANNEL USER FM:0 TO:300 SERVICE OPTIONS:PRI4 CIRCUIT
22:43:34  T3 858.4375    PASSED    NAC:2209/x8A1 TDULC GROUP VOICE CHANNEL USER FM:0 TO:300 SERVICE OPTIONS:PRI4 CIRCUIT
22:43:34  T3 858.4375    PASSED    NAC:2209/x8A1 TDULC GROUP VOICE CHANNEL USER FM:0 TO:300 SERVICE OPTIONS:PRI4 CIRCUIT
22:43:35  CC             PASSED    NAC:2209/x8A1 TSBK1 IDEN_UPDATE ID:4 OFFSET:-39000000 SPACING:12500 BASE:935012500 FDMA BW:12500
22:43:35  CC             PASSED    NAC:2209/x8A1 TSBK2 SNDCP_DCH_ANN_EX CHAN:0-1193/----- AUTONOMOUS/REQUESTED-ACCESS DAC:1 **:0 SERVICE OPTIONS:NSAPI:0 HALF DUPLEX CIRCUIT MODE
22:43:35  CC             PASSED    NAC:2209/x8A1 TSBK3 SNDCP_DCH_PAG_RQ FM:3402104 TO:65535 NSAPI:1 HALF DUPLEX CIRCUIT MODE
22:43:35  CC             PASSED    NAC:2209/x8A1 TSBK1 IDEN_UPDATE_TDMA ID:5 OFFSET:-39000000 SPACING:12500 BASE:935012500 TDMA BW:12500 TIMESLOTS:2 VOCODER:HALF_RATE
22:43:35  CC             PASSED    NAC:2209/x8A1 TSBK2 MOTOROLA TDMA DATA CHANNEL NOT ACTIVE MSG:1690423FFFFFFFFF0000D458
22:43:35  CC             PASSED    NAC:2209/x8A1 TSBK3 MOTOROLA TRAFFIC CHANNEL 859040C0C0000000080082AB
22:43:35  CC             PASSED    NAC:2209/x8A1 TSBK1 TDMA_SYNC_BCST SYSTEM TIME UNLOCKED: 2026-04-18 21:47:22.500 -0500 LEAP-SECOND CORRECTION:0.0mS MICROSLOT-MINUTE ROLLOVER:SLOW
22:43:35  CC             PASSED    NAC:2209/x8A1 TSBK2 GRP_VCH_GRNT_UPD GROUP A:300 CHAN A:0-1189
22:43:35  CC             PASSED    NAC:2209/x8A1 TSBK3 SEC_CCH_BROADCST RFSS:1/x01 SITE:1/x01 CHAN A:0-1349 SERVICE OPTIONS:[BACKUP CONTROL CHANNEL] CHAN B:0-1277 SERVICE OPTIONS:[BACKUP CONTROL CHANNEL]
22:43:35  CC             PASSED    NAC:2209/x8A1 TSBK1 MOTOROLA SYSTEM LOADING MOTOROLA MSG:09901040000000000000D6E5
22:43:35  CC             PASSED    NAC:2209/x8A1 TSBK2 IDEN_UPDATE ID:0 OFFSET:-45000000 SPACING:6250 BASE:851006250 FDMA BW:12500
22:43:35  CC             PASSED    NAC:2209/x8A1 TSBK3 CCH BASE STAT ID CHAN:0-1593 CWID:
22:43:35  CC             PASSED    NAC:2209/x8A1 TSBK1 RFSS_STATUS_BCST SYSTEM:2208/x8A0 RFSS:1/x01 SITE:1/x01 LRA:0/x00 CHAN:0-1593 ACTIVE NETWORK CONNECTION SERVICE OPTIONS:[DATA, VOICE, REGISTRATION]
22:43:35  CC             PASSED    NAC:2209/x8A1 TSBK2 NET_STATUS_BCAST WACN:781824/xBEE00 SYSTEM:2208/x8A0 LRA:0/x00 CHAN:0-1593 SERVICES:[DATA, VOICE, REGISTRATION]
22:43:35  CC             PASSED    NAC:2209/x8A1 TSBK3 IDEN_UPDATE ID:1 OFFSET:30000000 SPACING:6250 BASE:762006250 FDMA BW:12500
22:43:35  CC             PASSED    NAC:2209/x8A1 TSBK1 SNDCP_DCH_ANN_EX CHAN:0-1193/----- AUTONOMOUS/REQUESTED-ACCESS DAC:1 **:0 SERVICE OPTIONS:NSAPI:0 HALF DUPLEX CIRCUIT MODE
22:43:35  CC             PASSED    NAC:2209/x8A1 TSBK2 SNDCP_DCH_PAG_RQ FM:3402104 TO:65535 NSAPI:1 HALF DUPLEX CIRCUIT MODE
22:43:35  CC             PASSED    NAC:2209/x8A1 TSBK3 IDEN_UPDATE_TDMA ID:2 OFFSET:-45000000 SPACING:12500 BASE:851012500 TDMA BW:12500 TIMESLOTS:2 VOCODER:HALF_RATE
22:43:35  CC             PASSED    NAC:2209/x8A1 TSBK1 MOTOROLA TDMA DATA CHANNEL NOT ACTIVE MSG:1690423FFFFFFFFF0000D458
22:43:35  CC             PASSED    NAC:2209/x8A1 TSBK2 MOTOROLA TRAFFIC CHANNEL 059040C0C00000000800669F
22:43:35  CC             PASSED    NAC:2209/x8A1 TSBK3 TDMA_SYNC_BCST SYSTEM TIME UNLOCKED: 2026-04-18 21:47:22.800 -0500 LEAP-SECOND CORRECTION:0.0mS MICROSLOT-MINUTE ROLLOVER:SLOW
22:43:35  CC             PASSED    NAC:2209/x8A1 TSBK1 GRP_VCH_GRNT_UPD GROUP A:300 CHAN A:0-1189
22:43:35  CC             PASSED    NAC:2209/x8A1 TSBK2 SEC_CCH_BROADCST RFSS:1/x01 SITE:1/x01 CHAN A:0-1277 SERVICE OPTIONS:[BACKUP CONTROL CHANNEL] CHAN B:0-1509 SERVICE OPTIONS:[BACKUP CONTROL CHANNEL]
22:43:35  CC             PASSED    NAC:2209/x8A1 TSBK3 MOTOROLA SYSTEM LOADING MOTOROLA MSG:899011800000000000000317
22:43:35  CC             PASSED    NAC:2209/x8A1 TSBK1 GRP_VCH_GRANT FM:3436029 TO:300 CHAN:0-1189 PRI4 CIRCUIT
22:43:35  CC             PASSED    NAC:2209/x8A1 TSBK2 IDEN_UPDATE_TDMA ID:3 OFFSET:30000000 SPACING:12500 BASE:762006250 TDMA BW:12500 TIMESLOTS:2 VOCODER:HALF_RATE
22:43:35  CC             PASSED    NAC:2209/x8A1 TSBK3 RFSS_STATUS_BCST SYSTEM:2208/x8A0 RFSS:1/x01 SITE:1/x01 LRA:0/x00 CHAN:0-1593 ACTIVE NETWORK CONNECTION SERVICE OPTIONS:[DATA, VOICE, REGISTRATION]
22:43:35  CC             PASSED    NAC:2209/x8A1 TSBK1 GRP_VCH_GRANT FM:3436029 TO:300 CHAN:0-1189 PRI4 CIRCUIT
22:43:35  CC             PASSED    NAC:2209/x8A1 TSBK2 NET_STATUS_BCAST WACN:781824/xBEE00 SYSTEM:2208/x8A0 LRA:0/x00 CHAN:0-1593 SERVICES:[DATA, VOICE, REGISTRATION]
22:43:35  CC             PASSED    NAC:2209/x8A1 TSBK3 IDEN_UPDATE ID:4 OFFSET:-39000000 SPACING:12500 BASE:935012500 FDMA BW:12500
22:43:35  CC             PASSED    NAC:2209/x8A1 TSBK1 GRP_VCH_GRNT_UPD GROUP A:300 CHAN A:0-1189
22:43:35  CC             PASSED    NAC:2209/x8A1 TSBK2 SNDCP_DCH_ANN_EX CHAN:0-1193/----- AUTONOMOUS/REQUESTED-ACCESS DAC:1 **:0 SERVICE OPTIONS:NSAPI:0 HALF DUPLEX CIRCUIT MODE
22:43:35  CC             PASSED    NAC:2209/x8A1 TSBK3 SNDCP_DCH_PAG_RQ FM:3402104 TO:65535 NSAPI:1 HALF DUPLEX CIRCUIT MODE
22:43:35  CC             PASSED    NAC:2209/x8A1 TSBK1 IDEN_UPDATE_TDMA ID:5 OFFSET:-39000000 SPACING:12500 BASE:935012500 TDMA BW:12500 TIMESLOTS:2 VOCODER:HALF_RATE
22:43:35  CC             PASSED    NAC:2209/x8A1 TSBK2 MOTOROLA TDMA DATA CHANNEL NOT ACTIVE MSG:1690423FFFFFFFFF0000D458
22:43:35  CC             PASSED    NAC:2209/x8A1 TSBK3 MOTOROLA TRAFFIC CHANNEL 859040C0C0000000080082AB
22:43:35  CC             PASSED    NAC:2209/x8A1 TSBK1 TDMA_SYNC_BCST SYSTEM TIME UNLOCKED: 2026-04-18 21:47:23.250 -0500 LEAP-SECOND CORRECTION:0.0mS MICROSLOT-MINUTE ROLLOVER:SLOW
22:43:35  CC             PASSED    NAC:2209/x8A1 TSBK2 SEC_CCH_BROADCST RFSS:1/x01 SITE:1/x01 CHAN A:0-1509 SERVICE OPTIONS:[BACKUP CONTROL CHANNEL] CHAN B:0-1349 SERVICE OPTIONS:[BACKUP CONTROL CHANNEL]
22:43:35  CC             PASSED    NAC:2209/x8A1 TSBK3 CCH BASE STAT ID CHAN:0-1593 CWID:
22:43:35  T2 858.4625    PASSED    NAC:2209/x8A1 TDULC ***LINK CONTROL CRC FAIL*** CALL TERMINATION BY:3421553
22:43:35  T2 858.4625    PASSED    <-> SYNC LOSS - BITS PROCESSED [1944]
22:43:35  T2 858.4625    PASSED    NAC:2209/x8A1 TDU
22:43:35  T2 858.4625    PASSED    NAC:2209/x8A1 TDU
22:43:35  T2 858.4625    PASSED    NAC:2209/x8A1 TDULC GROUP VOICE CHANNEL UPDATE TALKGROUP A:300 CHAN A:0-1189
22:43:35  T2 858.4625    PASSED    NAC:2209/x8A1 TDULC RFSS STATUS BROADCAST LRA:0/x00 SYSTEM:2208/x8A0 SITE:1/x01-1/x01 CHAN:0-1593 SERVICE OPTIONS:[DATA, VOICE, REGISTRATION]
22:43:35  T2 858.4625    PASSED    NAC:2209/x8A1 TDULC GROUP VOICE CHANNEL UPDATE TALKGROUP A:300 CHAN A:0-1189
22:43:35  T2 858.4625    PASSED    NAC:2209/x8A1 TDULC RFSS STATUS BROADCAST LRA:0/x00 SYSTEM:2208/x8A0 SITE:1/x01-1/x01 CHAN:0-1593 SERVICE OPTIONS:[DATA, VOICE, REGISTRATION]
22:43:35  T2 858.4625    PASSED    NAC:2209/x8A1 TDULC GROUP VOICE CHANNEL UPDATE TALKGROUP A:300 CHAN A:0-1189
22:43:35  T2 858.4625    PASSED    NAC:2209/x8A1 TDULC RFSS STATUS BROADCAST LRA:0/x00 SYSTEM:2208/x8A0 SITE:1/x01-1/x01 CHAN:0-1593 SERVICE OPTIONS:[DATA, VOICE, REGISTRATION]
22:43:35  T2 858.4625    PASSED    NAC:2209/x8A1 TDULC GROUP VOICE CHANNEL UPDATE TALKGROUP A:300 CHAN A:0-1189
22:43:35  T2 858.4625    PASSED    NAC:2209/x8A1 TDULC RFSS STATUS BROADCAST LRA:0/x00 SYSTEM:2208/x8A0 SITE:1/x01-1/x01 CHAN:0-1593 SERVICE OPTIONS:[DATA, VOICE, REGISTRATION]
22:43:35  T2 858.4625    PASSED    NAC:2209/x8A1 TDU
22:43:35  T2 858.4625    PASSED    NAC:2209/x8A1 TDU
22:43:35  T2 858.4625    PASSED    NAC:2209/x8A1 TDU
22:43:35  T2 858.4625    PASSED    NAC:2209/x8A1 TDULC CALL TERMINATION BY:3412098
22:43:35  T2 858.4625    PASSED    NAC:2209/x8A1 TDULC CALL TERMINATION BY:3412098
22:43:35  T2 858.4625    PASSED    NAC:2209/x8A1 TDU
22:43:35  T2 858.4625    PASSED    NAC:2209/x8A1 TDU
22:43:35  T2 858.4625    PASSED    NAC:2209/x8A1 TDULC RFSS STATUS BROADCAST LRA:0/x00 SYSTEM:2208/x8A0 SITE:1/x01-1/x01 CHAN:0-1593 SERVICE OPTIONS:[DATA, VOICE, REGISTRATION]
22:43:35  T2 858.4625    PASSED    NAC:2209/x8A1 TDULC GROUP VOICE CHANNEL UPDATE TALKGROUP A:300 CHAN A:0-1189
22:43:35  T2 858.4625    PASSED    NAC:2209/x8A1 TDULC RFSS STATUS BROADCAST LRA:0/x00 SYSTEM:2208/x8A0 SITE:1/x01-1/x01 CHAN:0-1593 SERVICE OPTIONS:[DATA, VOICE, REGISTRATION]
22:43:35  T2 858.4625    PASSED    NAC:2209/x8A1 TDULC GROUP VOICE CHANNEL UPDATE TALKGROUP A:300 CHAN A:0-1189
22:43:35  T3 858.4375    PASSED    NAC:2209/x8A1 TDULC GROUP VOICE CHANNEL USER FM:0 TO:300 SERVICE OPTIONS:PRI4 CIRCUIT
22:43:35  T3 858.4375    PASSED    NAC:2209/x8A1 TDULC GROUP VOICE CHANNEL USER FM:0 TO:300 SERVICE OPTIONS:PRI4 CIRCUIT
22:43:35  T3 858.4375    PASSED    NAC:2209/x8A1 TDULC GROUP VOICE CHANNEL USER FM:0 TO:300 SERVICE OPTIONS:PRI4 CIRCUIT
22:43:35  T3 858.4375    PASSED    NAC:2209/x8A1 TDULC GROUP VOICE CHANNEL USER FM:0 TO:300 SERVICE OPTIONS:PRI4 CIRCUIT
22:43:35  T3 858.4375    PASSED    NAC:2209/x8A1 TDULC GROUP VOICE CHANNEL USER FM:0 TO:300 SERVICE OPTIONS:PRI4 CIRCUIT
22:43:35  T3 858.4375    PASSED    NAC:2209/x8A1 TDULC GROUP VOICE CHANNEL USER FM:0 TO:300 SERVICE OPTIONS:PRI4 CIRCUIT
22:43:35  T3 858.4375    PASSED    NAC:2209/x8A1 TDULC GROUP VOICE CHANNEL USER FM:0 TO:300 SERVICE OPTIONS:PRI4 CIRCUIT
22:43:35  T3 858.4375    PASSED    NAC:2209/x8A1 TDULC GROUP VOICE CHANNEL USER FM:0 TO:300 SERVICE OPTIONS:PRI4 CIRCUIT
22:43:35  T3 858.4375    PASSED    NAC:2209/x8A1 TDULC GROUP VOICE CHANNEL USER FM:0 TO:300 SERVICE OPTIONS:PRI4 CIRCUIT
22:43:35  T3 858.4375    PASSED    NAC:2209/x8A1 TDULC GROUP VOICE CHANNEL USER FM:0 TO:300 SERVICE OPTIONS:PRI4 CIRCUIT
22:43:35  T3 858.4375    PASSED    NAC:2209/x8A1 TDULC GROUP VOICE CHANNEL USER FM:0 TO:300 SERVICE OPTIONS:PRI4 CIRCUIT
22:43:35  T3 858.4375    PASSED    NAC:2209/x8A1 TDULC GROUP VOICE CHANNEL USER FM:0 TO:300 SERVICE OPTIONS:PRI4 CIRCUIT
22:43:35  T3 858.4375    PASSED    NAC:2209/x8A1 TDULC GROUP VOICE CHANNEL USER FM:0 TO:300 SERVICE OPTIONS:PRI4 CIRCUIT
22:43:35  T3 858.4375    PASSED    NAC:2209/x8A1 TDU
22:43:35  T3 858.4375    PASSED    NAC:2209/x8A1 TDULC GROUP VOICE CHANNEL USER FM:0 TO:300 SERVICE OPTIONS:PRI4 CIRCUIT
22:43:35  T3 858.4375    PASSED    NAC:2209/x8A1 TDULC GROUP VOICE CHANNEL USER FM:0 TO:300 SERVICE OPTIONS:PRI4 CIRCUIT
22:43:35  T3 858.4375    PASSED    NAC:2209/x8A1 TDULC GROUP VOICE CHANNEL USER FM:0 TO:300 SERVICE OPTIONS:PRI4 CIRCUIT
22:43:35  T3 858.4375    PASSED    NAC:2209/x8A1 TDULC GROUP VOICE CHANNEL USER FM:0 TO:300 SERVICE OPTIONS:PRI4 CIRCUIT
22:43:35  T3 858.4375    PASSED    NAC:2209/x8A1 TDULC GROUP VOICE CHANNEL USER FM:0 TO:300 SERVICE OPTIONS:PRI4 CIRCUIT
22:43:35  T3 858.4375    PASSED    NAC:2209/x8A1 TDULC GROUP VOICE CHANNEL USER FM:0 TO:300 SERVICE OPTIONS:PRI4 CIRCUIT
22:43:35  T3 858.4375    PASSED    NAC:2209/x8A1 TDULC GROUP VOICE CHANNEL USER FM:0 TO:300 SERVICE OPTIONS:PRI4 CIRCUIT
22:43:35  T3 858.4375    PASSED    NAC:2209/x8A1 TDULC GROUP VOICE CHANNEL USER FM:0 TO:300 SERVICE OPTIONS:PRI4 CIRCUIT
22:43:36  CC             PASSED    NAC:2209/x8A1 TSBK1 MOTOROLA SYSTEM LOADING MOTOROLA MSG:099014000000000000000464
22:43:36  CC             PASSED    NAC:2209/x8A1 TSBK2 IDEN_UPDATE ID:0 OFFSET:-45000000 SPACING:6250 BASE:851006250 FDMA BW:12500
22:43:36  CC             PASSED    NAC:2209/x8A1 TSBK3 RFSS_STATUS_BCST SYSTEM:2208/x8A0 RFSS:1/x01 SITE:1/x01 LRA:0/x00 CHAN:0-1593 ACTIVE NETWORK CONNECTION SERVICE OPTIONS:[DATA, VOICE, REGISTRATION]
22:43:36  CC             PASSED    NAC:2209/x8A1 TSBK1 NET_STATUS_BCAST WACN:781824/xBEE00 SYSTEM:2208/x8A0 LRA:0/x00 CHAN:0-1593 SERVICES:[DATA, VOICE, REGISTRATION]
22:43:36  CC             PASSED    NAC:2209/x8A1 TSBK2 IDEN_UPDATE ID:1 OFFSET:30000000 SPACING:6250 BASE:762006250 FDMA BW:12500
22:43:36  CC             PASSED    NAC:2209/x8A1 TSBK3 GRP_VCH_GRNT_UPD GROUP A:300 CHAN A:0-1189
22:43:36  CC             PASSED    NAC:2209/x8A1 TSBK1 SNDCP_DCH_ANN_EX CHAN:0-1193/----- AUTONOMOUS/REQUESTED-ACCESS DAC:1 **:0 SERVICE OPTIONS:NSAPI:0 HALF DUPLEX CIRCUIT MODE
22:43:36  CC             PASSED    NAC:2209/x8A1 TSBK2 SNDCP_DCH_PAG_RQ FM:3402104 TO:65535 NSAPI:1 HALF DUPLEX CIRCUIT MODE
22:43:36  CC             PASSED    NAC:2209/x8A1 TSBK3 IDEN_UPDATE_TDMA ID:2 OFFSET:-45000000 SPACING:12500 BASE:851012500 TDMA BW:12500 TIMESLOTS:2 VOCODER:HALF_RATE
22:43:36  CC             PASSED    NAC:2209/x8A1 TSBK1 MOTOROLA TDMA DATA CHANNEL NOT ACTIVE MSG:1690423FFFFFFFFF0000D458
22:43:36  CC             PASSED    NAC:2209/x8A1 TSBK2 MOTOROLA TRAFFIC CHANNEL 059040C0C00000000800669F
22:43:36  CC             PASSED    NAC:2209/x8A1 TSBK3 TDMA_SYNC_BCST SYSTEM TIME UNLOCKED: 2026-04-18 21:47:23.550 -0500 LEAP-SECOND CORRECTION:0.0mS MICROSLOT-MINUTE ROLLOVER:SLOW
22:43:36  CC             PASSED    NAC:2209/x8A1 TSBK1 SEC_CCH_BROADCST RFSS:1/x01 SITE:1/x01 CHAN A:0-1349 SERVICE OPTIONS:[BACKUP CONTROL CHANNEL] CHAN B:0-1277 SERVICE OPTIONS:[BACKUP CONTROL CHANNEL]
22:43:36  CC             PASSED    NAC:2209/x8A1 TSBK2 MOTOROLA SYSTEM LOADING MOTOROLA MSG:09901040000000000000D6E5
22:43:36  CC             PASSED    NAC:2209/x8A1 TSBK3 IDEN_UPDATE_TDMA ID:3 OFFSET:30000000 SPACING:12500 BASE:762006250 TDMA BW:12500 TIMESLOTS:2 VOCODER:HALF_RATE
22:43:36  CC             PASSED    NAC:2209/x8A1 TSBK1 RFSS_STATUS_BCST SYSTEM:2208/x8A0 RFSS:1/x01 SITE:1/x01 LRA:0/x00 CHAN:0-1593 ACTIVE NETWORK CONNECTION SERVICE OPTIONS:[DATA, VOICE, REGISTRATION]
22:43:36  CC             PASSED    NAC:2209/x8A1 TSBK2 NET_STATUS_BCAST WACN:781824/xBEE00 SYSTEM:2208/x8A0 LRA:0/x00 CHAN:0-1593 SERVICES:[DATA, VOICE, REGISTRATION]
22:43:36  CC             PASSED    NAC:2209/x8A1 TSBK3 IDEN_UPDATE ID:4 OFFSET:-39000000 SPACING:12500 BASE:935012500 FDMA BW:12500
22:43:36  CC             PASSED    NAC:2209/x8A1 TSBK1 GRP_VCH_GRNT_UPD GROUP A:300 CHAN A:0-1189
22:43:36  CC             PASSED    NAC:2209/x8A1 TSBK2 SNDCP_DCH_ANN_EX CHAN:0-1193/----- AUTONOMOUS/REQUESTED-ACCESS DAC:1 **:0 SERVICE OPTIONS:NSAPI:0 HALF DUPLEX CIRCUIT MODE
22:43:36  CC             PASSED    NAC:2209/x8A1 TSBK3 SNDCP_DCH_PAG_RQ FM:3402104 TO:65535 NSAPI:1 HALF DUPLEX CIRCUIT MODE
22:43:36  CC             PASSED    NAC:2209/x8A1 TSBK1 IDEN_UPDATE_TDMA ID:5 OFFSET:-39000000 SPACING:12500 BASE:935012500 TDMA BW:12500 TIMESLOTS:2 VOCODER:HALF_RATE
22:43:36  CC             PASSED    NAC:2209/x8A1 TSBK2 MOTOROLA TDMA DATA CHANNEL NOT ACTIVE MSG:1690423FFFFFFFFF0000D458
22:43:36  CC             PASSED    NAC:2209/x8A1 TSBK3 CCH BASE STAT ID CHAN:0-1593 CWID:
22:43:36  CC             PASSED    NAC:2209/x8A1 TSBK1 MOTOROLA TRAFFIC CHANNEL 059040C0C00000000800669F
22:43:36  CC             PASSED    NAC:2209/x8A1 TSBK2 TDMA_SYNC_BCST SYSTEM TIME UNLOCKED: 2026-04-18 21:47:23.925 -0500 LEAP-SECOND CORRECTION:0.0mS MICROSLOT-MINUTE ROLLOVER:SLOW
22:43:36  CC             PASSED    NAC:2209/x8A1 TSBK3 SEC_CCH_BROADCST RFSS:1/x01 SITE:1/x01 CHAN A:0-1277 SERVICE OPTIONS:[BACKUP CONTROL CHANNEL] CHAN B:0-1509 SERVICE OPTIONS:[BACKUP CONTROL CHANNEL]
22:43:36  CC             PASSED    NAC:2209/x8A1 TSBK1 MOTOROLA SYSTEM LOADING MOTOROLA MSG:09901180000000000000E723
22:43:36  CC             PASSED    NAC:2209/x8A1 TSBK2 IDEN_UPDATE ID:0 OFFSET:-45000000 SPACING:6250 BASE:851006250 FDMA BW:12500
22:43:36  CC             PASSED    NAC:2209/x8A1 TSBK3 RFSS_STATUS_BCST SYSTEM:2208/x8A0 RFSS:1/x01 SITE:1/x01 LRA:0/x00 CHAN:0-1593 ACTIVE NETWORK CONNECTION SERVICE OPTIONS:[DATA, VOICE, REGISTRATION]
22:43:36  CC             PASSED    NAC:2209/x8A1 TSBK1 NET_STATUS_BCAST WACN:781824/xBEE00 SYSTEM:2208/x8A0 LRA:0/x00 CHAN:0-1593 SERVICES:[DATA, VOICE, REGISTRATION]
22:43:36  CC             PASSED    NAC:2209/x8A1 TSBK2 IDEN_UPDATE ID:1 OFFSET:30000000 SPACING:6250 BASE:762006250 FDMA BW:12500
22:43:36  CC             PASSED    NAC:2209/x8A1 TSBK3 GRP_VCH_GRNT_UPD GROUP A:300 CHAN A:0-1189
22:43:36  CC             PASSED    NAC:2209/x8A1 TSBK1 SNDCP_DCH_ANN_EX CHAN:0-1193/----- AUTONOMOUS/REQUESTED-ACCESS DAC:1 **:0 SERVICE OPTIONS:NSAPI:0 HALF DUPLEX CIRCUIT MODE
22:43:36  CC             PASSED    NAC:2209/x8A1 TSBK2 SNDCP_DCH_PAG_RQ FM:3402104 TO:65535 NSAPI:1 HALF DUPLEX CIRCUIT MODE
22:43:36  CC             PASSED    NAC:2209/x8A1 TSBK3 IDEN_UPDATE_TDMA ID:2 OFFSET:-45000000 SPACING:12500 BASE:851012500 TDMA BW:12500 TIMESLOTS:2 VOCODER:HALF_RATE
22:43:36  CC             PASSED    NAC:2209/x8A1 TSBK1 MOTOROLA TDMA DATA CHANNEL NOT ACTIVE MSG:1690423FFFFFFFFF0000D458
22:43:36  CC             PASSED    NAC:2209/x8A1 TSBK2 MOTOROLA TRAFFIC CHANNEL 059040C0C00000000800669F
22:43:36  CC             PASSED    NAC:2209/x8A1 TSBK3 TDMA_SYNC_BCST SYSTEM TIME UNLOCKED: 2026-04-18 21:47:24.225 -0500 LEAP-SECOND CORRECTION:0.0mS MICROSLOT-MINUTE ROLLOVER:SLOW
22:43:36  CC             PASSED    NAC:2209/x8A1 TSBK1 SEC_CCH_BROADCST RFSS:1/x01 SITE:1/x01 CHAN A:0-1509 SERVICE OPTIONS:[BACKUP CONTROL CHANNEL] CHAN B:0-1349 SERVICE OPTIONS:[BACKUP CONTROL CHANNEL]
22:43:36  CC             PASSED    NAC:2209/x8A1 TSBK2 MOTOROLA SYSTEM LOADING MOTOROLA MSG:09901040000000000000D6E5
22:43:36  CC             PASSED    NAC:2209/x8A1 TSBK3 IDEN_UPDATE_TDMA ID:3 OFFSET:30000000 SPACING:12500 BASE:762006250 TDMA BW:12500 TIMESLOTS:2 VOCODER:HALF_RATE
22:43:36  T2 858.4625    PASSED    NAC:2209/x8A1 TDULC RFSS STATUS BROADCAST LRA:0/x00 SYSTEM:2208/x8A0 SITE:1/x01-1/x01 CHAN:0-1593 SERVICE OPTIONS:[DATA, VOICE, REGISTRATION]
22:43:36  T2 858.4625    PASSED    NAC:2209/x8A1 TDULC GROUP VOICE CHANNEL UPDATE TALKGROUP A:300 CHAN A:0-1189
22:43:36  T2 858.4625    PASSED    NAC:2209/x8A1 TDULC RFSS STATUS BROADCAST LRA:0/x00 SYSTEM:2208/x8A0 SITE:1/x01-1/x01 CHAN:0-1593 SERVICE OPTIONS:[DATA, VOICE, REGISTRATION]
22:43:36  T2 858.4625    PASSED    NAC:2209/x8A1 TDULC GROUP VOICE CHANNEL UPDATE TALKGROUP A:300 CHAN A:0-1189
22:43:36  T2 858.4625    PASSED    NAC:2209/x8A1 TDULC RFSS STATUS BROADCAST LRA:0/x00 SYSTEM:2208/x8A0 SITE:1/x01-1/x01 CHAN:0-1593 SERVICE OPTIONS:[DATA, VOICE, REGISTRATION]
22:43:36  T2 858.4625    PASSED    NAC:2209/x8A1 TDULC GROUP VOICE CHANNEL UPDATE TALKGROUP A:300 CHAN A:0-1189
22:43:36  T2 858.4625    PASSED    NAC:2209/x8A1 TDULC RFSS STATUS BROADCAST LRA:0/x00 SYSTEM:2208/x8A0 SITE:1/x01-1/x01 CHAN:0-1593 SERVICE OPTIONS:[DATA, VOICE, REGISTRATION]
22:43:36  T2 858.4625    PASSED    NAC:2209/x8A1 TDULC GROUP VOICE CHANNEL UPDATE TALKGROUP A:300 CHAN A:0-1189
22:43:36  T2 858.4625    PASSED    NAC:2209/x8A1 TDULC RFSS STATUS BROADCAST LRA:0/x00 SYSTEM:2208/x8A0 SITE:1/x01-1/x01 CHAN:0-1593 SERVICE OPTIONS:[DATA, VOICE, REGISTRATION]
22:43:36  T2 858.4625    PASSED    NAC:2209/x8A1 TDULC GROUP VOICE CHANNEL UPDATE TALKGROUP A:300 CHAN A:0-1189
22:43:36  T2 858.4625    PASSED    NAC:2209/x8A1 TDULC RFSS STATUS BROADCAST LRA:0/x00 SYSTEM:2208/x8A0 SITE:1/x01-1/x01 CHAN:0-1593 SERVICE OPTIONS:[DATA, VOICE, REGISTRATION]
22:43:36  T2 858.4625    PASSED    NAC:2209/x8A1 TDULC GROUP VOICE CHANNEL UPDATE TALKGROUP A:300 CHAN A:0-1189
22:43:36  T2 858.4625    PASSED    NAC:2209/x8A1 TDULC RFSS STATUS BROADCAST LRA:0/x00 SYSTEM:2208/x8A0 SITE:1/x01-1/x01 CHAN:0-1593 SERVICE OPTIONS:[DATA, VOICE, REGISTRATION]
22:43:36  T2 858.4625    PASSED    NAC:2209/x8A1 TDULC GROUP VOICE CHANNEL UPDATE TALKGROUP A:300 CHAN A:0-1189
22:43:36  T2 858.4625    PASSED    NAC:2209/x8A1 TDULC RFSS STATUS BROADCAST LRA:0/x00 SYSTEM:2208/x8A0 SITE:1/x01-1/x01 CHAN:0-1593 SERVICE OPTIONS:[DATA, VOICE, REGISTRATION]
22:43:36  T2 858.4625    PASSED    NAC:2209/x8A1 TDULC GROUP VOICE CHANNEL UPDATE TALKGROUP A:300 CHAN A:0-1189
22:43:36  T2 858.4625    PASSED    NAC:2209/x8A1 TDULC RFSS STATUS BROADCAST LRA:0/x00 SYSTEM:2208/x8A0 SITE:1/x01-1/x01 CHAN:0-1593 SERVICE OPTIONS:[DATA, VOICE, REGISTRATION]
22:43:36  T2 858.4625    PASSED    NAC:2209/x8A1 TDULC GROUP VOICE CHANNEL UPDATE TALKGROUP A:300 CHAN A:0-1189
22:43:36  T2 858.4625    PASSED    NAC:2209/x8A1 TDULC RFSS STATUS BROADCAST LRA:0/x00 SYSTEM:2208/x8A0 SITE:1/x01-1/x01 CHAN:0-1593 SERVICE OPTIONS:[DATA, VOICE, REGISTRATION]
22:43:36  T2 858.4625    PASSED    NAC:2209/x8A1 TDULC GROUP VOICE CHANNEL UPDATE TALKGROUP A:300 CHAN A:0-1189
22:43:36  T2 858.4625    PASSED    NAC:2209/x8A1 TDULC RFSS STATUS BROADCAST LRA:0/x00 SYSTEM:2208/x8A0 SITE:1/x01-1/x01 CHAN:0-1593 SERVICE OPTIONS:[DATA, VOICE, REGISTRATION]
22:43:36  T2 858.4625    PASSED    NAC:2209/x8A1 TDULC GROUP VOICE CHANNEL UPDATE TALKGROUP A:300 CHAN A:0-1189
22:43:36  T2 858.4625    PASSED    NAC:2209/x8A1 TDULC RFSS STATUS BROADCAST LRA:0/x00 SYSTEM:2208/x8A0 SITE:1/x01-1/x01 CHAN:0-1593 SERVICE OPTIONS:[DATA, VOICE, REGISTRATION]
22:43:36  T3 858.4375    PASSED    NAC:2209/x8A1 HDU   TALKGROUP:300 UNENCRYPTED
22:43:36  T3 858.4375    PASSED    NAC:2209/x8A1 LDU1  VOICE LSD:0000 GROUP VOICE CHANNEL USER FM:0 TO:300 SERVICE OPTIONS:PRI4 CIRCUIT
22:43:36  T3 858.4375    PASSED    NAC:2209/x8A1 LDU2  VOICE LSD:0000 UNENCRYPTED
22:43:36  T3 858.4375    PASSED    NAC:2209/x8A1 LDU1  VOICE LSD:0000 GROUP VOICE CHANNEL USER FM:0 TO:300 SERVICE OPTIONS:PRI4 CIRCUIT
22:43:36  T3 858.4375    PASSED    NAC:2209/x8A1 LDU2  VOICE LSD:0000 UNENCRYPTED
22:43:36  T3 858.4375    PASSED    NAC:2209/x8A1 LDU1  VOICE LSD:0000 GROUP VOICE CHANNEL USER FM:3436029 TO:300 SERVICE OPTIONS:PRI4 CIRCUIT
22:43:37  CC             PASSED    NAC:2209/x8A1 TSBK1 RFSS_STATUS_BCST SYSTEM:2208/x8A0 RFSS:1/x01 SITE:1/x01 LRA:0/x00 CHAN:0-1593 ACTIVE NETWORK CONNECTION SERVICE OPTIONS:[DATA, VOICE, REGISTRATION]
22:43:37  CC             PASSED    NAC:2209/x8A1 TSBK2 NET_STATUS_BCAST WACN:781824/xBEE00 SYSTEM:2208/x8A0 LRA:0/x00 CHAN:0-1593 SERVICES:[DATA, VOICE, REGISTRATION]
22:43:37  CC             PASSED    NAC:2209/x8A1 TSBK3 IDEN_UPDATE ID:4 OFFSET:-39000000 SPACING:12500 BASE:935012500 FDMA BW:12500
22:43:37  CC             PASSED    NAC:2209/x8A1 TSBK1 GRP_VCH_GRNT_UPD GROUP A:300 CHAN A:0-1189
22:43:37  CC             PASSED    NAC:2209/x8A1 TSBK2 SNDCP_DCH_ANN_EX CHAN:0-1193/----- AUTONOMOUS/REQUESTED-ACCESS DAC:1 **:0 SERVICE OPTIONS:NSAPI:0 HALF DUPLEX CIRCUIT MODE
22:43:37  CC             PASSED    NAC:2209/x8A1 TSBK3 CCH BASE STAT ID CHAN:0-1593 CWID:
22:43:37  CC             PASSED    NAC:2209/x8A1 TSBK1 SNDCP_DCH_PAG_RQ FM:3402104 TO:65535 NSAPI:1 HALF DUPLEX CIRCUIT MODE
22:43:37  CC             PASSED    NAC:2209/x8A1 TSBK2 IDEN_UPDATE_TDMA ID:5 OFFSET:-39000000 SPACING:12500 BASE:935012500 TDMA BW:12500 TIMESLOTS:2 VOCODER:HALF_RATE
22:43:37  CC             PASSED    NAC:2209/x8A1 TSBK3 MOTOROLA TDMA DATA CHANNEL NOT ACTIVE MSG:9690423FFFFFFFFF0000306C
22:43:37  CC             PASSED    NAC:2209/x8A1 TSBK1 MOTOROLA TRAFFIC CHANNEL 059040C0C00000000800669F
22:43:37  CC             PASSED    NAC:2209/x8A1 TSBK2 TDMA_SYNC_BCST SYSTEM TIME UNLOCKED: 2026-04-18 21:47:24.600 -0500 LEAP-SECOND CORRECTION:0.0mS MICROSLOT-MINUTE ROLLOVER:SLOW
22:43:37  CC             PASSED    NAC:2209/x8A1 TSBK3 SEC_CCH_BROADCST RFSS:1/x01 SITE:1/x01 CHAN A:0-1349 SERVICE OPTIONS:[BACKUP CONTROL CHANNEL] CHAN B:0-1277 SERVICE OPTIONS:[BACKUP CONTROL CHANNEL]
22:43:37  CC             PASSED    NAC:2209/x8A1 TSBK1 MOTOROLA SYSTEM LOADING MOTOROLA MSG:09901180000000000000E723
22:43:37  CC             PASSED    NAC:2209/x8A1 TSBK2 IDEN_UPDATE ID:0 OFFSET:-45000000 SPACING:6250 BASE:851006250 FDMA BW:12500
22:43:37  CC             PASSED    NAC:2209/x8A1 TSBK3 RFSS_STATUS_BCST SYSTEM:2208/x8A0 RFSS:1/x01 SITE:1/x01 LRA:0/x00 CHAN:0-1593 ACTIVE NETWORK CONNECTION SERVICE OPTIONS:[DATA, VOICE, REGISTRATION]
22:43:37  CC             PASSED    NAC:2209/x8A1 TSBK1 NET_STATUS_BCAST WACN:781824/xBEE00 SYSTEM:2208/x8A0 LRA:0/x00 CHAN:0-1593 SERVICES:[DATA, VOICE, REGISTRATION]
22:43:37  CC             PASSED    NAC:2209/x8A1 TSBK2 IDEN_UPDATE ID:1 OFFSET:30000000 SPACING:6250 BASE:762006250 FDMA BW:12500
22:43:37  CC             PASSED    NAC:2209/x8A1 TSBK3 GRP_VCH_GRNT_UPD GROUP A:300 CHAN A:0-1189
22:43:37  CC             PASSED    NAC:2209/x8A1 TSBK1 SNDCP_DCH_ANN_EX CHAN:0-1193/----- AUTONOMOUS/REQUESTED-ACCESS DAC:1 **:0 SERVICE OPTIONS:NSAPI:0 HALF DUPLEX CIRCUIT MODE
22:43:37  CC             PASSED    NAC:2209/x8A1 TSBK2 SNDCP_DCH_PAG_RQ FM:3402104 TO:65535 NSAPI:1 HALF DUPLEX CIRCUIT MODE
22:43:37  CC             PASSED    NAC:2209/x8A1 TSBK3 IDEN_UPDATE_TDMA ID:2 OFFSET:-45000000 SPACING:12500 BASE:851012500 TDMA BW:12500 TIMESLOTS:2 VOCODER:HALF_RATE
22:43:37  CC             PASSED    NAC:2209/x8A1 TSBK1 MOTOROLA TDMA DATA CHANNEL NOT ACTIVE MSG:1690423FFFFFFFFF0000D458
22:43:37  CC             PASSED    NAC:2209/x8A1 TSBK2 MOTOROLA TRAFFIC CHANNEL 059040C0C00000000800669F
22:43:37  CC             PASSED    NAC:2209/x8A1 TSBK3 TDMA_SYNC_BCST SYSTEM TIME UNLOCKED: 2026-04-18 21:47:24.900 -0500 LEAP-SECOND CORRECTION:0.0mS MICROSLOT-MINUTE ROLLOVER:SLOW
22:43:37  CC             PASSED    NAC:2209/x8A1 TSBK1 SEC_CCH_BROADCST RFSS:1/x01 SITE:1/x01 CHAN A:0-1277 SERVICE OPTIONS:[BACKUP CONTROL CHANNEL] CHAN B:0-1509 SERVICE OPTIONS:[BACKUP CONTROL CHANNEL]
22:43:37  CC             PASSED    NAC:2209/x8A1 TSBK2 MOTOROLA SYSTEM LOADING MOTOROLA MSG:09901040000000000000D6E5
22:43:37  CC             PASSED    NAC:2209/x8A1 TSBK3 IDEN_UPDATE_TDMA ID:3 OFFSET:30000000 SPACING:12500 BASE:762006250 TDMA BW:12500 TIMESLOTS:2 VOCODER:HALF_RATE
22:43:37  CC             PASSED    NAC:2209/x8A1 TSBK1 RFSS_STATUS_BCST SYSTEM:2208/x8A0 RFSS:1/x01 SITE:1/x01 LRA:0/x00 CHAN:0-1593 ACTIVE NETWORK CONNECTION SERVICE OPTIONS:[DATA, VOICE, REGISTRATION]
22:43:37  CC             PASSED    NAC:2209/x8A1 TSBK2 NET_STATUS_BCAST WACN:781824/xBEE00 SYSTEM:2208/x8A0 LRA:0/x00 CHAN:0-1593 SERVICES:[DATA, VOICE, REGISTRATION]
22:43:37  CC             PASSED    NAC:2209/x8A1 TSBK3 CCH BASE STAT ID CHAN:0-1593 CWID:
22:43:37  CC             PASSED    NAC:2209/x8A1 TSBK1 IDEN_UPDATE ID:4 OFFSET:-39000000 SPACING:12500 BASE:935012500 FDMA BW:12500
22:43:37  CC             PASSED    NAC:2209/x8A1 TSBK2 GRP_VCH_GRNT_UPD GROUP A:300 CHAN A:0-1189
22:43:37  CC             PASSED    NAC:2209/x8A1 TSBK3 SNDCP_DCH_ANN_EX CHAN:0-1193/----- AUTONOMOUS/REQUESTED-ACCESS DAC:1 **:0 SERVICE OPTIONS:NSAPI:0 HALF DUPLEX CIRCUIT MODE
22:43:37  CC             PASSED    NAC:2209/x8A1 TSBK1 SNDCP_DCH_PAG_RQ FM:3402104 TO:65535 NSAPI:1 HALF DUPLEX CIRCUIT MODE
22:43:37  CC             PASSED    NAC:2209/x8A1 TSBK2 IDEN_UPDATE_TDMA ID:5 OFFSET:-39000000 SPACING:12500 BASE:935012500 TDMA BW:12500 TIMESLOTS:2 VOCODER:HALF_RATE
22:43:37  CC             PASSED    NAC:2209/x8A1 TSBK3 MOTOROLA TDMA DATA CHANNEL NOT ACTIVE MSG:9690423FFFFFFFFF0000306C
22:43:37  CC             PASSED    NAC:2209/x8A1 TSBK1 MOTOROLA TRAFFIC CHANNEL 059040C0C00000000800669F
22:43:37  CC             PASSED    NAC:2209/x8A1 TSBK2 TDMA_SYNC_BCST SYSTEM TIME UNLOCKED: 2026-04-18 21:47:25.275 -0500 LEAP-SECOND CORRECTION:0.0mS MICROSLOT-MINUTE ROLLOVER:SLOW
22:43:37  CC             PASSED    NAC:2209/x8A1 TSBK3 SEC_CCH_BROADCST RFSS:1/x01 SITE:1/x01 CHAN A:0-1509 SERVICE OPTIONS:[BACKUP CONTROL CHANNEL] CHAN B:0-1349 SERVICE OPTIONS:[BACKUP CONTROL CHANNEL]
22:43:37  T2 858.4625    PASSED    NAC:2209/x8A1 TDULC GROUP VOICE CHANNEL UPDATE TALKGROUP A:300 CHAN A:0-1189
22:43:37  T2 858.4625    PASSED    NAC:2209/x8A1 TDULC RFSS STATUS BROADCAST LRA:0/x00 SYSTEM:2208/x8A0 SITE:1/x01-1/x01 CHAN:0-1593 SERVICE OPTIONS:[DATA, VOICE, REGISTRATION]
22:43:37  T2 858.4625    PASSED    NAC:2209/x8A1 TDULC GROUP VOICE CHANNEL UPDATE TALKGROUP A:300 CHAN A:0-1189
22:43:37  T2 858.4625    PASSED    NAC:2209/x8A1 TDULC RFSS STATUS BROADCAST LRA:0/x00 SYSTEM:2208/x8A0 SITE:1/x01-1/x01 CHAN:0-1593 SERVICE OPTIONS:[DATA, VOICE, REGISTRATION]
22:43:37  T2 858.4625    PASSED    NAC:2209/x8A1 TDULC GROUP VOICE CHANNEL UPDATE TALKGROUP A:300 CHAN A:0-1189
22:43:37  T2 858.4625    PASSED    NAC:2209/x8A1 TDULC RFSS STATUS BROADCAST LRA:0/x00 SYSTEM:2208/x8A0 SITE:1/x01-1/x01 CHAN:0-1593 SERVICE OPTIONS:[DATA, VOICE, REGISTRATION]
22:43:37  T2 858.4625    PASSED    NAC:2209/x8A1 TDULC GROUP VOICE CHANNEL UPDATE TALKGROUP A:300 CHAN A:0-1189
22:43:37  T2 858.4625    PASSED    NAC:2209/x8A1 TDU
22:43:37  T2 858.4625    PASSED    NAC:2209/x8A1 TDU
22:43:37  T2 858.4625    PASSED    NAC:2209/x8A1 TDU
22:43:37  T2 858.4625    PASSED    NAC:2209/x8A1 PDU RESPONSE TO:3412288 ALL BLOCKS RECEIVED
22:43:37  T2 858.4625    PASSED    NAC:2209/x8A1 TDU
22:43:37  T2 858.4625    PASSED    NAC:2209/x8A1 TDU
22:43:37  T2 858.4625    PASSED    NAC:2209/x8A1 TDULC RFSS STATUS BROADCAST LRA:0/x00 SYSTEM:2208/x8A0 SITE:1/x01-1/x01 CHAN:0-1593 SERVICE OPTIONS:[DATA, VOICE, REGISTRATION]
22:43:37  T2 858.4625    PASSED    NAC:2209/x8A1 TDULC GROUP VOICE CHANNEL UPDATE TALKGROUP A:300 CHAN A:0-1189
22:43:37  T2 858.4625    PASSED    NAC:2209/x8A1 TDULC RFSS STATUS BROADCAST LRA:0/x00 SYSTEM:2208/x8A0 SITE:1/x01-1/x01 CHAN:0-1593 SERVICE OPTIONS:[DATA, VOICE, REGISTRATION]
22:43:37  T2 858.4625    PASSED    NAC:2209/x8A1 TDULC GROUP VOICE CHANNEL UPDATE TALKGROUP A:300 CHAN A:0-1189
22:43:37  T2 858.4625    PASSED    NAC:2209/x8A1 TDULC RFSS STATUS BROADCAST LRA:0/x00 SYSTEM:2208/x8A0 SITE:1/x01-1/x01 CHAN:0-1593 SERVICE OPTIONS:[DATA, VOICE, REGISTRATION]
22:43:37  T2 858.4625    PASSED    NAC:2209/x8A1 TDULC GROUP VOICE CHANNEL UPDATE TALKGROUP A:300 CHAN A:0-1189
22:43:37  T2 858.4625    PASSED    NAC:2209/x8A1 TDULC RFSS STATUS BROADCAST LRA:0/x00 SYSTEM:2208/x8A0 SITE:1/x01-1/x01 CHAN:0-1593 SERVICE OPTIONS:[DATA, VOICE, REGISTRATION]
22:43:37  T2 858.4625    PASSED    NAC:2209/x8A1 TDULC GROUP VOICE CHANNEL UPDATE TALKGROUP A:300 CHAN A:0-1189
22:43:37  T2 858.4625    PASSED    NAC:2209/x8A1 TDULC RFSS STATUS BROADCAST LRA:0/x00 SYSTEM:2208/x8A0 SITE:1/x01-1/x01 CHAN:0-1593 SERVICE OPTIONS:[DATA, VOICE, REGISTRATION]
22:43:37  T2 858.4625    PASSED    NAC:2209/x8A1 TDULC GROUP VOICE CHANNEL UPDATE TALKGROUP A:300 CHAN A:0-1189
22:43:37  T2 858.4625    PASSED    NAC:2209/x8A1 TDULC RFSS STATUS BROADCAST LRA:0/x00 SYSTEM:2208/x8A0 SITE:1/x01-1/x01 CHAN:0-1593 SERVICE OPTIONS:[DATA, VOICE, REGISTRATION]
22:43:37  T2 858.4625    PASSED    NAC:2209/x8A1 TDULC GROUP VOICE CHANNEL UPDATE TALKGROUP A:300 CHAN A:0-1189
22:43:37  T3 858.4375    PASSED    NAC:2209/x8A1 LDU2  VOICE LSD:0000 UNENCRYPTED
22:43:37  T3 858.4375    PASSED    NAC:2209/x8A1 LDU1  VOICE LSD:0000 GROUP VOICE CHANNEL USER FM:3436029 TO:300 SERVICE OPTIONS:PRI4 CIRCUIT
22:43:37  T3 858.4375    PASSED    NAC:2209/x8A1 LDU2  VOICE LSD:0000 UNENCRYPTED
22:43:37  T3 858.4375    PASSED    NAC:2209/x8A1 LDU1  VOICE LSD:0000 GROUP VOICE CHANNEL USER FM:3436029 TO:300 SERVICE OPTIONS:PRI4 CIRCUIT
22:43:37  T3 858.4375    PASSED    NAC:2209/x8A1 LDU2  VOICE LSD:0000 UNENCRYPTED
22:43:37  T3 858.4375    PASSED    NAC:2209/x8A1 TDULC MOTOROLA TALK COMPLETE BY:3436029 UNK1:10 UNK2:10
22:43:37  T3 858.4375    PASSED    NAC:2209/x8A1 TDULC GROUP VOICE CHANNEL USER FM:0 TO:300 SERVICE OPTIONS:PRI4 CIRCUIT
22:43:37  T3 858.4375    PASSED    NAC:2209/x8A1 TDULC GROUP VOICE CHANNEL USER FM:0 TO:300 SERVICE OPTIONS:PRI4 CIRCUIT
22:43:38  CC             PASSED    NAC:2209/x8A1 TSBK1 MOTOROLA SYSTEM LOADING MOTOROLA MSG:09901180000000000000E723
22:43:38  CC             PASSED    NAC:2209/x8A1 TSBK2 IDEN_UPDATE ID:0 OFFSET:-45000000 SPACING:6250 BASE:851006250 FDMA BW:12500
22:43:38  CC             PASSED    NAC:2209/x8A1 TSBK3 RFSS_STATUS_BCST SYSTEM:2208/x8A0 RFSS:1/x01 SITE:1/x01 LRA:0/x00 CHAN:0-1593 ACTIVE NETWORK CONNECTION SERVICE OPTIONS:[DATA, VOICE, REGISTRATION]
22:43:38  CC             PASSED    NAC:2209/x8A1 TSBK1 NET_STATUS_BCAST WACN:781824/xBEE00 SYSTEM:2208/x8A0 LRA:0/x00 CHAN:0-1593 SERVICES:[DATA, VOICE, REGISTRATION]
22:43:38  CC             PASSED    NAC:2209/x8A1 TSBK2 IDEN_UPDATE ID:1 OFFSET:30000000 SPACING:6250 BASE:762006250 FDMA BW:12500
22:43:38  CC             PASSED    NAC:2209/x8A1 TSBK3 GRP_VCH_GRNT_UPD GROUP A:300 CHAN A:0-1189
22:43:38  CC             PASSED    NAC:2209/x8A1 TSBK1 SNDCP_DCH_ANN_EX CHAN:0-1193/----- AUTONOMOUS/REQUESTED-ACCESS DAC:1 **:0 SERVICE OPTIONS:NSAPI:0 HALF DUPLEX CIRCUIT MODE
22:43:38  CC             PASSED    NAC:2209/x8A1 TSBK2 SNDCP_DCH_PAG_RQ FM:3402104 TO:65535 NSAPI:1 HALF DUPLEX CIRCUIT MODE
22:43:38  CC             PASSED    NAC:2209/x8A1 TSBK3 IDEN_UPDATE_TDMA ID:2 OFFSET:-45000000 SPACING:12500 BASE:851012500 TDMA BW:12500 TIMESLOTS:2 VOCODER:HALF_RATE
22:43:38  CC             PASSED    NAC:2209/x8A1 TSBK1 MOTOROLA TDMA DATA CHANNEL NOT ACTIVE MSG:1690423FFFFFFFFF0000D458
22:43:38  CC             PASSED    NAC:2209/x8A1 TSBK2 MOTOROLA TRAFFIC CHANNEL 059040C0C00000000800669F
22:43:38  CC             PASSED    NAC:2209/x8A1 TSBK3 TDMA_SYNC_BCST SYSTEM TIME UNLOCKED: 2026-04-18 21:47:25.575 -0500 LEAP-SECOND CORRECTION:0.0mS MICROSLOT-MINUTE ROLLOVER:SLOW
22:43:38  CC             PASSED    NAC:2209/x8A1 TSBK1 SEC_CCH_BROADCST RFSS:1/x01 SITE:1/x01 CHAN A:0-1349 SERVICE OPTIONS:[BACKUP CONTROL CHANNEL] CHAN B:0-1277 SERVICE OPTIONS:[BACKUP CONTROL CHANNEL]
22:43:38  CC             PASSED    NAC:2209/x8A1 TSBK2 MOTOROLA SYSTEM LOADING MOTOROLA MSG:09901040000000000000D6E5
22:43:38  CC             PASSED    NAC:2209/x8A1 TSBK3 CCH BASE STAT ID CHAN:0-1593 CWID:
22:43:38  CC             PASSED    NAC:2209/x8A1 TSBK1 GRP_VCH_GRANT FM:1014 TO:300 CHAN:0-1189 PRI4 CIRCUIT
22:43:38  CC             PASSED    NAC:2209/x8A1 TSBK2 IDEN_UPDATE_TDMA ID:3 OFFSET:30000000 SPACING:12500 BASE:762006250 TDMA BW:12500 TIMESLOTS:2 VOCODER:HALF_RATE
22:43:38  CC             PASSED    NAC:2209/x8A1 TSBK3 RFSS_STATUS_BCST SYSTEM:2208/x8A0 RFSS:1/x01 SITE:1/x01 LRA:0/x00 CHAN:0-1593 ACTIVE NETWORK CONNECTION SERVICE OPTIONS:[DATA, VOICE, REGISTRATION]
22:43:38  CC             PASSED    NAC:2209/x8A1 TSBK1 GRP_VCH_GRANT FM:1014 TO:300 CHAN:0-1189 PRI4 CIRCUIT
22:43:38  CC             PASSED    NAC:2209/x8A1 TSBK2 NET_STATUS_BCAST WACN:781824/xBEE00 SYSTEM:2208/x8A0 LRA:0/x00 CHAN:0-1593 SERVICES:[DATA, VOICE, REGISTRATION]
22:43:38  CC             PASSED    NAC:2209/x8A1 TSBK3 IDEN_UPDATE ID:4 OFFSET:-39000000 SPACING:12500 BASE:935012500 FDMA BW:12500
22:43:38  CC             PASSED    NAC:2209/x8A1 TSBK1 GRP_VCH_GRNT_UPD GROUP A:300 CHAN A:0-1189
22:43:38  CC             PASSED    NAC:2209/x8A1 TSBK2 SNDCP_DCH_ANN_EX CHAN:0-1193/----- AUTONOMOUS/REQUESTED-ACCESS DAC:1 **:0 SERVICE OPTIONS:NSAPI:0 HALF DUPLEX CIRCUIT MODE
22:43:38  CC             PASSED    NAC:2209/x8A1 TSBK3 SNDCP_DCH_PAG_RQ FM:3402104 TO:65535 NSAPI:1 HALF DUPLEX CIRCUIT MODE
22:43:38  CC             PASSED    NAC:2209/x8A1 TSBK1 IDEN_UPDATE_TDMA ID:5 OFFSET:-39000000 SPACING:12500 BASE:935012500 TDMA BW:12500 TIMESLOTS:2 VOCODER:HALF_RATE
22:43:38  CC             PASSED    NAC:2209/x8A1 TSBK2 MOTOROLA TDMA DATA CHANNEL NOT ACTIVE MSG:1690423FFFFFFFFF0000D458
22:43:38  CC             PASSED    NAC:2209/x8A1 TSBK3 MOTOROLA TRAFFIC CHANNEL 859040C0C0000000080082AB
22:43:38  CC             PASSED    NAC:2209/x8A1 TSBK1 TDMA_SYNC_BCST SYSTEM TIME UNLOCKED: 2026-04-18 21:47:26.025 -0500 LEAP-SECOND CORRECTION:0.0mS MICROSLOT-MINUTE ROLLOVER:SLOW
22:43:38  CC             PASSED    NAC:2209/x8A1 TSBK2 SEC_CCH_BROADCST RFSS:1/x01 SITE:1/x01 CHAN A:0-1277 SERVICE OPTIONS:[BACKUP CONTROL CHANNEL] CHAN B:0-1509 SERVICE OPTIONS:[BACKUP CONTROL CHANNEL]
22:43:38  CC             PASSED    NAC:2209/x8A1 TSBK3 MOTOROLA SYSTEM LOADING MOTOROLA MSG:89901400000000000000E050
22:43:38  CC             PASSED    NAC:2209/x8A1 TSBK1 IDEN_UPDATE ID:0 OFFSET:-45000000 SPACING:6250 BASE:851006250 FDMA BW:12500
22:43:38  CC             PASSED    NAC:2209/x8A1 TSBK2 RFSS_STATUS_BCST SYSTEM:2208/x8A0 RFSS:1/x01 SITE:1/x01 LRA:0/x00 CHAN:0-1593 ACTIVE NETWORK CONNECTION SERVICE OPTIONS:[DATA, VOICE, REGISTRATION]
22:43:38  CC             PASSED    NAC:2209/x8A1 TSBK3 NET_STATUS_BCAST WACN:781824/xBEE00 SYSTEM:2208/x8A0 LRA:0/x00 CHAN:0-1593 SERVICES:[DATA, VOICE, REGISTRATION]
22:43:38  CC             PASSED    NAC:2209/x8A1 TSBK1 IDEN_UPDATE ID:1 OFFSET:30000000 SPACING:6250 BASE:762006250 FDMA BW:12500
22:43:38  CC             PASSED    NAC:2209/x8A1 TSBK2 GRP_VCH_GRNT_UPD GROUP A:300 CHAN A:0-1189
22:43:38  CC             PASSED    NAC:2209/x8A1 TSBK3 SNDCP_DCH_ANN_EX CHAN:0-1193/----- AUTONOMOUS/REQUESTED-ACCESS DAC:1 **:0 SERVICE OPTIONS:NSAPI:0 HALF DUPLEX CIRCUIT MODE
22:43:38  CC             PASSED    NAC:2209/x8A1 TSBK1 SNDCP_DCH_PAG_RQ FM:3402104 TO:65535 NSAPI:1 HALF DUPLEX CIRCUIT MODE
22:43:38  CC             PASSED    NAC:2209/x8A1 TSBK2 IDEN_UPDATE_TDMA ID:2 OFFSET:-45000000 SPACING:12500 BASE:851012500 TDMA BW:12500 TIMESLOTS:2 VOCODER:HALF_RATE
22:43:38  CC             PASSED    NAC:2209/x8A1 TSBK3 MOTOROLA TDMA DATA CHANNEL NOT ACTIVE MSG:9690423FFFFFFFFF0000306C
22:43:38  T2 858.4625    PASSED    NAC:2209/x8A1 TDULC RFSS STATUS BROADCAST LRA:0/x00 SYSTEM:2208/x8A0 SITE:1/x01-1/x01 CHAN:0-1593 SERVICE OPTIONS:[DATA, VOICE, REGISTRATION]
22:43:38  T2 858.4625    PASSED    NAC:2209/x8A1 TDULC GROUP VOICE CHANNEL UPDATE TALKGROUP A:300 CHAN A:0-1189
22:43:38  T2 858.4625    PASSED    NAC:2209/x8A1 TDULC RFSS STATUS BROADCAST LRA:0/x00 SYSTEM:2208/x8A0 SITE:1/x01-1/x01 CHAN:0-1593 SERVICE OPTIONS:[DATA, VOICE, REGISTRATION]
22:43:38  T2 858.4625    PASSED    NAC:2209/x8A1 TDULC GROUP VOICE CHANNEL UPDATE TALKGROUP A:300 CHAN A:0-1189
22:43:38  T2 858.4625    PASSED    NAC:2209/x8A1 TDULC RFSS STATUS BROADCAST LRA:0/x00 SYSTEM:2208/x8A0 SITE:1/x01-1/x01 CHAN:0-1593 SERVICE OPTIONS:[DATA, VOICE, REGISTRATION]
22:43:38  T2 858.4625    PASSED    NAC:2209/x8A1 TDULC GROUP VOICE CHANNEL UPDATE TALKGROUP A:300 CHAN A:0-1189
22:43:38  T2 858.4625    PASSED    NAC:2209/x8A1 TDULC RFSS STATUS BROADCAST LRA:0/x00 SYSTEM:2208/x8A0 SITE:1/x01-1/x01 CHAN:0-1593 SERVICE OPTIONS:[DATA, VOICE, REGISTRATION]
22:43:38  T2 858.4625    PASSED    NAC:2209/x8A1 TDULC GROUP VOICE CHANNEL UPDATE TALKGROUP A:300 CHAN A:0-1189
22:43:38  T2 858.4625    PASSED    NAC:2209/x8A1 TDULC RFSS STATUS BROADCAST LRA:0/x00 SYSTEM:2208/x8A0 SITE:1/x01-1/x01 CHAN:0-1593 SERVICE OPTIONS:[DATA, VOICE, REGISTRATION]
22:43:38  T2 858.4625    PASSED    NAC:2209/x8A1 TDULC RFSS STATUS BROADCAST LRA:0/x00 SYSTEM:2208/x8A0 SITE:1/x01-1/x01 CHAN:0-1593 SERVICE OPTIONS:[DATA, VOICE, REGISTRATION]
22:43:38  T2 858.4625    PASSED    NAC:2209/x8A1 TDULC GROUP VOICE CHANNEL UPDATE TALKGROUP A:300 CHAN A:0-1189
22:43:38  T2 858.4625    PASSED    NAC:2209/x8A1 TDULC RFSS STATUS BROADCAST LRA:0/x00 SYSTEM:2208/x8A0 SITE:1/x01-1/x01 CHAN:0-1593 SERVICE OPTIONS:[DATA, VOICE, REGISTRATION]
22:43:38  T2 858.4625    PASSED    NAC:2209/x8A1 TDULC GROUP VOICE CHANNEL UPDATE TALKGROUP A:300 CHAN A:0-1189
22:43:38  T2 858.4625    PASSED    NAC:2209/x8A1 TDULC RFSS STATUS BROADCAST LRA:0/x00 SYSTEM:2208/x8A0 SITE:1/x01-1/x01 CHAN:0-1593 SERVICE OPTIONS:[DATA, VOICE, REGISTRATION]
22:43:38  T2 858.4625    PASSED    NAC:2209/x8A1 TDULC GROUP VOICE CHANNEL UPDATE TALKGROUP A:300 CHAN A:0-1189
22:43:38  T2 858.4625    PASSED    NAC:2209/x8A1 TDULC RFSS STATUS BROADCAST LRA:0/x00 SYSTEM:2208/x8A0 SITE:1/x01-1/x01 CHAN:0-1593 SERVICE OPTIONS:[DATA, VOICE, REGISTRATION]
22:43:38  T2 858.4625    PASSED    NAC:2209/x8A1 TDULC GROUP VOICE CHANNEL UPDATE TALKGROUP A:300 CHAN A:0-1189
22:43:38  T2 858.4625    PASSED    NAC:2209/x8A1 TDU
22:43:38  T2 858.4625    PASSED    NAC:2209/x8A1 TDU
22:43:38  T2 858.4625    PASSED    NAC:2209/x8A1 TDU
22:43:38  T2 858.4625    PASSED    NAC:2209/x8A1 IPPKT LLID:3412574 NSAPI:1 IP FROM:10.51.1.116 TO:10.71.197.87 UDP PORT FROM:4001 TO:4001 LRRP TRIGGERED LOCATION START REQUEST ID:13434879 TRIGGER ON GPIO TRIGGER EVERY:130 SECS TRIGGER ON MOVE REQUESTED TOKENS [TIME,REQUEST-64,REQUEST-62,HORIZONTAL DIRECTION,TIMESTAMP,UNRECOGNIZED(10,12,2C,44,9C)]
22:43:38  T2 858.4625    PASSED    NAC:2209/x8A1 TDU
22:43:38  T2 858.4625    PASSED    NAC:2209/x8A1 TDU
22:43:38  T3 858.4375    PASSED    NAC:2209/x8A1 TDULC GROUP VOICE CHANNEL USER FM:0 TO:300 SERVICE OPTIONS:PRI4 CIRCUIT
22:43:38  T3 858.4375    PASSED    NAC:2209/x8A1 TDULC GROUP VOICE CHANNEL USER FM:0 TO:300 SERVICE OPTIONS:PRI4 CIRCUIT
22:43:38  T3 858.4375    PASSED    NAC:2209/x8A1 TDULC GROUP VOICE CHANNEL USER FM:0 TO:300 SERVICE OPTIONS:PRI4 CIRCUIT
22:43:38  T3 858.4375    PASSED    NAC:2209/x8A1 TDULC GROUP VOICE CHANNEL USER FM:0 TO:300 SERVICE OPTIONS:PRI4 CIRCUIT
22:43:38  T3 858.4375    PASSED    NAC:2209/x8A1 TDULC GROUP VOICE CHANNEL USER FM:0 TO:300 SERVICE OPTIONS:PRI4 CIRCUIT
22:43:38  T3 858.4375    PASSED    NAC:2209/x8A1 TDULC GROUP VOICE CHANNEL USER FM:0 TO:300 SERVICE OPTIONS:PRI4 CIRCUIT
22:43:38  T3 858.4375    PASSED    NAC:2209/x8A1 TDULC GROUP VOICE CHANNEL USER FM:0 TO:300 SERVICE OPTIONS:PRI4 CIRCUIT
22:43:38  T3 858.4375    PASSED    NAC:2209/x8A1 TDULC GROUP VOICE CHANNEL USER FM:0 TO:300 SERVICE OPTIONS:PRI4 CIRCUIT
22:43:38  T3 858.4375    PASSED    NAC:2209/x8A1 TDU
22:43:38  T3 858.4375    PASSED    NAC:2209/x8A1 TDULC GROUP VOICE CHANNEL USER FM:0 TO:300 SERVICE OPTIONS:PRI4 CIRCUIT
22:43:38  T3 858.4375    PASSED    NAC:2209/x8A1 TDULC GROUP VOICE CHANNEL USER FM:0 TO:300 SERVICE OPTIONS:PRI4 CIRCUIT
22:43:38  T3 858.4375    PASSED    NAC:2209/x8A1 TDULC GROUP VOICE CHANNEL USER FM:0 TO:300 SERVICE OPTIONS:PRI4 CIRCUIT
22:43:38  T3 858.4375    PASSED    NAC:2209/x8A1 TDULC GROUP VOICE CHANNEL USER FM:0 TO:300 SERVICE OPTIONS:PRI4 CIRCUIT
22:43:38  T3 858.4375    PASSED    NAC:2209/x8A1 TDULC GROUP VOICE CHANNEL USER FM:0 TO:300 SERVICE OPTIONS:PRI4 CIRCUIT
22:43:38  T3 858.4375    PASSED    NAC:2209/x8A1 HDU   TALKGROUP:300 UNENCRYPTED
22:43:38  T3 858.4375    PASSED    NAC:2209/x8A1 LDU1  VOICE LSD:0000 GROUP VOICE CHANNEL USER FM:0 TO:300 SERVICE OPTIONS:PRI4 CIRCUIT
22:43:39  CC             PASSED    NAC:2209/x8A1 TSBK1 MOTOROLA TRAFFIC CHANNEL 059040C0C00000000800669F
22:43:39  CC             PASSED    NAC:2209/x8A1 TSBK2 CCH BASE STAT ID CHAN:0-1593 CWID:
22:43:39  CC             PASSED    NAC:2209/x8A1 TSBK3 TDMA_SYNC_BCST SYSTEM TIME UNLOCKED: 2026-04-18 21:47:26.325 -0500 LEAP-SECOND CORRECTION:0.0mS MICROSLOT-MINUTE ROLLOVER:SLOW
22:43:39  CC             PASSED    NAC:2209/x8A1 TSBK1 SEC_CCH_BROADCST RFSS:1/x01 SITE:1/x01 CHAN A:0-1509 SERVICE OPTIONS:[BACKUP CONTROL CHANNEL] CHAN B:0-1349 SERVICE OPTIONS:[BACKUP CONTROL CHANNEL]
22:43:39  CC             PASSED    NAC:2209/x8A1 TSBK2 MOTOROLA SYSTEM LOADING MOTOROLA MSG:09901180000000000000E723
22:43:39  CC             PASSED    NAC:2209/x8A1 TSBK3 IDEN_UPDATE_TDMA ID:3 OFFSET:30000000 SPACING:12500 BASE:762006250 TDMA BW:12500 TIMESLOTS:2 VOCODER:HALF_RATE
22:43:39  CC             PASSED    NAC:2209/x8A1 TSBK1 RFSS_STATUS_BCST SYSTEM:2208/x8A0 RFSS:1/x01 SITE:1/x01 LRA:0/x00 CHAN:0-1593 ACTIVE NETWORK CONNECTION SERVICE OPTIONS:[DATA, VOICE, REGISTRATION]
22:43:39  CC             PASSED    NAC:2209/x8A1 TSBK2 NET_STATUS_BCAST WACN:781824/xBEE00 SYSTEM:2208/x8A0 LRA:0/x00 CHAN:0-1593 SERVICES:[DATA, VOICE, REGISTRATION]
22:43:39  CC             PASSED    NAC:2209/x8A1 TSBK3 IDEN_UPDATE ID:4 OFFSET:-39000000 SPACING:12500 BASE:935012500 FDMA BW:12500
22:43:39  CC             PASSED    NAC:2209/x8A1 TSBK1 GRP_VCH_GRNT_UPD GROUP A:300 CHAN A:0-1189
22:43:39  CC             PASSED    NAC:2209/x8A1 TSBK2 SNDCP_DCH_ANN_EX CHAN:0-1193/----- AUTONOMOUS/REQUESTED-ACCESS DAC:1 **:0 SERVICE OPTIONS:NSAPI:0 HALF DUPLEX CIRCUIT MODE
22:43:39  CC             PASSED    NAC:2209/x8A1 TSBK3 SNDCP_DCH_PAG_RQ FM:3402104 TO:65535 NSAPI:1 HALF DUPLEX CIRCUIT MODE
22:43:39  CC             PASSED    NAC:2209/x8A1 TSBK1 IDEN_UPDATE_TDMA ID:5 OFFSET:-39000000 SPACING:12500 BASE:935012500 TDMA BW:12500 TIMESLOTS:2 VOCODER:HALF_RATE
22:43:39  CC             PASSED    NAC:2209/x8A1 TSBK2 ACK_RESPONSE_FNE FM:16777213 TO:3416142 ACKNOWLEDGING:GRP_V_REQ
22:43:39  CC             PASSED    NAC:2209/x8A1 TSBK3 MOTOROLA TDMA DATA CHANNEL NOT ACTIVE MSG:9690423FFFFFFFFF0000306C
22:43:39  CC             PASSED    NAC:2209/x8A1 TSBK1 MOTOROLA TRAFFIC CHANNEL 059040C0C00000000800669F
22:43:39  CC             PASSED    NAC:2209/x8A1 TSBK2 GRP_VCH_GRANT FM:3416142 TO:402 CHAN:0-1117 PRI4 ENCRYPTED CIRCUIT
22:43:39  CC             PASSED    NAC:2209/x8A1 TSBK3 ACK_RESPONSE_FNE FM:16777213 TO:3416142 ACKNOWLEDGING:GRP_V_REQ
22:43:39  CC             PASSED    NAC:2209/x8A1 TSBK1 TDMA_SYNC_BCST SYSTEM TIME UNLOCKED: 2026-04-18 21:47:26.775 -0500 LEAP-SECOND CORRECTION:0.0mS MICROSLOT-MINUTE ROLLOVER:SLOW
22:43:39  CC             PASSED    NAC:2209/x8A1 TSBK2 GRP_VCH_GRANT FM:3416142 TO:402 CHAN:0-1117 PRI4 ENCRYPTED CIRCUIT
22:43:39  CC             PASSED    NAC:2209/x8A1 TSBK3 GRP_VCH_GRNT_UPD GROUP A:300 CHAN A:0-1189
22:43:39  CC             PASSED    NAC:2209/x8A1 TSBK1 SEC_CCH_BROADCST RFSS:1/x01 SITE:1/x01 CHAN A:0-1349 SERVICE OPTIONS:[BACKUP CONTROL CHANNEL] CHAN B:0-1277 SERVICE OPTIONS:[BACKUP CONTROL CHANNEL]
22:43:39  CC             PASSED    NAC:2209/x8A1 TSBK2 GRP_VCH_GRNT_UPD GROUP A:402 CHAN A:0-1117
22:43:39  CC             PASSED    NAC:2209/x8A1 TSBK3 MOTOROLA SYSTEM LOADING MOTOROLA MSG:899017C00000000000005E30
22:43:39  CC             PASSED    NAC:2209/x8A1 TSBK1 IDEN_UPDATE ID:0 OFFSET:-45000000 SPACING:6250 BASE:851006250 FDMA BW:12500
22:43:39  CC             PASSED    NAC:2209/x8A1 TSBK2 RFSS_STATUS_BCST SYSTEM:2208/x8A0 RFSS:1/x01 SITE:1/x01 LRA:0/x00 CHAN:0-1593 ACTIVE NETWORK CONNECTION SERVICE OPTIONS:[DATA, VOICE, REGISTRATION]
22:43:39  CC             PASSED    NAC:2209/x8A1 TSBK3 NET_STATUS_BCAST WACN:781824/xBEE00 SYSTEM:2208/x8A0 LRA:0/x00 CHAN:0-1593 SERVICES:[DATA, VOICE, REGISTRATION]
22:43:39  CC             PASSED    NAC:2209/x8A1 TSBK1 IDEN_UPDATE ID:1 OFFSET:30000000 SPACING:6250 BASE:762006250 FDMA BW:12500
22:43:39  CC             PASSED    NAC:2209/x8A1 TSBK2 GRP_VCH_GRNT_UPD GROUP A:402 CHAN A:0-1117 GROUP B:300 CHAN B:0-1189
22:43:39  CC             PASSED    NAC:2209/x8A1 TSBK3 SNDCP_DCH_ANN_EX CHAN:0-1193/----- AUTONOMOUS/REQUESTED-ACCESS DAC:1 **:0 SERVICE OPTIONS:NSAPI:0 HALF DUPLEX CIRCUIT MODE
22:43:39  CC             PASSED    NAC:2209/x8A1 TSBK1 IDEN_UPDATE_TDMA ID:2 OFFSET:-45000000 SPACING:12500 BASE:851012500 TDMA BW:12500 TIMESLOTS:2 VOCODER:HALF_RATE
22:43:39  CC             PASSED    NAC:2209/x8A1 TSBK2 CCH BASE STAT ID CHAN:0-1593 CWID:
22:43:39  CC             PASSED    NAC:2209/x8A1 TSBK3 ACK_RESPONSE_FNE FM:16777213 TO:3412574 ACKNOWLEDGING:CAN_SRV_REQ
22:43:39  CC             PASSED    NAC:2209/x8A1 TSBK1 MOTOROLA TDMA DATA CHANNEL NOT ACTIVE MSG:1690423FFFFFFFFF0000D458
22:43:39  CC             PASSED    NAC:2209/x8A1 TSBK2 MOTOROLA TRAFFIC CHANNEL 059040C0C00000000800669F
22:43:39  CC             PASSED    NAC:2209/x8A1 TSBK3 ACK_RESPONSE_FNE FM:16777213 TO:3412574 ACKNOWLEDGING:CAN_SRV_REQ
22:43:39  CC             PASSED    NAC:2209/x8A1 TSBK1 TDMA_SYNC_BCST SYSTEM TIME UNLOCKED: 2026-04-18 21:47:27.225 -0500 LEAP-SECOND CORRECTION:0.0mS MICROSLOT-MINUTE ROLLOVER:SLOW
22:43:39  CC             PASSED    NAC:2209/x8A1 TSBK2 SEC_CCH_BROADCST RFSS:1/x01 SITE:1/x01 CHAN A:0-1277 SERVICE OPTIONS:[BACKUP CONTROL CHANNEL] CHAN B:0-1509 SERVICE OPTIONS:[BACKUP CONTROL CHANNEL]
22:43:39  CC             PASSED    NAC:2209/x8A1 TSBK3 ACK_RESPONSE_FNE FM:16777213 TO:3412538 ACKNOWLEDGING:CAN_SRV_REQ
22:43:39  CC             PASSED    NAC:2209/x8A1 TSBK1 MOTOROLA SYSTEM LOADING MOTOROLA MSG:099014000000000000000464
22:43:39  T1 857.9875    PASSED    <-> SYNC LOSS - BITS PROCESSED [274]
22:43:39  T1 857.9875    PASSED    NAC:2209/x8A1 TDULC GROUP VOICE CHANNEL USER FM:0 TO:402 SERVICE OPTIONS:PRI4 ENCRYPTED CIRCUIT
22:43:39  T1 857.9875    PASSED    NAC:2209/x8A1 TDULC GROUP VOICE CHANNEL UPDATE TALKGROUP A:300 CHAN A:0-1189
22:43:39  T1 857.9875    PASSED    NAC:2209/x8A1 TDULC GROUP VOICE CHANNEL USER FM:0 TO:402 SERVICE OPTIONS:PRI4 ENCRYPTED CIRCUIT
22:43:39  T1 857.9875    PASSED    NAC:2209/x8A1 TDULC GROUP VOICE CHANNEL UPDATE TALKGROUP A:300 CHAN A:0-1189
22:43:39  T1 857.9875    PASSED    NAC:2209/x8A1 TDULC GROUP VOICE CHANNEL USER FM:0 TO:402 SERVICE OPTIONS:PRI4 ENCRYPTED CIRCUIT
22:43:39  T1 857.9875    PASSED    NAC:2209/x8A1 TDULC GROUP VOICE CHANNEL UPDATE TALKGROUP A:300 CHAN A:0-1189
22:43:39  T1 857.9875    PASSED    NAC:2209/x8A1 HDU   TALKGROUP:402 ENCRYPTION:ENCRYPTION:AES-256 KEY:8259 MI:73EDEB51DA26D6DE00
22:43:39  T2 858.4625    PASSED    NAC:2209/x8A1 TDULC RFSS STATUS BROADCAST LRA:0/x00 SYSTEM:2208/x8A0 SITE:1/x01-1/x01 CHAN:0-1593 SERVICE OPTIONS:[DATA, VOICE, REGISTRATION]
22:43:39  T2 858.4625    PASSED    NAC:2209/x8A1 TDULC GROUP VOICE CHANNEL UPDATE TALKGROUP A:300 CHAN A:0-1189
22:43:39  T2 858.4625    PASSED    NAC:2209/x8A1 TDULC RFSS STATUS BROADCAST LRA:0/x00 SYSTEM:2208/x8A0 SITE:1/x01-1/x01 CHAN:0-1593 SERVICE OPTIONS:[DATA, VOICE, REGISTRATION]
22:43:39  T2 858.4625    PASSED    NAC:2209/x8A1 TDULC GROUP VOICE CHANNEL UPDATE TALKGROUP A:300 CHAN A:0-1189
22:43:39  T2 858.4625    PASSED    NAC:2209/x8A1 TDULC RFSS STATUS BROADCAST LRA:0/x00 SYSTEM:2208/x8A0 SITE:1/x01-1/x01 CHAN:0-1593 SERVICE OPTIONS:[DATA, VOICE, REGISTRATION]
22:43:39  T2 858.4625    PASSED    NAC:2209/x8A1 TDULC GROUP VOICE CHANNEL UPDATE TALKGROUP A:300 CHAN A:0-1189
22:43:39  T2 858.4625    PASSED    NAC:2209/x8A1 TDU
22:43:39  T2 858.4625    PASSED    NAC:2209/x8A1 TDU
22:43:39  T2 858.4625    PASSED    NAC:2209/x8A1 TDU
22:43:39  T2 858.4625    PASSED    NAC:2209/x8A1 IPPKT LLID:3412574 NSAPI:1 IP FROM:10.51.1.116 TO:10.71.197.87 UDP PORT FROM:4001 TO:4001 LRRP TRIGGERED LOCATION START REQUEST ID:196607 TRIGGER ON GPIO TRIGGER DISTANCE:2 REQUESTED TOKENS [TIME,REQUEST-64,REQUEST-62,HORIZONTAL DIRECTION,TIMESTAMP,UNRECOGNIZED(10,44,9C)]
22:43:39  T2 858.4625    PASSED    NAC:2209/x8A1 TDU
22:43:39  T2 858.4625    PASSED    NAC:2209/x8A1 TDU
22:43:39  T2 858.4625    PASSED    NAC:2209/x8A1 TDULC GROUP VOICE CHANNEL UPDATE TALKGROUP A:402 CHAN A:0-1117
22:43:39  T2 858.4625    PASSED    NAC:2209/x8A1 TDU
22:43:39  T2 858.4625    PASSED    NAC:2209/x8A1 TDU
22:43:39  T2 858.4625    PASSED    NAC:2209/x8A1 TDU
22:43:39  T2 858.4625    PASSED    NAC:2209/x8A1 PDU RESPONSE TO:3412574 ALL BLOCKS RECEIVED
22:43:39  T2 858.4625    PASSED    NAC:2209/x8A1 TDU
22:43:39  T2 858.4625    PASSED    NAC:2209/x8A1 TDU
22:43:39  T2 858.4625    PASSED    NAC:2209/x8A1 TDULC GROUP VOICE CHANNEL UPDATE TALKGROUP A:402 CHAN A:0-1117 TALKGROUP B:300 CHAN B:0-1189
22:43:39  T2 858.4625    PASSED    NAC:2209/x8A1 TDU
22:43:39  T2 858.4625    PASSED    NAC:2209/x8A1 TDU
22:43:39  T2 858.4625    PASSED    <-> DROPPED SAMPLES (POSSIBLY) DETECTED -- COULD NOT ACCOUNT FOR [22] SYMBOL BITS
22:43:39  T2 858.4625    PASSED    NAC:2209/x8A1 TDU
22:43:39  T2 858.4625    PASSED    <-> DROPPED SAMPLES (POSSIBLY) DETECTED -- COULD NOT ACCOUNT FOR [136] SYMBOL BITS
22:43:39  T2 858.4625    PASSED    <-> SYNC LOSS - BITS PROCESSED [1720]
22:43:39  T2 858.4625    PASSED    NAC:2209/x8A1 TDULC RFSS STATUS BROADCAST LRA:0/x00 SYSTEM:2208/x8A0 SITE:1/x01-1/x01 CHAN:0-1593 SERVICE OPTIONS:[DATA, VOICE, REGISTRATION]
22:43:39  T2 858.4625    PASSED    NAC:2209/x8A1 TDULC GROUP VOICE CHANNEL UPDATE TALKGROUP A:402 CHAN A:0-1117 TALKGROUP B:300 CHAN B:0-1189
22:43:39  T2 858.4625    PASSED    NAC:2209/x8A1 TDULC RFSS STATUS BROADCAST LRA:0/x00 SYSTEM:2208/x8A0 SITE:1/x01-1/x01 CHAN:0-1593 SERVICE OPTIONS:[DATA, VOICE, REGISTRATION]
22:43:39  T2 858.4625    PASSED    NAC:2209/x8A1 TDULC GROUP VOICE CHANNEL UPDATE TALKGROUP A:402 CHAN A:0-1117 TALKGROUP B:300 CHAN B:0-1189
22:43:39  T3 858.4375    PASSED    NAC:2209/x8A1 LDU2  VOICE LSD:0000 UNENCRYPTED
22:43:39  T3 858.4375    PASSED    NAC:2209/x8A1 LDU1  VOICE LSD:0000 GROUP VOICE CHANNEL USER FM:0 TO:300 SERVICE OPTIONS:PRI4 CIRCUIT
22:43:39  T3 858.4375    PASSED    NAC:2209/x8A1 LDU2  VOICE LSD:0000 UNENCRYPTED
22:43:39  T3 858.4375    PASSED    NAC:2209/x8A1 LDU1  VOICE LSD:0000 GROUP VOICE CHANNEL USER FM:1014 TO:300 SERVICE OPTIONS:PRI4 CIRCUIT
22:43:39  T3 858.4375    PASSED    NAC:2209/x8A1 LDU2  VOICE LSD:0000 UNENCRYPTED
22:43:39  T3 858.4375    PASSED    NAC:2209/x8A1 LDU1  VOICE LSD:0000 GROUP VOICE CHANNEL UPDATE TALKGROUP A:402 CHAN A:0-1117
22:43:40  CC             PASSED    NAC:2209/x8A1 TSBK2 IDEN_UPDATE_TDMA ID:3 OFFSET:30000000 SPACING:12500 BASE:762006250 TDMA BW:12500 TIMESLOTS:2 VOCODER:HALF_RATE
22:43:40  CC             PASSED    NAC:2209/x8A1 TSBK3 ACK_RESPONSE_FNE FM:16777213 TO:3412538 ACKNOWLEDGING:CAN_SRV_REQ
22:43:40  CC             PASSED    NAC:2209/x8A1 TSBK1 RFSS_STATUS_BCST SYSTEM:2208/x8A0 RFSS:1/x01 SITE:1/x01 LRA:0/x00 CHAN:0-1593 ACTIVE NETWORK CONNECTION SERVICE OPTIONS:[DATA, VOICE, REGISTRATION]
22:43:40  CC             PASSED    NAC:2209/x8A1 TSBK2 NET_STATUS_BCAST WACN:781824/xBEE00 SYSTEM:2208/x8A0 LRA:0/x00 CHAN:0-1593 SERVICES:[DATA, VOICE, REGISTRATION]
22:43:40  CC             PASSED    NAC:2209/x8A1 TSBK3 SNDCP_DCH_PAG_RQ FM:3412538 TO:65535 NSAPI:1 HALF DUPLEX CIRCUIT MODE
22:43:40  CC             PASSED    NAC:2209/x8A1 TSBK1 IDEN_UPDATE ID:4 OFFSET:-39000000 SPACING:12500 BASE:935012500 FDMA BW:12500
22:43:40  CC             PASSED    NAC:2209/x8A1 TSBK2 GRP_VCH_GRNT_UPD GROUP A:402 CHAN A:0-1117 GROUP B:300 CHAN B:0-1189
22:43:40  CC             PASSED    NAC:2209/x8A1 TSBK3 SNDCP_DCH_ANN_EX CHAN:0-1193/----- AUTONOMOUS/REQUESTED-ACCESS DAC:1 **:0 SERVICE OPTIONS:NSAPI:0 HALF DUPLEX CIRCUIT MODE
22:43:40  CC             PASSED    NAC:2209/x8A1 TSBK1 IDEN_UPDATE_TDMA ID:5 OFFSET:-39000000 SPACING:12500 BASE:935012500 TDMA BW:12500 TIMESLOTS:2 VOCODER:HALF_RATE
22:43:40  CC             PASSED    NAC:2209/x8A1 TSBK2 MOTOROLA TDMA DATA CHANNEL NOT ACTIVE MSG:1690423FFFFFFFFF0000D458
22:43:40  CC             PASSED    NAC:2209/x8A1 TSBK3 MOTOROLA TRAFFIC CHANNEL 859040C0C0000000080082AB
22:43:40  CC             PASSED    NAC:2209/x8A1 TSBK1 TDMA_SYNC_BCST SYSTEM TIME UNLOCKED: 2026-04-18 21:47:27.600 -0500 LEAP-SECOND CORRECTION:0.0mS MICROSLOT-MINUTE ROLLOVER:SLOW
22:43:40  CC             PASSED    NAC:2209/x8A1 TSBK2 SEC_CCH_BROADCST RFSS:1/x01 SITE:1/x01 CHAN A:0-1509 SERVICE OPTIONS:[BACKUP CONTROL CHANNEL] CHAN B:0-1349 SERVICE OPTIONS:[BACKUP CONTROL CHANNEL]
22:43:40  CC             PASSED    NAC:2209/x8A1 TSBK3 MOTOROLA SYSTEM LOADING MOTOROLA MSG:899011800000000000000317
22:43:40  CC             PASSED    NAC:2209/x8A1 TSBK1 IDEN_UPDATE ID:0 OFFSET:-45000000 SPACING:6250 BASE:851006250 FDMA BW:12500
22:43:40  CC             PASSED    NAC:2209/x8A1 TSBK2 RFSS_STATUS_BCST SYSTEM:2208/x8A0 RFSS:1/x01 SITE:1/x01 LRA:0/x00 CHAN:0-1593 ACTIVE NETWORK CONNECTION SERVICE OPTIONS:[DATA, VOICE, REGISTRATION]
22:43:40  CC             PASSED    NAC:2209/x8A1 TSBK3 NET_STATUS_BCAST WACN:781824/xBEE00 SYSTEM:2208/x8A0 LRA:0/x00 CHAN:0-1593 SERVICES:[DATA, VOICE, REGISTRATION]
22:43:40  CC             PASSED    NAC:2209/x8A1 TSBK1 SNDCP_DCH_PAG_RQ FM:3412538 TO:65535 NSAPI:1 HALF DUPLEX CIRCUIT MODE
22:43:40  CC             PASSED    NAC:2209/x8A1 TSBK2 IDEN_UPDATE ID:1 OFFSET:30000000 SPACING:6250 BASE:762006250 FDMA BW:12500
22:43:40  CC             PASSED    NAC:2209/x8A1 TSBK3 CCH BASE STAT ID CHAN:0-1593 CWID:
22:43:40  CC             PASSED    NAC:2209/x8A1 TSBK1 GRP_VCH_GRNT_UPD GROUP A:402 CHAN A:0-1117 GROUP B:300 CHAN B:0-1189
22:43:40  CC             PASSED    NAC:2209/x8A1 TSBK2 SNDCP_DCH_ANN_EX CHAN:0-1193/----- AUTONOMOUS/REQUESTED-ACCESS DAC:1 **:0 SERVICE OPTIONS:NSAPI:0 HALF DUPLEX CIRCUIT MODE
22:43:40  CC             PASSED    NAC:2209/x8A1 TSBK3 IDEN_UPDATE_TDMA ID:2 OFFSET:-45000000 SPACING:12500 BASE:851012500 TDMA BW:12500 TIMESLOTS:2 VOCODER:HALF_RATE
22:43:40  CC             PASSED    NAC:2209/x8A1 TSBK1 MOTOROLA TDMA DATA CHANNEL NOT ACTIVE MSG:1690423FFFFFFFFF0000D458
22:43:40  CC             PASSED    NAC:2209/x8A1 TSBK2 MOTOROLA TRAFFIC CHANNEL 059040C0C00000000800669F
22:43:40  CC             PASSED    NAC:2209/x8A1 TSBK3 TDMA_SYNC_BCST SYSTEM TIME UNLOCKED: 2026-04-18 21:47:27.900 -0500 LEAP-SECOND CORRECTION:0.0mS MICROSLOT-MINUTE ROLLOVER:SLOW
22:43:40  CC             PASSED    NAC:2209/x8A1 TSBK1 SEC_CCH_BROADCST RFSS:1/x01 SITE:1/x01 CHAN A:0-1349 SERVICE OPTIONS:[BACKUP CONTROL CHANNEL] CHAN B:0-1277 SERVICE OPTIONS:[BACKUP CONTROL CHANNEL]
22:43:40  CC             PASSED    NAC:2209/x8A1 TSBK2 MOTOROLA SYSTEM LOADING MOTOROLA MSG:09901180000000000000E723
22:43:40  CC             PASSED    NAC:2209/x8A1 TSBK3 IDEN_UPDATE_TDMA ID:3 OFFSET:30000000 SPACING:12500 BASE:762006250 TDMA BW:12500 TIMESLOTS:2 VOCODER:HALF_RATE
22:43:40  CC             PASSED    NAC:2209/x8A1 TSBK1 RFSS_STATUS_BCST SYSTEM:2208/x8A0 RFSS:1/x01 SITE:1/x01 LRA:0/x00 CHAN:0-1593 ACTIVE NETWORK CONNECTION SERVICE OPTIONS:[DATA, VOICE, REGISTRATION]
22:43:40  CC             PASSED    NAC:2209/x8A1 TSBK2 NET_STATUS_BCAST WACN:781824/xBEE00 SYSTEM:2208/x8A0 LRA:0/x00 CHAN:0-1593 SERVICES:[DATA, VOICE, REGISTRATION]
22:43:40  CC             PASSED    NAC:2209/x8A1 TSBK3 SNDCP_DCH_PAG_RQ FM:3412538 TO:65535 NSAPI:1 HALF DUPLEX CIRCUIT MODE
22:43:40  CC             PASSED    NAC:2209/x8A1 TSBK1 IDEN_UPDATE ID:4 OFFSET:-39000000 SPACING:12500 BASE:935012500 FDMA BW:12500
22:43:40  CC             PASSED    NAC:2209/x8A1 TSBK2 GRP_VCH_GRNT_UPD GROUP A:402 CHAN A:0-1117 GROUP B:300 CHAN B:0-1189
22:43:40  CC             PASSED    NAC:2209/x8A1 TSBK3 SNDCP_DCH_ANN_EX CHAN:0-1193/----- AUTONOMOUS/REQUESTED-ACCESS DAC:1 **:0 SERVICE OPTIONS:NSAPI:0 HALF DUPLEX CIRCUIT MODE
22:43:40  CC             PASSED    NAC:2209/x8A1 TSBK1 IDEN_UPDATE_TDMA ID:5 OFFSET:-39000000 SPACING:12500 BASE:935012500 TDMA BW:12500 TIMESLOTS:2 VOCODER:HALF_RATE
22:43:40  CC             PASSED    NAC:2209/x8A1 TSBK2 MOTOROLA TDMA DATA CHANNEL NOT ACTIVE MSG:1690423FFFFFFFFF0000D458
22:43:40  CC             PASSED    NAC:2209/x8A1 TSBK3 MOTOROLA TRAFFIC CHANNEL 859040C0C0000000080082AB
22:43:40  CC             PASSED    NAC:2209/x8A1 TSBK1 TDMA_SYNC_BCST SYSTEM TIME UNLOCKED: 2026-04-18 21:47:28.275 -0500 LEAP-SECOND CORRECTION:0.0mS MICROSLOT-MINUTE ROLLOVER:SLOW
22:43:40  CC             PASSED    NAC:2209/x8A1 TSBK2 SEC_CCH_BROADCST RFSS:1/x01 SITE:1/x01 CHAN A:0-1277 SERVICE OPTIONS:[BACKUP CONTROL CHANNEL] CHAN B:0-1509 SERVICE OPTIONS:[BACKUP CONTROL CHANNEL]
22:43:40  CC             PASSED    NAC:2209/x8A1 TSBK3 MOTOROLA SYSTEM LOADING MOTOROLA MSG:8990104000000000000032D1
22:43:40  T1 857.9875    PASSED    NAC:2209/x8A1 LDU1  VOICE LSD:F902 GROUP VOICE CHANNEL USER FM:0 TO:402 SERVICE OPTIONS:PRI4 ENCRYPTED CIRCUIT
22:43:40  T1 857.9875    PASSED    NAC:2209/x8A1 LDU2  VOICE LSD:BBF3 ENCRYPTION:AES-256 KEY:8259 MSG INDICATOR:BF12102551339F6100
22:43:40  T1 857.9875    PASSED    NAC:2209/x8A1 LDU1  VOICE LSD:0023 GROUP VOICE CHANNEL UPDATE TALKGROUP A:300 CHAN A:0-1189
22:43:40  T1 857.9875    PASSED    NAC:2209/x8A1 LDU2  VOICE LSD:0174 ENCRYPTION:AES-256 KEY:8259 MSG INDICATOR:8E3B2A447DAE857000
22:43:40  T1 857.9875    PASSED    NAC:2209/x8A1 LDU1  VOICE LSD:179F GROUP VOICE CHANNEL USER FM:3416142 TO:402 SERVICE OPTIONS:PRI4 ENCRYPTED CIRCUIT
22:43:40  T1 857.9875    PASSED    NAC:2209/x8A1 LDU2  VOICE LSD:9BC8 ENCRYPTION:AES-256 KEY:8259 MSG INDICATOR:B10103EE7BEEDAAB00
22:43:40  T2 858.4625    PASSED    NAC:2209/x8A1 TDULC RFSS STATUS BROADCAST LRA:0/x00 SYSTEM:2208/x8A0 SITE:1/x01-1/x01 CHAN:0-1593 SERVICE OPTIONS:[DATA, VOICE, REGISTRATION]
22:43:40  T2 858.4625    PASSED    NAC:2209/x8A1 TDULC GROUP VOICE CHANNEL UPDATE TALKGROUP A:402 CHAN A:0-1117 TALKGROUP B:300 CHAN B:0-1189
22:43:40  T2 858.4625    PASSED    NAC:2209/x8A1 TDULC RFSS STATUS BROADCAST LRA:0/x00 SYSTEM:2208/x8A0 SITE:1/x01-1/x01 CHAN:0-1593 SERVICE OPTIONS:[DATA, VOICE, REGISTRATION]
22:43:40  T2 858.4625    PASSED    NAC:2209/x8A1 TDULC GROUP VOICE CHANNEL UPDATE TALKGROUP A:402 CHAN A:0-1117 TALKGROUP B:300 CHAN B:0-1189
22:43:40  T2 858.4625    PASSED    NAC:2209/x8A1 TDULC RFSS STATUS BROADCAST LRA:0/x00 SYSTEM:2208/x8A0 SITE:1/x01-1/x01 CHAN:0-1593 SERVICE OPTIONS:[DATA, VOICE, REGISTRATION]
22:43:40  T2 858.4625    PASSED    NAC:2209/x8A1 TDULC GROUP VOICE CHANNEL UPDATE TALKGROUP A:402 CHAN A:0-1117 TALKGROUP B:300 CHAN B:0-1189
22:43:40  T2 858.4625    PASSED    NAC:2209/x8A1 TDULC RFSS STATUS BROADCAST LRA:0/x00 SYSTEM:2208/x8A0 SITE:1/x01-1/x01 CHAN:0-1593 SERVICE OPTIONS:[DATA, VOICE, REGISTRATION]
22:43:40  T2 858.4625    PASSED    NAC:2209/x8A1 TDULC GROUP VOICE CHANNEL UPDATE TALKGROUP A:402 CHAN A:0-1117 TALKGROUP B:300 CHAN B:0-1189
22:43:40  T2 858.4625    PASSED    NAC:2209/x8A1 TDULC RFSS STATUS BROADCAST LRA:0/x00 SYSTEM:2208/x8A0 SITE:1/x01-1/x01 CHAN:0-1593 SERVICE OPTIONS:[DATA, VOICE, REGISTRATION]
22:43:40  T2 858.4625    PASSED    NAC:2209/x8A1 TDULC GROUP VOICE CHANNEL UPDATE TALKGROUP A:402 CHAN A:0-1117 TALKGROUP B:300 CHAN B:0-1189
22:43:40  T2 858.4625    PASSED    NAC:2209/x8A1 TDULC RFSS STATUS BROADCAST LRA:0/x00 SYSTEM:2208/x8A0 SITE:1/x01-1/x01 CHAN:0-1593 SERVICE OPTIONS:[DATA, VOICE, REGISTRATION]
22:43:40  T2 858.4625    PASSED    NAC:2209/x8A1 TDULC GROUP VOICE CHANNEL UPDATE TALKGROUP A:402 CHAN A:0-1117 TALKGROUP B:300 CHAN B:0-1189
22:43:40  T2 858.4625    PASSED    NAC:2209/x8A1 TDULC RFSS STATUS BROADCAST LRA:0/x00 SYSTEM:2208/x8A0 SITE:1/x01-1/x01 CHAN:0-1593 SERVICE OPTIONS:[DATA, VOICE, REGISTRATION]
22:43:40  T2 858.4625    PASSED    NAC:2209/x8A1 TDULC GROUP VOICE CHANNEL UPDATE TALKGROUP A:402 CHAN A:0-1117 TALKGROUP B:300 CHAN B:0-1189
22:43:40  T2 858.4625    PASSED    NAC:2209/x8A1 TDULC RFSS STATUS BROADCAST LRA:0/x00 SYSTEM:2208/x8A0 SITE:1/x01-1/x01 CHAN:0-1593 SERVICE OPTIONS:[DATA, VOICE, REGISTRATION]
22:43:40  T2 858.4625    PASSED    NAC:2209/x8A1 TDULC GROUP VOICE CHANNEL UPDATE TALKGROUP A:402 CHAN A:0-1117 TALKGROUP B:300 CHAN B:0-1189
22:43:40  T2 858.4625    PASSED    NAC:2209/x8A1 TDULC RFSS STATUS BROADCAST LRA:0/x00 SYSTEM:2208/x8A0 SITE:1/x01-1/x01 CHAN:0-1593 SERVICE OPTIONS:[DATA, VOICE, REGISTRATION]
22:43:40  T2 858.4625    PASSED    NAC:2209/x8A1 TDULC GROUP VOICE CHANNEL UPDATE TALKGROUP A:402 CHAN A:0-1117 TALKGROUP B:300 CHAN B:0-1189
22:43:40  T2 858.4625    PASSED    NAC:2209/x8A1 TDULC RFSS STATUS BROADCAST LRA:0/x00 SYSTEM:2208/x8A0 SITE:1/x01-1/x01 CHAN:0-1593 SERVICE OPTIONS:[DATA, VOICE, REGISTRATION]
22:43:40  T2 858.4625    PASSED    NAC:2209/x8A1 TDULC GROUP VOICE CHANNEL UPDATE TALKGROUP A:402 CHAN A:0-1117 TALKGROUP B:300 CHAN B:0-1189
22:43:40  T2 858.4625    PASSED    NAC:2209/x8A1 TDULC RFSS STATUS BROADCAST LRA:0/x00 SYSTEM:2208/x8A0 SITE:1/x01-1/x01 CHAN:0-1593 SERVICE OPTIONS:[DATA, VOICE, REGISTRATION]
22:43:40  T2 858.4625    PASSED    NAC:2209/x8A1 TDULC GROUP VOICE CHANNEL UPDATE TALKGROUP A:402 CHAN A:0-1117 TALKGROUP B:300 CHAN B:0-1189
22:43:40  T3 858.4375    PASSED    NAC:2209/x8A1 LDU2  VOICE LSD:0000 UNENCRYPTED
22:43:40  T3 858.4375    PASSED    NAC:2209/x8A1 LDU1  VOICE LSD:0000 GROUP VOICE CHANNEL USER FM:1014 TO:300 SERVICE OPTIONS:PRI4 CIRCUIT
22:43:40  T3 858.4375    PASSED    NAC:2209/x8A1 LDU2  VOICE LSD:0000 UNENCRYPTED
22:43:40  T3 858.4375    PASSED    NAC:2209/x8A1 LDU1  VOICE LSD:0000 GROUP VOICE CHANNEL UPDATE TALKGROUP A:402 CHAN A:0-1117
22:43:40  T3 858.4375    PASSED    NAC:2209/x8A1 LDU2  VOICE LSD:0000 ***CRC-FAIL***
22:43:40  T3 858.4375    PASSED    NAC:2209/x8A1 TDULC GROUP VOICE CHANNEL USER FM:0 TO:300 SERVICE OPTIONS:PRI4 CIRCUIT
22:43:40  T3 858.4375    PASSED    NAC:2209/x8A1 TDULC GROUP VOICE CHANNEL UPDATE TALKGROUP A:402 CHAN A:0-1117
22:43:40  T3 858.4375    PASSED    NAC:2209/x8A1 TDULC GROUP VOICE CHANNEL USER FM:0 TO:300 SERVICE OPTIONS:PRI4 CIRCUIT
22:43:40  T3 858.4375    PASSED    NAC:2209/x8A1 TDULC GROUP VOICE CHANNEL UPDATE TALKGROUP A:402 CHAN A:0-1117
22:43:41  CC             PASSED    NAC:2209/x8A1 TSBK1 IDEN_UPDATE ID:0 OFFSET:-45000000 SPACING:6250 BASE:851006250 FDMA BW:12500
22:43:41  CC             PASSED    NAC:2209/x8A1 TSBK2 RFSS_STATUS_BCST SYSTEM:2208/x8A0 RFSS:1/x01 SITE:1/x01 LRA:0/x00 CHAN:0-1593 ACTIVE NETWORK CONNECTION SERVICE OPTIONS:[DATA, VOICE, REGISTRATION]
22:43:41  CC             PASSED    NAC:2209/x8A1 TSBK3 CCH BASE STAT ID CHAN:0-1593 CWID:
22:43:41  CC             PASSED    NAC:2209/x8A1 TSBK1 NET_STATUS_BCAST WACN:781824/xBEE00 SYSTEM:2208/x8A0 LRA:0/x00 CHAN:0-1593 SERVICES:[DATA, VOICE, REGISTRATION]
22:43:41  CC             PASSED    NAC:2209/x8A1 TSBK2 SNDCP_DCH_PAG_RQ FM:3412538 TO:65535 NSAPI:1 HALF DUPLEX CIRCUIT MODE
22:43:41  CC             PASSED    NAC:2209/x8A1 TSBK3 IDEN_UPDATE ID:1 OFFSET:30000000 SPACING:6250 BASE:762006250 FDMA BW:12500
22:43:41  CC             PASSED    NAC:2209/x8A1 TSBK1 GRP_VCH_GRNT_UPD GROUP A:402 CHAN A:0-1117 GROUP B:300 CHAN B:0-1189
22:43:41  CC             PASSED    NAC:2209/x8A1 TSBK2 SNDCP_DCH_ANN_EX CHAN:0-1193/----- AUTONOMOUS/REQUESTED-ACCESS DAC:1 **:0 SERVICE OPTIONS:NSAPI:0 HALF DUPLEX CIRCUIT MODE
22:43:41  CC             PASSED    NAC:2209/x8A1 TSBK3 IDEN_UPDATE_TDMA ID:2 OFFSET:-45000000 SPACING:12500 BASE:851012500 TDMA BW:12500 TIMESLOTS:2 VOCODER:HALF_RATE
22:43:41  CC             PASSED    NAC:2209/x8A1 TSBK1 MOTOROLA TDMA DATA CHANNEL NOT ACTIVE MSG:1690423FFFFFFFFF0000D458
22:43:41  CC             PASSED    NAC:2209/x8A1 TSBK2 MOTOROLA TRAFFIC CHANNEL 059040C0C00000000800669F
22:43:41  CC             PASSED    NAC:2209/x8A1 TSBK3 TDMA_SYNC_BCST SYSTEM TIME UNLOCKED: 2026-04-18 21:47:28.575 -0500 LEAP-SECOND CORRECTION:0.0mS MICROSLOT-MINUTE ROLLOVER:SLOW
22:43:41  CC             PASSED    NAC:2209/x8A1 TSBK1 SEC_CCH_BROADCST RFSS:1/x01 SITE:1/x01 CHAN A:0-1509 SERVICE OPTIONS:[BACKUP CONTROL CHANNEL] CHAN B:0-1349 SERVICE OPTIONS:[BACKUP CONTROL CHANNEL]
22:43:41  CC             PASSED    NAC:2209/x8A1 TSBK2 MOTOROLA SYSTEM LOADING MOTOROLA MSG:09901180000000000000E723
22:43:41  CC             PASSED    NAC:2209/x8A1 TSBK3 IDEN_UPDATE_TDMA ID:3 OFFSET:30000000 SPACING:12500 BASE:762006250 TDMA BW:12500 TIMESLOTS:2 VOCODER:HALF_RATE
22:43:41  CC             PASSED    NAC:2209/x8A1 TSBK1 RFSS_STATUS_BCST SYSTEM:2208/x8A0 RFSS:1/x01 SITE:1/x01 LRA:0/x00 CHAN:0-1593 ACTIVE NETWORK CONNECTION SERVICE OPTIONS:[DATA, VOICE, REGISTRATION]
22:43:41  CC             PASSED    NAC:2209/x8A1 TSBK2 NET_STATUS_BCAST WACN:781824/xBEE00 SYSTEM:2208/x8A0 LRA:0/x00 CHAN:0-1593 SERVICES:[DATA, VOICE, REGISTRATION]
22:43:41  CC             PASSED    NAC:2209/x8A1 TSBK3 SNDCP_DCH_PAG_RQ FM:3412538 TO:65535 NSAPI:1 HALF DUPLEX CIRCUIT MODE
22:43:41  CC             PASSED    NAC:2209/x8A1 TSBK1 IDEN_UPDATE ID:4 OFFSET:-39000000 SPACING:12500 BASE:935012500 FDMA BW:12500
22:43:41  CC             PASSED    NAC:2209/x8A1 TSBK2 GRP_VCH_GRNT_UPD GROUP A:402 CHAN A:0-1117 GROUP B:300 CHAN B:0-1189
22:43:41  CC             PASSED    NAC:2209/x8A1 TSBK3 SNDCP_DCH_ANN_EX CHAN:0-1193/----- AUTONOMOUS/REQUESTED-ACCESS DAC:1 **:0 SERVICE OPTIONS:NSAPI:0 HALF DUPLEX CIRCUIT MODE
22:43:41  CC             PASSED    NAC:2209/x8A1 TSBK1 IDEN_UPDATE_TDMA ID:5 OFFSET:-39000000 SPACING:12500 BASE:935012500 TDMA BW:12500 TIMESLOTS:2 VOCODER:HALF_RATE
22:43:41  CC             PASSED    NAC:2209/x8A1 TSBK2 MOTOROLA TDMA DATA CHANNEL NOT ACTIVE MSG:1690423FFFFFFFFF0000D458
22:43:41  CC             PASSED    NAC:2209/x8A1 TSBK3 MOTOROLA TRAFFIC CHANNEL 859040C0C0000000080082AB
22:43:41  CC             PASSED    NAC:2209/x8A1 TSBK1 TDMA_SYNC_BCST SYSTEM TIME UNLOCKED: 2026-04-18 21:47:28.950 -0500 LEAP-SECOND CORRECTION:0.0mS MICROSLOT-MINUTE ROLLOVER:SLOW
22:43:41  CC             PASSED    NAC:2209/x8A1 TSBK2 SEC_CCH_BROADCST RFSS:1/x01 SITE:1/x01 CHAN A:0-1349 SERVICE OPTIONS:[BACKUP CONTROL CHANNEL] CHAN B:0-1277 SERVICE OPTIONS:[BACKUP CONTROL CHANNEL]
22:43:41  CC             PASSED    NAC:2209/x8A1 TSBK3 CCH BASE STAT ID CHAN:0-1593 CWID:
22:43:41  CC             PASSED    NAC:2209/x8A1 TSBK1 MOTOROLA SYSTEM LOADING MOTOROLA MSG:09901180000000000000E723
22:43:41  CC             PASSED    NAC:2209/x8A1 TSBK2 IDEN_UPDATE ID:0 OFFSET:-45000000 SPACING:6250 BASE:851006250 FDMA BW:12500
22:43:41  CC             PASSED    NAC:2209/x8A1 TSBK3 RFSS_STATUS_BCST SYSTEM:2208/x8A0 RFSS:1/x01 SITE:1/x01 LRA:0/x00 CHAN:0-1593 ACTIVE NETWORK CONNECTION SERVICE OPTIONS:[DATA, VOICE, REGISTRATION]
22:43:41  CC             PASSED    NAC:2209/x8A1 TSBK1 NET_STATUS_BCAST WACN:781824/xBEE00 SYSTEM:2208/x8A0 LRA:0/x00 CHAN:0-1593 SERVICES:[DATA, VOICE, REGISTRATION]
22:43:41  CC             PASSED    NAC:2209/x8A1 TSBK2 SNDCP_DCH_PAG_RQ FM:3412538 TO:65535 NSAPI:1 HALF DUPLEX CIRCUIT MODE
22:43:41  CC             PASSED    NAC:2209/x8A1 TSBK3 IDEN_UPDATE ID:1 OFFSET:30000000 SPACING:6250 BASE:762006250 FDMA BW:12500
22:43:41  CC             PASSED    NAC:2209/x8A1 TSBK1 GRP_VCH_GRNT_UPD GROUP A:402 CHAN A:0-1117 GROUP B:300 CHAN B:0-1189
22:43:41  CC             PASSED    NAC:2209/x8A1 TSBK2 SNDCP_DCH_ANN_EX CHAN:0-1193/----- AUTONOMOUS/REQUESTED-ACCESS DAC:1 **:0 SERVICE OPTIONS:NSAPI:0 HALF DUPLEX CIRCUIT MODE
22:43:41  CC             PASSED    NAC:2209/x8A1 TSBK3 IDEN_UPDATE_TDMA ID:2 OFFSET:-45000000 SPACING:12500 BASE:851012500 TDMA BW:12500 TIMESLOTS:2 VOCODER:HALF_RATE
22:43:41  CC             PASSED    NAC:2209/x8A1 TSBK1 MOTOROLA TDMA DATA CHANNEL NOT ACTIVE MSG:1690423FFFFFFFFF0000D458
22:43:41  CC             PASSED    NAC:2209/x8A1 TSBK2 MOTOROLA TRAFFIC CHANNEL 059040C0C00000000800669F
22:43:41  CC             PASSED    NAC:2209/x8A1 TSBK3 TDMA_SYNC_BCST SYSTEM TIME UNLOCKED: 2026-04-18 21:47:29.250 -0500 LEAP-SECOND CORRECTION:0.0mS MICROSLOT-MINUTE ROLLOVER:SLOW
22:43:41  CC             PASSED    NAC:2209/x8A1 TSBK1 SEC_CCH_BROADCST RFSS:1/x01 SITE:1/x01 CHAN A:0-1277 SERVICE OPTIONS:[BACKUP CONTROL CHANNEL] CHAN B:0-1509 SERVICE OPTIONS:[BACKUP CONTROL CHANNEL]
22:43:41  T1 857.9875    PASSED    NAC:2209/x8A1 LDU1  VOICE LSD:4D64 GROUP VOICE CHANNEL USER FM:3416142 TO:402 SERVICE OPTIONS:PRI4 ENCRYPTED CIRCUIT
22:43:41  T1 857.9875    PASSED    NAC:2209/x8A1 LDU2  VOICE LSD:138B ENCRYPTION:AES-256 KEY:8259 MSG INDICATOR:0BDE1A5B1DA3973200
22:43:41  T1 857.9875    PASSED    NAC:2209/x8A1 LDU1  VOICE LSD:03B3 GROUP VOICE CHANNEL UPDATE TALKGROUP A:300 CHAN A:0-1189
22:43:41  T1 857.9875    PASSED    NAC:2209/x8A1 LDU2  VOICE LSD:CAE4 ENCRYPTION:AES-256 KEY:8259 MSG INDICATOR:BBAB1AE4BDA3AEEF00
22:43:41  T1 857.9875    PASSED    NAC:2209/x8A1 LDU1  VOICE LSD:F8A7 GROUP VOICE CHANNEL USER FM:3416142 TO:402 SERVICE OPTIONS:PRI4 ENCRYPTED CIRCUIT
22:43:41  T1 857.9875    PASSED    NAC:2209/x8A1 LDU2  VOICE LSD:16DD ENCRYPTION:AES-256 KEY:8259 MSG INDICATOR:45C85F3B4AFA519200
22:43:41  T2 858.4625    PASSED    NAC:2209/x8A1 TDULC RFSS STATUS BROADCAST LRA:0/x00 SYSTEM:2208/x8A0 SITE:1/x01-1/x01 CHAN:0-1593 SERVICE OPTIONS:[DATA, VOICE, REGISTRATION]
22:43:41  T2 858.4625    PASSED    NAC:2209/x8A1 TDULC GROUP VOICE CHANNEL UPDATE TALKGROUP A:402 CHAN A:0-1117 TALKGROUP B:300 CHAN B:0-1189
22:43:41  T2 858.4625    PASSED    NAC:2209/x8A1 TDULC RFSS STATUS BROADCAST LRA:0/x00 SYSTEM:2208/x8A0 SITE:1/x01-1/x01 CHAN:0-1593 SERVICE OPTIONS:[DATA, VOICE, REGISTRATION]
22:43:41  T2 858.4625    PASSED    NAC:2209/x8A1 TDULC GROUP VOICE CHANNEL UPDATE TALKGROUP A:402 CHAN A:0-1117 TALKGROUP B:300 CHAN B:0-1189
22:43:41  T2 858.4625    PASSED    NAC:2209/x8A1 TDULC RFSS STATUS BROADCAST LRA:0/x00 SYSTEM:2208/x8A0 SITE:1/x01-1/x01 CHAN:0-1593 SERVICE OPTIONS:[DATA, VOICE, REGISTRATION]
22:43:41  T2 858.4625    PASSED    NAC:2209/x8A1 TDULC GROUP VOICE CHANNEL UPDATE TALKGROUP A:402 CHAN A:0-1117 TALKGROUP B:300 CHAN B:0-1189
22:43:41  T2 858.4625    PASSED    NAC:2209/x8A1 TDULC RFSS STATUS BROADCAST LRA:0/x00 SYSTEM:2208/x8A0 SITE:1/x01-1/x01 CHAN:0-1593 SERVICE OPTIONS:[DATA, VOICE, REGISTRATION]
22:43:41  T2 858.4625    PASSED    NAC:2209/x8A1 TDULC GROUP VOICE CHANNEL UPDATE TALKGROUP A:402 CHAN A:0-1117 TALKGROUP B:300 CHAN B:0-1189
22:43:41  T2 858.4625    PASSED    NAC:2209/x8A1 TDULC RFSS STATUS BROADCAST LRA:0/x00 SYSTEM:2208/x8A0 SITE:1/x01-1/x01 CHAN:0-1593 SERVICE OPTIONS:[DATA, VOICE, REGISTRATION]
22:43:41  T2 858.4625    PASSED    NAC:2209/x8A1 TDULC GROUP VOICE CHANNEL UPDATE TALKGROUP A:402 CHAN A:0-1117 TALKGROUP B:300 CHAN B:0-1189
22:43:41  T2 858.4625    PASSED    NAC:2209/x8A1 TDULC RFSS STATUS BROADCAST LRA:0/x00 SYSTEM:2208/x8A0 SITE:1/x01-1/x01 CHAN:0-1593 SERVICE OPTIONS:[DATA, VOICE, REGISTRATION]
22:43:41  T2 858.4625    PASSED    NAC:2209/x8A1 TDULC GROUP VOICE CHANNEL UPDATE TALKGROUP A:402 CHAN A:0-1117 TALKGROUP B:300 CHAN B:0-1189
22:43:41  T2 858.4625    PASSED    NAC:2209/x8A1 TDULC RFSS STATUS BROADCAST LRA:0/x00 SYSTEM:2208/x8A0 SITE:1/x01-1/x01 CHAN:0-1593 SERVICE OPTIONS:[DATA, VOICE, REGISTRATION]
22:43:41  T2 858.4625    PASSED    NAC:2209/x8A1 TDULC GROUP VOICE CHANNEL UPDATE TALKGROUP A:402 CHAN A:0-1117 TALKGROUP B:300 CHAN B:0-1189
22:43:41  T2 858.4625    PASSED    NAC:2209/x8A1 TDULC RFSS STATUS BROADCAST LRA:0/x00 SYSTEM:2208/x8A0 SITE:1/x01-1/x01 CHAN:0-1593 SERVICE OPTIONS:[DATA, VOICE, REGISTRATION]
22:43:41  T2 858.4625    PASSED    NAC:2209/x8A1 TDULC GROUP VOICE CHANNEL UPDATE TALKGROUP A:402 CHAN A:0-1117 TALKGROUP B:300 CHAN B:0-1189
22:43:41  T2 858.4625    PASSED    NAC:2209/x8A1 TDULC RFSS STATUS BROADCAST LRA:0/x00 SYSTEM:2208/x8A0 SITE:1/x01-1/x01 CHAN:0-1593 SERVICE OPTIONS:[DATA, VOICE, REGISTRATION]
22:43:41  T2 858.4625    PASSED    NAC:2209/x8A1 TDULC GROUP VOICE CHANNEL UPDATE TALKGROUP A:402 CHAN A:0-1117 TALKGROUP B:300 CHAN B:0-1189
22:43:41  T2 858.4625    PASSED    NAC:2209/x8A1 TDULC RFSS STATUS BROADCAST LRA:0/x00 SYSTEM:2208/x8A0 SITE:1/x01-1/x01 CHAN:0-1593 SERVICE OPTIONS:[DATA, VOICE, REGISTRATION]
22:43:41  T2 858.4625    PASSED    NAC:2209/x8A1 TDULC GROUP VOICE CHANNEL UPDATE TALKGROUP A:402 CHAN A:0-1117 TALKGROUP B:300 CHAN B:0-1189
22:43:41  T2 858.4625    PASSED    NAC:2209/x8A1 TDULC RFSS STATUS BROADCAST LRA:0/x00 SYSTEM:2208/x8A0 SITE:1/x01-1/x01 CHAN:0-1593 SERVICE OPTIONS:[DATA, VOICE, REGISTRATION]
22:43:41  T2 858.4625    PASSED    NAC:2209/x8A1 TDULC GROUP VOICE CHANNEL UPDATE TALKGROUP A:402 CHAN A:0-1117 TALKGROUP B:300 CHAN B:0-1189
22:43:41  T2 858.4625    PASSED    NAC:2209/x8A1 TDULC RFSS STATUS BROADCAST LRA:0/x00 SYSTEM:2208/x8A0 SITE:1/x01-1/x01 CHAN:0-1593 SERVICE OPTIONS:[DATA, VOICE, REGISTRATION]
22:43:41  T3 858.4375    PASSED    NAC:2209/x8A1 TDULC GROUP VOICE CHANNEL USER FM:0 TO:300 SERVICE OPTIONS:PRI4 CIRCUIT
22:43:41  T3 858.4375    PASSED    NAC:2209/x8A1 TDULC GROUP VOICE CHANNEL UPDATE TALKGROUP A:402 CHAN A:0-1117
22:43:41  T3 858.4375    PASSED    NAC:2209/x8A1 TDULC GROUP VOICE CHANNEL USER FM:0 TO:300 SERVICE OPTIONS:PRI4 CIRCUIT
22:43:41  T3 858.4375    PASSED    NAC:2209/x8A1 TDULC GROUP VOICE CHANNEL UPDATE TALKGROUP A:402 CHAN A:0-1117
22:43:41  T3 858.4375    PASSED    NAC:2209/x8A1 TDULC GROUP VOICE CHANNEL USER FM:0 TO:300 SERVICE OPTIONS:PRI4 CIRCUIT
22:43:41  T3 858.4375    PASSED    NAC:2209/x8A1 TDULC GROUP VOICE CHANNEL UPDATE TALKGROUP A:402 CHAN A:0-1117
22:43:41  T3 858.4375    PASSED    NAC:2209/x8A1 TDULC GROUP VOICE CHANNEL USER FM:0 TO:300 SERVICE OPTIONS:PRI4 CIRCUIT
22:43:41  T3 858.4375    PASSED    NAC:2209/x8A1 TDULC GROUP VOICE CHANNEL UPDATE TALKGROUP A:402 CHAN A:0-1117
22:43:41  T3 858.4375    PASSED    NAC:2209/x8A1 TDULC GROUP VOICE CHANNEL USER FM:0 TO:300 SERVICE OPTIONS:PRI4 CIRCUIT
22:43:41  T3 858.4375    PASSED    NAC:2209/x8A1 TDULC GROUP VOICE CHANNEL UPDATE TALKGROUP A:402 CHAN A:0-1117
22:43:41  T3 858.4375    PASSED    NAC:2209/x8A1 TDULC GROUP VOICE CHANNEL USER FM:0 TO:300 SERVICE OPTIONS:PRI4 CIRCUIT
22:43:41  T3 858.4375    PASSED    NAC:2209/x8A1 TDULC GROUP VOICE CHANNEL UPDATE TALKGROUP A:402 CHAN A:0-1117
22:43:41  T3 858.4375    PASSED    NAC:2209/x8A1 TDULC GROUP VOICE CHANNEL USER FM:0 TO:300 SERVICE OPTIONS:PRI4 CIRCUIT
22:43:41  T3 858.4375    PASSED    NAC:2209/x8A1 TDULC GROUP VOICE CHANNEL UPDATE TALKGROUP A:402 CHAN A:0-1117
22:43:41  T3 858.4375    PASSED    NAC:2209/x8A1 TDULC GROUP VOICE CHANNEL USER FM:0 TO:300 SERVICE OPTIONS:PRI4 CIRCUIT
22:43:41  T3 858.4375    PASSED    NAC:2209/x8A1 TDULC GROUP VOICE CHANNEL UPDATE TALKGROUP A:402 CHAN A:0-1117
22:43:41  T3 858.4375    PASSED    NAC:2209/x8A1 TDULC GROUP VOICE CHANNEL USER FM:0 TO:300 SERVICE OPTIONS:PRI4 CIRCUIT
22:43:41  T3 858.4375    PASSED    NAC:2209/x8A1 TDULC GROUP VOICE CHANNEL UPDATE TALKGROUP A:402 CHAN A:0-1117
22:43:41  T3 858.4375    PASSED    NAC:2209/x8A1 TDULC GROUP VOICE CHANNEL USER FM:0 TO:300 SERVICE OPTIONS:PRI4 CIRCUIT
22:43:41  T3 858.4375    PASSED    NAC:2209/x8A1 TDULC GROUP VOICE CHANNEL UPDATE TALKGROUP A:402 CHAN A:0-1117
22:43:41  T3 858.4375    PASSED    NAC:2209/x8A1 TDULC GROUP VOICE CHANNEL USER FM:0 TO:300 SERVICE OPTIONS:PRI4 CIRCUIT
22:43:41  T3 858.4375    PASSED    NAC:2209/x8A1 TDULC GROUP VOICE CHANNEL UPDATE TALKGROUP A:402 CHAN A:0-1117
22:43:42  CC             PASSED    NAC:2209/x8A1 TSBK2 MOTOROLA SYSTEM LOADING MOTOROLA MSG:09901040000000000000D6E5
22:43:42  CC             PASSED    NAC:2209/x8A1 TSBK3 IDEN_UPDATE_TDMA ID:3 OFFSET:30000000 SPACING:12500 BASE:762006250 TDMA BW:12500 TIMESLOTS:2 VOCODER:HALF_RATE
22:43:42  CC             PASSED    NAC:2209/x8A1 TSBK1 RFSS_STATUS_BCST SYSTEM:2208/x8A0 RFSS:1/x01 SITE:1/x01 LRA:0/x00 CHAN:0-1593 ACTIVE NETWORK CONNECTION SERVICE OPTIONS:[DATA, VOICE, REGISTRATION]
22:43:42  CC             PASSED    NAC:2209/x8A1 TSBK2 NET_STATUS_BCAST WACN:781824/xBEE00 SYSTEM:2208/x8A0 LRA:0/x00 CHAN:0-1593 SERVICES:[DATA, VOICE, REGISTRATION]
22:43:42  CC             PASSED    NAC:2209/x8A1 TSBK3 SNDCP_DCH_PAG_RQ FM:3412538 TO:65535 NSAPI:1 HALF DUPLEX CIRCUIT MODE
22:43:42  CC             PASSED    NAC:2209/x8A1 TSBK1 IDEN_UPDATE ID:4 OFFSET:-39000000 SPACING:12500 BASE:935012500 FDMA BW:12500
22:43:42  CC             PASSED    NAC:2209/x8A1 TSBK2 GRP_VCH_GRNT_UPD GROUP A:402 CHAN A:0-1117
22:43:42  CC             PASSED    NAC:2209/x8A1 TSBK3 SNDCP_DCH_ANN_EX CHAN:0-1193/----- AUTONOMOUS/REQUESTED-ACCESS DAC:1 **:0 SERVICE OPTIONS:NSAPI:0 HALF DUPLEX CIRCUIT MODE
22:43:42  CC             PASSED    NAC:2209/x8A1 TSBK1 IDEN_UPDATE_TDMA ID:5 OFFSET:-39000000 SPACING:12500 BASE:935012500 TDMA BW:12500 TIMESLOTS:2 VOCODER:HALF_RATE
22:43:42  CC             PASSED    NAC:2209/x8A1 TSBK2 MOTOROLA TDMA DATA CHANNEL NOT ACTIVE MSG:1690423FFFFFFFFF0000D458
22:43:42  CC             PASSED    NAC:2209/x8A1 TSBK3 CCH BASE STAT ID CHAN:0-1593 CWID:
22:43:42  CC             PASSED    NAC:2209/x8A1 TSBK1 MOTOROLA TRAFFIC CHANNEL 059040C0C00000000800669F
22:43:42  CC             PASSED    NAC:2209/x8A1 TSBK2 TDMA_SYNC_BCST SYSTEM TIME UNLOCKED: 2026-04-18 21:47:29.625 -0500 LEAP-SECOND CORRECTION:0.0mS MICROSLOT-MINUTE ROLLOVER:SLOW
22:43:42  CC             PASSED    NAC:2209/x8A1 TSBK3 SEC_CCH_BROADCST RFSS:1/x01 SITE:1/x01 CHAN A:0-1509 SERVICE OPTIONS:[BACKUP CONTROL CHANNEL] CHAN B:0-1349 SERVICE OPTIONS:[BACKUP CONTROL CHANNEL]
22:43:42  CC             PASSED    NAC:2209/x8A1 TSBK1 MOTOROLA SYSTEM LOADING MOTOROLA MSG:09901180000000000000E723
22:43:42  CC             PASSED    NAC:2209/x8A1 TSBK2 IDEN_UPDATE ID:0 OFFSET:-45000000 SPACING:6250 BASE:851006250 FDMA BW:12500
22:43:42  CC             PASSED    NAC:2209/x8A1 TSBK3 RFSS_STATUS_BCST SYSTEM:2208/x8A0 RFSS:1/x01 SITE:1/x01 LRA:0/x00 CHAN:0-1593 ACTIVE NETWORK CONNECTION SERVICE OPTIONS:[DATA, VOICE, REGISTRATION]
22:43:42  CC             PASSED    NAC:2209/x8A1 TSBK1 NET_STATUS_BCAST WACN:781824/xBEE00 SYSTEM:2208/x8A0 LRA:0/x00 CHAN:0-1593 SERVICES:[DATA, VOICE, REGISTRATION]
22:43:42  CC             PASSED    NAC:2209/x8A1 TSBK2 SNDCP_DCH_GRANT TO:3402164 CHAN:0-1193 SERVICE OPTIONS:NSAPI:1 HALF DUPLEX CIRCUIT MODE
22:43:42  CC             PASSED    NAC:2209/x8A1 TSBK3 SNDCP_DCH_PAG_RQ FM:3412538 TO:65535 NSAPI:1 HALF DUPLEX CIRCUIT MODE
22:43:42  CC             PASSED    NAC:2209/x8A1 TSBK1 IDEN_UPDATE ID:1 OFFSET:30000000 SPACING:6250 BASE:762006250 FDMA BW:12500
22:43:42  CC             PASSED    NAC:2209/x8A1 TSBK2 SNDCP_DCH_GRANT TO:3402164 CHAN:0-1193 SERVICE OPTIONS:NSAPI:1 HALF DUPLEX CIRCUIT MODE
22:43:42  CC             PASSED    NAC:2209/x8A1 TSBK3 GRP_VCH_GRNT_UPD GROUP A:402 CHAN A:0-1117
22:43:42  CC             PASSED    NAC:2209/x8A1 TSBK1 SNDCP_DCH_ANN_EX CHAN:0-1193/----- AUTONOMOUS/REQUESTED-ACCESS DAC:1 **:0 SERVICE OPTIONS:NSAPI:0 HALF DUPLEX CIRCUIT MODE
22:43:42  CC             PASSED    NAC:2209/x8A1 TSBK2 SNDCP_DCH_GRANT TO:3402164 CHAN:0-1193 SERVICE OPTIONS:NSAPI:1 HALF DUPLEX CIRCUIT MODE
22:43:42  CC             PASSED    NAC:2209/x8A1 TSBK3 IDEN_UPDATE_TDMA ID:2 OFFSET:-45000000 SPACING:12500 BASE:851012500 TDMA BW:12500 TIMESLOTS:2 VOCODER:HALF_RATE
22:43:42  CC             PASSED    NAC:2209/x8A1 TSBK1 MOTOROLA TDMA DATA CHANNEL NOT ACTIVE MSG:1690423FFFFFFFFF0000D458
22:43:42  CC             PASSED    NAC:2209/x8A1 TSBK2 MOTOROLA TRAFFIC CHANNEL 059040C0C00000000800669F
22:43:42  CC             PASSED    NAC:2209/x8A1 TSBK3 TDMA_SYNC_BCST SYSTEM TIME UNLOCKED: 2026-04-18 21:47:30.000 -0500 LEAP-SECOND CORRECTION:0.0mS MICROSLOT-MINUTE ROLLOVER:SLOW
22:43:42  CC             PASSED    NAC:2209/x8A1 TSBK1 SEC_CCH_BROADCST RFSS:1/x01 SITE:1/x01 CHAN A:0-1349 SERVICE OPTIONS:[BACKUP CONTROL CHANNEL] CHAN B:0-1277 SERVICE OPTIONS:[BACKUP CONTROL CHANNEL]
22:43:42  CC             PASSED    NAC:2209/x8A1 TSBK2 MOTOROLA SYSTEM LOADING MOTOROLA MSG:099014000000000000000464
22:43:42  CC             PASSED    NAC:2209/x8A1 TSBK3 IDEN_UPDATE_TDMA ID:3 OFFSET:30000000 SPACING:12500 BASE:762006250 TDMA BW:12500 TIMESLOTS:2 VOCODER:HALF_RATE
22:43:42  CC             PASSED    NAC:2209/x8A1 TSBK1 RFSS_STATUS_BCST SYSTEM:2208/x8A0 RFSS:1/x01 SITE:1/x01 LRA:0/x00 CHAN:0-1593 ACTIVE NETWORK CONNECTION SERVICE OPTIONS:[DATA, VOICE, REGISTRATION]
22:43:42  CC             PASSED    NAC:2209/x8A1 TSBK2 NET_STATUS_BCAST WACN:781824/xBEE00 SYSTEM:2208/x8A0 LRA:0/x00 CHAN:0-1593 SERVICES:[DATA, VOICE, REGISTRATION]
22:43:42  CC             PASSED    NAC:2209/x8A1 TSBK3 SNDCP_DCH_PAG_RQ FM:3412538 TO:65535 NSAPI:1 HALF DUPLEX CIRCUIT MODE
22:43:42  CC             PASSED    NAC:2209/x8A1 TSBK1 IDEN_UPDATE ID:4 OFFSET:-39000000 SPACING:12500 BASE:935012500 FDMA BW:12500
22:43:42  CC             PASSED    NAC:2209/x8A1 TSBK2 GRP_VCH_GRNT_UPD GROUP A:402 CHAN A:0-1117
22:43:42  CC             PASSED    NAC:2209/x8A1 TSBK3 CCH BASE STAT ID CHAN:0-1593 CWID:
22:43:42  CC             PASSED    NAC:2209/x8A1 TSBK1 SNDCP_DCH_ANN_EX CHAN:0-1193/----- AUTONOMOUS/REQUESTED-ACCESS DAC:1 **:0 SERVICE OPTIONS:NSAPI:0 HALF DUPLEX CIRCUIT MODE
22:43:42  T1 857.9875    PASSED    NAC:2209/x8A1 LDU1  VOICE LSD:152D GROUP VOICE CHANNEL UPDATE TALKGROUP A:300 CHAN A:0-1189
22:43:42  T1 857.9875    PASSED    NAC:2209/x8A1 LDU2  VOICE LSD:6881 ENCRYPTION:AES-256 KEY:8259 MSG INDICATOR:3F41ADBDDCE8E20000
22:43:42  T1 857.9875    PASSED    NAC:2209/x8A1 LDU1  VOICE LSD:8440 GROUP VOICE CHANNEL USER FM:3416142 TO:402 SERVICE OPTIONS:PRI4 ENCRYPTED CIRCUIT
22:43:42  T1 857.9875    PASSED    NAC:2209/x8A1 LDU2  VOICE LSD:C6D1 ENCRYPTION:AES-256 KEY:8259 MSG INDICATOR:DADE3EC60268A59100
22:43:42  T1 857.9875    PASSED    NAC:2209/x8A1 LDU1  VOICE LSD:7566 GROUP VOICE CHANNEL USER FM:3416142 TO:402 SERVICE OPTIONS:PRI4 ENCRYPTED CIRCUIT
22:43:42  T2 858.4625    PASSED    NAC:2209/x8A1 TDULC GROUP VOICE CHANNEL UPDATE TALKGROUP A:402 CHAN A:0-1117
22:43:42  T2 858.4625    PASSED    NAC:2209/x8A1 TDULC RFSS STATUS BROADCAST LRA:0/x00 SYSTEM:2208/x8A0 SITE:1/x01-1/x01 CHAN:0-1593 SERVICE OPTIONS:[DATA, VOICE, REGISTRATION]
22:43:42  T2 858.4625    PASSED    NAC:2209/x8A1 TDULC GROUP VOICE CHANNEL UPDATE TALKGROUP A:402 CHAN A:0-1117
22:43:42  T2 858.4625    PASSED    NAC:2209/x8A1 TDULC RFSS STATUS BROADCAST LRA:0/x00 SYSTEM:2208/x8A0 SITE:1/x01-1/x01 CHAN:0-1593 SERVICE OPTIONS:[DATA, VOICE, REGISTRATION]
22:43:42  T2 858.4625    PASSED    NAC:2209/x8A1 TDULC GROUP VOICE CHANNEL UPDATE TALKGROUP A:402 CHAN A:0-1117
22:43:42  T2 858.4625    PASSED    NAC:2209/x8A1 TDULC RFSS STATUS BROADCAST LRA:0/x00 SYSTEM:2208/x8A0 SITE:1/x01-1/x01 CHAN:0-1593 SERVICE OPTIONS:[DATA, VOICE, REGISTRATION]
22:43:42  T2 858.4625    PASSED    NAC:2209/x8A1 TDULC GROUP VOICE CHANNEL UPDATE TALKGROUP A:402 CHAN A:0-1117
22:43:42  T2 858.4625    PASSED    NAC:2209/x8A1 TDULC RFSS STATUS BROADCAST LRA:0/x00 SYSTEM:2208/x8A0 SITE:1/x01-1/x01 CHAN:0-1593 SERVICE OPTIONS:[DATA, VOICE, REGISTRATION]
22:43:42  T2 858.4625    PASSED    NAC:2209/x8A1 TDULC GROUP VOICE CHANNEL UPDATE TALKGROUP A:402 CHAN A:0-1117
22:43:42  T2 858.4625    PASSED    NAC:2209/x8A1 TDULC RFSS STATUS BROADCAST LRA:0/x00 SYSTEM:2208/x8A0 SITE:1/x01-1/x01 CHAN:0-1593 SERVICE OPTIONS:[DATA, VOICE, REGISTRATION]
22:43:42  T2 858.4625    PASSED    NAC:2209/x8A1 TDULC GROUP VOICE CHANNEL UPDATE TALKGROUP A:402 CHAN A:0-1117
22:43:42  T2 858.4625    PASSED    NAC:2209/x8A1 TDULC RFSS STATUS BROADCAST LRA:0/x00 SYSTEM:2208/x8A0 SITE:1/x01-1/x01 CHAN:0-1593 SERVICE OPTIONS:[DATA, VOICE, REGISTRATION]
22:43:42  T2 858.4625    PASSED    NAC:2209/x8A1 TDULC GROUP VOICE CHANNEL UPDATE TALKGROUP A:402 CHAN A:0-1117
22:43:42  T2 858.4625    PASSED    NAC:2209/x8A1 TDULC RFSS STATUS BROADCAST LRA:0/x00 SYSTEM:2208/x8A0 SITE:1/x01-1/x01 CHAN:0-1593 SERVICE OPTIONS:[DATA, VOICE, REGISTRATION]
22:43:42  T2 858.4625    PASSED    NAC:2209/x8A1 TDULC GROUP VOICE CHANNEL UPDATE TALKGROUP A:402 CHAN A:0-1117
22:43:42  T2 858.4625    PASSED    NAC:2209/x8A1 TDULC RFSS STATUS BROADCAST LRA:0/x00 SYSTEM:2208/x8A0 SITE:1/x01-1/x01 CHAN:0-1593 SERVICE OPTIONS:[DATA, VOICE, REGISTRATION]
22:43:42  T2 858.4625    PASSED    NAC:2209/x8A1 TDULC GROUP VOICE CHANNEL UPDATE TALKGROUP A:402 CHAN A:0-1117
22:43:42  T2 858.4625    PASSED    NAC:2209/x8A1 TDULC RFSS STATUS BROADCAST LRA:0/x00 SYSTEM:2208/x8A0 SITE:1/x01-1/x01 CHAN:0-1593 SERVICE OPTIONS:[DATA, VOICE, REGISTRATION]
22:43:42  T2 858.4625    PASSED    NAC:2209/x8A1 TDULC GROUP VOICE CHANNEL UPDATE TALKGROUP A:402 CHAN A:0-1117
22:43:42  T2 858.4625    PASSED    NAC:2209/x8A1 TDULC RFSS STATUS BROADCAST LRA:0/x00 SYSTEM:2208/x8A0 SITE:1/x01-1/x01 CHAN:0-1593 SERVICE OPTIONS:[DATA, VOICE, REGISTRATION]
22:43:42  T2 858.4625    PASSED    NAC:2209/x8A1 TDULC GROUP VOICE CHANNEL UPDATE TALKGROUP A:402 CHAN A:0-1117
22:43:42  T3 858.4375    PASSED    NAC:2209/x8A1 TDULC GROUP VOICE CHANNEL USER FM:0 TO:300 SERVICE OPTIONS:PRI4 CIRCUIT
22:43:42  T3 858.4375    PASSED    NAC:2209/x8A1 TDULC GROUP VOICE CHANNEL UPDATE TALKGROUP A:402 CHAN A:0-1117
22:43:43  CC             PASSED    NAC:2209/x8A1 TSBK2 IDEN_UPDATE_TDMA ID:5 OFFSET:-39000000 SPACING:12500 BASE:935012500 TDMA BW:12500 TIMESLOTS:2 VOCODER:HALF_RATE
22:43:43  CC             PASSED    NAC:2209/x8A1 TSBK3 MOTOROLA TDMA DATA CHANNEL NOT ACTIVE MSG:9690423FFFFFFFFF0000306C
22:43:43  CC             PASSED    NAC:2209/x8A1 TSBK1 MOTOROLA TRAFFIC CHANNEL 059040C0C00000000800669F
22:43:43  CC             PASSED    NAC:2209/x8A1 TSBK2 TDMA_SYNC_BCST SYSTEM TIME UNLOCKED: 2026-04-18 21:47:30.375 -0500 LEAP-SECOND CORRECTION:0.0mS MICROSLOT-MINUTE ROLLOVER:SLOW
22:43:43  CC             PASSED    NAC:2209/x8A1 TSBK3 SEC_CCH_BROADCST RFSS:1/x01 SITE:1/x01 CHAN A:0-1277 SERVICE OPTIONS:[BACKUP CONTROL CHANNEL] CHAN B:0-1509 SERVICE OPTIONS:[BACKUP CONTROL CHANNEL]
22:43:43  CC             PASSED    NAC:2209/x8A1 TSBK1 MOTOROLA SYSTEM LOADING MOTOROLA MSG:09901180000000000000E723
22:43:43  CC             PASSED    NAC:2209/x8A1 TSBK2 IDEN_UPDATE ID:0 OFFSET:-45000000 SPACING:6250 BASE:851006250 FDMA BW:12500
22:43:43  CC             PASSED    NAC:2209/x8A1 TSBK3 RFSS_STATUS_BCST SYSTEM:2208/x8A0 RFSS:1/x01 SITE:1/x01 LRA:0/x00 CHAN:0-1593 ACTIVE NETWORK CONNECTION SERVICE OPTIONS:[DATA, VOICE, REGISTRATION]
22:43:43  CC             PASSED    NAC:2209/x8A1 TSBK1 NET_STATUS_BCAST WACN:781824/xBEE00 SYSTEM:2208/x8A0 LRA:0/x00 CHAN:0-1593 SERVICES:[DATA, VOICE, REGISTRATION]
22:43:43  CC             PASSED    NAC:2209/x8A1 TSBK2 SNDCP_DCH_PAG_RQ FM:3412538 TO:65535 NSAPI:1 HALF DUPLEX CIRCUIT MODE
22:43:43  CC             PASSED    NAC:2209/x8A1 TSBK3 IDEN_UPDATE ID:1 OFFSET:30000000 SPACING:6250 BASE:762006250 FDMA BW:12500
22:43:43  CC             PASSED    NAC:2209/x8A1 TSBK1 GRP_VCH_GRNT_UPD GROUP A:402 CHAN A:0-1117
22:43:43  CC             PASSED    NAC:2209/x8A1 TSBK2 SNDCP_DCH_ANN_EX CHAN:0-1193/----- AUTONOMOUS/REQUESTED-ACCESS DAC:1 **:0 SERVICE OPTIONS:NSAPI:0 HALF DUPLEX CIRCUIT MODE
22:43:43  CC             PASSED    NAC:2209/x8A1 TSBK3 IDEN_UPDATE_TDMA ID:2 OFFSET:-45000000 SPACING:12500 BASE:851012500 TDMA BW:12500 TIMESLOTS:2 VOCODER:HALF_RATE
22:43:43  CC             PASSED    NAC:2209/x8A1 TSBK1 MOTOROLA TDMA DATA CHANNEL NOT ACTIVE MSG:1690423FFFFFFFFF0000D458
22:43:43  CC             PASSED    NAC:2209/x8A1 TSBK2 MOTOROLA TRAFFIC CHANNEL 059040C0C00000000800669F
22:43:43  CC             PASSED    NAC:2209/x8A1 TSBK3 TDMA_SYNC_BCST SYSTEM TIME UNLOCKED: 2026-04-18 21:47:30.675 -0500 LEAP-SECOND CORRECTION:0.0mS MICROSLOT-MINUTE ROLLOVER:SLOW
22:43:43  CC             PASSED    NAC:2209/x8A1 TSBK1 SEC_CCH_BROADCST RFSS:1/x01 SITE:1/x01 CHAN A:0-1509 SERVICE OPTIONS:[BACKUP CONTROL CHANNEL] CHAN B:0-1349 SERVICE OPTIONS:[BACKUP CONTROL CHANNEL]
22:43:43  CC             PASSED    NAC:2209/x8A1 TSBK2 MOTOROLA SYSTEM LOADING MOTOROLA MSG:09901040000000000000D6E5
22:43:43  CC             PASSED    NAC:2209/x8A1 TSBK3 IDEN_UPDATE_TDMA ID:3 OFFSET:30000000 SPACING:12500 BASE:762006250 TDMA BW:12500 TIMESLOTS:2 VOCODER:HALF_RATE
22:43:43  CC             PASSED    NAC:2209/x8A1 TSBK1 RFSS_STATUS_BCST SYSTEM:2208/x8A0 RFSS:1/x01 SITE:1/x01 LRA:0/x00 CHAN:0-1593 ACTIVE NETWORK CONNECTION SERVICE OPTIONS:[DATA, VOICE, REGISTRATION]
22:43:43  CC             PASSED    NAC:2209/x8A1 TSBK2 NET_STATUS_BCAST WACN:781824/xBEE00 SYSTEM:2208/x8A0 LRA:0/x00 CHAN:0-1593 SERVICES:[DATA, VOICE, REGISTRATION]
22:43:43  CC             PASSED    NAC:2209/x8A1 TSBK3 CCH BASE STAT ID CHAN:0-1593 CWID:
22:43:43  CC             PASSED    NAC:2209/x8A1 TSBK1 SNDCP_DCH_PAG_RQ FM:3412538 TO:65535 NSAPI:1 HALF DUPLEX CIRCUIT MODE
22:43:43  CC             PASSED    NAC:2209/x8A1 TSBK2 IDEN_UPDATE ID:4 OFFSET:-39000000 SPACING:12500 BASE:935012500 FDMA BW:12500
22:43:43  CC             PASSED    NAC:2209/x8A1 TSBK3 GRP_VCH_GRNT_UPD GROUP A:402 CHAN A:0-1117
22:43:43  CC             PASSED    NAC:2209/x8A1 TSBK1 SNDCP_DCH_ANN_EX CHAN:0-1193/----- AUTONOMOUS/REQUESTED-ACCESS DAC:1 **:0 SERVICE OPTIONS:NSAPI:0 HALF DUPLEX CIRCUIT MODE
22:43:43  CC             PASSED    NAC:2209/x8A1 TSBK2 IDEN_UPDATE_TDMA ID:5 OFFSET:-39000000 SPACING:12500 BASE:935012500 TDMA BW:12500 TIMESLOTS:2 VOCODER:HALF_RATE
22:43:43  CC             PASSED    NAC:2209/x8A1 TSBK3 MOTOROLA TDMA DATA CHANNEL NOT ACTIVE MSG:9690423FFFFFFFFF0000306C
22:43:43  CC             PASSED    NAC:2209/x8A1 TSBK1 MOTOROLA TRAFFIC CHANNEL 059040C0C00000000800669F
22:43:43  CC             PASSED    NAC:2209/x8A1 TSBK2 TDMA_SYNC_BCST SYSTEM TIME UNLOCKED: 2026-04-18 21:47:31.050 -0500 LEAP-SECOND CORRECTION:0.0mS MICROSLOT-MINUTE ROLLOVER:SLOW
22:43:43  CC             PASSED    NAC:2209/x8A1 TSBK3 SEC_CCH_BROADCST RFSS:1/x01 SITE:1/x01 CHAN A:0-1349 SERVICE OPTIONS:[BACKUP CONTROL CHANNEL] CHAN B:0-1277 SERVICE OPTIONS:[BACKUP CONTROL CHANNEL]
22:43:43  CC             PASSED    NAC:2209/x8A1 TSBK1 MOTOROLA SYSTEM LOADING MOTOROLA MSG:09901180000000000000E723
22:43:43  CC             PASSED    NAC:2209/x8A1 TSBK2 IDEN_UPDATE ID:0 OFFSET:-45000000 SPACING:6250 BASE:851006250 FDMA BW:12500
22:43:43  CC             PASSED    NAC:2209/x8A1 TSBK3 RFSS_STATUS_BCST SYSTEM:2208/x8A0 RFSS:1/x01 SITE:1/x01 LRA:0/x00 CHAN:0-1593 ACTIVE NETWORK CONNECTION SERVICE OPTIONS:[DATA, VOICE, REGISTRATION]
22:43:43  CC             PASSED    NAC:2209/x8A1 TSBK1 NET_STATUS_BCAST WACN:781824/xBEE00 SYSTEM:2208/x8A0 LRA:0/x00 CHAN:0-1593 SERVICES:[DATA, VOICE, REGISTRATION]
22:43:43  CC             PASSED    NAC:2209/x8A1 TSBK2 SNDCP_DCH_PAG_RQ FM:3412538 TO:65535 NSAPI:1 HALF DUPLEX CIRCUIT MODE
22:43:43  CC             PASSED    NAC:2209/x8A1 TSBK3 IDEN_UPDATE ID:1 OFFSET:30000000 SPACING:6250 BASE:762006250 FDMA BW:12500
22:43:43  CC             PASSED    NAC:2209/x8A1 TSBK1 GRP_VCH_GRNT_UPD GROUP A:402 CHAN A:0-1117
22:43:43  CC             PASSED    NAC:2209/x8A1 TSBK2 SNDCP_DCH_ANN_EX CHAN:0-1193/----- AUTONOMOUS/REQUESTED-ACCESS DAC:1 **:0 SERVICE OPTIONS:NSAPI:0 HALF DUPLEX CIRCUIT MODE
22:43:43  CC             PASSED    NAC:2209/x8A1 TSBK3 IDEN_UPDATE_TDMA ID:2 OFFSET:-45000000 SPACING:12500 BASE:851012500 TDMA BW:12500 TIMESLOTS:2 VOCODER:HALF_RATE
22:43:43  T1 857.9875    PASSED    NAC:2209/x8A1 LDU2  VOICE LSD:5064 ENCRYPTION:AES-256 KEY:8259 MSG INDICATOR:548175C2A3769ABF00
22:43:43  T1 857.9875    PASSED    NAC:2209/x8A1 LDU1  VOICE LSD:3DD8 GROUP VOICE CHANNEL USER FM:3416142 TO:402 SERVICE OPTIONS:PRI4 ENCRYPTED CIRCUIT
22:43:43  T1 857.9875    PASSED    NAC:2209/x8A1 LDU2  VOICE LSD:C2CE ENCRYPTION:AES-256 KEY:8259 MSG INDICATOR:80AFA3D7E80BE69A00
22:43:43  T1 857.9875    PASSED    NAC:2209/x8A1 LDU1  VOICE LSD:D922 GROUP VOICE CHANNEL USER FM:3416142 TO:402 SERVICE OPTIONS:PRI4 ENCRYPTED CIRCUIT
22:43:43  T1 857.9875    PASSED    NAC:2209/x8A1 LDU2  VOICE LSD:0CD5 ENCRYPTION:AES-256 KEY:8259 MSG INDICATOR:9EA74D20F69CD27E00
22:43:43  T1 857.9875    PASSED    NAC:2209/x8A1 LDU1  VOICE LSD:ED94 GROUP VOICE CHANNEL USER FM:3416142 TO:402 SERVICE OPTIONS:PRI4 ENCRYPTED CIRCUIT
22:43:43  T2 858.4625    PASSED    NAC:2209/x8A1 TDULC RFSS STATUS BROADCAST LRA:0/x00 SYSTEM:2208/x8A0 SITE:1/x01-1/x01 CHAN:0-1593 SERVICE OPTIONS:[DATA, VOICE, REGISTRATION]
22:43:43  T2 858.4625    PASSED    NAC:2209/x8A1 TDULC GROUP VOICE CHANNEL UPDATE TALKGROUP A:402 CHAN A:0-1117
22:43:43  T2 858.4625    PASSED    NAC:2209/x8A1 TDULC RFSS STATUS BROADCAST LRA:0/x00 SYSTEM:2208/x8A0 SITE:1/x01-1/x01 CHAN:0-1593 SERVICE OPTIONS:[DATA, VOICE, REGISTRATION]
22:43:43  T2 858.4625    PASSED    NAC:2209/x8A1 TDULC GROUP VOICE CHANNEL UPDATE TALKGROUP A:402 CHAN A:0-1117
22:43:43  T2 858.4625    PASSED    NAC:2209/x8A1 TDULC RFSS STATUS BROADCAST LRA:0/x00 SYSTEM:2208/x8A0 SITE:1/x01-1/x01 CHAN:0-1593 SERVICE OPTIONS:[DATA, VOICE, REGISTRATION]
22:43:43  T2 858.4625    PASSED    NAC:2209/x8A1 TDULC GROUP VOICE CHANNEL UPDATE TALKGROUP A:402 CHAN A:0-1117
22:43:43  T2 858.4625    PASSED    NAC:2209/x8A1 TDULC RFSS STATUS BROADCAST LRA:0/x00 SYSTEM:2208/x8A0 SITE:1/x01-1/x01 CHAN:0-1593 SERVICE OPTIONS:[DATA, VOICE, REGISTRATION]
22:43:43  T2 858.4625    PASSED    NAC:2209/x8A1 TDULC GROUP VOICE CHANNEL UPDATE TALKGROUP A:402 CHAN A:0-1117
22:43:43  T2 858.4625    PASSED    NAC:2209/x8A1 TDULC RFSS STATUS BROADCAST LRA:0/x00 SYSTEM:2208/x8A0 SITE:1/x01-1/x01 CHAN:0-1593 SERVICE OPTIONS:[DATA, VOICE, REGISTRATION]
22:43:43  T2 858.4625    PASSED    NAC:2209/x8A1 TDULC GROUP VOICE CHANNEL UPDATE TALKGROUP A:402 CHAN A:0-1117
22:43:43  T2 858.4625    PASSED    NAC:2209/x8A1 TDULC RFSS STATUS BROADCAST LRA:0/x00 SYSTEM:2208/x8A0 SITE:1/x01-1/x01 CHAN:0-1593 SERVICE OPTIONS:[DATA, VOICE, REGISTRATION]
22:43:43  T2 858.4625    PASSED    NAC:2209/x8A1 TDULC GROUP VOICE CHANNEL UPDATE TALKGROUP A:402 CHAN A:0-1117
22:43:43  T2 858.4625    PASSED    NAC:2209/x8A1 TDULC RFSS STATUS BROADCAST LRA:0/x00 SYSTEM:2208/x8A0 SITE:1/x01-1/x01 CHAN:0-1593 SERVICE OPTIONS:[DATA, VOICE, REGISTRATION]
22:43:43  T2 858.4625    PASSED    NAC:2209/x8A1 TDULC GROUP VOICE CHANNEL UPDATE TALKGROUP A:402 CHAN A:0-1117
22:43:43  T2 858.4625    PASSED    NAC:2209/x8A1 TDULC RFSS STATUS BROADCAST LRA:0/x00 SYSTEM:2208/x8A0 SITE:1/x01-1/x01 CHAN:0-1593 SERVICE OPTIONS:[DATA, VOICE, REGISTRATION]
22:43:43  T2 858.4625    PASSED    NAC:2209/x8A1 TDULC GROUP VOICE CHANNEL UPDATE TALKGROUP A:402 CHAN A:0-1117
22:43:43  T2 858.4625    PASSED    NAC:2209/x8A1 TDULC RFSS STATUS BROADCAST LRA:0/x00 SYSTEM:2208/x8A0 SITE:1/x01-1/x01 CHAN:0-1593 SERVICE OPTIONS:[DATA, VOICE, REGISTRATION]
22:43:43  T2 858.4625    PASSED    NAC:2209/x8A1 TDULC GROUP VOICE CHANNEL UPDATE TALKGROUP A:402 CHAN A:0-1117
22:43:43  T2 858.4625    PASSED    NAC:2209/x8A1 TDULC RFSS STATUS BROADCAST LRA:0/x00 SYSTEM:2208/x8A0 SITE:1/x01-1/x01 CHAN:0-1593 SERVICE OPTIONS:[DATA, VOICE, REGISTRATION]
22:43:43  T2 858.4625    PASSED    NAC:2209/x8A1 TDULC GROUP VOICE CHANNEL UPDATE TALKGROUP A:402 CHAN A:0-1117
22:43:43  T2 858.4625    PASSED    NAC:2209/x8A1 TDULC RFSS STATUS BROADCAST LRA:0/x00 SYSTEM:2208/x8A0 SITE:1/x01-1/x01 CHAN:0-1593 SERVICE OPTIONS:[DATA, VOICE, REGISTRATION]
22:43:43  T2 858.4625    PASSED    NAC:2209/x8A1 TDULC GROUP VOICE CHANNEL UPDATE TALKGROUP A:402 CHAN A:0-1117
22:43:43  T2 858.4625    PASSED    NAC:2209/x8A1 TDULC RFSS STATUS BROADCAST LRA:0/x00 SYSTEM:2208/x8A0 SITE:1/x01-1/x01 CHAN:0-1593 SERVICE OPTIONS:[DATA, VOICE, REGISTRATION]
22:43:44  CC             PASSED    NAC:2209/x8A1 TSBK1 MOTOROLA TDMA DATA CHANNEL NOT ACTIVE MSG:1690423FFFFFFFFF0000D458
22:43:44  CC             PASSED    NAC:2209/x8A1 TSBK2 MOTOROLA TRAFFIC CHANNEL 059040C0C00000000800669F
22:43:44  CC             PASSED    NAC:2209/x8A1 TSBK3 TDMA_SYNC_BCST SYSTEM TIME UNLOCKED: 2026-04-18 21:47:31.350 -0500 LEAP-SECOND CORRECTION:0.0mS MICROSLOT-MINUTE ROLLOVER:SLOW
22:43:44  CC             PASSED    NAC:2209/x8A1 TSBK1 SEC_CCH_BROADCST RFSS:1/x01 SITE:1/x01 CHAN A:0-1277 SERVICE OPTIONS:[BACKUP CONTROL CHANNEL] CHAN B:0-1509 SERVICE OPTIONS:[BACKUP CONTROL CHANNEL]
22:43:44  CC             PASSED    NAC:2209/x8A1 TSBK2 MOTOROLA SYSTEM LOADING MOTOROLA MSG:09901040000000000000D6E5
22:43:44  CC             PASSED    NAC:2209/x8A1 TSBK3 CCH BASE STAT ID CHAN:0-1593 CWID:
22:43:44  CC             PASSED    NAC:2209/x8A1 TSBK1 IDEN_UPDATE_TDMA ID:3 OFFSET:30000000 SPACING:12500 BASE:762006250 TDMA BW:12500 TIMESLOTS:2 VOCODER:HALF_RATE
22:43:44  CC             PASSED    NAC:2209/x8A1 TSBK2 RFSS_STATUS_BCST SYSTEM:2208/x8A0 RFSS:1/x01 SITE:1/x01 LRA:0/x00 CHAN:0-1593 ACTIVE NETWORK CONNECTION SERVICE OPTIONS:[DATA, VOICE, REGISTRATION]
22:43:44  CC             PASSED    NAC:2209/x8A1 TSBK3 NET_STATUS_BCAST WACN:781824/xBEE00 SYSTEM:2208/x8A0 LRA:0/x00 CHAN:0-1593 SERVICES:[DATA, VOICE, REGISTRATION]
22:43:44  CC             PASSED    NAC:2209/x8A1 TSBK1 SNDCP_DCH_PAG_RQ FM:3412538 TO:65535 NSAPI:1 HALF DUPLEX CIRCUIT MODE
22:43:44  CC             PASSED    NAC:2209/x8A1 TSBK2 IDEN_UPDATE ID:4 OFFSET:-39000000 SPACING:12500 BASE:935012500 FDMA BW:12500
22:43:44  CC             PASSED    NAC:2209/x8A1 TSBK3 GRP_VCH_GRNT_UPD GROUP A:402 CHAN A:0-1117
22:43:44  CC             PASSED    NAC:2209/x8A1 TSBK1 SNDCP_DCH_ANN_EX CHAN:0-1193/----- AUTONOMOUS/REQUESTED-ACCESS DAC:1 **:0 SERVICE OPTIONS:NSAPI:0 HALF DUPLEX CIRCUIT MODE
22:43:44  CC             PASSED    NAC:2209/x8A1 TSBK2 IDEN_UPDATE_TDMA ID:5 OFFSET:-39000000 SPACING:12500 BASE:935012500 TDMA BW:12500 TIMESLOTS:2 VOCODER:HALF_RATE
22:43:44  CC             PASSED    NAC:2209/x8A1 TSBK3 MOTOROLA TDMA DATA CHANNEL NOT ACTIVE MSG:9690423FFFFFFFFF0000306C
22:43:44  CC             PASSED    NAC:2209/x8A1 TSBK1 MOTOROLA TRAFFIC CHANNEL 059040C0C00000000800669F
22:43:44  CC             PASSED    NAC:2209/x8A1 TSBK2 TDMA_SYNC_BCST SYSTEM TIME UNLOCKED: 2026-04-18 21:47:31.725 -0500 LEAP-SECOND CORRECTION:0.0mS MICROSLOT-MINUTE ROLLOVER:SLOW
22:43:44  CC             PASSED    NAC:2209/x8A1 TSBK3 SEC_CCH_BROADCST RFSS:1/x01 SITE:1/x01 CHAN A:0-1509 SERVICE OPTIONS:[BACKUP CONTROL CHANNEL] CHAN B:0-1349 SERVICE OPTIONS:[BACKUP CONTROL CHANNEL]
22:43:44  CC             PASSED    NAC:2209/x8A1 TSBK1 MOTOROLA SYSTEM LOADING MOTOROLA MSG:09901180000000000000E723
22:43:44  CC             PASSED    NAC:2209/x8A1 TSBK2 IDEN_UPDATE ID:0 OFFSET:-45000000 SPACING:6250 BASE:851006250 FDMA BW:12500
22:43:44  CC             PASSED    NAC:2209/x8A1 TSBK3 RFSS_STATUS_BCST SYSTEM:2208/x8A0 RFSS:1/x01 SITE:1/x01 LRA:0/x00 CHAN:0-1593 ACTIVE NETWORK CONNECTION SERVICE OPTIONS:[DATA, VOICE, REGISTRATION]
22:43:44  CC             PASSED    NAC:2209/x8A1 TSBK1 NET_STATUS_BCAST WACN:781824/xBEE00 SYSTEM:2208/x8A0 LRA:0/x00 CHAN:0-1593 SERVICES:[DATA, VOICE, REGISTRATION]
22:43:44  CC             PASSED    NAC:2209/x8A1 TSBK2 SNDCP_DCH_PAG_RQ FM:3412538 TO:65535 NSAPI:1 HALF DUPLEX CIRCUIT MODE
22:43:44  CC             PASSED    NAC:2209/x8A1 TSBK3 IDEN_UPDATE ID:1 OFFSET:30000000 SPACING:6250 BASE:762006250 FDMA BW:12500
22:43:44  CC             PASSED    NAC:2209/x8A1 TSBK1 GRP_VCH_GRNT_UPD GROUP A:402 CHAN A:0-1117
22:43:44  CC             PASSED    NAC:2209/x8A1 TSBK2 SNDCP_DCH_ANN_EX CHAN:0-1193/----- AUTONOMOUS/REQUESTED-ACCESS DAC:1 **:0 SERVICE OPTIONS:NSAPI:0 HALF DUPLEX CIRCUIT MODE
22:43:44  CC             PASSED    NAC:2209/x8A1 TSBK3 IDEN_UPDATE_TDMA ID:2 OFFSET:-45000000 SPACING:12500 BASE:851012500 TDMA BW:12500 TIMESLOTS:2 VOCODER:HALF_RATE
22:43:44  CC             PASSED    NAC:2209/x8A1 TSBK1 MOTOROLA TDMA DATA CHANNEL NOT ACTIVE MSG:1690423FFFFFFFFF0000D458
22:43:44  CC             PASSED    NAC:2209/x8A1 TSBK2 MOTOROLA TRAFFIC CHANNEL 059040C0C00000000800669F
22:43:44  CC             PASSED    NAC:2209/x8A1 TSBK3 CCH BASE STAT ID CHAN:0-1593 CWID:
22:43:44  CC             PASSED    NAC:2209/x8A1 TSBK1 TDMA_SYNC_BCST SYSTEM TIME UNLOCKED: 2026-04-18 21:47:32.100 -0500 LEAP-SECOND CORRECTION:0.0mS MICROSLOT-MINUTE ROLLOVER:SLOW
22:43:44  CC             PASSED    NAC:2209/x8A1 TSBK2 SEC_CCH_BROADCST RFSS:1/x01 SITE:1/x01 CHAN A:0-1349 SERVICE OPTIONS:[BACKUP CONTROL CHANNEL] CHAN B:0-1277 SERVICE OPTIONS:[BACKUP CONTROL CHANNEL]
22:43:44  CC             PASSED    NAC:2209/x8A1 TSBK3 MOTOROLA SYSTEM LOADING MOTOROLA MSG:899011800000000000000317
22:43:44  CC             PASSED    NAC:2209/x8A1 TSBK1 IDEN_UPDATE_TDMA ID:3 OFFSET:30000000 SPACING:12500 BASE:762006250 TDMA BW:12500 TIMESLOTS:2 VOCODER:HALF_RATE
22:43:44  CC             PASSED    NAC:2209/x8A1 TSBK2 RFSS_STATUS_BCST SYSTEM:2208/x8A0 RFSS:1/x01 SITE:1/x01 LRA:0/x00 CHAN:0-1593 ACTIVE NETWORK CONNECTION SERVICE OPTIONS:[DATA, VOICE, REGISTRATION]
22:43:44  CC             PASSED    NAC:2209/x8A1 TSBK3 NET_STATUS_BCAST WACN:781824/xBEE00 SYSTEM:2208/x8A0 LRA:0/x00 CHAN:0-1593 SERVICES:[DATA, VOICE, REGISTRATION]
22:43:44  CC             PASSED    NAC:2209/x8A1 TSBK1 SNDCP_DCH_PAG_RQ FM:3412538 TO:65535 NSAPI:1 HALF DUPLEX CIRCUIT MODE
22:43:44  CC             PASSED    NAC:2209/x8A1 TSBK2 IDEN_UPDATE ID:4 OFFSET:-39000000 SPACING:12500 BASE:935012500 FDMA BW:12500
22:43:44  CC             PASSED    NAC:2209/x8A1 TSBK3 GRP_VCH_GRNT_UPD GROUP A:402 CHAN A:0-1117
22:43:44  T1 857.9875    PASSED    NAC:2209/x8A1 LDU2  VOICE LSD:41B9 ENCRYPTION:AES-256 KEY:8259 MSG INDICATOR:2405D756B390913B00
22:43:44  T1 857.9875    PASSED    NAC:2209/x8A1 LDU1  VOICE LSD:3659 GROUP VOICE CHANNEL USER FM:3416142 TO:402 SERVICE OPTIONS:PRI4 ENCRYPTED CIRCUIT
22:43:44  T1 857.9875    PASSED    NAC:2209/x8A1 TDULC MOTOROLA TALK COMPLETE BY:3416142 UNK1:10 UNK2:10
22:43:44  T1 857.9875    PASSED    NAC:2209/x8A1 TDULC GROUP VOICE CHANNEL USER FM:0 TO:402 SERVICE OPTIONS:PRI4 ENCRYPTED CIRCUIT
22:43:44  T1 857.9875    PASSED    NAC:2209/x8A1 TDULC GROUP VOICE CHANNEL USER FM:0 TO:402 SERVICE OPTIONS:PRI4 ENCRYPTED CIRCUIT
22:43:44  T1 857.9875    PASSED    NAC:2209/x8A1 TDULC GROUP VOICE CHANNEL USER FM:0 TO:402 SERVICE OPTIONS:PRI4 ENCRYPTED CIRCUIT
22:43:44  T1 857.9875    PASSED    NAC:2209/x8A1 TDULC GROUP VOICE CHANNEL USER FM:0 TO:402 SERVICE OPTIONS:PRI4 ENCRYPTED CIRCUIT
22:43:44  T1 857.9875    PASSED    NAC:2209/x8A1 TDULC GROUP VOICE CHANNEL USER FM:0 TO:402 SERVICE OPTIONS:PRI4 ENCRYPTED CIRCUIT
22:43:44  T1 857.9875    PASSED    NAC:2209/x8A1 TDULC GROUP VOICE CHANNEL USER FM:0 TO:402 SERVICE OPTIONS:PRI4 ENCRYPTED CIRCUIT
22:43:44  T1 857.9875    PASSED    NAC:2209/x8A1 TDULC GROUP VOICE CHANNEL USER FM:0 TO:402 SERVICE OPTIONS:PRI4 ENCRYPTED CIRCUIT
22:43:44  T1 857.9875    PASSED    NAC:2209/x8A1 TDULC GROUP VOICE CHANNEL USER FM:0 TO:402 SERVICE OPTIONS:PRI4 ENCRYPTED CIRCUIT
22:43:44  T1 857.9875    PASSED    NAC:2209/x8A1 TDULC GROUP VOICE CHANNEL USER FM:0 TO:402 SERVICE OPTIONS:PRI4 ENCRYPTED CIRCUIT
22:43:44  T1 857.9875    PASSED    NAC:2209/x8A1 TDULC GROUP VOICE CHANNEL USER FM:0 TO:402 SERVICE OPTIONS:PRI4 ENCRYPTED CIRCUIT
22:43:44  T1 857.9875    PASSED    NAC:2209/x8A1 TDULC GROUP VOICE CHANNEL USER FM:0 TO:402 SERVICE OPTIONS:PRI4 ENCRYPTED CIRCUIT
22:43:44  T1 857.9875    PASSED    NAC:2209/x8A1 TDULC GROUP VOICE CHANNEL USER FM:0 TO:402 SERVICE OPTIONS:PRI4 ENCRYPTED CIRCUIT
22:43:44  T1 857.9875    PASSED    NAC:2209/x8A1 TDULC GROUP VOICE CHANNEL USER FM:0 TO:402 SERVICE OPTIONS:PRI4 ENCRYPTED CIRCUIT
22:43:44  T2 858.4625    PASSED    NAC:2209/x8A1 TDULC GROUP VOICE CHANNEL UPDATE TALKGROUP A:402 CHAN A:0-1117
22:43:44  T2 858.4625    PASSED    NAC:2209/x8A1 TDULC RFSS STATUS BROADCAST LRA:0/x00 SYSTEM:2208/x8A0 SITE:1/x01-1/x01 CHAN:0-1593 SERVICE OPTIONS:[DATA, VOICE, REGISTRATION]
22:43:44  T2 858.4625    PASSED    NAC:2209/x8A1 TDULC GROUP VOICE CHANNEL UPDATE TALKGROUP A:402 CHAN A:0-1117
22:43:44  T2 858.4625    PASSED    NAC:2209/x8A1 TDULC RFSS STATUS BROADCAST LRA:0/x00 SYSTEM:2208/x8A0 SITE:1/x01-1/x01 CHAN:0-1593 SERVICE OPTIONS:[DATA, VOICE, REGISTRATION]
22:43:44  T2 858.4625    PASSED    NAC:2209/x8A1 TDULC GROUP VOICE CHANNEL UPDATE TALKGROUP A:402 CHAN A:0-1117
22:43:44  T2 858.4625    PASSED    NAC:2209/x8A1 TDULC RFSS STATUS BROADCAST LRA:0/x00 SYSTEM:2208/x8A0 SITE:1/x01-1/x01 CHAN:0-1593 SERVICE OPTIONS:[DATA, VOICE, REGISTRATION]
22:43:44  T2 858.4625    PASSED    NAC:2209/x8A1 TDULC GROUP VOICE CHANNEL UPDATE TALKGROUP A:402 CHAN A:0-1117
22:43:44  T2 858.4625    PASSED    NAC:2209/x8A1 TDULC RFSS STATUS BROADCAST LRA:0/x00 SYSTEM:2208/x8A0 SITE:1/x01-1/x01 CHAN:0-1593 SERVICE OPTIONS:[DATA, VOICE, REGISTRATION]
22:43:44  T2 858.4625    PASSED    NAC:2209/x8A1 TDULC GROUP VOICE CHANNEL UPDATE TALKGROUP A:402 CHAN A:0-1117
22:43:44  T2 858.4625    PASSED    NAC:2209/x8A1 TDULC RFSS STATUS BROADCAST LRA:0/x00 SYSTEM:2208/x8A0 SITE:1/x01-1/x01 CHAN:0-1593 SERVICE OPTIONS:[DATA, VOICE, REGISTRATION]
22:43:44  T2 858.4625    PASSED    <-> SYNC LOSS - BITS PROCESSED [1944]
22:43:44  T2 858.4625    PASSED    NAC:2209/x8A1 TDULC GROUP VOICE CHANNEL UPDATE TALKGROUP A:402 CHAN A:0-1117
22:43:44  T2 858.4625    PASSED    NAC:2209/x8A1 TDULC RFSS STATUS BROADCAST LRA:0/x00 SYSTEM:2208/x8A0 SITE:1/x01-1/x01 CHAN:0-1593 SERVICE OPTIONS:[DATA, VOICE, REGISTRATION]
22:43:44  T2 858.4625    PASSED    NAC:2209/x8A1 TDULC GROUP VOICE CHANNEL UPDATE TALKGROUP A:402 CHAN A:0-1117
22:43:44  T2 858.4625    PASSED    NAC:2209/x8A1 TDULC RFSS STATUS BROADCAST LRA:0/x00 SYSTEM:2208/x8A0 SITE:1/x01-1/x01 CHAN:0-1593 SERVICE OPTIONS:[DATA, VOICE, REGISTRATION]
22:43:44  T2 858.4625    PASSED    NAC:2209/x8A1 TDULC GROUP VOICE CHANNEL UPDATE TALKGROUP A:402 CHAN A:0-1117
22:43:44  T2 858.4625    PASSED    NAC:2209/x8A1 TDULC RFSS STATUS BROADCAST LRA:0/x00 SYSTEM:2208/x8A0 SITE:1/x01-1/x01 CHAN:0-1593 SERVICE OPTIONS:[DATA, VOICE, REGISTRATION]
22:43:44  T2 858.4625    PASSED    NAC:2209/x8A1 TDULC GROUP VOICE CHANNEL UPDATE TALKGROUP A:402 CHAN A:0-1117
22:43:45  CC             PASSED    NAC:2209/x8A1 TSBK1 SNDCP_DCH_ANN_EX CHAN:0-1193/----- AUTONOMOUS/REQUESTED-ACCESS DAC:1 **:0 SERVICE OPTIONS:NSAPI:0 HALF DUPLEX CIRCUIT MODE
22:43:45  CC             PASSED    NAC:2209/x8A1 TSBK2 IDEN_UPDATE_TDMA ID:5 OFFSET:-39000000 SPACING:12500 BASE:935012500 TDMA BW:12500 TIMESLOTS:2 VOCODER:HALF_RATE
22:43:45  CC             PASSED    NAC:2209/x8A1 TSBK3 MOTOROLA TDMA DATA CHANNEL NOT ACTIVE MSG:9690423FFFFFFFFF0000306C
22:43:45  CC             PASSED    NAC:2209/x8A1 TSBK1 MOTOROLA TRAFFIC CHANNEL 059040C0C00000000800669F
22:43:45  CC             PASSED    NAC:2209/x8A1 TSBK2 TDMA_SYNC_BCST SYSTEM TIME UNLOCKED: 2026-04-18 21:47:32.400 -0500 LEAP-SECOND CORRECTION:0.0mS MICROSLOT-MINUTE ROLLOVER:SLOW
22:43:45  CC             PASSED    NAC:2209/x8A1 TSBK3 SEC_CCH_BROADCST RFSS:1/x01 SITE:1/x01 CHAN A:0-1277 SERVICE OPTIONS:[BACKUP CONTROL CHANNEL] CHAN B:0-1509 SERVICE OPTIONS:[BACKUP CONTROL CHANNEL]
22:43:45  CC             PASSED    NAC:2209/x8A1 TSBK1 MOTOROLA SYSTEM LOADING MOTOROLA MSG:09901040000000000000D6E5
22:43:45  CC             PASSED    NAC:2209/x8A1 TSBK2 IDEN_UPDATE ID:0 OFFSET:-45000000 SPACING:6250 BASE:851006250 FDMA BW:12500
22:43:45  CC             PASSED    NAC:2209/x8A1 TSBK3 RFSS_STATUS_BCST SYSTEM:2208/x8A0 RFSS:1/x01 SITE:1/x01 LRA:0/x00 CHAN:0-1593 ACTIVE NETWORK CONNECTION SERVICE OPTIONS:[DATA, VOICE, REGISTRATION]
22:43:45  CC             PASSED    NAC:2209/x8A1 TSBK1 NET_STATUS_BCAST WACN:781824/xBEE00 SYSTEM:2208/x8A0 LRA:0/x00 CHAN:0-1593 SERVICES:[DATA, VOICE, REGISTRATION]
22:43:45  CC             PASSED    NAC:2209/x8A1 TSBK2 SNDCP_DCH_PAG_RQ FM:3412538 TO:65535 NSAPI:1 HALF DUPLEX CIRCUIT MODE
22:43:45  CC             PASSED    NAC:2209/x8A1 TSBK3 IDEN_UPDATE ID:1 OFFSET:30000000 SPACING:6250 BASE:762006250 FDMA BW:12500
22:43:45  CC             PASSED    NAC:2209/x8A1 TSBK1 GRP_VCH_GRNT_UPD GROUP A:402 CHAN A:0-1117
22:43:45  CC             PASSED    NAC:2209/x8A1 TSBK2 SNDCP_DCH_ANN_EX CHAN:0-1193/----- AUTONOMOUS/REQUESTED-ACCESS DAC:1 **:0 SERVICE OPTIONS:NSAPI:0 HALF DUPLEX CIRCUIT MODE
22:43:45  CC             PASSED    NAC:2209/x8A1 TSBK3 CCH BASE STAT ID CHAN:0-1593 CWID:
22:43:45  CC             PASSED    NAC:2209/x8A1 TSBK1 IDEN_UPDATE_TDMA ID:2 OFFSET:-45000000 SPACING:12500 BASE:851012500 TDMA BW:12500 TIMESLOTS:2 VOCODER:HALF_RATE
22:43:45  CC             PASSED    NAC:2209/x8A1 TSBK2 MOTOROLA TDMA DATA CHANNEL NOT ACTIVE MSG:1690423FFFFFFFFF0000D458
22:43:45  CC             PASSED    NAC:2209/x8A1 TSBK3 MOTOROLA TRAFFIC CHANNEL 859040C0C0000000080082AB
22:43:45  CC             PASSED    NAC:2209/x8A1 TSBK1 TDMA_SYNC_BCST SYSTEM TIME UNLOCKED: 2026-04-18 21:47:32.775 -0500 LEAP-SECOND CORRECTION:0.0mS MICROSLOT-MINUTE ROLLOVER:SLOW
22:43:45  CC             PASSED    NAC:2209/x8A1 TSBK2 SEC_CCH_BROADCST RFSS:1/x01 SITE:1/x01 CHAN A:0-1509 SERVICE OPTIONS:[BACKUP CONTROL CHANNEL] CHAN B:0-1349 SERVICE OPTIONS:[BACKUP CONTROL CHANNEL]
22:43:45  CC             PASSED    NAC:2209/x8A1 TSBK3 MOTOROLA SYSTEM LOADING MOTOROLA MSG:899011800000000000000317
22:43:45  CC             PASSED    NAC:2209/x8A1 TSBK1 IDEN_UPDATE_TDMA ID:3 OFFSET:30000000 SPACING:12500 BASE:762006250 TDMA BW:12500 TIMESLOTS:2 VOCODER:HALF_RATE
22:43:45  CC             PASSED    NAC:2209/x8A1 TSBK2 RFSS_STATUS_BCST SYSTEM:2208/x8A0 RFSS:1/x01 SITE:1/x01 LRA:0/x00 CHAN:0-1593 ACTIVE NETWORK CONNECTION SERVICE OPTIONS:[DATA, VOICE, REGISTRATION]
22:43:45  CC             PASSED    NAC:2209/x8A1 TSBK3 NET_STATUS_BCAST WACN:781824/xBEE00 SYSTEM:2208/x8A0 LRA:0/x00 CHAN:0-1593 SERVICES:[DATA, VOICE, REGISTRATION]
22:43:45  CC             PASSED    NAC:2209/x8A1 TSBK1 SNDCP_DCH_PAG_RQ FM:3412538 TO:65535 NSAPI:1 HALF DUPLEX CIRCUIT MODE
22:43:45  CC             PASSED    NAC:2209/x8A1 TSBK2 IDEN_UPDATE ID:4 OFFSET:-39000000 SPACING:12500 BASE:935012500 FDMA BW:12500
22:43:45  CC             PASSED    NAC:2209/x8A1 TSBK3 GRP_VCH_GRNT_UPD GROUP A:402 CHAN A:0-1117
22:43:45  CC             PASSED    NAC:2209/x8A1 TSBK1 SNDCP_DCH_ANN_EX CHAN:0-1193/----- AUTONOMOUS/REQUESTED-ACCESS DAC:1 **:0 SERVICE OPTIONS:NSAPI:0 HALF DUPLEX CIRCUIT MODE
22:43:45  CC             PASSED    NAC:2209/x8A1 TSBK2 IDEN_UPDATE_TDMA ID:5 OFFSET:-39000000 SPACING:12500 BASE:935012500 TDMA BW:12500 TIMESLOTS:2 VOCODER:HALF_RATE
22:43:45  CC             PASSED    NAC:2209/x8A1 TSBK3 MOTOROLA TDMA DATA CHANNEL NOT ACTIVE MSG:9690423FFFFFFFFF0000306C
22:43:45  CC             PASSED    NAC:2209/x8A1 TSBK1 MOTOROLA TRAFFIC CHANNEL 059040C0C00000000800669F
22:43:45  CC             PASSED    NAC:2209/x8A1 TSBK2 TDMA_SYNC_BCST SYSTEM TIME UNLOCKED: 2026-04-18 21:47:33.075 -0500 LEAP-SECOND CORRECTION:0.0mS MICROSLOT-MINUTE ROLLOVER:SLOW
22:43:45  CC             PASSED    NAC:2209/x8A1 TSBK3 SEC_CCH_BROADCST RFSS:1/x01 SITE:1/x01 CHAN A:0-1349 SERVICE OPTIONS:[BACKUP CONTROL CHANNEL] CHAN B:0-1277 SERVICE OPTIONS:[BACKUP CONTROL CHANNEL]
22:43:45  CC             PASSED    NAC:2209/x8A1 TSBK1 MOTOROLA SYSTEM LOADING MOTOROLA MSG:09901040000000000000D6E5
22:43:45  CC             PASSED    NAC:2209/x8A1 TSBK2 IDEN_UPDATE ID:0 OFFSET:-45000000 SPACING:6250 BASE:851006250 FDMA BW:12500
22:43:45  CC             PASSED    NAC:2209/x8A1 TSBK3 RFSS_STATUS_BCST SYSTEM:2208/x8A0 RFSS:1/x01 SITE:1/x01 LRA:0/x00 CHAN:0-1593 ACTIVE NETWORK CONNECTION SERVICE OPTIONS:[DATA, VOICE, REGISTRATION]
22:43:45  CC             PASSED    NAC:2209/x8A1 TSBK1 NET_STATUS_BCAST WACN:781824/xBEE00 SYSTEM:2208/x8A0 LRA:0/x00 CHAN:0-1593 SERVICES:[DATA, VOICE, REGISTRATION]
22:43:45  CC             PASSED    NAC:2209/x8A1 TSBK2 SNDCP_DCH_PAG_RQ FM:3412538 TO:65535 NSAPI:1 HALF DUPLEX CIRCUIT MODE
22:43:45  CC             PASSED    NAC:2209/x8A1 TSBK3 CCH BASE STAT ID CHAN:0-1593 CWID:
22:43:45  CC             PASSED    NAC:2209/x8A1 TSBK3 IDEN_UPDATE_TDMA ID:2 OFFSET:-45000000 SPACING:12500 BASE:851012500 TDMA BW:12500 TIMESLOTS:2 VOCODER:HALF_RATE
22:43:45  T1 857.9875    PASSED    NAC:2209/x8A1 TDULC GROUP VOICE CHANNEL USER FM:0 TO:402 SERVICE OPTIONS:PRI4 ENCRYPTED CIRCUIT
22:43:45  T1 857.9875    PASSED    NAC:2209/x8A1 TDULC GROUP VOICE CHANNEL USER FM:0 TO:402 SERVICE OPTIONS:PRI4 ENCRYPTED CIRCUIT
22:43:45  T1 857.9875    PASSED    NAC:2209/x8A1 TDULC GROUP VOICE CHANNEL USER FM:0 TO:402 SERVICE OPTIONS:PRI4 ENCRYPTED CIRCUIT
22:43:45  T1 857.9875    PASSED    NAC:2209/x8A1 TDULC GROUP VOICE CHANNEL USER FM:0 TO:402 SERVICE OPTIONS:PRI4 ENCRYPTED CIRCUIT
22:43:45  T1 857.9875    PASSED    NAC:2209/x8A1 TDULC GROUP VOICE CHANNEL USER FM:0 TO:402 SERVICE OPTIONS:PRI4 ENCRYPTED CIRCUIT
22:43:45  T1 857.9875    PASSED    NAC:2209/x8A1 TDULC GROUP VOICE CHANNEL USER FM:0 TO:402 SERVICE OPTIONS:PRI4 ENCRYPTED CIRCUIT
22:43:45  T1 857.9875    PASSED    NAC:2209/x8A1 TDULC GROUP VOICE CHANNEL USER FM:0 TO:402 SERVICE OPTIONS:PRI4 ENCRYPTED CIRCUIT
22:43:45  T1 857.9875    PASSED    NAC:2209/x8A1 TDULC GROUP VOICE CHANNEL USER FM:0 TO:402 SERVICE OPTIONS:PRI4 ENCRYPTED CIRCUIT
22:43:45  T1 857.9875    PASSED    NAC:2209/x8A1 TDULC GROUP VOICE CHANNEL USER FM:0 TO:402 SERVICE OPTIONS:PRI4 ENCRYPTED CIRCUIT
22:43:45  T1 857.9875    PASSED    NAC:2209/x8A1 TDULC GROUP VOICE CHANNEL USER FM:0 TO:402 SERVICE OPTIONS:PRI4 ENCRYPTED CIRCUIT
22:43:45  T1 857.9875    PASSED    NAC:2209/x8A1 TDULC GROUP VOICE CHANNEL USER FM:0 TO:402 SERVICE OPTIONS:PRI4 ENCRYPTED CIRCUIT
22:43:45  T1 857.9875    PASSED    NAC:2209/x8A1 TDULC GROUP VOICE CHANNEL USER FM:0 TO:402 SERVICE OPTIONS:PRI4 ENCRYPTED CIRCUIT
22:43:45  T1 857.9875    PASSED    NAC:2209/x8A1 TDULC GROUP VOICE CHANNEL USER FM:0 TO:402 SERVICE OPTIONS:PRI4 ENCRYPTED CIRCUIT
22:43:45  T1 857.9875    PASSED    NAC:2209/x8A1 TDULC GROUP VOICE CHANNEL USER FM:0 TO:402 SERVICE OPTIONS:PRI4 ENCRYPTED CIRCUIT
22:43:45  T1 857.9875    PASSED    NAC:2209/x8A1 TDULC GROUP VOICE CHANNEL USER FM:0 TO:402 SERVICE OPTIONS:PRI4 ENCRYPTED CIRCUIT
22:43:45  T1 857.9875    PASSED    NAC:2209/x8A1 TDULC GROUP VOICE CHANNEL USER FM:0 TO:402 SERVICE OPTIONS:PRI4 ENCRYPTED CIRCUIT
22:43:45  T1 857.9875    PASSED    NAC:2209/x8A1 TDULC GROUP VOICE CHANNEL USER FM:0 TO:402 SERVICE OPTIONS:PRI4 ENCRYPTED CIRCUIT
22:43:45  T1 857.9875    PASSED    NAC:2209/x8A1 TDULC GROUP VOICE CHANNEL USER FM:0 TO:402 SERVICE OPTIONS:PRI4 ENCRYPTED CIRCUIT
22:43:45  T1 857.9875    PASSED    NAC:2209/x8A1 TDULC GROUP VOICE CHANNEL USER FM:0 TO:402 SERVICE OPTIONS:PRI4 ENCRYPTED CIRCUIT
22:43:45  T1 857.9875    PASSED    NAC:2209/x8A1 TDULC GROUP VOICE CHANNEL USER FM:0 TO:402 SERVICE OPTIONS:PRI4 ENCRYPTED CIRCUIT
22:43:45  T1 857.9875    PASSED    NAC:2209/x8A1 TDULC GROUP VOICE CHANNEL USER FM:0 TO:402 SERVICE OPTIONS:PRI4 ENCRYPTED CIRCUIT
22:43:45  T1 857.9875    PASSED    NAC:2209/x8A1 TDULC GROUP VOICE CHANNEL USER FM:0 TO:402 SERVICE OPTIONS:PRI4 ENCRYPTED CIRCUIT
22:43:45  T2 858.4625    PASSED    NAC:2209/x8A1 TDULC RFSS STATUS BROADCAST LRA:0/x00 SYSTEM:2208/x8A0 SITE:1/x01-1/x01 CHAN:0-1593 SERVICE OPTIONS:[DATA, VOICE, REGISTRATION]
22:43:45  T2 858.4625    PASSED    NAC:2209/x8A1 TDULC GROUP VOICE CHANNEL UPDATE TALKGROUP A:402 CHAN A:0-1117
22:43:45  T2 858.4625    PASSED    NAC:2209/x8A1 TDULC RFSS STATUS BROADCAST LRA:0/x00 SYSTEM:2208/x8A0 SITE:1/x01-1/x01 CHAN:0-1593 SERVICE OPTIONS:[DATA, VOICE, REGISTRATION]
22:43:45  T2 858.4625    PASSED    NAC:2209/x8A1 TDULC GROUP VOICE CHANNEL UPDATE TALKGROUP A:402 CHAN A:0-1117
22:43:45  T2 858.4625    PASSED    NAC:2209/x8A1 TDULC RFSS STATUS BROADCAST LRA:0/x00 SYSTEM:2208/x8A0 SITE:1/x01-1/x01 CHAN:0-1593 SERVICE OPTIONS:[DATA, VOICE, REGISTRATION]
22:43:45  T2 858.4625    PASSED    NAC:2209/x8A1 TDULC GROUP VOICE CHANNEL UPDATE TALKGROUP A:402 CHAN A:0-1117
22:43:45  T2 858.4625    PASSED    NAC:2209/x8A1 TDULC RFSS STATUS BROADCAST LRA:0/x00 SYSTEM:2208/x8A0 SITE:1/x01-1/x01 CHAN:0-1593 SERVICE OPTIONS:[DATA, VOICE, REGISTRATION]
22:43:45  T2 858.4625    PASSED    NAC:2209/x8A1 TDU
22:43:45  T2 858.4625    PASSED    NAC:2209/x8A1 TDU
22:43:45  T2 858.4625    PASSED    NAC:2209/x8A1 TDU
22:43:45  T2 858.4625    PASSED    NAC:2209/x8A1 TDULC CALL TERMINATION BY:3412714
22:43:45  T2 858.4625    PASSED    NAC:2209/x8A1 TDULC CALL TERMINATION BY:3412714
22:43:45  T2 858.4625    PASSED    NAC:2209/x8A1 TDU
22:43:45  T2 858.4625    PASSED    NAC:2209/x8A1 TDU
22:43:45  T2 858.4625    PASSED    NAC:2209/x8A1 TDULC GROUP VOICE CHANNEL UPDATE TALKGROUP A:402 CHAN A:0-1117
22:43:45  T2 858.4625    PASSED    NAC:2209/x8A1 TDU
22:43:45  T2 858.4625    PASSED    NAC:2209/x8A1 TDU
22:43:45  T2 858.4625    PASSED    NAC:2209/x8A1 TDU
22:43:45  T2 858.4625    PASSED    NAC:2209/x8A1 PDU RESPONSE TO:3599077 ALL BLOCKS RECEIVED
22:43:45  T2 858.4625    PASSED    NAC:2209/x8A1 TDU
22:43:45  T2 858.4625    PASSED    NAC:2209/x8A1 TDU
22:43:45  T2 858.4625    PASSED    NAC:2209/x8A1 TDULC RFSS STATUS BROADCAST LRA:0/x00 SYSTEM:2208/x8A0 SITE:1/x01-1/x01 CHAN:0-1593 SERVICE OPTIONS:[DATA, VOICE, REGISTRATION]
22:43:45  T2 858.4625    PASSED    NAC:2209/x8A1 TDULC GROUP VOICE CHANNEL UPDATE TALKGROUP A:402 CHAN A:0-1117
22:43:45  T2 858.4625    PASSED    NAC:2209/x8A1 TDULC RFSS STATUS BROADCAST LRA:0/x00 SYSTEM:2208/x8A0 SITE:1/x01-1/x01 CHAN:0-1593 SERVICE OPTIONS:[DATA, VOICE, REGISTRATION]
22:43:45  T2 858.4625    PASSED    NAC:2209/x8A1 TDULC GROUP VOICE CHANNEL UPDATE TALKGROUP A:402 CHAN A:0-1117
22:43:45  T2 858.4625    PASSED    NAC:2209/x8A1 TDULC RFSS STATUS BROADCAST LRA:0/x00 SYSTEM:2208/x8A0 SITE:1/x01-1/x01 CHAN:0-1593 SERVICE OPTIONS:[DATA, VOICE, REGISTRATION]
22:43:45  T2 858.4625    PASSED    NAC:2209/x8A1 TDULC RFSS STATUS BROADCAST LRA:0/x00 SYSTEM:2208/x8A0 SITE:1/x01-1/x01 CHAN:0-1593 SERVICE OPTIONS:[DATA, VOICE, REGISTRATION]
22:43:45  T2 858.4625    PASSED    NAC:2209/x8A1 TDULC RFSS STATUS BROADCAST LRA:0/x00 SYSTEM:2208/x8A0 SITE:1/x01-1/x01 CHAN:0-1593 SERVICE OPTIONS:[DATA, VOICE, REGISTRATION]
22:43:45  T2 858.4625    PASSED    NAC:2209/x8A1 TDULC RFSS STATUS BROADCAST LRA:0/x00 SYSTEM:2208/x8A0 SITE:1/x01-1/x01 CHAN:0-1593 SERVICE OPTIONS:[DATA, VOICE, REGISTRATION]
22:43:46  CC             PASSED    NAC:2209/x8A1 TSBK1 IDEN_UPDATE ID:1 OFFSET:30000000 SPACING:6250 BASE:762006250 FDMA BW:12500
22:43:46  CC             PASSED    NAC:2209/x8A1 TSBK2 SNDCP_DCH_ANN_EX CHAN:0-1193/----- AUTONOMOUS/REQUESTED-ACCESS DAC:1 **:0 SERVICE OPTIONS:NSAPI:0 HALF DUPLEX CIRCUIT MODE
22:43:46  CC             PASSED    NAC:2209/x8A1 TSBK1 MOTOROLA TDMA DATA CHANNEL NOT ACTIVE MSG:1690423FFFFFFFFF0000D458
22:43:46  CC             PASSED    NAC:2209/x8A1 TSBK2 MOTOROLA TRAFFIC CHANNEL 059040C0C00000000800669F
22:43:46  CC             PASSED    NAC:2209/x8A1 TSBK3 TDMA_SYNC_BCST SYSTEM TIME UNLOCKED: 2026-04-18 21:47:33.375 -0500 LEAP-SECOND CORRECTION:0.0mS MICROSLOT-MINUTE ROLLOVER:SLOW
22:43:46  CC             PASSED    NAC:2209/x8A1 TSBK1 SEC_CCH_BROADCST RFSS:1/x01 SITE:1/x01 CHAN A:0-1277 SERVICE OPTIONS:[BACKUP CONTROL CHANNEL] CHAN B:0-1509 SERVICE OPTIONS:[BACKUP CONTROL CHANNEL]
22:43:46  CC             PASSED    NAC:2209/x8A1 TSBK2 MOTOROLA SYSTEM LOADING MOTOROLA MSG:09901040000000000000D6E5
22:43:46  CC             PASSED    NAC:2209/x8A1 TSBK3 IDEN_UPDATE_TDMA ID:3 OFFSET:30000000 SPACING:12500 BASE:762006250 TDMA BW:12500 TIMESLOTS:2 VOCODER:HALF_RATE
22:43:46  CC             PASSED    NAC:2209/x8A1 TSBK1 RFSS_STATUS_BCST SYSTEM:2208/x8A0 RFSS:1/x01 SITE:1/x01 LRA:0/x00 CHAN:0-1593 ACTIVE NETWORK CONNECTION SERVICE OPTIONS:[DATA, VOICE, REGISTRATION]
22:43:46  CC             PASSED    NAC:2209/x8A1 TSBK2 NET_STATUS_BCAST WACN:781824/xBEE00 SYSTEM:2208/x8A0 LRA:0/x00 CHAN:0-1593 SERVICES:[DATA, VOICE, REGISTRATION]
22:43:46  CC             PASSED    NAC:2209/x8A1 TSBK3 SNDCP_DCH_PAG_RQ FM:3412538 TO:65535 NSAPI:1 HALF DUPLEX CIRCUIT MODE
22:43:46  CC             PASSED    NAC:2209/x8A1 TSBK1 IDEN_UPDATE ID:4 OFFSET:-39000000 SPACING:12500 BASE:935012500 FDMA BW:12500
22:43:46  CC             PASSED    NAC:2209/x8A1 TSBK2 SNDCP_DCH_ANN_EX CHAN:0-1193/----- AUTONOMOUS/REQUESTED-ACCESS DAC:1 **:0 SERVICE OPTIONS:NSAPI:0 HALF DUPLEX CIRCUIT MODE
22:43:46  CC             PASSED    NAC:2209/x8A1 TSBK3 IDEN_UPDATE_TDMA ID:5 OFFSET:-39000000 SPACING:12500 BASE:935012500 TDMA BW:12500 TIMESLOTS:2 VOCODER:HALF_RATE
22:43:46  CC             PASSED    NAC:2209/x8A1 TSBK1 MOTOROLA TDMA DATA CHANNEL NOT ACTIVE MSG:1690423FFFFFFFFF0000D458
22:43:46  CC             PASSED    NAC:2209/x8A1 TSBK2 MOTOROLA TRAFFIC CHANNEL 059040C0C00000000800669F
22:43:46  CC             PASSED    NAC:2209/x8A1 TSBK3 TDMA_SYNC_BCST SYSTEM TIME UNLOCKED: 2026-04-18 21:47:33.675 -0500 LEAP-SECOND CORRECTION:0.0mS MICROSLOT-MINUTE ROLLOVER:SLOW
22:43:46  CC             PASSED    NAC:2209/x8A1 TSBK1 SEC_CCH_BROADCST RFSS:1/x01 SITE:1/x01 CHAN A:0-1509 SERVICE OPTIONS:[BACKUP CONTROL CHANNEL] CHAN B:0-1349 SERVICE OPTIONS:[BACKUP CONTROL CHANNEL]
22:43:46  CC             PASSED    NAC:2209/x8A1 TSBK2 MOTOROLA SYSTEM LOADING MOTOROLA MSG:09900F00000000000000EF7F
22:43:46  CC             PASSED    NAC:2209/x8A1 TSBK3 SNDCP_DCH_GRANT TO:3412538 CHAN:0-1193 SERVICE OPTIONS:NSAPI:1 HALF DUPLEX CIRCUIT MODE
22:43:46  CC             PASSED    NAC:2209/x8A1 TSBK1 IDEN_UPDATE ID:0 OFFSET:-45000000 SPACING:6250 BASE:851006250 FDMA BW:12500
22:43:46  CC             PASSED    NAC:2209/x8A1 TSBK2 RFSS_STATUS_BCST SYSTEM:2208/x8A0 RFSS:1/x01 SITE:1/x01 LRA:0/x00 CHAN:0-1593 ACTIVE NETWORK CONNECTION SERVICE OPTIONS:[DATA, VOICE, REGISTRATION]
22:43:46  CC             PASSED    NAC:2209/x8A1 TSBK3 SNDCP_DCH_GRANT TO:3412538 CHAN:0-1193 SERVICE OPTIONS:NSAPI:1 HALF DUPLEX CIRCUIT MODE
22:43:46  CC             PASSED    NAC:2209/x8A1 TSBK1 CCH BASE STAT ID CHAN:0-1593 CWID:
22:43:46  CC             PASSED    NAC:2209/x8A1 TSBK2 NET_STATUS_BCAST WACN:781824/xBEE00 SYSTEM:2208/x8A0 LRA:0/x00 CHAN:0-1593 SERVICES:[DATA, VOICE, REGISTRATION]
22:43:46  CC             PASSED    NAC:2209/x8A1 TSBK3 SNDCP_DCH_GRANT TO:3412538 CHAN:0-1193 SERVICE OPTIONS:NSAPI:1 HALF DUPLEX CIRCUIT MODE
22:43:46  CC             PASSED    NAC:2209/x8A1 TSBK1 IDEN_UPDATE ID:1 OFFSET:30000000 SPACING:6250 BASE:762006250 FDMA BW:12500
22:43:46  CC             PASSED    NAC:2209/x8A1 TSBK2 SNDCP_DCH_ANN_EX CHAN:0-1193/----- AUTONOMOUS/REQUESTED-ACCESS DAC:1 **:0 SERVICE OPTIONS:NSAPI:0 HALF DUPLEX CIRCUIT MODE
22:43:46  CC             PASSED    NAC:2209/x8A1 TSBK3 IDEN_UPDATE_TDMA ID:2 OFFSET:-45000000 SPACING:12500 BASE:851012500 TDMA BW:12500 TIMESLOTS:2 VOCODER:HALF_RATE
22:43:46  CC             PASSED    NAC:2209/x8A1 TSBK1 MOTOROLA TDMA DATA CHANNEL NOT ACTIVE MSG:1690423FFFFFFFFF0000D458
22:43:46  CC             PASSED    NAC:2209/x8A1 TSBK2 MOTOROLA TRAFFIC CHANNEL 059040C0C00000000800669F
22:43:46  CC             PASSED    NAC:2209/x8A1 TSBK3 TDMA_SYNC_BCST SYSTEM TIME UNLOCKED: 2026-04-18 21:47:34.050 -0500 LEAP-SECOND CORRECTION:0.0mS MICROSLOT-MINUTE ROLLOVER:SLOW
22:43:46  CC             PASSED    NAC:2209/x8A1 TSBK1 SEC_CCH_BROADCST RFSS:1/x01 SITE:1/x01 CHAN A:0-1349 SERVICE OPTIONS:[BACKUP CONTROL CHANNEL] CHAN B:0-1277 SERVICE OPTIONS:[BACKUP CONTROL CHANNEL]
22:43:46  CC             PASSED    NAC:2209/x8A1 TSBK2 MOTOROLA SYSTEM LOADING MOTOROLA MSG:099012C0000000000000F2BA
22:43:46  CC             PASSED    NAC:2209/x8A1 TSBK3 IDEN_UPDATE_TDMA ID:3 OFFSET:30000000 SPACING:12500 BASE:762006250 TDMA BW:12500 TIMESLOTS:2 VOCODER:HALF_RATE
22:43:46  CC             PASSED    NAC:2209/x8A1 TSBK1 RFSS_STATUS_BCST SYSTEM:2208/x8A0 RFSS:1/x01 SITE:1/x01 LRA:0/x00 CHAN:0-1593 ACTIVE NETWORK CONNECTION SERVICE OPTIONS:[DATA, VOICE, REGISTRATION]
22:43:46  CC             PASSED    NAC:2209/x8A1 TSBK2 NET_STATUS_BCAST WACN:781824/xBEE00 SYSTEM:2208/x8A0 LRA:0/x00 CHAN:0-1593 SERVICES:[DATA, VOICE, REGISTRATION]
22:43:46  CC             PASSED    NAC:2209/x8A1 TSBK3 IDEN_UPDATE ID:4 OFFSET:-39000000 SPACING:12500 BASE:935012500 FDMA BW:12500
22:43:46  CC             PASSED    NAC:2209/x8A1 TSBK1 SNDCP_DCH_ANN_EX CHAN:0-1193/----- AUTONOMOUS/REQUESTED-ACCESS DAC:1 **:0 SERVICE OPTIONS:NSAPI:0 HALF DUPLEX CIRCUIT MODE
22:43:46  CC             PASSED    NAC:2209/x8A1 TSBK2 IDEN_UPDATE_TDMA ID:5 OFFSET:-39000000 SPACING:12500 BASE:935012500 TDMA BW:12500 TIMESLOTS:2 VOCODER:HALF_RATE
22:43:46  CC             PASSED    NAC:2209/x8A1 TSBK3 MOTOROLA TDMA DATA CHANNEL NOT ACTIVE MSG:9690423FFFFFFFFF0000306C
22:43:46  T2 858.4625    PASSED    NAC:2209/x8A1 TDULC RFSS STATUS BROADCAST LRA:0/x00 SYSTEM:2208/x8A0 SITE:1/x01-1/x01 CHAN:0-1593 SERVICE OPTIONS:[DATA, VOICE, REGISTRATION]
22:43:46  T2 858.4625    PASSED    NAC:2209/x8A1 TDULC RFSS STATUS BROADCAST LRA:0/x00 SYSTEM:2208/x8A0 SITE:1/x01-1/x01 CHAN:0-1593 SERVICE OPTIONS:[DATA, VOICE, REGISTRATION]
22:43:46  T2 858.4625    PASSED    NAC:2209/x8A1 TDULC RFSS STATUS BROADCAST LRA:0/x00 SYSTEM:2208/x8A0 SITE:1/x01-1/x01 CHAN:0-1593 SERVICE OPTIONS:[DATA, VOICE, REGISTRATION]
22:43:46  T2 858.4625    PASSED    NAC:2209/x8A1 TDULC RFSS STATUS BROADCAST LRA:0/x00 SYSTEM:2208/x8A0 SITE:1/x01-1/x01 CHAN:0-1593 SERVICE OPTIONS:[DATA, VOICE, REGISTRATION]
22:43:46  T2 858.4625    PASSED    NAC:2209/x8A1 TDULC RFSS STATUS BROADCAST LRA:0/x00 SYSTEM:2208/x8A0 SITE:1/x01-1/x01 CHAN:0-1593 SERVICE OPTIONS:[DATA, VOICE, REGISTRATION]
22:43:46  T2 858.4625    PASSED    NAC:2209/x8A1 TDULC RFSS STATUS BROADCAST LRA:0/x00 SYSTEM:2208/x8A0 SITE:1/x01-1/x01 CHAN:0-1593 SERVICE OPTIONS:[DATA, VOICE, REGISTRATION]
22:43:46  T2 858.4625    PASSED    NAC:2209/x8A1 TDULC RFSS STATUS BROADCAST LRA:0/x00 SYSTEM:2208/x8A0 SITE:1/x01-1/x01 CHAN:0-1593 SERVICE OPTIONS:[DATA, VOICE, REGISTRATION]
22:43:46  T2 858.4625    PASSED    NAC:2209/x8A1 TDULC RFSS STATUS BROADCAST LRA:0/x00 SYSTEM:2208/x8A0 SITE:1/x01-1/x01 CHAN:0-1593 SERVICE OPTIONS:[DATA, VOICE, REGISTRATION]
22:43:46  T2 858.4625    PASSED    NAC:2209/x8A1 TDULC RFSS STATUS BROADCAST LRA:0/x00 SYSTEM:2208/x8A0 SITE:1/x01-1/x01 CHAN:0-1593 SERVICE OPTIONS:[DATA, VOICE, REGISTRATION]
22:43:46  T2 858.4625    PASSED    NAC:2209/x8A1 TDULC RFSS STATUS BROADCAST LRA:0/x00 SYSTEM:2208/x8A0 SITE:1/x01-1/x01 CHAN:0-1593 SERVICE OPTIONS:[DATA, VOICE, REGISTRATION]
22:43:46  T2 858.4625    PASSED    NAC:2209/x8A1 TDULC RFSS STATUS BROADCAST LRA:0/x00 SYSTEM:2208/x8A0 SITE:1/x01-1/x01 CHAN:0-1593 SERVICE OPTIONS:[DATA, VOICE, REGISTRATION]
22:43:46  T2 858.4625    PASSED    NAC:2209/x8A1 TDULC RFSS STATUS BROADCAST LRA:0/x00 SYSTEM:2208/x8A0 SITE:1/x01-1/x01 CHAN:0-1593 SERVICE OPTIONS:[DATA, VOICE, REGISTRATION]
22:43:46  T2 858.4625    PASSED    NAC:2209/x8A1 TDULC RFSS STATUS BROADCAST LRA:0/x00 SYSTEM:2208/x8A0 SITE:1/x01-1/x01 CHAN:0-1593 SERVICE OPTIONS:[DATA, VOICE, REGISTRATION]
22:43:46  T2 858.4625    PASSED    NAC:2209/x8A1 TDU
22:43:46  T2 858.4625    PASSED    NAC:2209/x8A1 TDU
22:43:46  T2 858.4625    PASSED    NAC:2209/x8A1 TDU
22:43:46  T2 858.4625    PASSED    NAC:2209/x8A1 IPPKT LLID:3412538 NSAPI:1 IP FROM:10.51.1.116 TO:10.71.204.179 UDP PORT FROM:4001 TO:4001 LRRP TRIGGERED LOCATION START REQUEST ID:13434879 TRIGGER ON GPIO TRIGGER EVERY:130 SECS TRIGGER ON MOVE REQUESTED TOKENS [TIME,REQUEST-64,REQUEST-62,HORIZONTAL DIRECTION,TIMESTAMP,UNRECOGNIZED(10,12,2C,44,9C)]
22:43:46  T2 858.4625    PASSED    NAC:2209/x8A1 TDU
22:43:46  T2 858.4625    PASSED    NAC:2209/x8A1 TDU
22:43:46  T2 858.4625    PASSED    NAC:2209/x8A1 TDULC RFSS STATUS BROADCAST LRA:0/x00 SYSTEM:2208/x8A0 SITE:1/x01-1/x01 CHAN:0-1593 SERVICE OPTIONS:[DATA, VOICE, REGISTRATION]
22:43:46  T2 858.4625    PASSED    NAC:2209/x8A1 TDULC RFSS STATUS BROADCAST LRA:0/x00 SYSTEM:2208/x8A0 SITE:1/x01-1/x01 CHAN:0-1593 SERVICE OPTIONS:[DATA, VOICE, REGISTRATION]
22:43:46  T2 858.4625    PASSED    NAC:2209/x8A1 TDULC RFSS STATUS BROADCAST LRA:0/x00 SYSTEM:2208/x8A0 SITE:1/x01-1/x01 CHAN:0-1593 SERVICE OPTIONS:[DATA, VOICE, REGISTRATION]
22:43:46  T2 858.4625    PASSED    NAC:2209/x8A1 TDULC RFSS STATUS BROADCAST LRA:0/x00 SYSTEM:2208/x8A0 SITE:1/x01-1/x01 CHAN:0-1593 SERVICE OPTIONS:[DATA, VOICE, REGISTRATION]
22:43:46  T2 858.4625    PASSED    NAC:2209/x8A1 TDU
22:43:46  T2 858.4625    PASSED    NAC:2209/x8A1 TDU
22:43:46  T2 858.4625    PASSED    NAC:2209/x8A1 TDU
22:43:47  CC             PASSED    NAC:2209/x8A1 TSBK1 MOTOROLA TRAFFIC CHANNEL 059040C0C00000000800669F
22:43:47  CC             PASSED    NAC:2209/x8A1 TSBK2 TDMA_SYNC_BCST SYSTEM TIME UNLOCKED: 2026-04-18 21:47:34.350 -0500 LEAP-SECOND CORRECTION:0.0mS MICROSLOT-MINUTE ROLLOVER:SLOW
22:43:47  CC             PASSED    NAC:2209/x8A1 TSBK3 SEC_CCH_BROADCST RFSS:1/x01 SITE:1/x01 CHAN A:0-1277 SERVICE OPTIONS:[BACKUP CONTROL CHANNEL] CHAN B:0-1509 SERVICE OPTIONS:[BACKUP CONTROL CHANNEL]
22:43:47  CC             PASSED    NAC:2209/x8A1 TSBK1 MOTOROLA SYSTEM LOADING MOTOROLA MSG:09900DC000000000000016CC
22:43:47  CC             PASSED    NAC:2209/x8A1 TSBK2 IDEN_UPDATE ID:0 OFFSET:-45000000 SPACING:6250 BASE:851006250 FDMA BW:12500
22:43:47  CC             PASSED    NAC:2209/x8A1 TSBK3 CCH BASE STAT ID CHAN:0-1593 CWID:
22:43:47  CC             PASSED    NAC:2209/x8A1 TSBK1 RFSS_STATUS_BCST SYSTEM:2208/x8A0 RFSS:1/x01 SITE:1/x01 LRA:0/x00 CHAN:0-1593 ACTIVE NETWORK CONNECTION SERVICE OPTIONS:[DATA, VOICE, REGISTRATION]
22:43:47  CC             PASSED    NAC:2209/x8A1 TSBK2 NET_STATUS_BCAST WACN:781824/xBEE00 SYSTEM:2208/x8A0 LRA:0/x00 CHAN:0-1593 SERVICES:[DATA, VOICE, REGISTRATION]
22:43:47  CC             PASSED    NAC:2209/x8A1 TSBK3 IDEN_UPDATE ID:1 OFFSET:30000000 SPACING:6250 BASE:762006250 FDMA BW:12500
22:43:47  CC             PASSED    NAC:2209/x8A1 TSBK1 SNDCP_DCH_ANN_EX CHAN:0-1193/----- AUTONOMOUS/REQUESTED-ACCESS DAC:1 **:0 SERVICE OPTIONS:NSAPI:0 HALF DUPLEX CIRCUIT MODE
22:43:47  CC             PASSED    NAC:2209/x8A1 TSBK2 IDEN_UPDATE_TDMA ID:2 OFFSET:-45000000 SPACING:12500 BASE:851012500 TDMA BW:12500 TIMESLOTS:2 VOCODER:HALF_RATE
22:43:47  CC             PASSED    NAC:2209/x8A1 TSBK3 MOTOROLA TDMA DATA CHANNEL NOT ACTIVE MSG:9690423FFFFFFFFF0000306C
22:43:47  CC             PASSED    NAC:2209/x8A1 TSBK1 MOTOROLA TRAFFIC CHANNEL 059040C0C00000000800669F
22:43:47  CC             PASSED    NAC:2209/x8A1 TSBK2 TDMA_SYNC_BCST SYSTEM TIME UNLOCKED: 2026-04-18 21:47:34.650 -0500 LEAP-SECOND CORRECTION:0.0mS MICROSLOT-MINUTE ROLLOVER:SLOW
22:43:47  CC             PASSED    NAC:2209/x8A1 TSBK3 SEC_CCH_BROADCST RFSS:1/x01 SITE:1/x01 CHAN A:0-1509 SERVICE OPTIONS:[BACKUP CONTROL CHANNEL] CHAN B:0-1349 SERVICE OPTIONS:[BACKUP CONTROL CHANNEL]
22:43:47  CC             PASSED    NAC:2209/x8A1 TSBK1 MOTOROLA SYSTEM LOADING MOTOROLA MSG:09900F00000000000000EF7F
22:43:47  CC             PASSED    NAC:2209/x8A1 TSBK2 IDEN_UPDATE_TDMA ID:3 OFFSET:30000000 SPACING:12500 BASE:762006250 TDMA BW:12500 TIMESLOTS:2 VOCODER:HALF_RATE
22:43:47  CC             PASSED    NAC:2209/x8A1 TSBK3 RFSS_STATUS_BCST SYSTEM:2208/x8A0 RFSS:1/x01 SITE:1/x01 LRA:0/x00 CHAN:0-1593 ACTIVE NETWORK CONNECTION SERVICE OPTIONS:[DATA, VOICE, REGISTRATION]
22:43:47  CC             PASSED    NAC:2209/x8A1 TSBK1 NET_STATUS_BCAST WACN:781824/xBEE00 SYSTEM:2208/x8A0 LRA:0/x00 CHAN:0-1593 SERVICES:[DATA, VOICE, REGISTRATION]
22:43:47  CC             PASSED    NAC:2209/x8A1 TSBK2 IDEN_UPDATE ID:4 OFFSET:-39000000 SPACING:12500 BASE:935012500 FDMA BW:12500
22:43:47  CC             PASSED    NAC:2209/x8A1 TSBK3 SNDCP_DCH_ANN_EX CHAN:0-1193/----- AUTONOMOUS/REQUESTED-ACCESS DAC:1 **:0 SERVICE OPTIONS:NSAPI:0 HALF DUPLEX CIRCUIT MODE
22:43:47  CC             PASSED    NAC:2209/x8A1 TSBK1 IDEN_UPDATE_TDMA ID:5 OFFSET:-39000000 SPACING:12500 BASE:935012500 TDMA BW:12500 TIMESLOTS:2 VOCODER:HALF_RATE
22:43:47  CC             PASSED    NAC:2209/x8A1 TSBK2 MOTOROLA TDMA DATA CHANNEL NOT ACTIVE MSG:1690423FFFFFFFFF0000D458
22:43:47  CC             PASSED    NAC:2209/x8A1 TSBK3 MOTOROLA TRAFFIC CHANNEL 859040C0C0000000080082AB
22:43:47  CC             PASSED    NAC:2209/x8A1 TSBK1 TDMA_SYNC_BCST SYSTEM TIME UNLOCKED: 2026-04-18 21:47:34.950 -0500 LEAP-SECOND CORRECTION:0.0mS MICROSLOT-MINUTE ROLLOVER:SLOW
22:43:47  CC             PASSED    NAC:2209/x8A1 TSBK2 SEC_CCH_BROADCST RFSS:1/x01 SITE:1/x01 CHAN A:0-1349 SERVICE OPTIONS:[BACKUP CONTROL CHANNEL] CHAN B:0-1277 SERVICE OPTIONS:[BACKUP CONTROL CHANNEL]
22:43:47  CC             PASSED    NAC:2209/x8A1 TSBK3 MOTOROLA SYSTEM LOADING MOTOROLA MSG:89900DC0000000000000F2F8
22:43:47  CC             PASSED    NAC:2209/x8A1 TSBK1 CCH BASE STAT ID CHAN:0-1593 CWID:
22:43:47  CC             PASSED    NAC:2209/x8A1 TSBK2 IDEN_UPDATE ID:0 OFFSET:-45000000 SPACING:6250 BASE:851006250 FDMA BW:12500
22:43:47  CC             PASSED    NAC:2209/x8A1 TSBK3 RFSS_STATUS_BCST SYSTEM:2208/x8A0 RFSS:1/x01 SITE:1/x01 LRA:0/x00 CHAN:0-1593 ACTIVE NETWORK CONNECTION SERVICE OPTIONS:[DATA, VOICE, REGISTRATION]
22:43:47  CC             PASSED    NAC:2209/x8A1 TSBK1 NET_STATUS_BCAST WACN:781824/xBEE00 SYSTEM:2208/x8A0 LRA:0/x00 CHAN:0-1593 SERVICES:[DATA, VOICE, REGISTRATION]
22:43:47  CC             PASSED    NAC:2209/x8A1 TSBK2 IDEN_UPDATE ID:1 OFFSET:30000000 SPACING:6250 BASE:762006250 FDMA BW:12500
22:43:47  CC             PASSED    NAC:2209/x8A1 TSBK3 SNDCP_DCH_ANN_EX CHAN:0-1193/----- AUTONOMOUS/REQUESTED-ACCESS DAC:1 **:0 SERVICE OPTIONS:NSAPI:0 HALF DUPLEX CIRCUIT MODE
22:43:47  CC             PASSED    NAC:2209/x8A1 TSBK1 IDEN_UPDATE_TDMA ID:2 OFFSET:-45000000 SPACING:12500 BASE:851012500 TDMA BW:12500 TIMESLOTS:2 VOCODER:HALF_RATE
22:43:47  CC             PASSED    NAC:2209/x8A1 TSBK2 MOTOROLA TDMA DATA CHANNEL NOT ACTIVE MSG:1690423FFFFFFFFF0000D458
22:43:47  CC             PASSED    NAC:2209/x8A1 TSBK3 MOTOROLA TRAFFIC CHANNEL 859040C0C0000000080082AB
22:43:47  CC             PASSED    NAC:2209/x8A1 TSBK1 TDMA_SYNC_BCST SYSTEM TIME UNLOCKED: 2026-04-18 21:47:35.250 -0500 LEAP-SECOND CORRECTION:0.0mS MICROSLOT-MINUTE ROLLOVER:SLOW
22:43:47  CC             PASSED    NAC:2209/x8A1 TSBK2 SEC_CCH_BROADCST RFSS:1/x01 SITE:1/x01 CHAN A:0-1277 SERVICE OPTIONS:[BACKUP CONTROL CHANNEL] CHAN B:0-1509 SERVICE OPTIONS:[BACKUP CONTROL CHANNEL]
22:43:47  CC             PASSED    NAC:2209/x8A1 TSBK3 MOTOROLA SYSTEM LOADING MOTOROLA MSG:89900F000000000000000B4B
22:43:47  CC             PASSED    NAC:2209/x8A1 TSBK2 RFSS_STATUS_BCST SYSTEM:2208/x8A0 RFSS:1/x01 SITE:1/x01 LRA:0/x00 CHAN:0-1593 ACTIVE NETWORK CONNECTION SERVICE OPTIONS:[DATA, VOICE, REGISTRATION]
22:43:47  T2 858.4625    PASSED    NAC:2209/x8A1 PDU RESPONSE TO:3402127 SELECTIVE RETRY - RESEND BLOCKS [2, 3]
22:43:47  T2 858.4625    PASSED    NAC:2209/x8A1 TDU
22:43:47  T2 858.4625    PASSED    NAC:2209/x8A1 TDU
22:43:47  T2 858.4625    PASSED    NAC:2209/x8A1 TDULC RFSS STATUS BROADCAST LRA:0/x00 SYSTEM:2208/x8A0 SITE:1/x01-1/x01 CHAN:0-1593 SERVICE OPTIONS:[DATA, VOICE, REGISTRATION]
22:43:47  T2 858.4625    PASSED    NAC:2209/x8A1 TDULC RFSS STATUS BROADCAST LRA:0/x00 SYSTEM:2208/x8A0 SITE:1/x01-1/x01 CHAN:0-1593 SERVICE OPTIONS:[DATA, VOICE, REGISTRATION]
22:43:47  T2 858.4625    PASSED    NAC:2209/x8A1 TDU
22:43:47  T2 858.4625    PASSED    NAC:2209/x8A1 TDU
22:43:47  T2 858.4625    PASSED    NAC:2209/x8A1 TDU
22:43:47  T2 858.4625    PASSED    NAC:2209/x8A1 PDU RESPONSE TO:3412538 ALL BLOCKS RECEIVED
22:43:47  T2 858.4625    PASSED    NAC:2209/x8A1 TDU
22:43:47  T2 858.4625    PASSED    NAC:2209/x8A1 TDU
22:43:47  T2 858.4625    PASSED    NAC:2209/x8A1 TDULC RFSS STATUS BROADCAST LRA:0/x00 SYSTEM:2208/x8A0 SITE:1/x01-1/x01 CHAN:0-1593 SERVICE OPTIONS:[DATA, VOICE, REGISTRATION]
22:43:47  T2 858.4625    PASSED    NAC:2209/x8A1 TDULC RFSS STATUS BROADCAST LRA:0/x00 SYSTEM:2208/x8A0 SITE:1/x01-1/x01 CHAN:0-1593 SERVICE OPTIONS:[DATA, VOICE, REGISTRATION]
22:43:47  T2 858.4625    PASSED    <-> SYNC LOSS - BITS PROCESSED [1872]
22:43:47  T2 858.4625    PASSED    NAC:2209/x8A1 TDU
22:43:47  T2 858.4625    PASSED    NAC:2209/x8A1 TDU
22:43:47  T2 858.4625    PASSED    NAC:2209/x8A1 TDULC RFSS STATUS BROADCAST LRA:0/x00 SYSTEM:2208/x8A0 SITE:1/x01-1/x01 CHAN:0-1593 SERVICE OPTIONS:[DATA, VOICE, REGISTRATION]
22:43:47  T2 858.4625    PASSED    NAC:2209/x8A1 TDU
22:43:47  T2 858.4625    PASSED    NAC:2209/x8A1 TDU
22:43:47  T2 858.4625    PASSED    NAC:2209/x8A1 TDU
22:43:47  T2 858.4625    PASSED    NAC:2209/x8A1 PDU RESPONSE TO:3412538 ALL BLOCKS RECEIVED
22:43:47  T2 858.4625    PASSED    NAC:2209/x8A1 TDU
22:43:47  T2 858.4625    PASSED    NAC:2209/x8A1 TDU
22:43:47  T2 858.4625    PASSED    NAC:2209/x8A1 TDULC RFSS STATUS BROADCAST LRA:0/x00 SYSTEM:2208/x8A0 SITE:1/x01-1/x01 CHAN:0-1593 SERVICE OPTIONS:[DATA, VOICE, REGISTRATION]
22:43:47  T2 858.4625    PASSED    NAC:2209/x8A1 TDULC RFSS STATUS BROADCAST LRA:0/x00 SYSTEM:2208/x8A0 SITE:1/x01-1/x01 CHAN:0-1593 SERVICE OPTIONS:[DATA, VOICE, REGISTRATION]
22:43:47  T2 858.4625    PASSED    NAC:2209/x8A1 TDULC RFSS STATUS BROADCAST LRA:0/x00 SYSTEM:2208/x8A0 SITE:1/x01-1/x01 CHAN:0-1593 SERVICE OPTIONS:[DATA, VOICE, REGISTRATION]
22:43:47  T2 858.4625    PASSED    NAC:2209/x8A1 TDULC RFSS STATUS BROADCAST LRA:0/x00 SYSTEM:2208/x8A0 SITE:1/x01-1/x01 CHAN:0-1593 SERVICE OPTIONS:[DATA, VOICE, REGISTRATION]
22:43:47  T2 858.4625    PASSED    NAC:2209/x8A1 TDULC RFSS STATUS BROADCAST LRA:0/x00 SYSTEM:2208/x8A0 SITE:1/x01-1/x01 CHAN:0-1593 SERVICE OPTIONS:[DATA, VOICE, REGISTRATION]
22:43:48  CC             PASSED    NAC:2209/x8A1 TSBK1 IDEN_UPDATE_TDMA ID:3 OFFSET:30000000 SPACING:12500 BASE:762006250 TDMA BW:12500 TIMESLOTS:2 VOCODER:HALF_RATE
22:43:48  CC             PASSED    NAC:2209/x8A1 TSBK3 NET_STATUS_BCAST WACN:781824/xBEE00 SYSTEM:2208/x8A0 LRA:0/x00 CHAN:0-1593 SERVICES:[DATA, VOICE, REGISTRATION]
22:43:48  CC             PASSED    NAC:2209/x8A1 TSBK1 IDEN_UPDATE ID:4 OFFSET:-39000000 SPACING:12500 BASE:935012500 FDMA BW:12500
22:43:48  CC             PASSED    NAC:2209/x8A1 TSBK2 SNDCP_DCH_ANN_EX CHAN:0-1193/----- AUTONOMOUS/REQUESTED-ACCESS DAC:1 **:0 SERVICE OPTIONS:NSAPI:0 HALF DUPLEX CIRCUIT MODE
22:43:48  CC             PASSED    NAC:2209/x8A1 TSBK3 IDEN_UPDATE_TDMA ID:5 OFFSET:-39000000 SPACING:12500 BASE:935012500 TDMA BW:12500 TIMESLOTS:2 VOCODER:HALF_RATE
22:43:48  CC             PASSED    NAC:2209/x8A1 TSBK1 MOTOROLA TDMA DATA CHANNEL NOT ACTIVE MSG:1690423FFFFFFFFF0000D458
22:43:48  CC             PASSED    NAC:2209/x8A1 TSBK2 GRP_VCH_GRANT FM:1003 TO:402 CHAN:0-1189 PRI4 ENCRYPTED CIRCUIT
22:43:48  CC             PASSED    NAC:2209/x8A1 TSBK3 MOTOROLA TRAFFIC CHANNEL 859040C0C0000000080082AB
22:43:48  CC             PASSED    NAC:2209/x8A1 TSBK1 TDMA_SYNC_BCST SYSTEM TIME UNLOCKED: 2026-04-18 21:47:35.550 -0500 LEAP-SECOND CORRECTION:0.0mS MICROSLOT-MINUTE ROLLOVER:SLOW
22:43:48  CC             PASSED    NAC:2209/x8A1 TSBK2 GRP_VCH_GRANT FM:1003 TO:402 CHAN:0-1189 PRI4 ENCRYPTED CIRCUIT
22:43:48  CC             PASSED    NAC:2209/x8A1 TSBK3 SEC_CCH_BROADCST RFSS:1/x01 SITE:1/x01 CHAN A:0-1509 SERVICE OPTIONS:[BACKUP CONTROL CHANNEL] CHAN B:0-1349 SERVICE OPTIONS:[BACKUP CONTROL CHANNEL]
22:43:48  CC             PASSED    NAC:2209/x8A1 TSBK1 CCH BASE STAT ID CHAN:0-1593 CWID:
22:43:48  CC             PASSED    NAC:2209/x8A1 TSBK2 GRP_VCH_GRNT_UPD GROUP A:402 CHAN A:0-1189
22:43:48  CC             PASSED    NAC:2209/x8A1 TSBK3 MOTOROLA SYSTEM LOADING MOTOROLA MSG:899012C0000000000000168E
22:43:48  CC             PASSED    NAC:2209/x8A1 TSBK1 IDEN_UPDATE ID:0 OFFSET:-45000000 SPACING:6250 BASE:851006250 FDMA BW:12500
22:43:48  CC             PASSED    NAC:2209/x8A1 TSBK2 RFSS_STATUS_BCST SYSTEM:2208/x8A0 RFSS:1/x01 SITE:1/x01 LRA:0/x00 CHAN:0-1593 ACTIVE NETWORK CONNECTION SERVICE OPTIONS:[DATA, VOICE, REGISTRATION]
22:43:48  CC             PASSED    NAC:2209/x8A1 TSBK3 NET_STATUS_BCAST WACN:781824/xBEE00 SYSTEM:2208/x8A0 LRA:0/x00 CHAN:0-1593 SERVICES:[DATA, VOICE, REGISTRATION]
22:43:48  CC             PASSED    NAC:2209/x8A1 TSBK1 IDEN_UPDATE ID:1 OFFSET:30000000 SPACING:6250 BASE:762006250 FDMA BW:12500
22:43:48  CC             PASSED    NAC:2209/x8A1 TSBK2 SNDCP_DCH_ANN_EX CHAN:0-1193/----- AUTONOMOUS/REQUESTED-ACCESS DAC:1 **:0 SERVICE OPTIONS:NSAPI:0 HALF DUPLEX CIRCUIT MODE
22:43:48  CC             PASSED    NAC:2209/x8A1 TSBK3 IDEN_UPDATE_TDMA ID:2 OFFSET:-45000000 SPACING:12500 BASE:851012500 TDMA BW:12500 TIMESLOTS:2 VOCODER:HALF_RATE
22:43:48  CC             PASSED    NAC:2209/x8A1 TSBK1 MOTOROLA TDMA DATA CHANNEL NOT ACTIVE MSG:1690423FFFFFFFFF0000D458
22:43:48  CC             PASSED    NAC:2209/x8A1 TSBK2 ACK_RESPONSE_FNE FM:16777213 TO:3412538 ACKNOWLEDGING:CAN_SRV_REQ
22:43:48  CC             PASSED    NAC:2209/x8A1 TSBK3 MOTOROLA TRAFFIC CHANNEL 859040C0C0000000080082AB
22:43:48  CC             PASSED    NAC:2209/x8A1 TSBK1 TDMA_SYNC_BCST SYSTEM TIME UNLOCKED: 2026-04-18 21:47:35.925 -0500 LEAP-SECOND CORRECTION:0.0mS MICROSLOT-MINUTE ROLLOVER:SLOW
22:43:48  CC             PASSED    NAC:2209/x8A1 TSBK2 ACK_RESPONSE_FNE FM:16777213 TO:3412538 ACKNOWLEDGING:CAN_SRV_REQ
22:43:48  CC             PASSED    NAC:2209/x8A1 TSBK3 SEC_CCH_BROADCST RFSS:1/x01 SITE:1/x01 CHAN A:0-1349 SERVICE OPTIONS:[BACKUP CONTROL CHANNEL] CHAN B:0-1277 SERVICE OPTIONS:[BACKUP CONTROL CHANNEL]
22:43:48  CC             PASSED    NAC:2209/x8A1 TSBK1 GRP_VCH_GRNT_UPD GROUP A:402 CHAN A:0-1189
22:43:48  CC             PASSED    NAC:2209/x8A1 TSBK2 MOTOROLA SYSTEM LOADING MOTOROLA MSG:09901180000000000000E723
22:43:48  CC             PASSED    NAC:2209/x8A1 TSBK3 IDEN_UPDATE_TDMA ID:3 OFFSET:30000000 SPACING:12500 BASE:762006250 TDMA BW:12500 TIMESLOTS:2 VOCODER:HALF_RATE
22:43:48  CC             PASSED    NAC:2209/x8A1 TSBK1 RFSS_STATUS_BCST SYSTEM:2208/x8A0 RFSS:1/x01 SITE:1/x01 LRA:0/x00 CHAN:0-1593 ACTIVE NETWORK CONNECTION SERVICE OPTIONS:[DATA, VOICE, REGISTRATION]
22:43:48  CC             PASSED    NAC:2209/x8A1 TSBK2 NET_STATUS_BCAST WACN:781824/xBEE00 SYSTEM:2208/x8A0 LRA:0/x00 CHAN:0-1593 SERVICES:[DATA, VOICE, REGISTRATION]
22:43:48  CC             PASSED    NAC:2209/x8A1 TSBK3 IDEN_UPDATE ID:4 OFFSET:-39000000 SPACING:12500 BASE:935012500 FDMA BW:12500
22:43:48  CC             PASSED    NAC:2209/x8A1 TSBK1 SNDCP_DCH_ANN_EX CHAN:0-1193/----- AUTONOMOUS/REQUESTED-ACCESS DAC:1 **:0 SERVICE OPTIONS:NSAPI:0 HALF DUPLEX CIRCUIT MODE
22:43:48  CC             PASSED    NAC:2209/x8A1 TSBK2 IDEN_UPDATE_TDMA ID:5 OFFSET:-39000000 SPACING:12500 BASE:935012500 TDMA BW:12500 TIMESLOTS:2 VOCODER:HALF_RATE
22:43:48  CC             PASSED    NAC:2209/x8A1 TSBK3 MOTOROLA TDMA DATA CHANNEL NOT ACTIVE MSG:9690423FFFFFFFFF0000306C
22:43:48  CC             PASSED    NAC:2209/x8A1 TSBK1 MOTOROLA TRAFFIC CHANNEL 059040C0C00000000800669F
22:43:48  CC             PASSED    NAC:2209/x8A1 TSBK2 CCH BASE STAT ID CHAN:0-1593 CWID:
22:43:48  CC             PASSED    NAC:2209/x8A1 TSBK3 TDMA_SYNC_BCST SYSTEM TIME UNLOCKED: 2026-04-18 21:47:36.225 -0500 LEAP-SECOND CORRECTION:0.0mS MICROSLOT-MINUTE ROLLOVER:SLOW
22:43:48  CC             PASSED    NAC:2209/x8A1 TSBK1 SEC_CCH_BROADCST RFSS:1/x01 SITE:1/x01 CHAN A:0-1277 SERVICE OPTIONS:[BACKUP CONTROL CHANNEL] CHAN B:0-1509 SERVICE OPTIONS:[BACKUP CONTROL CHANNEL]
22:43:48  CC             PASSED    NAC:2209/x8A1 TSBK2 GRP_VCH_GRNT_UPD GROUP A:402 CHAN A:0-1189
22:43:48  T2 858.4625    PASSED    NAC:2209/x8A1 TDULC RFSS STATUS BROADCAST LRA:0/x00 SYSTEM:2208/x8A0 SITE:1/x01-1/x01 CHAN:0-1593 SERVICE OPTIONS:[DATA, VOICE, REGISTRATION]
22:43:48  T2 858.4625    PASSED    NAC:2209/x8A1 TDULC RFSS STATUS BROADCAST LRA:0/x00 SYSTEM:2208/x8A0 SITE:1/x01-1/x01 CHAN:0-1593 SERVICE OPTIONS:[DATA, VOICE, REGISTRATION]
22:43:48  T2 858.4625    PASSED    NAC:2209/x8A1 TDULC RFSS STATUS BROADCAST LRA:0/x00 SYSTEM:2208/x8A0 SITE:1/x01-1/x01 CHAN:0-1593 SERVICE OPTIONS:[DATA, VOICE, REGISTRATION]
22:43:48  T2 858.4625    PASSED    NAC:2209/x8A1 TDULC RFSS STATUS BROADCAST LRA:0/x00 SYSTEM:2208/x8A0 SITE:1/x01-1/x01 CHAN:0-1593 SERVICE OPTIONS:[DATA, VOICE, REGISTRATION]
22:43:48  T2 858.4625    PASSED    NAC:2209/x8A1 TDULC GROUP VOICE CHANNEL UPDATE TALKGROUP A:402 CHAN A:0-1189
22:43:48  T2 858.4625    PASSED    NAC:2209/x8A1 TDULC GROUP VOICE CHANNEL UPDATE TALKGROUP A:402 CHAN A:0-1189
22:43:48  T2 858.4625    PASSED    NAC:2209/x8A1 TDULC RFSS STATUS BROADCAST LRA:0/x00 SYSTEM:2208/x8A0 SITE:1/x01-1/x01 CHAN:0-1593 SERVICE OPTIONS:[DATA, VOICE, REGISTRATION]
22:43:48  T2 858.4625    PASSED    NAC:2209/x8A1 TDULC GROUP VOICE CHANNEL UPDATE TALKGROUP A:402 CHAN A:0-1189
22:43:48  T2 858.4625    PASSED    NAC:2209/x8A1 TDULC RFSS STATUS BROADCAST LRA:0/x00 SYSTEM:2208/x8A0 SITE:1/x01-1/x01 CHAN:0-1593 SERVICE OPTIONS:[DATA, VOICE, REGISTRATION]
22:43:48  T2 858.4625    PASSED    NAC:2209/x8A1 TDULC GROUP VOICE CHANNEL UPDATE TALKGROUP A:402 CHAN A:0-1189
22:43:48  T2 858.4625    PASSED    NAC:2209/x8A1 TDULC RFSS STATUS BROADCAST LRA:0/x00 SYSTEM:2208/x8A0 SITE:1/x01-1/x01 CHAN:0-1593 SERVICE OPTIONS:[DATA, VOICE, REGISTRATION]
22:43:48  T2 858.4625    PASSED    NAC:2209/x8A1 TDULC GROUP VOICE CHANNEL UPDATE TALKGROUP A:402 CHAN A:0-1189
22:43:48  T2 858.4625    PASSED    NAC:2209/x8A1 TDULC RFSS STATUS BROADCAST LRA:0/x00 SYSTEM:2208/x8A0 SITE:1/x01-1/x01 CHAN:0-1593 SERVICE OPTIONS:[DATA, VOICE, REGISTRATION]
22:43:48  T2 858.4625    PASSED    NAC:2209/x8A1 TDULC GROUP VOICE CHANNEL UPDATE TALKGROUP A:402 CHAN A:0-1189
22:43:48  T2 858.4625    PASSED    NAC:2209/x8A1 TDULC RFSS STATUS BROADCAST LRA:0/x00 SYSTEM:2208/x8A0 SITE:1/x01-1/x01 CHAN:0-1593 SERVICE OPTIONS:[DATA, VOICE, REGISTRATION]
22:43:48  T2 858.4625    PASSED    NAC:2209/x8A1 TDULC GROUP VOICE CHANNEL UPDATE TALKGROUP A:402 CHAN A:0-1189
22:43:48  T2 858.4625    PASSED    NAC:2209/x8A1 TDULC RFSS STATUS BROADCAST LRA:0/x00 SYSTEM:2208/x8A0 SITE:1/x01-1/x01 CHAN:0-1593 SERVICE OPTIONS:[DATA, VOICE, REGISTRATION]
22:43:48  T2 858.4625    PASSED    NAC:2209/x8A1 TDULC GROUP VOICE CHANNEL UPDATE TALKGROUP A:402 CHAN A:0-1189
22:43:48  T2 858.4625    PASSED    NAC:2209/x8A1 TDULC RFSS STATUS BROADCAST LRA:0/x00 SYSTEM:2208/x8A0 SITE:1/x01-1/x01 CHAN:0-1593 SERVICE OPTIONS:[DATA, VOICE, REGISTRATION]
22:43:48  T2 858.4625    PASSED    NAC:2209/x8A1 TDULC GROUP VOICE CHANNEL UPDATE TALKGROUP A:402 CHAN A:0-1189
22:43:48  T2 858.4625    PASSED    NAC:2209/x8A1 TDULC RFSS STATUS BROADCAST LRA:0/x00 SYSTEM:2208/x8A0 SITE:1/x01-1/x01 CHAN:0-1593 SERVICE OPTIONS:[DATA, VOICE, REGISTRATION]
22:43:48  T2 858.4625    PASSED    NAC:2209/x8A1 TDULC GROUP VOICE CHANNEL UPDATE TALKGROUP A:402 CHAN A:0-1189
22:43:48  T2 858.4625    PASSED    NAC:2209/x8A1 TDULC RFSS STATUS BROADCAST LRA:0/x00 SYSTEM:2208/x8A0 SITE:1/x01-1/x01 CHAN:0-1593 SERVICE OPTIONS:[DATA, VOICE, REGISTRATION]
22:43:48  T3 858.4375    PASSED    <-> SYNC LOSS - BITS PROCESSED [130]
22:43:48  T3 858.4375    PASSED    NAC:2209/x8A1 TDULC GROUP VOICE CHANNEL USER FM:0 TO:402 SERVICE OPTIONS:PRI4 ENCRYPTED CIRCUIT
22:43:48  T3 858.4375    PASSED    NAC:2209/x8A1 TDULC GROUP VOICE CHANNEL USER FM:0 TO:402 SERVICE OPTIONS:PRI4 ENCRYPTED CIRCUIT
22:43:48  T3 858.4375    PASSED    NAC:2209/x8A1 TDULC GROUP VOICE CHANNEL USER FM:0 TO:402 SERVICE OPTIONS:PRI4 ENCRYPTED CIRCUIT
22:43:48  T3 858.4375    PASSED    NAC:2209/x8A1 HDU   TALKGROUP:402 ENCRYPTION:ENCRYPTION:AES-256 KEY:8259 MI:7B9AD7C06B9CCF7000
22:43:48  T3 858.4375    PASSED    NAC:2209/x8A1 LDU1  VOICE LSD:BF96 GROUP VOICE CHANNEL USER FM:0 TO:402 SERVICE OPTIONS:PRI4 ENCRYPTED CIRCUIT
22:43:48  T3 858.4375    PASSED    NAC:2209/x8A1 LDU2  VOICE LSD:973F ENCRYPTION:AES-256 KEY:8259 MSG INDICATOR:2627F7C413C12AF000
22:43:48  T3 858.4375    PASSED    NAC:2209/x8A1 LDU1  VOICE LSD:6AE3 GROUP VOICE CHANNEL USER FM:0 TO:402 SERVICE OPTIONS:PRI4 ENCRYPTED CIRCUIT
22:43:49  CC             PASSED    NAC:2209/x8A1 TSBK3 MOTOROLA SYSTEM LOADING MOTOROLA MSG:8990104000000000000032D1
22:43:49  CC             PASSED    NAC:2209/x8A1 TSBK1 IDEN_UPDATE ID:0 OFFSET:-45000000 SPACING:6250 BASE:851006250 FDMA BW:12500
22:43:49  CC             PASSED    NAC:2209/x8A1 TSBK2 RFSS_STATUS_BCST SYSTEM:2208/x8A0 RFSS:1/x01 SITE:1/x01 LRA:0/x00 CHAN:0-1593 ACTIVE NETWORK CONNECTION SERVICE OPTIONS:[DATA, VOICE, REGISTRATION]
22:43:49  CC             PASSED    NAC:2209/x8A1 TSBK3 NET_STATUS_BCAST WACN:781824/xBEE00 SYSTEM:2208/x8A0 LRA:0/x00 CHAN:0-1593 SERVICES:[DATA, VOICE, REGISTRATION]
22:43:49  CC             PASSED    NAC:2209/x8A1 TSBK1 SNDCP_DCH_PAG_RQ FM:3599074 TO:65535 NSAPI:1 HALF DUPLEX CIRCUIT MODE
22:43:49  CC             PASSED    NAC:2209/x8A1 TSBK2 IDEN_UPDATE ID:1 OFFSET:30000000 SPACING:6250 BASE:762006250 FDMA BW:12500
22:43:49  CC             PASSED    NAC:2209/x8A1 TSBK3 SNDCP_DCH_ANN_EX CHAN:0-1193/----- AUTONOMOUS/REQUESTED-ACCESS DAC:1 **:0 SERVICE OPTIONS:NSAPI:0 HALF DUPLEX CIRCUIT MODE
22:43:49  CC             PASSED    NAC:2209/x8A1 TSBK1 IDEN_UPDATE_TDMA ID:2 OFFSET:-45000000 SPACING:12500 BASE:851012500 TDMA BW:12500 TIMESLOTS:2 VOCODER:HALF_RATE
22:43:49  CC             PASSED    NAC:2209/x8A1 TSBK2 MOTOROLA TDMA DATA CHANNEL NOT ACTIVE MSG:1690423FFFFFFFFF0000D458
22:43:49  CC             PASSED    NAC:2209/x8A1 TSBK3 MOTOROLA TRAFFIC CHANNEL 859040C0C0000000080082AB
22:43:49  CC             PASSED    NAC:2209/x8A1 TSBK1 TDMA_SYNC_BCST SYSTEM TIME UNLOCKED: 2026-04-18 21:47:36.600 -0500 LEAP-SECOND CORRECTION:0.0mS MICROSLOT-MINUTE ROLLOVER:SLOW
22:43:49  CC             PASSED    NAC:2209/x8A1 TSBK2 SEC_CCH_BROADCST RFSS:1/x01 SITE:1/x01 CHAN A:0-1509 SERVICE OPTIONS:[BACKUP CONTROL CHANNEL] CHAN B:0-1349 SERVICE OPTIONS:[BACKUP CONTROL CHANNEL]
22:43:49  CC             PASSED    NAC:2209/x8A1 TSBK3 GRP_VCH_GRNT_UPD GROUP A:402 CHAN A:0-1189
22:43:49  CC             PASSED    NAC:2209/x8A1 TSBK1 MOTOROLA SYSTEM LOADING MOTOROLA MSG:09901040000000000000D6E5
22:43:49  CC             PASSED    NAC:2209/x8A1 TSBK2 IDEN_UPDATE_TDMA ID:3 OFFSET:30000000 SPACING:12500 BASE:762006250 TDMA BW:12500 TIMESLOTS:2 VOCODER:HALF_RATE
22:43:49  CC             PASSED    NAC:2209/x8A1 TSBK3 SNDCP_DCH_GRANT TO:3599074 CHAN:0-1193 SERVICE OPTIONS:NSAPI:1 HALF DUPLEX CIRCUIT MODE
22:43:49  CC             PASSED    NAC:2209/x8A1 TSBK1 RFSS_STATUS_BCST SYSTEM:2208/x8A0 RFSS:1/x01 SITE:1/x01 LRA:0/x00 CHAN:0-1593 ACTIVE NETWORK CONNECTION SERVICE OPTIONS:[DATA, VOICE, REGISTRATION]
22:43:49  CC             PASSED    NAC:2209/x8A1 TSBK2 NET_STATUS_BCAST WACN:781824/xBEE00 SYSTEM:2208/x8A0 LRA:0/x00 CHAN:0-1593 SERVICES:[DATA, VOICE, REGISTRATION]
22:43:49  CC             PASSED    NAC:2209/x8A1 TSBK3 SNDCP_DCH_GRANT TO:3599074 CHAN:0-1193 SERVICE OPTIONS:NSAPI:1 HALF DUPLEX CIRCUIT MODE
22:43:49  CC             PASSED    NAC:2209/x8A1 TSBK1 IDEN_UPDATE ID:4 OFFSET:-39000000 SPACING:12500 BASE:935012500 FDMA BW:12500
22:43:49  CC             PASSED    NAC:2209/x8A1 TSBK2 SNDCP_DCH_ANN_EX CHAN:0-1193/----- AUTONOMOUS/REQUESTED-ACCESS DAC:1 **:0 SERVICE OPTIONS:NSAPI:0 HALF DUPLEX CIRCUIT MODE
22:43:49  CC             PASSED    NAC:2209/x8A1 TSBK3 SNDCP_DCH_GRANT TO:3599074 CHAN:0-1193 SERVICE OPTIONS:NSAPI:1 HALF DUPLEX CIRCUIT MODE
22:43:49  CC             PASSED    NAC:2209/x8A1 TSBK1 IDEN_UPDATE_TDMA ID:5 OFFSET:-39000000 SPACING:12500 BASE:935012500 TDMA BW:12500 TIMESLOTS:2 VOCODER:HALF_RATE
22:43:49  CC             PASSED    NAC:2209/x8A1 TSBK2 CCH BASE STAT ID CHAN:0-1593 CWID:
22:43:49  CC             PASSED    NAC:2209/x8A1 TSBK3 MOTOROLA TDMA DATA CHANNEL NOT ACTIVE MSG:9690423FFFFFFFFF0000306C
22:43:49  CC             PASSED    NAC:2209/x8A1 TSBK1 MOTOROLA TRAFFIC CHANNEL 059040C0C00000000800669F
22:43:49  CC             PASSED    NAC:2209/x8A1 TSBK2 TDMA_SYNC_BCST SYSTEM TIME UNLOCKED: 2026-04-18 21:47:36.975 -0500 LEAP-SECOND CORRECTION:0.0mS MICROSLOT-MINUTE ROLLOVER:SLOW
22:43:49  CC             PASSED    NAC:2209/x8A1 TSBK3 SEC_CCH_BROADCST RFSS:1/x01 SITE:1/x01 CHAN A:0-1349 SERVICE OPTIONS:[BACKUP CONTROL CHANNEL] CHAN B:0-1277 SERVICE OPTIONS:[BACKUP CONTROL CHANNEL]
22:43:49  CC             PASSED    NAC:2209/x8A1 TSBK1 GRP_VCH_GRNT_UPD GROUP A:402 CHAN A:0-1189
22:43:49  CC             PASSED    NAC:2209/x8A1 TSBK2 MOTOROLA SYSTEM LOADING MOTOROLA MSG:099014000000000000000464
22:43:49  CC             PASSED    NAC:2209/x8A1 TSBK3 IDEN_UPDATE ID:0 OFFSET:-45000000 SPACING:6250 BASE:851006250 FDMA BW:12500
22:43:49  CC             PASSED    NAC:2209/x8A1 TSBK1 RFSS_STATUS_BCST SYSTEM:2208/x8A0 RFSS:1/x01 SITE:1/x01 LRA:0/x00 CHAN:0-1593 ACTIVE NETWORK CONNECTION SERVICE OPTIONS:[DATA, VOICE, REGISTRATION]
22:43:49  CC             PASSED    NAC:2209/x8A1 TSBK2 NET_STATUS_BCAST WACN:781824/xBEE00 SYSTEM:2208/x8A0 LRA:0/x00 CHAN:0-1593 SERVICES:[DATA, VOICE, REGISTRATION]
22:43:49  CC             PASSED    NAC:2209/x8A1 TSBK3 IDEN_UPDATE ID:1 OFFSET:30000000 SPACING:6250 BASE:762006250 FDMA BW:12500
22:43:49  CC             PASSED    NAC:2209/x8A1 TSBK1 SNDCP_DCH_ANN_EX CHAN:0-1193/----- AUTONOMOUS/REQUESTED-ACCESS DAC:1 **:0 SERVICE OPTIONS:NSAPI:0 HALF DUPLEX CIRCUIT MODE
22:43:49  CC             PASSED    NAC:2209/x8A1 TSBK2 ACK_RESPONSE_FNE FM:16777213 TO:3416142 ACKNOWLEDGING:GRP_V_REQ
22:43:49  CC             PASSED    NAC:2209/x8A1 TSBK3 IDEN_UPDATE_TDMA ID:2 OFFSET:-45000000 SPACING:12500 BASE:851012500 TDMA BW:12500 TIMESLOTS:2 VOCODER:HALF_RATE
22:43:49  CC             PASSED    NAC:2209/x8A1 TSBK1 MOTOROLA TDMA DATA CHANNEL NOT ACTIVE MSG:1690423FFFFFFFFF0000D458
22:43:49  CC             PASSED    NAC:2209/x8A1 TSBK2 ACK_RESPONSE_FNE FM:16777213 TO:3416142 ACKNOWLEDGING:GRP_V_REQ
22:43:49  CC             PASSED    NAC:2209/x8A1 TSBK3 MOTOROLA TRAFFIC CHANNEL 859040C0C0000000080082AB
22:43:49  T2 858.4625    PASSED    NAC:2209/x8A1 TDULC GROUP VOICE CHANNEL UPDATE TALKGROUP A:402 CHAN A:0-1189
22:43:49  T2 858.4625    PASSED    NAC:2209/x8A1 TDULC RFSS STATUS BROADCAST LRA:0/x00 SYSTEM:2208/x8A0 SITE:1/x01-1/x01 CHAN:0-1593 SERVICE OPTIONS:[DATA, VOICE, REGISTRATION]
22:43:49  T2 858.4625    PASSED    NAC:2209/x8A1 TDULC GROUP VOICE CHANNEL UPDATE TALKGROUP A:402 CHAN A:0-1189
22:43:49  T2 858.4625    PASSED    NAC:2209/x8A1 TDULC RFSS STATUS BROADCAST LRA:0/x00 SYSTEM:2208/x8A0 SITE:1/x01-1/x01 CHAN:0-1593 SERVICE OPTIONS:[DATA, VOICE, REGISTRATION]
22:43:49  T2 858.4625    PASSED    NAC:2209/x8A1 TDULC GROUP VOICE CHANNEL UPDATE TALKGROUP A:402 CHAN A:0-1189
22:43:49  T2 858.4625    PASSED    NAC:2209/x8A1 TDULC RFSS STATUS BROADCAST LRA:0/x00 SYSTEM:2208/x8A0 SITE:1/x01-1/x01 CHAN:0-1593 SERVICE OPTIONS:[DATA, VOICE, REGISTRATION]
22:43:49  T2 858.4625    PASSED    NAC:2209/x8A1 TDULC GROUP VOICE CHANNEL UPDATE TALKGROUP A:402 CHAN A:0-1189
22:43:49  T2 858.4625    PASSED    NAC:2209/x8A1 TDULC RFSS STATUS BROADCAST LRA:0/x00 SYSTEM:2208/x8A0 SITE:1/x01-1/x01 CHAN:0-1593 SERVICE OPTIONS:[DATA, VOICE, REGISTRATION]
22:43:49  T2 858.4625    PASSED    NAC:2209/x8A1 TDULC GROUP VOICE CHANNEL UPDATE TALKGROUP A:402 CHAN A:0-1189
22:43:49  T2 858.4625    PASSED    NAC:2209/x8A1 TDULC RFSS STATUS BROADCAST LRA:0/x00 SYSTEM:2208/x8A0 SITE:1/x01-1/x01 CHAN:0-1593 SERVICE OPTIONS:[DATA, VOICE, REGISTRATION]
22:43:49  T2 858.4625    PASSED    NAC:2209/x8A1 TDULC GROUP VOICE CHANNEL UPDATE TALKGROUP A:402 CHAN A:0-1189
22:43:49  T2 858.4625    PASSED    <-> SYNC LOSS - BITS PROCESSED [1728]
22:43:49  T2 858.4625    PASSED    NAC:2209/x8A1 TDU
22:43:49  T2 858.4625    PASSED    NAC:2209/x8A1 TDULC RFSS STATUS BROADCAST LRA:0/x00 SYSTEM:2208/x8A0 SITE:1/x01-1/x01 CHAN:0-1593 SERVICE OPTIONS:[DATA, VOICE, REGISTRATION]
22:43:49  T2 858.4625    PASSED    NAC:2209/x8A1 TDULC GROUP VOICE CHANNEL UPDATE TALKGROUP A:402 CHAN A:0-1189
22:43:49  T2 858.4625    PASSED    NAC:2209/x8A1 TDULC RFSS STATUS BROADCAST LRA:0/x00 SYSTEM:2208/x8A0 SITE:1/x01-1/x01 CHAN:0-1593 SERVICE OPTIONS:[DATA, VOICE, REGISTRATION]
22:43:49  T2 858.4625    PASSED    NAC:2209/x8A1 TDULC GROUP VOICE CHANNEL UPDATE TALKGROUP A:402 CHAN A:0-1189
22:43:49  T2 858.4625    PASSED    NAC:2209/x8A1 TDULC RFSS STATUS BROADCAST LRA:0/x00 SYSTEM:2208/x8A0 SITE:1/x01-1/x01 CHAN:0-1593 SERVICE OPTIONS:[DATA, VOICE, REGISTRATION]
22:43:49  T2 858.4625    PASSED    NAC:2209/x8A1 TDULC GROUP VOICE CHANNEL UPDATE TALKGROUP A:402 CHAN A:0-1189
22:43:49  T3 858.4375    PASSED    NAC:2209/x8A1 LDU2  VOICE LSD:E99A ENCRYPTION:AES-256 KEY:8259 MSG INDICATOR:5C228535B84FAD8700
22:43:49  T3 858.4375    PASSED    NAC:2209/x8A1 LDU1  VOICE LSD:0000 ***LINK CONTROL CRC FAIL*** GROUP VOICE CHANNEL USER FM:532610 TO:8322 SERVICE OPTIONS:PRI4 ENCRYPTED CIRCUIT
22:43:49  T3 858.4375    PASSED    NAC:2209/x8A1 TDULC GROUP VOICE CHANNEL USER FM:0 TO:402 SERVICE OPTIONS:PRI4 ENCRYPTED CIRCUIT
22:43:49  T3 858.4375    PASSED    NAC:2209/x8A1 TDULC GROUP VOICE CHANNEL USER FM:0 TO:402 SERVICE OPTIONS:PRI4 ENCRYPTED CIRCUIT
22:43:49  T3 858.4375    PASSED    NAC:2209/x8A1 TDULC GROUP VOICE CHANNEL USER FM:0 TO:402 SERVICE OPTIONS:PRI4 ENCRYPTED CIRCUIT
22:43:49  T3 858.4375    PASSED    NAC:2209/x8A1 TDULC GROUP VOICE CHANNEL USER FM:0 TO:402 SERVICE OPTIONS:PRI4 ENCRYPTED CIRCUIT
22:43:49  T3 858.4375    PASSED    NAC:2209/x8A1 TDULC GROUP VOICE CHANNEL USER FM:0 TO:402 SERVICE OPTIONS:PRI4 ENCRYPTED CIRCUIT
22:43:49  T3 858.4375    PASSED    NAC:2209/x8A1 TDULC GROUP VOICE CHANNEL USER FM:0 TO:402 SERVICE OPTIONS:PRI4 ENCRYPTED CIRCUIT
22:43:49  T3 858.4375    PASSED    NAC:2209/x8A1 TDULC GROUP VOICE CHANNEL USER FM:0 TO:402 SERVICE OPTIONS:PRI4 ENCRYPTED CIRCUIT
22:43:49  T3 858.4375    PASSED    NAC:2209/x8A1 TDULC GROUP VOICE CHANNEL USER FM:0 TO:402 SERVICE OPTIONS:PRI4 ENCRYPTED CIRCUIT
22:43:49  T3 858.4375    PASSED    NAC:2209/x8A1 TDULC GROUP VOICE CHANNEL USER FM:0 TO:402 SERVICE OPTIONS:PRI4 ENCRYPTED CIRCUIT
22:43:49  T3 858.4375    PASSED    NAC:2209/x8A1 TDULC GROUP VOICE CHANNEL USER FM:0 TO:402 SERVICE OPTIONS:PRI4 ENCRYPTED CIRCUIT
22:43:49  T3 858.4375    PASSED    NAC:2209/x8A1 TDULC GROUP VOICE CHANNEL USER FM:0 TO:402 SERVICE OPTIONS:PRI4 ENCRYPTED CIRCUIT
22:43:49  T3 858.4375    PASSED    NAC:2209/x8A1 TDULC GROUP VOICE CHANNEL USER FM:0 TO:402 SERVICE OPTIONS:PRI4 ENCRYPTED CIRCUIT
22:43:49  T3 858.4375    PASSED    NAC:2209/x8A1 TDULC GROUP VOICE CHANNEL USER FM:0 TO:402 SERVICE OPTIONS:PRI4 ENCRYPTED CIRCUIT
22:43:49  T3 858.4375    PASSED    NAC:2209/x8A1 TDULC GROUP VOICE CHANNEL USER FM:0 TO:402 SERVICE OPTIONS:PRI4 ENCRYPTED CIRCUIT
22:43:50  CC             PASSED    NAC:2209/x8A1 TSBK1 TDMA_SYNC_BCST SYSTEM TIME UNLOCKED: 2026-04-18 21:47:37.350 -0500 LEAP-SECOND CORRECTION:0.0mS MICROSLOT-MINUTE ROLLOVER:SLOW
22:43:50  CC             PASSED    NAC:2209/x8A1 TSBK2 SEC_CCH_BROADCST RFSS:1/x01 SITE:1/x01 CHAN A:0-1277 SERVICE OPTIONS:[BACKUP CONTROL CHANNEL] CHAN B:0-1509 SERVICE OPTIONS:[BACKUP CONTROL CHANNEL]
22:43:50  CC             PASSED    NAC:2209/x8A1 TSBK3 GRP_VCH_GRANT FM:3416142 TO:402 CHAN:0-1189 PRI4 ENCRYPTED CIRCUIT
22:43:50  CC             PASSED    NAC:2209/x8A1 TSBK1 MOTOROLA SYSTEM LOADING MOTOROLA MSG:09901180000000000000E723
22:43:50  CC             PASSED    NAC:2209/x8A1 TSBK2 IDEN_UPDATE_TDMA ID:3 OFFSET:30000000 SPACING:12500 BASE:762006250 TDMA BW:12500 TIMESLOTS:2 VOCODER:HALF_RATE
22:43:50  CC             PASSED    NAC:2209/x8A1 TSBK3 GRP_VCH_GRANT FM:3416142 TO:402 CHAN:0-1189 PRI4 ENCRYPTED CIRCUIT
22:43:50  CC             PASSED    NAC:2209/x8A1 TSBK1 RFSS_STATUS_BCST SYSTEM:2208/x8A0 RFSS:1/x01 SITE:1/x01 LRA:0/x00 CHAN:0-1593 ACTIVE NETWORK CONNECTION SERVICE OPTIONS:[DATA, VOICE, REGISTRATION]
22:43:50  CC             PASSED    NAC:2209/x8A1 TSBK2 NET_STATUS_BCAST WACN:781824/xBEE00 SYSTEM:2208/x8A0 LRA:0/x00 CHAN:0-1593 SERVICES:[DATA, VOICE, REGISTRATION]
22:43:50  CC             PASSED    NAC:2209/x8A1 TSBK3 GRP_VCH_GRNT_UPD GROUP A:402 CHAN A:0-1189
22:43:50  CC             PASSED    NAC:2209/x8A1 TSBK1 IDEN_UPDATE ID:4 OFFSET:-39000000 SPACING:12500 BASE:935012500 FDMA BW:12500
22:43:50  CC             PASSED    NAC:2209/x8A1 TSBK2 SNDCP_DCH_ANN_EX CHAN:0-1193/----- AUTONOMOUS/REQUESTED-ACCESS DAC:1 **:0 SERVICE OPTIONS:NSAPI:0 HALF DUPLEX CIRCUIT MODE
22:43:50  CC             PASSED    NAC:2209/x8A1 TSBK3 CCH BASE STAT ID CHAN:0-1593 CWID:
22:43:50  CC             PASSED    NAC:2209/x8A1 TSBK1 IDEN_UPDATE_TDMA ID:5 OFFSET:-39000000 SPACING:12500 BASE:935012500 TDMA BW:12500 TIMESLOTS:2 VOCODER:HALF_RATE
22:43:50  CC             PASSED    NAC:2209/x8A1 TSBK2 MOTOROLA TDMA DATA CHANNEL NOT ACTIVE MSG:1690423FFFFFFFFF0000D458
22:43:50  CC             PASSED    NAC:2209/x8A1 TSBK3 MOTOROLA TRAFFIC CHANNEL 859040C0C0000000080082AB
22:43:50  CC             PASSED    NAC:2209/x8A1 TSBK1 TDMA_SYNC_BCST SYSTEM TIME UNLOCKED: 2026-04-18 21:47:37.725 -0500 LEAP-SECOND CORRECTION:0.0mS MICROSLOT-MINUTE ROLLOVER:SLOW
22:43:50  CC             PASSED    NAC:2209/x8A1 TSBK2 SEC_CCH_BROADCST RFSS:1/x01 SITE:1/x01 CHAN A:0-1509 SERVICE OPTIONS:[BACKUP CONTROL CHANNEL] CHAN B:0-1349 SERVICE OPTIONS:[BACKUP CONTROL CHANNEL]
22:43:50  CC             PASSED    NAC:2209/x8A1 TSBK3 MOTOROLA SYSTEM LOADING MOTOROLA MSG:899011800000000000000317
22:43:50  CC             PASSED    NAC:2209/x8A1 TSBK1 IDEN_UPDATE ID:0 OFFSET:-45000000 SPACING:6250 BASE:851006250 FDMA BW:12500
22:43:50  CC             PASSED    NAC:2209/x8A1 TSBK2 RFSS_STATUS_BCST SYSTEM:2208/x8A0 RFSS:1/x01 SITE:1/x01 LRA:0/x00 CHAN:0-1593 ACTIVE NETWORK CONNECTION SERVICE OPTIONS:[DATA, VOICE, REGISTRATION]
22:43:50  CC             PASSED    NAC:2209/x8A1 TSBK3 NET_STATUS_BCAST WACN:781824/xBEE00 SYSTEM:2208/x8A0 LRA:0/x00 CHAN:0-1593 SERVICES:[DATA, VOICE, REGISTRATION]
22:43:50  CC             PASSED    NAC:2209/x8A1 TSBK1 GRP_VCH_GRNT_UPD GROUP A:402 CHAN A:0-1189
22:43:50  CC             PASSED    NAC:2209/x8A1 TSBK2 IDEN_UPDATE ID:1 OFFSET:30000000 SPACING:6250 BASE:762006250 FDMA BW:12500
22:43:50  CC             PASSED    NAC:2209/x8A1 TSBK3 SNDCP_DCH_ANN_EX CHAN:0-1193/----- AUTONOMOUS/REQUESTED-ACCESS DAC:1 **:0 SERVICE OPTIONS:NSAPI:0 HALF DUPLEX CIRCUIT MODE
22:43:50  CC             PASSED    NAC:2209/x8A1 TSBK1 IDEN_UPDATE_TDMA ID:2 OFFSET:-45000000 SPACING:12500 BASE:851012500 TDMA BW:12500 TIMESLOTS:2 VOCODER:HALF_RATE
22:43:50  CC             PASSED    NAC:2209/x8A1 TSBK2 MOTOROLA TDMA DATA CHANNEL NOT ACTIVE MSG:1690423FFFFFFFFF0000D458
22:43:50  CC             PASSED    NAC:2209/x8A1 TSBK3 MOTOROLA TRAFFIC CHANNEL 859040C0C0000000080082AB
22:43:50  CC             PASSED    NAC:2209/x8A1 TSBK1 TDMA_SYNC_BCST SYSTEM TIME UNLOCKED: 2026-04-18 21:47:38.025 -0500 LEAP-SECOND CORRECTION:0.0mS MICROSLOT-MINUTE ROLLOVER:SLOW
22:43:50  CC             PASSED    NAC:2209/x8A1 TSBK2 SEC_CCH_BROADCST RFSS:1/x01 SITE:1/x01 CHAN A:0-1349 SERVICE OPTIONS:[BACKUP CONTROL CHANNEL] CHAN B:0-1277 SERVICE OPTIONS:[BACKUP CONTROL CHANNEL]
22:43:50  CC             PASSED    NAC:2209/x8A1 TSBK3 MOTOROLA SYSTEM LOADING MOTOROLA MSG:89900F000000000000000B4B
22:43:50  CC             PASSED    NAC:2209/x8A1 TSBK1 IDEN_UPDATE_TDMA ID:3 OFFSET:30000000 SPACING:12500 BASE:762006250 TDMA BW:12500 TIMESLOTS:2 VOCODER:HALF_RATE
22:43:50  CC             PASSED    NAC:2209/x8A1 TSBK2 RFSS_STATUS_BCST SYSTEM:2208/x8A0 RFSS:1/x01 SITE:1/x01 LRA:0/x00 CHAN:0-1593 ACTIVE NETWORK CONNECTION SERVICE OPTIONS:[DATA, VOICE, REGISTRATION]
22:43:50  CC             PASSED    NAC:2209/x8A1 TSBK3 NET_STATUS_BCAST WACN:781824/xBEE00 SYSTEM:2208/x8A0 LRA:0/x00 CHAN:0-1593 SERVICES:[DATA, VOICE, REGISTRATION]
22:43:50  CC             PASSED    NAC:2209/x8A1 TSBK1 GRP_VCH_GRNT_UPD GROUP A:402 CHAN A:0-1189
22:43:50  CC             PASSED    NAC:2209/x8A1 TSBK2 CCH BASE STAT ID CHAN:0-1593 CWID:
22:43:50  CC             PASSED    NAC:2209/x8A1 TSBK3 IDEN_UPDATE ID:4 OFFSET:-39000000 SPACING:12500 BASE:935012500 FDMA BW:12500
22:43:50  CC             PASSED    NAC:2209/x8A1 TSBK1 SNDCP_DCH_ANN_EX CHAN:0-1193/----- AUTONOMOUS/REQUESTED-ACCESS DAC:1 **:0 SERVICE OPTIONS:NSAPI:0 HALF DUPLEX CIRCUIT MODE
22:43:50  CC             PASSED    NAC:2209/x8A1 TSBK2 IDEN_UPDATE_TDMA ID:5 OFFSET:-39000000 SPACING:12500 BASE:935012500 TDMA BW:12500 TIMESLOTS:2 VOCODER:HALF_RATE
22:43:50  CC             PASSED    NAC:2209/x8A1 TSBK3 MOTOROLA TDMA DATA CHANNEL NOT ACTIVE MSG:9690423FFFFFFFFF0000306C
22:43:50  T2 858.4625    PASSED    <-> SYNC LOSS - BITS PROCESSED [1728]
22:43:50  T2 858.4625    PASSED    NAC:2209/x8A1 TDU
22:43:50  T2 858.4625    PASSED    NAC:2209/x8A1 TDULC RFSS STATUS BROADCAST LRA:0/x00 SYSTEM:2208/x8A0 SITE:1/x01-1/x01 CHAN:0-1593 SERVICE OPTIONS:[DATA, VOICE, REGISTRATION]
22:43:50  T2 858.4625    PASSED    NAC:2209/x8A1 TDULC GROUP VOICE CHANNEL UPDATE TALKGROUP A:402 CHAN A:0-1189
22:43:50  T2 858.4625    PASSED    NAC:2209/x8A1 TDULC RFSS STATUS BROADCAST LRA:0/x00 SYSTEM:2208/x8A0 SITE:1/x01-1/x01 CHAN:0-1593 SERVICE OPTIONS:[DATA, VOICE, REGISTRATION]
22:43:50  T2 858.4625    PASSED    NAC:2209/x8A1 TDULC GROUP VOICE CHANNEL UPDATE TALKGROUP A:402 CHAN A:0-1189
22:43:50  T2 858.4625    PASSED    NAC:2209/x8A1 TDULC RFSS STATUS BROADCAST LRA:0/x00 SYSTEM:2208/x8A0 SITE:1/x01-1/x01 CHAN:0-1593 SERVICE OPTIONS:[DATA, VOICE, REGISTRATION]
22:43:50  T2 858.4625    PASSED    <-> SYNC LOSS - BITS PROCESSED [1728]
22:43:50  T2 858.4625    PASSED    NAC:2209/x8A1 TDU
22:43:50  T2 858.4625    PASSED    NAC:2209/x8A1 TDULC GROUP VOICE CHANNEL UPDATE TALKGROUP A:402 CHAN A:0-1189
22:43:50  T2 858.4625    PASSED    NAC:2209/x8A1 TDULC RFSS STATUS BROADCAST LRA:0/x00 SYSTEM:2208/x8A0 SITE:1/x01-1/x01 CHAN:0-1593 SERVICE OPTIONS:[DATA, VOICE, REGISTRATION]
22:43:50  T2 858.4625    PASSED    NAC:2209/x8A1 TDULC GROUP VOICE CHANNEL UPDATE TALKGROUP A:402 CHAN A:0-1189
22:43:50  T2 858.4625    PASSED    NAC:2209/x8A1 TDULC RFSS STATUS BROADCAST LRA:0/x00 SYSTEM:2208/x8A0 SITE:1/x01-1/x01 CHAN:0-1593 SERVICE OPTIONS:[DATA, VOICE, REGISTRATION]
22:43:50  T2 858.4625    PASSED    NAC:2209/x8A1 TDULC GROUP VOICE CHANNEL UPDATE TALKGROUP A:402 CHAN A:0-1189
22:43:50  T2 858.4625    PASSED    NAC:2209/x8A1 TDULC RFSS STATUS BROADCAST LRA:0/x00 SYSTEM:2208/x8A0 SITE:1/x01-1/x01 CHAN:0-1593 SERVICE OPTIONS:[DATA, VOICE, REGISTRATION]
22:43:50  T2 858.4625    PASSED    NAC:2209/x8A1 TDULC GROUP VOICE CHANNEL UPDATE TALKGROUP A:402 CHAN A:0-1189
22:43:50  T2 858.4625    PASSED    NAC:2209/x8A1 TDULC RFSS STATUS BROADCAST LRA:0/x00 SYSTEM:2208/x8A0 SITE:1/x01-1/x01 CHAN:0-1593 SERVICE OPTIONS:[DATA, VOICE, REGISTRATION]
22:43:50  T2 858.4625    PASSED    NAC:2209/x8A1 TDULC GROUP VOICE CHANNEL UPDATE TALKGROUP A:402 CHAN A:0-1189
22:43:50  T2 858.4625    PASSED    NAC:2209/x8A1 TDULC RFSS STATUS BROADCAST LRA:0/x00 SYSTEM:2208/x8A0 SITE:1/x01-1/x01 CHAN:0-1593 SERVICE OPTIONS:[DATA, VOICE, REGISTRATION]
22:43:50  T3 858.4375    PASSED    NAC:2209/x8A1 TDULC GROUP VOICE CHANNEL USER FM:0 TO:402 SERVICE OPTIONS:PRI4 ENCRYPTED CIRCUIT
22:43:50  T3 858.4375    PASSED    NAC:2209/x8A1 TDULC GROUP VOICE CHANNEL USER FM:0 TO:402 SERVICE OPTIONS:PRI4 ENCRYPTED CIRCUIT
22:43:50  T3 858.4375    PASSED    NAC:2209/x8A1 TDU
22:43:50  T3 858.4375    PASSED    NAC:2209/x8A1 TDULC GROUP VOICE CHANNEL USER FM:0 TO:402 SERVICE OPTIONS:PRI4 ENCRYPTED CIRCUIT
22:43:50  T3 858.4375    PASSED    NAC:2209/x8A1 TDULC GROUP VOICE CHANNEL USER FM:0 TO:402 SERVICE OPTIONS:PRI4 ENCRYPTED CIRCUIT
22:43:50  T3 858.4375    PASSED    NAC:2209/x8A1 TDULC GROUP VOICE CHANNEL USER FM:0 TO:402 SERVICE OPTIONS:PRI4 ENCRYPTED CIRCUIT
22:43:50  T3 858.4375    PASSED    NAC:2209/x8A1 TDULC GROUP VOICE CHANNEL USER FM:0 TO:402 SERVICE OPTIONS:PRI4 ENCRYPTED CIRCUIT
22:43:50  T3 858.4375    PASSED    NAC:2209/x8A1 TDULC GROUP VOICE CHANNEL USER FM:0 TO:402 SERVICE OPTIONS:PRI4 ENCRYPTED CIRCUIT
22:43:50  T3 858.4375    PASSED    NAC:2209/x8A1 TDULC GROUP VOICE CHANNEL USER FM:0 TO:402 SERVICE OPTIONS:PRI4 ENCRYPTED CIRCUIT
22:43:50  T3 858.4375    PASSED    NAC:2209/x8A1 TDULC GROUP VOICE CHANNEL USER FM:0 TO:402 SERVICE OPTIONS:PRI4 ENCRYPTED CIRCUIT
22:43:50  T3 858.4375    PASSED    NAC:2209/x8A1 TDULC GROUP VOICE CHANNEL USER FM:0 TO:402 SERVICE OPTIONS:PRI4 ENCRYPTED CIRCUIT
22:43:50  T3 858.4375    PASSED    NAC:2209/x8A1 HDU   TALKGROUP:402 ENCRYPTION:ENCRYPTION:AES-256 KEY:8259 MI:40647DCBA4F52EDF00
22:43:50  T3 858.4375    PASSED    NAC:2209/x8A1 LDU1  VOICE LSD:217A GROUP VOICE CHANNEL USER FM:0 TO:402 SERVICE OPTIONS:PRI4 ENCRYPTED CIRCUIT
22:43:50  T3 858.4375    PASSED    NAC:2209/x8A1 LDU2  VOICE LSD:0D28 ENCRYPTION:AES-256 KEY:8259 MSG INDICATOR:5B53A0C6DAC81B2400
22:43:51  CC             PASSED    NAC:2209/x8A1 TSBK1 MOTOROLA TRAFFIC CHANNEL 059040C0C00000000800669F
22:43:51  CC             PASSED    NAC:2209/x8A1 TSBK2 TDMA_SYNC_BCST SYSTEM TIME UNLOCKED: 2026-04-18 21:47:38.325 -0500 LEAP-SECOND CORRECTION:0.0mS MICROSLOT-MINUTE ROLLOVER:SLOW
22:43:51  CC             PASSED    NAC:2209/x8A1 TSBK3 SEC_CCH_BROADCST RFSS:1/x01 SITE:1/x01 CHAN A:0-1277 SERVICE OPTIONS:[BACKUP CONTROL CHANNEL] CHAN B:0-1509 SERVICE OPTIONS:[BACKUP CONTROL CHANNEL]
22:43:51  CC             PASSED    NAC:2209/x8A1 TSBK1 MOTOROLA SYSTEM LOADING MOTOROLA MSG:09901040000000000000D6E5
22:43:51  CC             PASSED    NAC:2209/x8A1 TSBK2 IDEN_UPDATE ID:0 OFFSET:-45000000 SPACING:6250 BASE:851006250 FDMA BW:12500
22:43:51  CC             PASSED    NAC:2209/x8A1 TSBK3 RFSS_STATUS_BCST SYSTEM:2208/x8A0 RFSS:1/x01 SITE:1/x01 LRA:0/x00 CHAN:0-1593 ACTIVE NETWORK CONNECTION SERVICE OPTIONS:[DATA, VOICE, REGISTRATION]
22:43:51  CC             PASSED    NAC:2209/x8A1 TSBK1 NET_STATUS_BCAST WACN:781824/xBEE00 SYSTEM:2208/x8A0 LRA:0/x00 CHAN:0-1593 SERVICES:[DATA, VOICE, REGISTRATION]
22:43:51  CC             PASSED    NAC:2209/x8A1 TSBK2 GRP_VCH_GRNT_UPD GROUP A:402 CHAN A:0-1189
22:43:51  CC             PASSED    NAC:2209/x8A1 TSBK3 IDEN_UPDATE ID:1 OFFSET:30000000 SPACING:6250 BASE:762006250 FDMA BW:12500
22:43:51  CC             PASSED    NAC:2209/x8A1 TSBK1 SNDCP_DCH_ANN_EX CHAN:0-1193/----- AUTONOMOUS/REQUESTED-ACCESS DAC:1 **:0 SERVICE OPTIONS:NSAPI:0 HALF DUPLEX CIRCUIT MODE
22:43:51  CC             PASSED    NAC:2209/x8A1 TSBK2 IDEN_UPDATE_TDMA ID:2 OFFSET:-45000000 SPACING:12500 BASE:851012500 TDMA BW:12500 TIMESLOTS:2 VOCODER:HALF_RATE
22:43:51  CC             PASSED    NAC:2209/x8A1 TSBK3 MOTOROLA TDMA DATA CHANNEL NOT ACTIVE MSG:9690423FFFFFFFFF0000306C
22:43:51  CC             PASSED    NAC:2209/x8A1 TSBK1 MOTOROLA TRAFFIC CHANNEL 059040C0C00000000800669F
22:43:51  CC             PASSED    NAC:2209/x8A1 TSBK2 TDMA_SYNC_BCST SYSTEM TIME UNLOCKED: 2026-04-18 21:47:38.625 -0500 LEAP-SECOND CORRECTION:0.0mS MICROSLOT-MINUTE ROLLOVER:SLOW
22:43:51  CC             PASSED    NAC:2209/x8A1 TSBK3 SEC_CCH_BROADCST RFSS:1/x01 SITE:1/x01 CHAN A:0-1509 SERVICE OPTIONS:[BACKUP CONTROL CHANNEL] CHAN B:0-1349 SERVICE OPTIONS:[BACKUP CONTROL CHANNEL]
22:43:51  CC             PASSED    NAC:2209/x8A1 TSBK1 MOTOROLA SYSTEM LOADING MOTOROLA MSG:09900F00000000000000EF7F
22:43:51  CC             PASSED    NAC:2209/x8A1 TSBK2 IDEN_UPDATE_TDMA ID:3 OFFSET:30000000 SPACING:12500 BASE:762006250 TDMA BW:12500 TIMESLOTS:2 VOCODER:HALF_RATE
22:43:51  CC             PASSED    NAC:2209/x8A1 TSBK3 RFSS_STATUS_BCST SYSTEM:2208/x8A0 RFSS:1/x01 SITE:1/x01 LRA:0/x00 CHAN:0-1593 ACTIVE NETWORK CONNECTION SERVICE OPTIONS:[DATA, VOICE, REGISTRATION]
22:43:51  CC             PASSED    NAC:2209/x8A1 TSBK1 CCH BASE STAT ID CHAN:0-1593 CWID:
22:43:51  CC             PASSED    NAC:2209/x8A1 TSBK2 NET_STATUS_BCAST WACN:781824/xBEE00 SYSTEM:2208/x8A0 LRA:0/x00 CHAN:0-1593 SERVICES:[DATA, VOICE, REGISTRATION]
22:43:51  CC             PASSED    NAC:2209/x8A1 TSBK3 GRP_VCH_GRNT_UPD GROUP A:402 CHAN A:0-1189
22:43:51  CC             PASSED    NAC:2209/x8A1 TSBK1 IDEN_UPDATE ID:4 OFFSET:-39000000 SPACING:12500 BASE:935012500 FDMA BW:12500
22:43:51  CC             PASSED    NAC:2209/x8A1 TSBK2 SNDCP_DCH_ANN_EX CHAN:0-1193/----- AUTONOMOUS/REQUESTED-ACCESS DAC:1 **:0 SERVICE OPTIONS:NSAPI:0 HALF DUPLEX CIRCUIT MODE
22:43:51  CC             PASSED    NAC:2209/x8A1 TSBK3 IDEN_UPDATE_TDMA ID:5 OFFSET:-39000000 SPACING:12500 BASE:935012500 TDMA BW:12500 TIMESLOTS:2 VOCODER:HALF_RATE
22:43:51  CC             PASSED    NAC:2209/x8A1 TSBK1 MOTOROLA TDMA DATA CHANNEL NOT ACTIVE MSG:1690423FFFFFFFFF0000D458
22:43:51  CC             PASSED    NAC:2209/x8A1 TSBK2 MOTOROLA TRAFFIC CHANNEL 059040C0C00000000800669F
22:43:51  CC             PASSED    NAC:2209/x8A1 TSBK3 TDMA_SYNC_BCST SYSTEM TIME UNLOCKED: 2026-04-18 21:47:38.925 -0500 LEAP-SECOND CORRECTION:0.0mS MICROSLOT-MINUTE ROLLOVER:SLOW
22:43:51  CC             PASSED    NAC:2209/x8A1 TSBK1 SEC_CCH_BROADCST RFSS:1/x01 SITE:1/x01 CHAN A:0-1349 SERVICE OPTIONS:[BACKUP CONTROL CHANNEL] CHAN B:0-1277 SERVICE OPTIONS:[BACKUP CONTROL CHANNEL]
22:43:51  CC             PASSED    NAC:2209/x8A1 TSBK2 MOTOROLA SYSTEM LOADING MOTOROLA MSG:09901040000000000000D6E5
22:43:51  CC             PASSED    NAC:2209/x8A1 TSBK3 IDEN_UPDATE ID:0 OFFSET:-45000000 SPACING:6250 BASE:851006250 FDMA BW:12500
22:43:51  CC             PASSED    NAC:2209/x8A1 TSBK1 RFSS_STATUS_BCST SYSTEM:2208/x8A0 RFSS:1/x01 SITE:1/x01 LRA:0/x00 CHAN:0-1593 ACTIVE NETWORK CONNECTION SERVICE OPTIONS:[DATA, VOICE, REGISTRATION]
22:43:51  CC             PASSED    NAC:2209/x8A1 TSBK2 NET_STATUS_BCAST WACN:781824/xBEE00 SYSTEM:2208/x8A0 LRA:0/x00 CHAN:0-1593 SERVICES:[DATA, VOICE, REGISTRATION]
22:43:51  CC             PASSED    NAC:2209/x8A1 TSBK3 GRP_VCH_GRNT_UPD GROUP A:402 CHAN A:0-1189
22:43:51  CC             PASSED    NAC:2209/x8A1 TSBK1 IDEN_UPDATE ID:1 OFFSET:30000000 SPACING:6250 BASE:762006250 FDMA BW:12500
22:43:51  CC             PASSED    NAC:2209/x8A1 TSBK2 SNDCP_DCH_ANN_EX CHAN:0-1193/----- AUTONOMOUS/REQUESTED-ACCESS DAC:1 **:0 SERVICE OPTIONS:NSAPI:0 HALF DUPLEX CIRCUIT MODE
22:43:51  CC             PASSED    NAC:2209/x8A1 TSBK3 IDEN_UPDATE_TDMA ID:2 OFFSET:-45000000 SPACING:12500 BASE:851012500 TDMA BW:12500 TIMESLOTS:2 VOCODER:HALF_RATE
22:43:51  CC             PASSED    NAC:2209/x8A1 TSBK1 MOTOROLA TDMA DATA CHANNEL NOT ACTIVE MSG:1690423FFFFFFFFF0000D458
22:43:51  CC             PASSED    NAC:2209/x8A1 TSBK2 MOTOROLA TRAFFIC CHANNEL 059040C0C00000000800669F
22:43:51  CC             PASSED    NAC:2209/x8A1 TSBK3 TDMA_SYNC_BCST SYSTEM TIME UNLOCKED: 2026-04-18 21:47:39.225 -0500 LEAP-SECOND CORRECTION:0.0mS MICROSLOT-MINUTE ROLLOVER:SLOW
22:43:51  CC             PASSED    NAC:2209/x8A1 TSBK1 SEC_CCH_BROADCST RFSS:1/x01 SITE:1/x01 CHAN A:0-1277 SERVICE OPTIONS:[BACKUP CONTROL CHANNEL] CHAN B:0-1509 SERVICE OPTIONS:[BACKUP CONTROL CHANNEL]
22:43:51  CC             PASSED    NAC:2209/x8A1 TSBK2 MOTOROLA SYSTEM LOADING MOTOROLA MSG:09900F00000000000000EF7F
22:43:51  T2 858.4625    PASSED    NAC:2209/x8A1 TDULC GROUP VOICE CHANNEL UPDATE TALKGROUP A:402 CHAN A:0-1189
22:43:51  T2 858.4625    PASSED    NAC:2209/x8A1 TDULC RFSS STATUS BROADCAST LRA:0/x00 SYSTEM:2208/x8A0 SITE:1/x01-1/x01 CHAN:0-1593 SERVICE OPTIONS:[DATA, VOICE, REGISTRATION]
22:43:51  T2 858.4625    PASSED    NAC:2209/x8A1 TDULC GROUP VOICE CHANNEL UPDATE TALKGROUP A:402 CHAN A:0-1189
22:43:51  T2 858.4625    PASSED    NAC:2209/x8A1 TDULC RFSS STATUS BROADCAST LRA:0/x00 SYSTEM:2208/x8A0 SITE:1/x01-1/x01 CHAN:0-1593 SERVICE OPTIONS:[DATA, VOICE, REGISTRATION]
22:43:51  T2 858.4625    PASSED    NAC:2209/x8A1 TDULC GROUP VOICE CHANNEL UPDATE TALKGROUP A:402 CHAN A:0-1189
22:43:51  T2 858.4625    PASSED    NAC:2209/x8A1 TDULC RFSS STATUS BROADCAST LRA:0/x00 SYSTEM:2208/x8A0 SITE:1/x01-1/x01 CHAN:0-1593 SERVICE OPTIONS:[DATA, VOICE, REGISTRATION]
22:43:51  T2 858.4625    PASSED    NAC:2209/x8A1 TDULC GROUP VOICE CHANNEL UPDATE TALKGROUP A:402 CHAN A:0-1189
22:43:51  T2 858.4625    PASSED    NAC:2209/x8A1 TDULC RFSS STATUS BROADCAST LRA:0/x00 SYSTEM:2208/x8A0 SITE:1/x01-1/x01 CHAN:0-1593 SERVICE OPTIONS:[DATA, VOICE, REGISTRATION]
22:43:51  T2 858.4625    PASSED    NAC:2209/x8A1 TDULC GROUP VOICE CHANNEL UPDATE TALKGROUP A:402 CHAN A:0-1189
22:43:51  T2 858.4625    PASSED    NAC:2209/x8A1 TDULC RFSS STATUS BROADCAST LRA:0/x00 SYSTEM:2208/x8A0 SITE:1/x01-1/x01 CHAN:0-1593 SERVICE OPTIONS:[DATA, VOICE, REGISTRATION]
22:43:51  T2 858.4625    PASSED    NAC:2209/x8A1 TDULC GROUP VOICE CHANNEL UPDATE TALKGROUP A:402 CHAN A:0-1189
22:43:51  T2 858.4625    PASSED    NAC:2209/x8A1 TDULC RFSS STATUS BROADCAST LRA:0/x00 SYSTEM:2208/x8A0 SITE:1/x01-1/x01 CHAN:0-1593 SERVICE OPTIONS:[DATA, VOICE, REGISTRATION]
22:43:51  T2 858.4625    PASSED    NAC:2209/x8A1 TDULC GROUP VOICE CHANNEL UPDATE TALKGROUP A:402 CHAN A:0-1189
22:43:51  T2 858.4625    PASSED    NAC:2209/x8A1 TDULC RFSS STATUS BROADCAST LRA:0/x00 SYSTEM:2208/x8A0 SITE:1/x01-1/x01 CHAN:0-1593 SERVICE OPTIONS:[DATA, VOICE, REGISTRATION]
22:43:51  T2 858.4625    PASSED    NAC:2209/x8A1 TDULC GROUP VOICE CHANNEL UPDATE TALKGROUP A:402 CHAN A:0-1189
22:43:51  T2 858.4625    PASSED    NAC:2209/x8A1 TDULC RFSS STATUS BROADCAST LRA:0/x00 SYSTEM:2208/x8A0 SITE:1/x01-1/x01 CHAN:0-1593 SERVICE OPTIONS:[DATA, VOICE, REGISTRATION]
22:43:51  T2 858.4625    PASSED    NAC:2209/x8A1 TDULC GROUP VOICE CHANNEL UPDATE TALKGROUP A:402 CHAN A:0-1189
22:43:51  T2 858.4625    PASSED    NAC:2209/x8A1 TDULC RFSS STATUS BROADCAST LRA:0/x00 SYSTEM:2208/x8A0 SITE:1/x01-1/x01 CHAN:0-1593 SERVICE OPTIONS:[DATA, VOICE, REGISTRATION]
22:43:51  T2 858.4625    PASSED    NAC:2209/x8A1 TDULC GROUP VOICE CHANNEL UPDATE TALKGROUP A:402 CHAN A:0-1189
22:43:51  T2 858.4625    PASSED    NAC:2209/x8A1 TDULC RFSS STATUS BROADCAST LRA:0/x00 SYSTEM:2208/x8A0 SITE:1/x01-1/x01 CHAN:0-1593 SERVICE OPTIONS:[DATA, VOICE, REGISTRATION]
22:43:51  T2 858.4625    PASSED    NAC:2209/x8A1 TDULC GROUP VOICE CHANNEL UPDATE TALKGROUP A:402 CHAN A:0-1189
22:43:51  T2 858.4625    PASSED    NAC:2209/x8A1 TDULC RFSS STATUS BROADCAST LRA:0/x00 SYSTEM:2208/x8A0 SITE:1/x01-1/x01 CHAN:0-1593 SERVICE OPTIONS:[DATA, VOICE, REGISTRATION]
22:43:51  T3 858.4375    PASSED    NAC:2209/x8A1 LDU1  VOICE LSD:AA94 GROUP VOICE CHANNEL USER FM:0 TO:402 SERVICE OPTIONS:PRI4 ENCRYPTED CIRCUIT
22:43:51  T3 858.4375    PASSED    NAC:2209/x8A1 LDU2  VOICE LSD:7D18 ENCRYPTION:AES-256 KEY:8259 MSG INDICATOR:C1278E467602C9DB00
22:43:51  T3 858.4375    PASSED    NAC:2209/x8A1 LDU1  VOICE LSD:BC8B GROUP VOICE CHANNEL USER FM:0 TO:402 SERVICE OPTIONS:PRI4 ENCRYPTED CIRCUIT
22:43:51  T3 858.4375    PASSED    NAC:2209/x8A1 LDU2  VOICE LSD:44DE ENCRYPTION:AES-256 KEY:8259 MSG INDICATOR:B696322951298B5C00
22:43:51  T3 858.4375    PASSED    NAC:2209/x8A1 LDU1  VOICE LSD:885B GROUP VOICE CHANNEL USER FM:3416142 TO:402 SERVICE OPTIONS:PRI4 ENCRYPTED CIRCUIT
22:43:51  T3 858.4375    PASSED    NAC:2209/x8A1 LDU2  VOICE LSD:11D3 ENCRYPTION:AES-256 KEY:8259 MSG INDICATOR:32A616CD316D4F9300
22:43:52  CC             PASSED    NAC:2209/x8A1 TSBK3 CCH BASE STAT ID CHAN:0-1593 CWID:
22:43:52  CC             PASSED    NAC:2209/x8A1 TSBK1 IDEN_UPDATE_TDMA ID:3 OFFSET:30000000 SPACING:12500 BASE:762006250 TDMA BW:12500 TIMESLOTS:2 VOCODER:HALF_RATE
22:43:52  CC             PASSED    NAC:2209/x8A1 TSBK2 RFSS_STATUS_BCST SYSTEM:2208/x8A0 RFSS:1/x01 SITE:1/x01 LRA:0/x00 CHAN:0-1593 ACTIVE NETWORK CONNECTION SERVICE OPTIONS:[DATA, VOICE, REGISTRATION]
22:43:52  CC             PASSED    NAC:2209/x8A1 TSBK3 NET_STATUS_BCAST WACN:781824/xBEE00 SYSTEM:2208/x8A0 LRA:0/x00 CHAN:0-1593 SERVICES:[DATA, VOICE, REGISTRATION]
22:43:52  CC             PASSED    NAC:2209/x8A1 TSBK1 GRP_VCH_GRNT_UPD GROUP A:402 CHAN A:0-1189
22:43:52  CC             PASSED    NAC:2209/x8A1 TSBK2 IDEN_UPDATE ID:4 OFFSET:-39000000 SPACING:12500 BASE:935012500 FDMA BW:12500
22:43:52  CC             PASSED    NAC:2209/x8A1 TSBK3 SNDCP_DCH_ANN_EX CHAN:0-1193/----- AUTONOMOUS/REQUESTED-ACCESS DAC:1 **:0 SERVICE OPTIONS:NSAPI:0 HALF DUPLEX CIRCUIT MODE
22:43:52  CC             PASSED    NAC:2209/x8A1 TSBK1 IDEN_UPDATE_TDMA ID:5 OFFSET:-39000000 SPACING:12500 BASE:935012500 TDMA BW:12500 TIMESLOTS:2 VOCODER:HALF_RATE
22:43:52  CC             PASSED    NAC:2209/x8A1 TSBK2 MOTOROLA TDMA DATA CHANNEL NOT ACTIVE MSG:1690423FFFFFFFFF0000D458
22:43:52  CC             PASSED    NAC:2209/x8A1 TSBK3 MOTOROLA TRAFFIC CHANNEL 859040C0C0000000080082AB
22:43:52  CC             PASSED    NAC:2209/x8A1 TSBK1 TDMA_SYNC_BCST SYSTEM TIME UNLOCKED: 2026-04-18 21:47:39.600 -0500 LEAP-SECOND CORRECTION:0.0mS MICROSLOT-MINUTE ROLLOVER:SLOW
22:43:52  CC             PASSED    NAC:2209/x8A1 TSBK2 SEC_CCH_BROADCST RFSS:1/x01 SITE:1/x01 CHAN A:0-1509 SERVICE OPTIONS:[BACKUP CONTROL CHANNEL] CHAN B:0-1349 SERVICE OPTIONS:[BACKUP CONTROL CHANNEL]
22:43:52  CC             PASSED    NAC:2209/x8A1 TSBK3 MOTOROLA SYSTEM LOADING MOTOROLA MSG:8990104000000000000032D1
22:43:52  CC             PASSED    NAC:2209/x8A1 TSBK1 IDEN_UPDATE ID:0 OFFSET:-45000000 SPACING:6250 BASE:851006250 FDMA BW:12500
22:43:52  CC             PASSED    NAC:2209/x8A1 TSBK2 RFSS_STATUS_BCST SYSTEM:2208/x8A0 RFSS:1/x01 SITE:1/x01 LRA:0/x00 CHAN:0-1593 ACTIVE NETWORK CONNECTION SERVICE OPTIONS:[DATA, VOICE, REGISTRATION]
22:43:52  CC             PASSED    NAC:2209/x8A1 TSBK3 NET_STATUS_BCAST WACN:781824/xBEE00 SYSTEM:2208/x8A0 LRA:0/x00 CHAN:0-1593 SERVICES:[DATA, VOICE, REGISTRATION]
22:43:52  CC             PASSED    NAC:2209/x8A1 TSBK1 GRP_VCH_GRNT_UPD GROUP A:402 CHAN A:0-1189
22:43:52  CC             PASSED    NAC:2209/x8A1 TSBK2 IDEN_UPDATE ID:1 OFFSET:30000000 SPACING:6250 BASE:762006250 FDMA BW:12500
22:43:52  CC             PASSED    NAC:2209/x8A1 TSBK3 SNDCP_DCH_ANN_EX CHAN:0-1193/----- AUTONOMOUS/REQUESTED-ACCESS DAC:1 **:0 SERVICE OPTIONS:NSAPI:0 HALF DUPLEX CIRCUIT MODE
22:43:52  CC             PASSED    NAC:2209/x8A1 TSBK1 IDEN_UPDATE_TDMA ID:2 OFFSET:-45000000 SPACING:12500 BASE:851012500 TDMA BW:12500 TIMESLOTS:2 VOCODER:HALF_RATE
22:43:52  CC             PASSED    NAC:2209/x8A1 TSBK2 MOTOROLA TDMA DATA CHANNEL NOT ACTIVE MSG:1690423FFFFFFFFF0000D458
22:43:52  CC             PASSED    NAC:2209/x8A1 TSBK3 MOTOROLA TRAFFIC CHANNEL 859040C0C0000000080082AB
22:43:52  CC             PASSED    NAC:2209/x8A1 TSBK1 TDMA_SYNC_BCST SYSTEM TIME UNLOCKED: 2026-04-18 21:47:39.900 -0500 LEAP-SECOND CORRECTION:0.0mS MICROSLOT-MINUTE ROLLOVER:SLOW
22:43:52  CC             PASSED    NAC:2209/x8A1 TSBK2 CCH BASE STAT ID CHAN:0-1593 CWID:
22:43:52  CC             PASSED    NAC:2209/x8A1 TSBK3 SEC_CCH_BROADCST RFSS:1/x01 SITE:1/x01 CHAN A:0-1349 SERVICE OPTIONS:[BACKUP CONTROL CHANNEL] CHAN B:0-1277 SERVICE OPTIONS:[BACKUP CONTROL CHANNEL]
22:43:52  CC             PASSED    NAC:2209/x8A1 TSBK1 MOTOROLA SYSTEM LOADING MOTOROLA MSG:09901040000000000000D6E5
22:43:52  CC             PASSED    NAC:2209/x8A1 TSBK2 IDEN_UPDATE_TDMA ID:3 OFFSET:30000000 SPACING:12500 BASE:762006250 TDMA BW:12500 TIMESLOTS:2 VOCODER:HALF_RATE
22:43:52  CC             PASSED    NAC:2209/x8A1 TSBK3 RFSS_STATUS_BCST SYSTEM:2208/x8A0 RFSS:1/x01 SITE:1/x01 LRA:0/x00 CHAN:0-1593 ACTIVE NETWORK CONNECTION SERVICE OPTIONS:[DATA, VOICE, REGISTRATION]
22:43:52  CC             PASSED    NAC:2209/x8A1 TSBK1 NET_STATUS_BCAST WACN:781824/xBEE00 SYSTEM:2208/x8A0 LRA:0/x00 CHAN:0-1593 SERVICES:[DATA, VOICE, REGISTRATION]
22:43:52  CC             PASSED    NAC:2209/x8A1 TSBK2 GRP_VCH_GRNT_UPD GROUP A:402 CHAN A:0-1189
22:43:52  CC             PASSED    NAC:2209/x8A1 TSBK3 IDEN_UPDATE ID:4 OFFSET:-39000000 SPACING:12500 BASE:935012500 FDMA BW:12500
22:43:52  CC             PASSED    NAC:2209/x8A1 TSBK1 SNDCP_DCH_ANN_EX CHAN:0-1193/----- AUTONOMOUS/REQUESTED-ACCESS DAC:1 **:0 SERVICE OPTIONS:NSAPI:0 HALF DUPLEX CIRCUIT MODE
22:43:52  CC             PASSED    NAC:2209/x8A1 TSBK2 IDEN_UPDATE_TDMA ID:5 OFFSET:-39000000 SPACING:12500 BASE:935012500 TDMA BW:12500 TIMESLOTS:2 VOCODER:HALF_RATE
22:43:52  CC             PASSED    NAC:2209/x8A1 TSBK3 MOTOROLA TDMA DATA CHANNEL NOT ACTIVE MSG:9690423FFFFFFFFF0000306C
22:43:52  CC             PASSED    NAC:2209/x8A1 TSBK1 MOTOROLA TRAFFIC CHANNEL 059040C0C00000000800669F
22:43:52  CC             PASSED    NAC:2209/x8A1 TSBK2 TDMA_SYNC_BCST SYSTEM TIME UNLOCKED: 2026-04-18 21:47:40.200 -0500 LEAP-SECOND CORRECTION:0.0mS MICROSLOT-MINUTE ROLLOVER:SLOW
22:43:52  CC             PASSED    NAC:2209/x8A1 TSBK3 SEC_CCH_BROADCST RFSS:1/x01 SITE:1/x01 CHAN A:0-1277 SERVICE OPTIONS:[BACKUP CONTROL CHANNEL] CHAN B:0-1509 SERVICE OPTIONS:[BACKUP CONTROL CHANNEL]
22:43:52  CC             PASSED    NAC:2209/x8A1 TSBK1 MOTOROLA SYSTEM LOADING MOTOROLA MSG:09900F00000000000000EF7F
22:43:52  CC             PASSED    NAC:2209/x8A1 TSBK2 IDEN_UPDATE ID:0 OFFSET:-45000000 SPACING:6250 BASE:851006250 FDMA BW:12500
22:43:52  T2 858.4625    PASSED    NAC:2209/x8A1 TDULC GROUP VOICE CHANNEL UPDATE TALKGROUP A:402 CHAN A:0-1189
22:43:52  T2 858.4625    PASSED    NAC:2209/x8A1 TDULC RFSS STATUS BROADCAST LRA:0/x00 SYSTEM:2208/x8A0 SITE:1/x01-1/x01 CHAN:0-1593 SERVICE OPTIONS:[DATA, VOICE, REGISTRATION]
22:43:52  T2 858.4625    PASSED    NAC:2209/x8A1 TDULC GROUP VOICE CHANNEL UPDATE TALKGROUP A:402 CHAN A:0-1189
22:43:52  T2 858.4625    PASSED    NAC:2209/x8A1 TDULC RFSS STATUS BROADCAST LRA:0/x00 SYSTEM:2208/x8A0 SITE:1/x01-1/x01 CHAN:0-1593 SERVICE OPTIONS:[DATA, VOICE, REGISTRATION]
22:43:52  T2 858.4625    PASSED    NAC:2209/x8A1 TDULC GROUP VOICE CHANNEL UPDATE TALKGROUP A:402 CHAN A:0-1189
22:43:52  T2 858.4625    PASSED    NAC:2209/x8A1 TDULC RFSS STATUS BROADCAST LRA:0/x00 SYSTEM:2208/x8A0 SITE:1/x01-1/x01 CHAN:0-1593 SERVICE OPTIONS:[DATA, VOICE, REGISTRATION]
22:43:52  T2 858.4625    PASSED    NAC:2209/x8A1 TDULC GROUP VOICE CHANNEL UPDATE TALKGROUP A:402 CHAN A:0-1189
22:43:52  T2 858.4625    PASSED    NAC:2209/x8A1 TDULC RFSS STATUS BROADCAST LRA:0/x00 SYSTEM:2208/x8A0 SITE:1/x01-1/x01 CHAN:0-1593 SERVICE OPTIONS:[DATA, VOICE, REGISTRATION]
22:43:52  T2 858.4625    PASSED    NAC:2209/x8A1 TDULC GROUP VOICE CHANNEL UPDATE TALKGROUP A:402 CHAN A:0-1189
22:43:52  T2 858.4625    PASSED    NAC:2209/x8A1 TDULC RFSS STATUS BROADCAST LRA:0/x00 SYSTEM:2208/x8A0 SITE:1/x01-1/x01 CHAN:0-1593 SERVICE OPTIONS:[DATA, VOICE, REGISTRATION]
22:43:52  T2 858.4625    PASSED    NAC:2209/x8A1 TDULC GROUP VOICE CHANNEL UPDATE TALKGROUP A:402 CHAN A:0-1189
22:43:52  T2 858.4625    PASSED    NAC:2209/x8A1 TDULC RFSS STATUS BROADCAST LRA:0/x00 SYSTEM:2208/x8A0 SITE:1/x01-1/x01 CHAN:0-1593 SERVICE OPTIONS:[DATA, VOICE, REGISTRATION]
22:43:52  T2 858.4625    PASSED    NAC:2209/x8A1 TDULC GROUP VOICE CHANNEL UPDATE TALKGROUP A:402 CHAN A:0-1189
22:43:52  T2 858.4625    PASSED    NAC:2209/x8A1 TDULC RFSS STATUS BROADCAST LRA:0/x00 SYSTEM:2208/x8A0 SITE:1/x01-1/x01 CHAN:0-1593 SERVICE OPTIONS:[DATA, VOICE, REGISTRATION]
22:43:52  T2 858.4625    PASSED    NAC:2209/x8A1 TDULC GROUP VOICE CHANNEL UPDATE TALKGROUP A:402 CHAN A:0-1189
22:43:52  T2 858.4625    PASSED    NAC:2209/x8A1 TDULC RFSS STATUS BROADCAST LRA:0/x00 SYSTEM:2208/x8A0 SITE:1/x01-1/x01 CHAN:0-1593 SERVICE OPTIONS:[DATA, VOICE, REGISTRATION]
22:43:52  T2 858.4625    PASSED    NAC:2209/x8A1 TDULC GROUP VOICE CHANNEL UPDATE TALKGROUP A:402 CHAN A:0-1189
22:43:52  T2 858.4625    PASSED    NAC:2209/x8A1 TDULC RFSS STATUS BROADCAST LRA:0/x00 SYSTEM:2208/x8A0 SITE:1/x01-1/x01 CHAN:0-1593 SERVICE OPTIONS:[DATA, VOICE, REGISTRATION]
22:43:52  T2 858.4625    PASSED    NAC:2209/x8A1 TDULC GROUP VOICE CHANNEL UPDATE TALKGROUP A:402 CHAN A:0-1189
22:43:52  T2 858.4625    PASSED    NAC:2209/x8A1 TDULC RFSS STATUS BROADCAST LRA:0/x00 SYSTEM:2208/x8A0 SITE:1/x01-1/x01 CHAN:0-1593 SERVICE OPTIONS:[DATA, VOICE, REGISTRATION]
22:43:52  T2 858.4625    PASSED    NAC:2209/x8A1 TDULC GROUP VOICE CHANNEL UPDATE TALKGROUP A:402 CHAN A:0-1189
22:43:52  T3 858.4375    PASSED    NAC:2209/x8A1 LDU1  VOICE LSD:52D7 GROUP VOICE CHANNEL USER FM:3416142 TO:402 SERVICE OPTIONS:PRI4 ENCRYPTED CIRCUIT
22:43:52  T3 858.4375    PASSED    NAC:2209/x8A1 LDU2  VOICE LSD:5515 ENCRYPTION:AES-256 KEY:8259 MSG INDICATOR:25408597253F1E5100
22:43:52  T3 858.4375    PASSED    NAC:2209/x8A1 LDU1  VOICE LSD:D2AB GROUP VOICE CHANNEL USER FM:3416142 TO:402 SERVICE OPTIONS:PRI4 ENCRYPTED CIRCUIT
22:43:52  T3 858.4375    PASSED    NAC:2209/x8A1 LDU2  VOICE LSD:614F ENCRYPTION:AES-256 KEY:8259 MSG INDICATOR:61CBF2F55195327000
22:43:52  T3 858.4375    PASSED    NAC:2209/x8A1 LDU1  VOICE LSD:9513 GROUP VOICE CHANNEL USER FM:3416142 TO:402 SERVICE OPTIONS:PRI4 ENCRYPTED CIRCUIT
22:43:53  CC             PASSED    NAC:2209/x8A1 TSBK3 RFSS_STATUS_BCST SYSTEM:2208/x8A0 RFSS:1/x01 SITE:1/x01 LRA:0/x00 CHAN:0-1593 ACTIVE NETWORK CONNECTION SERVICE OPTIONS:[DATA, VOICE, REGISTRATION]
22:43:53  CC             PASSED    NAC:2209/x8A1 TSBK1 NET_STATUS_BCAST WACN:781824/xBEE00 SYSTEM:2208/x8A0 LRA:0/x00 CHAN:0-1593 SERVICES:[DATA, VOICE, REGISTRATION]
22:43:53  CC             PASSED    NAC:2209/x8A1 TSBK2 GRP_VCH_GRNT_UPD GROUP A:402 CHAN A:0-1189
22:43:53  CC             PASSED    NAC:2209/x8A1 TSBK3 IDEN_UPDATE ID:1 OFFSET:30000000 SPACING:6250 BASE:762006250 FDMA BW:12500
22:43:53  CC             PASSED    NAC:2209/x8A1 TSBK1 SNDCP_DCH_ANN_EX CHAN:0-1193/----- AUTONOMOUS/REQUESTED-ACCESS DAC:1 **:0 SERVICE OPTIONS:NSAPI:0 HALF DUPLEX CIRCUIT MODE
22:43:53  CC             PASSED    NAC:2209/x8A1 TSBK2 IDEN_UPDATE_TDMA ID:2 OFFSET:-45000000 SPACING:12500 BASE:851012500 TDMA BW:12500 TIMESLOTS:2 VOCODER:HALF_RATE
22:43:53  CC             PASSED    NAC:2209/x8A1 TSBK3 MOTOROLA TDMA DATA CHANNEL NOT ACTIVE MSG:9690423FFFFFFFFF0000306C
22:43:53  CC             PASSED    NAC:2209/x8A1 TSBK1 CCH BASE STAT ID CHAN:0-1593 CWID:
22:43:53  CC             PASSED    NAC:2209/x8A1 TSBK2 MOTOROLA TRAFFIC CHANNEL 059040C0C00000000800669F
22:43:53  CC             PASSED    NAC:2209/x8A1 TSBK3 TDMA_SYNC_BCST SYSTEM TIME UNLOCKED: 2026-04-18 21:47:40.500 -0500 LEAP-SECOND CORRECTION:0.0mS MICROSLOT-MINUTE ROLLOVER:SLOW
22:43:53  CC             PASSED    NAC:2209/x8A1 TSBK1 SEC_CCH_BROADCST RFSS:1/x01 SITE:1/x01 CHAN A:0-1509 SERVICE OPTIONS:[BACKUP CONTROL CHANNEL] CHAN B:0-1349 SERVICE OPTIONS:[BACKUP CONTROL CHANNEL]
22:43:53  CC             PASSED    NAC:2209/x8A1 TSBK2 MOTOROLA SYSTEM LOADING MOTOROLA MSG:09901040000000000000D6E5
22:43:53  CC             PASSED    NAC:2209/x8A1 TSBK3 IDEN_UPDATE_TDMA ID:3 OFFSET:30000000 SPACING:12500 BASE:762006250 TDMA BW:12500 TIMESLOTS:2 VOCODER:HALF_RATE
22:43:53  CC             PASSED    NAC:2209/x8A1 TSBK1 RFSS_STATUS_BCST SYSTEM:2208/x8A0 RFSS:1/x01 SITE:1/x01 LRA:0/x00 CHAN:0-1593 ACTIVE NETWORK CONNECTION SERVICE OPTIONS:[DATA, VOICE, REGISTRATION]
22:43:53  CC             PASSED    NAC:2209/x8A1 TSBK2 NET_STATUS_BCAST WACN:781824/xBEE00 SYSTEM:2208/x8A0 LRA:0/x00 CHAN:0-1593 SERVICES:[DATA, VOICE, REGISTRATION]
22:43:53  CC             PASSED    NAC:2209/x8A1 TSBK3 GRP_VCH_GRNT_UPD GROUP A:402 CHAN A:0-1189
22:43:53  CC             PASSED    NAC:2209/x8A1 TSBK1 IDEN_UPDATE ID:4 OFFSET:-39000000 SPACING:12500 BASE:935012500 FDMA BW:12500
22:43:53  CC             PASSED    NAC:2209/x8A1 TSBK2 SNDCP_DCH_ANN_EX CHAN:0-1193/----- AUTONOMOUS/REQUESTED-ACCESS DAC:1 **:0 SERVICE OPTIONS:NSAPI:0 HALF DUPLEX CIRCUIT MODE
22:43:53  CC             PASSED    NAC:2209/x8A1 TSBK3 IDEN_UPDATE_TDMA ID:5 OFFSET:-39000000 SPACING:12500 BASE:935012500 TDMA BW:12500 TIMESLOTS:2 VOCODER:HALF_RATE
22:43:53  CC             PASSED    NAC:2209/x8A1 TSBK1 MOTOROLA TDMA DATA CHANNEL NOT ACTIVE MSG:1690423FFFFFFFFF0000D458
22:43:53  CC             PASSED    NAC:2209/x8A1 TSBK2 MOTOROLA TRAFFIC CHANNEL 059040C0C00000000800669F
22:43:53  CC             PASSED    NAC:2209/x8A1 TSBK3 TDMA_SYNC_BCST SYSTEM TIME UNLOCKED: 2026-04-18 21:47:40.800 -0500 LEAP-SECOND CORRECTION:0.0mS MICROSLOT-MINUTE ROLLOVER:SLOW
22:43:53  CC             PASSED    NAC:2209/x8A1 TSBK1 SEC_CCH_BROADCST RFSS:1/x01 SITE:1/x01 CHAN A:0-1349 SERVICE OPTIONS:[BACKUP CONTROL CHANNEL] CHAN B:0-1277 SERVICE OPTIONS:[BACKUP CONTROL CHANNEL]
22:43:53  CC             PASSED    NAC:2209/x8A1 TSBK2 MOTOROLA SYSTEM LOADING MOTOROLA MSG:09900F00000000000000EF7F
22:43:53  CC             PASSED    NAC:2209/x8A1 TSBK3 IDEN_UPDATE ID:0 OFFSET:-45000000 SPACING:6250 BASE:851006250 FDMA BW:12500
22:43:53  CC             PASSED    NAC:2209/x8A1 TSBK1 RFSS_STATUS_BCST SYSTEM:2208/x8A0 RFSS:1/x01 SITE:1/x01 LRA:0/x00 CHAN:0-1593 ACTIVE NETWORK CONNECTION SERVICE OPTIONS:[DATA, VOICE, REGISTRATION]
22:43:53  CC             PASSED    NAC:2209/x8A1 TSBK2 NET_STATUS_BCAST WACN:781824/xBEE00 SYSTEM:2208/x8A0 LRA:0/x00 CHAN:0-1593 SERVICES:[DATA, VOICE, REGISTRATION]
22:43:53  CC             PASSED    NAC:2209/x8A1 TSBK3 GRP_VCH_GRNT_UPD GROUP A:402 CHAN A:0-1189
22:43:53  CC             PASSED    NAC:2209/x8A1 TSBK1 IDEN_UPDATE ID:1 OFFSET:30000000 SPACING:6250 BASE:762006250 FDMA BW:12500
22:43:53  CC             PASSED    NAC:2209/x8A1 TSBK2 SNDCP_DCH_ANN_EX CHAN:0-1193/----- AUTONOMOUS/REQUESTED-ACCESS DAC:1 **:0 SERVICE OPTIONS:NSAPI:0 HALF DUPLEX CIRCUIT MODE
22:43:53  CC             PASSED    NAC:2209/x8A1 TSBK3 CCH BASE STAT ID CHAN:0-1593 CWID:
22:43:53  CC             PASSED    NAC:2209/x8A1 TSBK1 IDEN_UPDATE_TDMA ID:2 OFFSET:-45000000 SPACING:12500 BASE:851012500 TDMA BW:12500 TIMESLOTS:2 VOCODER:HALF_RATE
22:43:53  CC             PASSED    NAC:2209/x8A1 TSBK2 MOTOROLA TDMA DATA CHANNEL NOT ACTIVE MSG:1690423FFFFFFFFF0000D458
22:43:53  CC             PASSED    NAC:2209/x8A1 TSBK3 MOTOROLA TRAFFIC CHANNEL 859040C0C0000000080082AB
22:43:53  CC             PASSED    NAC:2209/x8A1 TSBK1 TDMA_SYNC_BCST SYSTEM TIME UNLOCKED: 2026-04-18 21:47:41.175 -0500 LEAP-SECOND CORRECTION:0.0mS MICROSLOT-MINUTE ROLLOVER:SLOW
22:43:53  CC             PASSED    NAC:2209/x8A1 TSBK2 SEC_CCH_BROADCST RFSS:1/x01 SITE:1/x01 CHAN A:0-1277 SERVICE OPTIONS:[BACKUP CONTROL CHANNEL] CHAN B:0-1509 SERVICE OPTIONS:[BACKUP CONTROL CHANNEL]
22:43:53  CC             PASSED    NAC:2209/x8A1 TSBK3 MOTOROLA SYSTEM LOADING MOTOROLA MSG:8990104000000000000032D1
22:43:53  CC             PASSED    NAC:2209/x8A1 TSBK1 IDEN_UPDATE_TDMA ID:3 OFFSET:30000000 SPACING:12500 BASE:762006250 TDMA BW:12500 TIMESLOTS:2 VOCODER:HALF_RATE
22:43:53  CC             PASSED    NAC:2209/x8A1 TSBK2 RFSS_STATUS_BCST SYSTEM:2208/x8A0 RFSS:1/x01 SITE:1/x01 LRA:0/x00 CHAN:0-1593 ACTIVE NETWORK CONNECTION SERVICE OPTIONS:[DATA, VOICE, REGISTRATION]
22:43:53  CC             PASSED    NAC:2209/x8A1 TSBK3 NET_STATUS_BCAST WACN:781824/xBEE00 SYSTEM:2208/x8A0 LRA:0/x00 CHAN:0-1593 SERVICES:[DATA, VOICE, REGISTRATION]
22:43:53  CC             PASSED    NAC:2209/x8A1 TSBK1 GRP_VCH_GRNT_UPD GROUP A:402 CHAN A:0-1189
22:43:53  T2 858.4625    PASSED    NAC:2209/x8A1 TDULC RFSS STATUS BROADCAST LRA:0/x00 SYSTEM:2208/x8A0 SITE:1/x01-1/x01 CHAN:0-1593 SERVICE OPTIONS:[DATA, VOICE, REGISTRATION]
22:43:53  T2 858.4625    PASSED    NAC:2209/x8A1 TDULC GROUP VOICE CHANNEL UPDATE TALKGROUP A:402 CHAN A:0-1189
22:43:53  T2 858.4625    PASSED    NAC:2209/x8A1 TDULC RFSS STATUS BROADCAST LRA:0/x00 SYSTEM:2208/x8A0 SITE:1/x01-1/x01 CHAN:0-1593 SERVICE OPTIONS:[DATA, VOICE, REGISTRATION]
22:43:53  T2 858.4625    PASSED    NAC:2209/x8A1 TDULC GROUP VOICE CHANNEL UPDATE TALKGROUP A:402 CHAN A:0-1189
22:43:53  T2 858.4625    PASSED    NAC:2209/x8A1 TDULC RFSS STATUS BROADCAST LRA:0/x00 SYSTEM:2208/x8A0 SITE:1/x01-1/x01 CHAN:0-1593 SERVICE OPTIONS:[DATA, VOICE, REGISTRATION]
22:43:53  T2 858.4625    PASSED    NAC:2209/x8A1 TDULC GROUP VOICE CHANNEL UPDATE TALKGROUP A:402 CHAN A:0-1189
22:43:53  T2 858.4625    PASSED    NAC:2209/x8A1 TDULC RFSS STATUS BROADCAST LRA:0/x00 SYSTEM:2208/x8A0 SITE:1/x01-1/x01 CHAN:0-1593 SERVICE OPTIONS:[DATA, VOICE, REGISTRATION]
22:43:53  T2 858.4625    PASSED    NAC:2209/x8A1 TDULC GROUP VOICE CHANNEL UPDATE TALKGROUP A:402 CHAN A:0-1189
22:43:53  T2 858.4625    PASSED    NAC:2209/x8A1 TDULC RFSS STATUS BROADCAST LRA:0/x00 SYSTEM:2208/x8A0 SITE:1/x01-1/x01 CHAN:0-1593 SERVICE OPTIONS:[DATA, VOICE, REGISTRATION]
22:43:53  T2 858.4625    PASSED    NAC:2209/x8A1 TDULC GROUP VOICE CHANNEL UPDATE TALKGROUP A:402 CHAN A:0-1189
22:43:53  T2 858.4625    PASSED    NAC:2209/x8A1 TDULC RFSS STATUS BROADCAST LRA:0/x00 SYSTEM:2208/x8A0 SITE:1/x01-1/x01 CHAN:0-1593 SERVICE OPTIONS:[DATA, VOICE, REGISTRATION]
22:43:53  T2 858.4625    PASSED    NAC:2209/x8A1 TDULC GROUP VOICE CHANNEL UPDATE TALKGROUP A:402 CHAN A:0-1189
22:43:53  T2 858.4625    PASSED    NAC:2209/x8A1 TDULC RFSS STATUS BROADCAST LRA:0/x00 SYSTEM:2208/x8A0 SITE:1/x01-1/x01 CHAN:0-1593 SERVICE OPTIONS:[DATA, VOICE, REGISTRATION]
22:43:53  T2 858.4625    PASSED    NAC:2209/x8A1 TDULC GROUP VOICE CHANNEL UPDATE TALKGROUP A:402 CHAN A:0-1189
22:43:53  T2 858.4625    PASSED    NAC:2209/x8A1 TDULC RFSS STATUS BROADCAST LRA:0/x00 SYSTEM:2208/x8A0 SITE:1/x01-1/x01 CHAN:0-1593 SERVICE OPTIONS:[DATA, VOICE, REGISTRATION]
22:43:53  T2 858.4625    PASSED    NAC:2209/x8A1 TDULC GROUP VOICE CHANNEL UPDATE TALKGROUP A:402 CHAN A:0-1189
22:43:53  T2 858.4625    PASSED    NAC:2209/x8A1 TDULC RFSS STATUS BROADCAST LRA:0/x00 SYSTEM:2208/x8A0 SITE:1/x01-1/x01 CHAN:0-1593 SERVICE OPTIONS:[DATA, VOICE, REGISTRATION]
22:43:53  T2 858.4625    PASSED    NAC:2209/x8A1 TDULC GROUP VOICE CHANNEL UPDATE TALKGROUP A:402 CHAN A:0-1189
22:43:53  T2 858.4625    PASSED    NAC:2209/x8A1 TDULC RFSS STATUS BROADCAST LRA:0/x00 SYSTEM:2208/x8A0 SITE:1/x01-1/x01 CHAN:0-1593 SERVICE OPTIONS:[DATA, VOICE, REGISTRATION]
22:43:53  T2 858.4625    PASSED    NAC:2209/x8A1 TDULC GROUP VOICE CHANNEL UPDATE TALKGROUP A:402 CHAN A:0-1189
22:43:53  T2 858.4625    PASSED    NAC:2209/x8A1 TDULC RFSS STATUS BROADCAST LRA:0/x00 SYSTEM:2208/x8A0 SITE:1/x01-1/x01 CHAN:0-1593 SERVICE OPTIONS:[DATA, VOICE, REGISTRATION]
22:43:53  T2 858.4625    PASSED    NAC:2209/x8A1 TDULC GROUP VOICE CHANNEL UPDATE TALKGROUP A:402 CHAN A:0-1189
22:43:53  T2 858.4625    PASSED    NAC:2209/x8A1 TDULC RFSS STATUS BROADCAST LRA:0/x00 SYSTEM:2208/x8A0 SITE:1/x01-1/x01 CHAN:0-1593 SERVICE OPTIONS:[DATA, VOICE, REGISTRATION]
22:43:53  T3 858.4375    PASSED    NAC:2209/x8A1 LDU2  VOICE LSD:A390 ENCRYPTION:AES-256 KEY:8259 MSG INDICATOR:AE3039C8A92DE8DB00
22:43:53  T3 858.4375    PASSED    NAC:2209/x8A1 LDU1  VOICE LSD:3AFF GROUP VOICE CHANNEL USER FM:3416142 TO:402 SERVICE OPTIONS:PRI4 ENCRYPTED CIRCUIT
22:43:53  T3 858.4375    PASSED    NAC:2209/x8A1 LDU2  VOICE LSD:1B08 ENCRYPTION:AES-256 KEY:8259 MSG INDICATOR:277D98611D1A163700
22:43:53  T3 858.4375    PASSED    NAC:2209/x8A1 LDU1  VOICE LSD:3125 GROUP VOICE CHANNEL USER FM:3416142 TO:402 SERVICE OPTIONS:PRI4 ENCRYPTED CIRCUIT
22:43:53  T3 858.4375    PASSED    NAC:2209/x8A1 LDU2  VOICE LSD:144D ENCRYPTION:AES-256 KEY:8259 MSG INDICATOR:D0568382E339E39300
22:43:53  T3 858.4375    PASSED    NAC:2209/x8A1 LDU1  VOICE LSD:1B6B GROUP VOICE CHANNEL USER FM:3416142 TO:402 SERVICE OPTIONS:PRI4 ENCRYPTED CIRCUIT
22:43:54  CC             PASSED    NAC:2209/x8A1 TSBK2 IDEN_UPDATE ID:4 OFFSET:-39000000 SPACING:12500 BASE:935012500 FDMA BW:12500
22:43:54  CC             PASSED    NAC:2209/x8A1 TSBK3 SNDCP_DCH_ANN_EX CHAN:0-1193/----- AUTONOMOUS/REQUESTED-ACCESS DAC:1 **:0 SERVICE OPTIONS:NSAPI:0 HALF DUPLEX CIRCUIT MODE
22:43:54  CC             PASSED    NAC:2209/x8A1 TSBK1 IDEN_UPDATE_TDMA ID:5 OFFSET:-39000000 SPACING:12500 BASE:935012500 TDMA BW:12500 TIMESLOTS:2 VOCODER:HALF_RATE
22:43:54  CC             PASSED    NAC:2209/x8A1 TSBK2 MOTOROLA TDMA DATA CHANNEL NOT ACTIVE MSG:1690423FFFFFFFFF0000D458
22:43:54  CC             PASSED    NAC:2209/x8A1 TSBK3 MOTOROLA TRAFFIC CHANNEL 859040C0C0000000080082AB
22:43:54  CC             PASSED    NAC:2209/x8A1 TSBK1 TDMA_SYNC_BCST SYSTEM TIME UNLOCKED: 2026-04-18 21:47:41.475 -0500 LEAP-SECOND CORRECTION:0.0mS MICROSLOT-MINUTE ROLLOVER:SLOW
22:43:54  CC             PASSED    NAC:2209/x8A1 TSBK2 SEC_CCH_BROADCST RFSS:1/x01 SITE:1/x01 CHAN A:0-1509 SERVICE OPTIONS:[BACKUP CONTROL CHANNEL] CHAN B:0-1349 SERVICE OPTIONS:[BACKUP CONTROL CHANNEL]
22:43:54  CC             PASSED    NAC:2209/x8A1 TSBK3 MOTOROLA SYSTEM LOADING MOTOROLA MSG:89900F000000000000000B4B
22:43:54  CC             PASSED    NAC:2209/x8A1 TSBK1 IDEN_UPDATE ID:0 OFFSET:-45000000 SPACING:6250 BASE:851006250 FDMA BW:12500
22:43:54  CC             PASSED    NAC:2209/x8A1 TSBK2 RFSS_STATUS_BCST SYSTEM:2208/x8A0 RFSS:1/x01 SITE:1/x01 LRA:0/x00 CHAN:0-1593 ACTIVE NETWORK CONNECTION SERVICE OPTIONS:[DATA, VOICE, REGISTRATION]
22:43:54  CC             PASSED    NAC:2209/x8A1 TSBK3 NET_STATUS_BCAST WACN:781824/xBEE00 SYSTEM:2208/x8A0 LRA:0/x00 CHAN:0-1593 SERVICES:[DATA, VOICE, REGISTRATION]
22:43:54  CC             PASSED    NAC:2209/x8A1 TSBK1 GRP_VCH_GRNT_UPD GROUP A:402 CHAN A:0-1189
22:43:54  CC             PASSED    NAC:2209/x8A1 TSBK2 CCH BASE STAT ID CHAN:0-1593 CWID:
22:43:54  CC             PASSED    NAC:2209/x8A1 TSBK3 IDEN_UPDATE ID:1 OFFSET:30000000 SPACING:6250 BASE:762006250 FDMA BW:12500
22:43:54  CC             PASSED    NAC:2209/x8A1 TSBK1 SNDCP_DCH_ANN_EX CHAN:0-1193/----- AUTONOMOUS/REQUESTED-ACCESS DAC:1 **:0 SERVICE OPTIONS:NSAPI:0 HALF DUPLEX CIRCUIT MODE
22:43:54  CC             PASSED    NAC:2209/x8A1 TSBK2 IDEN_UPDATE_TDMA ID:2 OFFSET:-45000000 SPACING:12500 BASE:851012500 TDMA BW:12500 TIMESLOTS:2 VOCODER:HALF_RATE
22:43:54  CC             PASSED    NAC:2209/x8A1 TSBK3 MOTOROLA TDMA DATA CHANNEL NOT ACTIVE MSG:9690423FFFFFFFFF0000306C
22:43:54  CC             PASSED    NAC:2209/x8A1 TSBK1 MOTOROLA TRAFFIC CHANNEL 059040C0C00000000800669F
22:43:54  CC             PASSED    NAC:2209/x8A1 TSBK2 TDMA_SYNC_BCST SYSTEM TIME UNLOCKED: 2026-04-18 21:47:41.775 -0500 LEAP-SECOND CORRECTION:0.0mS MICROSLOT-MINUTE ROLLOVER:SLOW
22:43:54  CC             PASSED    NAC:2209/x8A1 TSBK3 SEC_CCH_BROADCST RFSS:1/x01 SITE:1/x01 CHAN A:0-1349 SERVICE OPTIONS:[BACKUP CONTROL CHANNEL] CHAN B:0-1277 SERVICE OPTIONS:[BACKUP CONTROL CHANNEL]
22:43:54  CC             PASSED    NAC:2209/x8A1 TSBK1 MOTOROLA SYSTEM LOADING MOTOROLA MSG:09901040000000000000D6E5
22:43:54  CC             PASSED    NAC:2209/x8A1 TSBK2 IDEN_UPDATE_TDMA ID:3 OFFSET:30000000 SPACING:12500 BASE:762006250 TDMA BW:12500 TIMESLOTS:2 VOCODER:HALF_RATE
22:43:54  CC             PASSED    NAC:2209/x8A1 TSBK3 RFSS_STATUS_BCST SYSTEM:2208/x8A0 RFSS:1/x01 SITE:1/x01 LRA:0/x00 CHAN:0-1593 ACTIVE NETWORK CONNECTION SERVICE OPTIONS:[DATA, VOICE, REGISTRATION]
22:43:54  CC             PASSED    NAC:2209/x8A1 TSBK1 NET_STATUS_BCAST WACN:781824/xBEE00 SYSTEM:2208/x8A0 LRA:0/x00 CHAN:0-1593 SERVICES:[DATA, VOICE, REGISTRATION]
22:43:54  CC             PASSED    NAC:2209/x8A1 TSBK2 GRP_VCH_GRNT_UPD GROUP A:402 CHAN A:0-1189
22:43:54  CC             PASSED    NAC:2209/x8A1 TSBK3 IDEN_UPDATE ID:4 OFFSET:-39000000 SPACING:12500 BASE:935012500 FDMA BW:12500
22:43:54  CC             PASSED    NAC:2209/x8A1 TSBK1 SNDCP_DCH_ANN_EX CHAN:0-1193/----- AUTONOMOUS/REQUESTED-ACCESS DAC:1 **:0 SERVICE OPTIONS:NSAPI:0 HALF DUPLEX CIRCUIT MODE
22:43:54  CC             PASSED    NAC:2209/x8A1 TSBK2 IDEN_UPDATE_TDMA ID:5 OFFSET:-39000000 SPACING:12500 BASE:935012500 TDMA BW:12500 TIMESLOTS:2 VOCODER:HALF_RATE
22:43:54  CC             PASSED    NAC:2209/x8A1 TSBK3 MOTOROLA TDMA DATA CHANNEL NOT ACTIVE MSG:9690423FFFFFFFFF0000306C
22:43:54  CC             PASSED    NAC:2209/x8A1 TSBK1 MOTOROLA TRAFFIC CHANNEL 059040C0C00000000800669F
22:43:54  CC             PASSED    NAC:2209/x8A1 TSBK2 TDMA_SYNC_BCST SYSTEM TIME UNLOCKED: 2026-04-18 21:47:42.075 -0500 LEAP-SECOND CORRECTION:0.0mS MICROSLOT-MINUTE ROLLOVER:SLOW
22:43:54  CC             PASSED    NAC:2209/x8A1 TSBK3 SEC_CCH_BROADCST RFSS:1/x01 SITE:1/x01 CHAN A:0-1277 SERVICE OPTIONS:[BACKUP CONTROL CHANNEL] CHAN B:0-1509 SERVICE OPTIONS:[BACKUP CONTROL CHANNEL]
22:43:54  CC             PASSED    NAC:2209/x8A1 TSBK1 MOTOROLA SYSTEM LOADING MOTOROLA MSG:09900F00000000000000EF7F
22:43:54  CC             PASSED    NAC:2209/x8A1 TSBK2 IDEN_UPDATE ID:0 OFFSET:-45000000 SPACING:6250 BASE:851006250 FDMA BW:12500
22:43:54  CC             PASSED    NAC:2209/x8A1 TSBK3 RFSS_STATUS_BCST SYSTEM:2208/x8A0 RFSS:1/x01 SITE:1/x01 LRA:0/x00 CHAN:0-1593 ACTIVE NETWORK CONNECTION SERVICE OPTIONS:[DATA, VOICE, REGISTRATION]
22:43:54  CC             PASSED    NAC:2209/x8A1 TSBK1 CCH BASE STAT ID CHAN:0-1593 CWID:
22:43:54  CC             PASSED    NAC:2209/x8A1 TSBK2 NET_STATUS_BCAST WACN:781824/xBEE00 SYSTEM:2208/x8A0 LRA:0/x00 CHAN:0-1593 SERVICES:[DATA, VOICE, REGISTRATION]
22:43:54  CC             PASSED    NAC:2209/x8A1 TSBK3 GRP_VCH_GRNT_UPD GROUP A:402 CHAN A:0-1189
22:43:54  CC             PASSED    NAC:2209/x8A1 TSBK1 IDEN_UPDATE ID:1 OFFSET:30000000 SPACING:6250 BASE:762006250 FDMA BW:12500
22:43:54  T2 858.4625    PASSED    NAC:2209/x8A1 TDULC GROUP VOICE CHANNEL UPDATE TALKGROUP A:402 CHAN A:0-1189
22:43:54  T2 858.4625    PASSED    NAC:2209/x8A1 TDULC RFSS STATUS BROADCAST LRA:0/x00 SYSTEM:2208/x8A0 SITE:1/x01-1/x01 CHAN:0-1593 SERVICE OPTIONS:[DATA, VOICE, REGISTRATION]
22:43:54  T2 858.4625    PASSED    NAC:2209/x8A1 TDULC GROUP VOICE CHANNEL UPDATE TALKGROUP A:402 CHAN A:0-1189
22:43:54  T2 858.4625    PASSED    NAC:2209/x8A1 TDULC RFSS STATUS BROADCAST LRA:0/x00 SYSTEM:2208/x8A0 SITE:1/x01-1/x01 CHAN:0-1593 SERVICE OPTIONS:[DATA, VOICE, REGISTRATION]
22:43:54  T2 858.4625    PASSED    NAC:2209/x8A1 TDULC GROUP VOICE CHANNEL UPDATE TALKGROUP A:402 CHAN A:0-1189
22:43:54  T2 858.4625    PASSED    NAC:2209/x8A1 TDULC RFSS STATUS BROADCAST LRA:0/x00 SYSTEM:2208/x8A0 SITE:1/x01-1/x01 CHAN:0-1593 SERVICE OPTIONS:[DATA, VOICE, REGISTRATION]
22:43:54  T2 858.4625    PASSED    NAC:2209/x8A1 TDULC GROUP VOICE CHANNEL UPDATE TALKGROUP A:402 CHAN A:0-1189
22:43:54  T2 858.4625    PASSED    NAC:2209/x8A1 TDULC RFSS STATUS BROADCAST LRA:0/x00 SYSTEM:2208/x8A0 SITE:1/x01-1/x01 CHAN:0-1593 SERVICE OPTIONS:[DATA, VOICE, REGISTRATION]
22:43:54  T2 858.4625    PASSED    NAC:2209/x8A1 TDULC GROUP VOICE CHANNEL UPDATE TALKGROUP A:402 CHAN A:0-1189
22:43:54  T2 858.4625    PASSED    NAC:2209/x8A1 TDULC RFSS STATUS BROADCAST LRA:0/x00 SYSTEM:2208/x8A0 SITE:1/x01-1/x01 CHAN:0-1593 SERVICE OPTIONS:[DATA, VOICE, REGISTRATION]
22:43:54  T2 858.4625    PASSED    NAC:2209/x8A1 TDULC GROUP VOICE CHANNEL UPDATE TALKGROUP A:402 CHAN A:0-1189
22:43:54  T2 858.4625    PASSED    NAC:2209/x8A1 TDULC RFSS STATUS BROADCAST LRA:0/x00 SYSTEM:2208/x8A0 SITE:1/x01-1/x01 CHAN:0-1593 SERVICE OPTIONS:[DATA, VOICE, REGISTRATION]
22:43:54  T2 858.4625    PASSED    NAC:2209/x8A1 TDULC GROUP VOICE CHANNEL UPDATE TALKGROUP A:402 CHAN A:0-1189
22:43:54  T2 858.4625    PASSED    <-> SYNC LOSS - BITS PROCESSED [2016]
22:43:54  T2 858.4625    PASSED    NAC:2209/x8A1 TDULC GROUP VOICE CHANNEL UPDATE TALKGROUP A:402 CHAN A:0-1189
22:43:54  T2 858.4625    PASSED    NAC:2209/x8A1 TDULC RFSS STATUS BROADCAST LRA:0/x00 SYSTEM:2208/x8A0 SITE:1/x01-1/x01 CHAN:0-1593 SERVICE OPTIONS:[DATA, VOICE, REGISTRATION]
22:43:54  T2 858.4625    PASSED    NAC:2209/x8A1 TDULC GROUP VOICE CHANNEL UPDATE TALKGROUP A:402 CHAN A:0-1189
22:43:54  T2 858.4625    PASSED    NAC:2209/x8A1 TDULC RFSS STATUS BROADCAST LRA:0/x00 SYSTEM:2208/x8A0 SITE:1/x01-1/x01 CHAN:0-1593 SERVICE OPTIONS:[DATA, VOICE, REGISTRATION]
22:43:54  T3 858.4375    PASSED    NAC:2209/x8A1 LDU2  VOICE LSD:0F8E ENCRYPTION:AES-256 KEY:8259 MSG INDICATOR:3491FDA5C434C4BF00
22:43:54  T3 858.4375    PASSED    NAC:2209/x8A1 LDU1  VOICE LSD:422C GROUP VOICE CHANNEL USER FM:3416142 TO:402 SERVICE OPTIONS:PRI4 ENCRYPTED CIRCUIT
22:43:54  T3 858.4375    PASSED    NAC:2209/x8A1 LDU2  VOICE LSD:8F19 ENCRYPTION:AES-256 KEY:8259 MSG INDICATOR:88B64E6EB22F842800
22:43:54  T3 858.4375    PASSED    NAC:2209/x8A1 LDU1  VOICE LSD:D650 GROUP VOICE CHANNEL USER FM:3416142 TO:402 SERVICE OPTIONS:PRI4 ENCRYPTED CIRCUIT
22:43:54  T3 858.4375    PASSED    NAC:2209/x8A1 LDU2  VOICE LSD:86A1 ENCRYPTION:AES-256 KEY:8259 MSG INDICATOR:64BD4D0CC612DEF500
22:43:54  T3 858.4375    PASSED    NAC:2209/x8A1 LDU1  VOICE LSD:4275 GROUP VOICE CHANNEL USER FM:3416142 TO:402 SERVICE OPTIONS:PRI4 ENCRYPTED CIRCUIT
22:43:55  CC             PASSED    NAC:2209/x8A1 TSBK2 SNDCP_DCH_ANN_EX CHAN:0-1193/----- AUTONOMOUS/REQUESTED-ACCESS DAC:1 **:0 SERVICE OPTIONS:NSAPI:0 HALF DUPLEX CIRCUIT MODE
22:43:55  CC             PASSED    NAC:2209/x8A1 TSBK3 IDEN_UPDATE_TDMA ID:2 OFFSET:-45000000 SPACING:12500 BASE:851012500 TDMA BW:12500 TIMESLOTS:2 VOCODER:HALF_RATE
22:43:55  CC             PASSED    NAC:2209/x8A1 TSBK1 MOTOROLA TDMA DATA CHANNEL NOT ACTIVE MSG:1690423FFFFFFFFF0000D458
22:43:55  CC             PASSED    NAC:2209/x8A1 TSBK2 MOTOROLA TRAFFIC CHANNEL 059040C0C00000000800669F
22:43:55  CC             PASSED    NAC:2209/x8A1 TSBK3 TDMA_SYNC_BCST SYSTEM TIME UNLOCKED: 2026-04-18 21:47:42.375 -0500 LEAP-SECOND CORRECTION:0.0mS MICROSLOT-MINUTE ROLLOVER:SLOW
22:43:55  CC             PASSED    NAC:2209/x8A1 TSBK1 SEC_CCH_BROADCST RFSS:1/x01 SITE:1/x01 CHAN A:0-1509 SERVICE OPTIONS:[BACKUP CONTROL CHANNEL] CHAN B:0-1349 SERVICE OPTIONS:[BACKUP CONTROL CHANNEL]
22:43:55  CC             PASSED    NAC:2209/x8A1 TSBK2 MOTOROLA SYSTEM LOADING MOTOROLA MSG:09901040000000000000D6E5
22:43:55  CC             PASSED    NAC:2209/x8A1 TSBK3 IDEN_UPDATE_TDMA ID:3 OFFSET:30000000 SPACING:12500 BASE:762006250 TDMA BW:12500 TIMESLOTS:2 VOCODER:HALF_RATE
22:43:55  CC             PASSED    NAC:2209/x8A1 TSBK1 RFSS_STATUS_BCST SYSTEM:2208/x8A0 RFSS:1/x01 SITE:1/x01 LRA:0/x00 CHAN:0-1593 ACTIVE NETWORK CONNECTION SERVICE OPTIONS:[DATA, VOICE, REGISTRATION]
22:43:55  CC             PASSED    NAC:2209/x8A1 TSBK2 NET_STATUS_BCAST WACN:781824/xBEE00 SYSTEM:2208/x8A0 LRA:0/x00 CHAN:0-1593 SERVICES:[DATA, VOICE, REGISTRATION]
22:43:55  CC             PASSED    NAC:2209/x8A1 TSBK3 GRP_VCH_GRNT_UPD GROUP A:402 CHAN A:0-1189
22:43:55  CC             PASSED    NAC:2209/x8A1 TSBK1 IDEN_UPDATE ID:4 OFFSET:-39000000 SPACING:12500 BASE:935012500 FDMA BW:12500
22:43:55  CC             PASSED    NAC:2209/x8A1 TSBK2 SNDCP_DCH_ANN_EX CHAN:0-1193/----- AUTONOMOUS/REQUESTED-ACCESS DAC:1 **:0 SERVICE OPTIONS:NSAPI:0 HALF DUPLEX CIRCUIT MODE
22:43:55  CC             PASSED    NAC:2209/x8A1 TSBK3 IDEN_UPDATE_TDMA ID:5 OFFSET:-39000000 SPACING:12500 BASE:935012500 TDMA BW:12500 TIMESLOTS:2 VOCODER:HALF_RATE
22:43:55  CC             PASSED    NAC:2209/x8A1 TSBK1 MOTOROLA TDMA DATA CHANNEL NOT ACTIVE MSG:1690423FFFFFFFFF0000D458
22:43:55  CC             PASSED    NAC:2209/x8A1 TSBK2 MOTOROLA TRAFFIC CHANNEL 059040C0C00000000800669F
22:43:55  CC             PASSED    NAC:2209/x8A1 TSBK3 TDMA_SYNC_BCST SYSTEM TIME UNLOCKED: 2026-04-18 21:47:42.675 -0500 LEAP-SECOND CORRECTION:0.0mS MICROSLOT-MINUTE ROLLOVER:SLOW
22:43:55  CC             PASSED    NAC:2209/x8A1 TSBK1 SEC_CCH_BROADCST RFSS:1/x01 SITE:1/x01 CHAN A:0-1349 SERVICE OPTIONS:[BACKUP CONTROL CHANNEL] CHAN B:0-1277 SERVICE OPTIONS:[BACKUP CONTROL CHANNEL]
22:43:55  CC             PASSED    NAC:2209/x8A1 TSBK2 MOTOROLA SYSTEM LOADING MOTOROLA MSG:09900F00000000000000EF7F
22:43:55  CC             PASSED    NAC:2209/x8A1 TSBK3 CCH BASE STAT ID CHAN:0-1593 CWID:
22:43:55  CC             PASSED    NAC:2209/x8A1 TSBK1 IDEN_UPDATE ID:0 OFFSET:-45000000 SPACING:6250 BASE:851006250 FDMA BW:12500
22:43:55  CC             PASSED    NAC:2209/x8A1 TSBK2 RFSS_STATUS_BCST SYSTEM:2208/x8A0 RFSS:1/x01 SITE:1/x01 LRA:0/x00 CHAN:0-1593 ACTIVE NETWORK CONNECTION SERVICE OPTIONS:[DATA, VOICE, REGISTRATION]
22:43:55  CC             PASSED    NAC:2209/x8A1 TSBK3 NET_STATUS_BCAST WACN:781824/xBEE00 SYSTEM:2208/x8A0 LRA:0/x00 CHAN:0-1593 SERVICES:[DATA, VOICE, REGISTRATION]
22:43:55  CC             PASSED    NAC:2209/x8A1 TSBK1 GRP_VCH_GRNT_UPD GROUP A:402 CHAN A:0-1189
22:43:55  CC             PASSED    NAC:2209/x8A1 TSBK2 IDEN_UPDATE ID:1 OFFSET:30000000 SPACING:6250 BASE:762006250 FDMA BW:12500
22:43:55  CC             PASSED    NAC:2209/x8A1 TSBK3 SNDCP_DCH_ANN_EX CHAN:0-1193/----- AUTONOMOUS/REQUESTED-ACCESS DAC:1 **:0 SERVICE OPTIONS:NSAPI:0 HALF DUPLEX CIRCUIT MODE
22:43:55  CC             PASSED    NAC:2209/x8A1 TSBK1 IDEN_UPDATE_TDMA ID:2 OFFSET:-45000000 SPACING:12500 BASE:851012500 TDMA BW:12500 TIMESLOTS:2 VOCODER:HALF_RATE
22:43:55  CC             PASSED    NAC:2209/x8A1 TSBK2 MOTOROLA TDMA DATA CHANNEL NOT ACTIVE MSG:1690423FFFFFFFFF0000D458
22:43:55  CC             PASSED    NAC:2209/x8A1 TSBK3 MOTOROLA TRAFFIC CHANNEL 859040C0C0000000080082AB
22:43:55  CC             PASSED    NAC:2209/x8A1 TSBK1 TDMA_SYNC_BCST SYSTEM TIME UNLOCKED: 2026-04-18 21:47:43.050 -0500 LEAP-SECOND CORRECTION:0.0mS MICROSLOT-MINUTE ROLLOVER:SLOW
22:43:55  CC             PASSED    NAC:2209/x8A1 TSBK2 SEC_CCH_BROADCST RFSS:1/x01 SITE:1/x01 CHAN A:0-1277 SERVICE OPTIONS:[BACKUP CONTROL CHANNEL] CHAN B:0-1509 SERVICE OPTIONS:[BACKUP CONTROL CHANNEL]
22:43:55  CC             PASSED    NAC:2209/x8A1 TSBK3 MOTOROLA SYSTEM LOADING MOTOROLA MSG:8990104000000000000032D1
22:43:55  CC             PASSED    NAC:2209/x8A1 TSBK1 IDEN_UPDATE_TDMA ID:3 OFFSET:30000000 SPACING:12500 BASE:762006250 TDMA BW:12500 TIMESLOTS:2 VOCODER:HALF_RATE
22:43:55  CC             PASSED    NAC:2209/x8A1 TSBK2 RFSS_STATUS_BCST SYSTEM:2208/x8A0 RFSS:1/x01 SITE:1/x01 LRA:0/x00 CHAN:0-1593 ACTIVE NETWORK CONNECTION SERVICE OPTIONS:[DATA, VOICE, REGISTRATION]
22:43:55  CC             PASSED    NAC:2209/x8A1 TSBK3 NET_STATUS_BCAST WACN:781824/xBEE00 SYSTEM:2208/x8A0 LRA:0/x00 CHAN:0-1593 SERVICES:[DATA, VOICE, REGISTRATION]
22:43:55  CC             PASSED    NAC:2209/x8A1 TSBK1 GRP_VCH_GRNT_UPD GROUP A:402 CHAN A:0-1189
22:43:55  CC             PASSED    NAC:2209/x8A1 TSBK2 IDEN_UPDATE ID:4 OFFSET:-39000000 SPACING:12500 BASE:935012500 FDMA BW:12500
22:43:55  CC             PASSED    NAC:2209/x8A1 TSBK3 SNDCP_DCH_ANN_EX CHAN:0-1193/----- AUTONOMOUS/REQUESTED-ACCESS DAC:1 **:0 SERVICE OPTIONS:NSAPI:0 HALF DUPLEX CIRCUIT MODE
22:43:55  CC             PASSED    NAC:2209/x8A1 TSBK1 IDEN_UPDATE_TDMA ID:5 OFFSET:-39000000 SPACING:12500 BASE:935012500 TDMA BW:12500 TIMESLOTS:2 VOCODER:HALF_RATE
22:43:55  CC             PASSED    NAC:2209/x8A1 TSBK2 MOTOROLA TDMA DATA CHANNEL NOT ACTIVE MSG:1690423FFFFFFFFF0000D458
22:43:55  CC             PASSED    NAC:2209/x8A1 TSBK3 MOTOROLA TRAFFIC CHANNEL 859040C0C0000000080082AB
22:43:55  T2 858.4625    PASSED    NAC:2209/x8A1 TDULC GROUP VOICE CHANNEL UPDATE TALKGROUP A:402 CHAN A:0-1189
22:43:55  T2 858.4625    PASSED    NAC:2209/x8A1 TDULC RFSS STATUS BROADCAST LRA:0/x00 SYSTEM:2208/x8A0 SITE:1/x01-1/x01 CHAN:0-1593 SERVICE OPTIONS:[DATA, VOICE, REGISTRATION]
22:43:55  T2 858.4625    PASSED    NAC:2209/x8A1 TDULC GROUP VOICE CHANNEL UPDATE TALKGROUP A:402 CHAN A:0-1189
22:43:55  T2 858.4625    PASSED    NAC:2209/x8A1 TDULC RFSS STATUS BROADCAST LRA:0/x00 SYSTEM:2208/x8A0 SITE:1/x01-1/x01 CHAN:0-1593 SERVICE OPTIONS:[DATA, VOICE, REGISTRATION]
22:43:55  T2 858.4625    PASSED    NAC:2209/x8A1 TDULC GROUP VOICE CHANNEL UPDATE TALKGROUP A:402 CHAN A:0-1189
22:43:55  T2 858.4625    PASSED    NAC:2209/x8A1 TDULC RFSS STATUS BROADCAST LRA:0/x00 SYSTEM:2208/x8A0 SITE:1/x01-1/x01 CHAN:0-1593 SERVICE OPTIONS:[DATA, VOICE, REGISTRATION]
22:43:55  T2 858.4625    PASSED    NAC:2209/x8A1 TDULC GROUP VOICE CHANNEL UPDATE TALKGROUP A:402 CHAN A:0-1189
22:43:55  T2 858.4625    PASSED    NAC:2209/x8A1 TDULC RFSS STATUS BROADCAST LRA:0/x00 SYSTEM:2208/x8A0 SITE:1/x01-1/x01 CHAN:0-1593 SERVICE OPTIONS:[DATA, VOICE, REGISTRATION]
22:43:55  T2 858.4625    PASSED    NAC:2209/x8A1 TDULC GROUP VOICE CHANNEL UPDATE TALKGROUP A:402 CHAN A:0-1189
22:43:55  T2 858.4625    PASSED    NAC:2209/x8A1 TDULC RFSS STATUS BROADCAST LRA:0/x00 SYSTEM:2208/x8A0 SITE:1/x01-1/x01 CHAN:0-1593 SERVICE OPTIONS:[DATA, VOICE, REGISTRATION]
22:43:55  T2 858.4625    PASSED    NAC:2209/x8A1 TDULC GROUP VOICE CHANNEL UPDATE TALKGROUP A:402 CHAN A:0-1189
22:43:55  T2 858.4625    PASSED    NAC:2209/x8A1 TDULC RFSS STATUS BROADCAST LRA:0/x00 SYSTEM:2208/x8A0 SITE:1/x01-1/x01 CHAN:0-1593 SERVICE OPTIONS:[DATA, VOICE, REGISTRATION]
22:43:55  T2 858.4625    PASSED    NAC:2209/x8A1 TDULC GROUP VOICE CHANNEL UPDATE TALKGROUP A:402 CHAN A:0-1189
22:43:55  T2 858.4625    PASSED    NAC:2209/x8A1 TDULC RFSS STATUS BROADCAST LRA:0/x00 SYSTEM:2208/x8A0 SITE:1/x01-1/x01 CHAN:0-1593 SERVICE OPTIONS:[DATA, VOICE, REGISTRATION]
22:43:55  T2 858.4625    PASSED    NAC:2209/x8A1 TDU
22:43:55  T2 858.4625    PASSED    NAC:2209/x8A1 TDU
22:43:55  T2 858.4625    PASSED    NAC:2209/x8A1 TDU
22:43:55  T2 858.4625    PASSED    NAC:2209/x8A1 TDULC CALL TERMINATION BY:3599077
22:43:55  T2 858.4625    PASSED    NAC:2209/x8A1 TDULC CALL TERMINATION BY:3599077
22:43:55  T2 858.4625    PASSED    NAC:2209/x8A1 TDU
22:43:55  T2 858.4625    PASSED    NAC:2209/x8A1 TDU
22:43:55  T2 858.4625    PASSED    NAC:2209/x8A1 TDULC GROUP VOICE CHANNEL UPDATE TALKGROUP A:402 CHAN A:0-1189
22:43:55  T2 858.4625    PASSED    NAC:2209/x8A1 TDULC RFSS STATUS BROADCAST LRA:0/x00 SYSTEM:2208/x8A0 SITE:1/x01-1/x01 CHAN:0-1593 SERVICE OPTIONS:[DATA, VOICE, REGISTRATION]
22:43:55  T2 858.4625    PASSED    NAC:2209/x8A1 TDULC GROUP VOICE CHANNEL UPDATE TALKGROUP A:402 CHAN A:0-1189
22:43:55  T2 858.4625    PASSED    NAC:2209/x8A1 TDULC RFSS STATUS BROADCAST LRA:0/x00 SYSTEM:2208/x8A0 SITE:1/x01-1/x01 CHAN:0-1593 SERVICE OPTIONS:[DATA, VOICE, REGISTRATION]
22:43:55  T2 858.4625    PASSED    NAC:2209/x8A1 TDULC GROUP VOICE CHANNEL UPDATE TALKGROUP A:402 CHAN A:0-1189
22:43:55  T3 858.4375    PASSED    NAC:2209/x8A1 LDU2  VOICE LSD:1953 ENCRYPTION:AES-256 KEY:8259 MSG INDICATOR:8ED3E9197BFB051100
22:43:55  T3 858.4375    PASSED    NAC:2209/x8A1 LDU1  VOICE LSD:4B7A GROUP VOICE CHANNEL USER FM:3416142 TO:402 SERVICE OPTIONS:PRI4 ENCRYPTED CIRCUIT
22:43:55  T3 858.4375    PASSED    NAC:2209/x8A1 LDU2  VOICE LSD:9E50 ENCRYPTION:AES-256 KEY:8259 MSG INDICATOR:0154EE0D32D1E3BB00
22:43:55  T3 858.4375    PASSED    NAC:2209/x8A1 LDU1  VOICE LSD:6CE2 GROUP VOICE CHANNEL USER FM:3416142 TO:402 SERVICE OPTIONS:PRI4 ENCRYPTED CIRCUIT
22:43:55  T3 858.4375    PASSED    NAC:2209/x8A1 LDU2  VOICE LSD:F7C1 ENCRYPTION:AES-256 KEY:8259 MSG INDICATOR:15B286F720926E4600
22:43:56  CC             PASSED    NAC:2209/x8A1 TSBK1 TDMA_SYNC_BCST SYSTEM TIME UNLOCKED: 2026-04-18 21:47:43.350 -0500 LEAP-SECOND CORRECTION:0.0mS MICROSLOT-MINUTE ROLLOVER:SLOW
22:43:56  CC             PASSED    NAC:2209/x8A1 TSBK2 CCH BASE STAT ID CHAN:0-1593 CWID:
22:43:56  CC             PASSED    NAC:2209/x8A1 TSBK3 SEC_CCH_BROADCST RFSS:1/x01 SITE:1/x01 CHAN A:0-1509 SERVICE OPTIONS:[BACKUP CONTROL CHANNEL] CHAN B:0-1349 SERVICE OPTIONS:[BACKUP CONTROL CHANNEL]
22:43:56  CC             PASSED    NAC:2209/x8A1 TSBK1 MOTOROLA SYSTEM LOADING MOTOROLA MSG:09901040000000000000D6E5
22:43:56  CC             PASSED    NAC:2209/x8A1 TSBK2 IDEN_UPDATE ID:0 OFFSET:-45000000 SPACING:6250 BASE:851006250 FDMA BW:12500
22:43:56  CC             PASSED    NAC:2209/x8A1 TSBK3 RFSS_STATUS_BCST SYSTEM:2208/x8A0 RFSS:1/x01 SITE:1/x01 LRA:0/x00 CHAN:0-1593 ACTIVE NETWORK CONNECTION SERVICE OPTIONS:[DATA, VOICE, REGISTRATION]
22:43:56  CC             PASSED    NAC:2209/x8A1 TSBK1 NET_STATUS_BCAST WACN:781824/xBEE00 SYSTEM:2208/x8A0 LRA:0/x00 CHAN:0-1593 SERVICES:[DATA, VOICE, REGISTRATION]
22:43:56  CC             PASSED    NAC:2209/x8A1 TSBK2 GRP_VCH_GRNT_UPD GROUP A:402 CHAN A:0-1189
22:43:56  CC             PASSED    NAC:2209/x8A1 TSBK3 IDEN_UPDATE ID:1 OFFSET:30000000 SPACING:6250 BASE:762006250 FDMA BW:12500
22:43:56  CC             PASSED    NAC:2209/x8A1 TSBK1 SNDCP_DCH_ANN_EX CHAN:0-1193/----- AUTONOMOUS/REQUESTED-ACCESS DAC:1 **:0 SERVICE OPTIONS:NSAPI:0 HALF DUPLEX CIRCUIT MODE
22:43:56  CC             PASSED    NAC:2209/x8A1 TSBK2 IDEN_UPDATE_TDMA ID:2 OFFSET:-45000000 SPACING:12500 BASE:851012500 TDMA BW:12500 TIMESLOTS:2 VOCODER:HALF_RATE
22:43:56  CC             PASSED    NAC:2209/x8A1 TSBK3 MOTOROLA TDMA DATA CHANNEL NOT ACTIVE MSG:9690423FFFFFFFFF0000306C
22:43:56  CC             PASSED    NAC:2209/x8A1 TSBK1 DE_REGIST_ACK TO:3416405 WACN:781824/xBEE00 SYSTEM:2208/x8A0
22:43:56  CC             PASSED    NAC:2209/x8A1 TSBK2 MOTOROLA TRAFFIC CHANNEL 059040C0C00000000800669F
22:43:56  CC             PASSED    NAC:2209/x8A1 TSBK3 TDMA_SYNC_BCST SYSTEM TIME UNLOCKED: 2026-04-18 21:47:43.650 -0500 LEAP-SECOND CORRECTION:0.0mS MICROSLOT-MINUTE ROLLOVER:SLOW
22:43:56  CC             PASSED    NAC:2209/x8A1 TSBK1 DE_REGIST_ACK TO:3416405 WACN:781824/xBEE00 SYSTEM:2208/x8A0
22:43:56  CC             PASSED    NAC:2209/x8A1 TSBK2 SEC_CCH_BROADCST RFSS:1/x01 SITE:1/x01 CHAN A:0-1349 SERVICE OPTIONS:[BACKUP CONTROL CHANNEL] CHAN B:0-1277 SERVICE OPTIONS:[BACKUP CONTROL CHANNEL]
22:43:56  CC             PASSED    NAC:2209/x8A1 TSBK3 MOTOROLA SYSTEM LOADING MOTOROLA MSG:899011800000000000000317
22:43:56  CC             PASSED    NAC:2209/x8A1 TSBK1 IDEN_UPDATE_TDMA ID:3 OFFSET:30000000 SPACING:12500 BASE:762006250 TDMA BW:12500 TIMESLOTS:2 VOCODER:HALF_RATE
22:43:56  CC             PASSED    NAC:2209/x8A1 TSBK2 RFSS_STATUS_BCST SYSTEM:2208/x8A0 RFSS:1/x01 SITE:1/x01 LRA:0/x00 CHAN:0-1593 ACTIVE NETWORK CONNECTION SERVICE OPTIONS:[DATA, VOICE, REGISTRATION]
22:43:56  CC             PASSED    NAC:2209/x8A1 TSBK3 NET_STATUS_BCAST WACN:781824/xBEE00 SYSTEM:2208/x8A0 LRA:0/x00 CHAN:0-1593 SERVICES:[DATA, VOICE, REGISTRATION]
22:43:56  CC             PASSED    NAC:2209/x8A1 TSBK1 GRP_VCH_GRNT_UPD GROUP A:402 CHAN A:0-1189
22:43:56  CC             PASSED    NAC:2209/x8A1 TSBK2 IDEN_UPDATE ID:4 OFFSET:-39000000 SPACING:12500 BASE:935012500 FDMA BW:12500
22:43:56  CC             PASSED    NAC:2209/x8A1 TSBK3 SNDCP_DCH_ANN_EX CHAN:0-1193/----- AUTONOMOUS/REQUESTED-ACCESS DAC:1 **:0 SERVICE OPTIONS:NSAPI:0 HALF DUPLEX CIRCUIT MODE
22:43:56  CC             PASSED    NAC:2209/x8A1 TSBK1 IDEN_UPDATE_TDMA ID:5 OFFSET:-39000000 SPACING:12500 BASE:935012500 TDMA BW:12500 TIMESLOTS:2 VOCODER:HALF_RATE
22:43:56  CC             PASSED    NAC:2209/x8A1 TSBK2 MOTOROLA TDMA DATA CHANNEL NOT ACTIVE MSG:1690423FFFFFFFFF0000D458
22:43:56  CC             PASSED    NAC:2209/x8A1 TSBK3 CCH BASE STAT ID CHAN:0-1593 CWID:
22:43:56  CC             PASSED    NAC:2209/x8A1 TSBK1 MOTOROLA TRAFFIC CHANNEL 059040C0C00000000800669F
22:43:56  CC             PASSED    NAC:2209/x8A1 TSBK2 TDMA_SYNC_BCST SYSTEM TIME UNLOCKED: 2026-04-18 21:47:44.025 -0500 LEAP-SECOND CORRECTION:0.0mS MICROSLOT-MINUTE ROLLOVER:SLOW
22:43:56  CC             PASSED    NAC:2209/x8A1 TSBK3 SEC_CCH_BROADCST RFSS:1/x01 SITE:1/x01 CHAN A:0-1277 SERVICE OPTIONS:[BACKUP CONTROL CHANNEL] CHAN B:0-1509 SERVICE OPTIONS:[BACKUP CONTROL CHANNEL]
22:43:56  CC             PASSED    NAC:2209/x8A1 TSBK1 MOTOROLA SYSTEM LOADING MOTOROLA MSG:09901040000000000000D6E5
22:43:56  CC             PASSED    NAC:2209/x8A1 TSBK2 IDEN_UPDATE ID:0 OFFSET:-45000000 SPACING:6250 BASE:851006250 FDMA BW:12500
22:43:56  CC             PASSED    NAC:2209/x8A1 TSBK3 RFSS_STATUS_BCST SYSTEM:2208/x8A0 RFSS:1/x01 SITE:1/x01 LRA:0/x00 CHAN:0-1593 ACTIVE NETWORK CONNECTION SERVICE OPTIONS:[DATA, VOICE, REGISTRATION]
22:43:56  CC             PASSED    NAC:2209/x8A1 TSBK1 NET_STATUS_BCAST WACN:781824/xBEE00 SYSTEM:2208/x8A0 LRA:0/x00 CHAN:0-1593 SERVICES:[DATA, VOICE, REGISTRATION]
22:43:56  CC             PASSED    NAC:2209/x8A1 TSBK2 GRP_VCH_GRNT_UPD GROUP A:402 CHAN A:0-1189
22:43:56  CC             PASSED    NAC:2209/x8A1 TSBK3 IDEN_UPDATE ID:1 OFFSET:30000000 SPACING:6250 BASE:762006250 FDMA BW:12500
22:43:56  CC             PASSED    NAC:2209/x8A1 TSBK1 SNDCP_DCH_ANN_EX CHAN:0-1193/----- AUTONOMOUS/REQUESTED-ACCESS DAC:1 **:0 SERVICE OPTIONS:NSAPI:0 HALF DUPLEX CIRCUIT MODE
22:43:56  CC             PASSED    NAC:2209/x8A1 TSBK2 IDEN_UPDATE_TDMA ID:2 OFFSET:-45000000 SPACING:12500 BASE:851012500 TDMA BW:12500 TIMESLOTS:2 VOCODER:HALF_RATE
22:43:56  CC             PASSED    NAC:2209/x8A1 TSBK3 MOTOROLA TDMA DATA CHANNEL NOT ACTIVE MSG:9690423FFFFFFFFF0000306C
22:43:56  T2 858.4625    PASSED    NAC:2209/x8A1 TDULC RFSS STATUS BROADCAST LRA:0/x00 SYSTEM:2208/x8A0 SITE:1/x01-1/x01 CHAN:0-1593 SERVICE OPTIONS:[DATA, VOICE, REGISTRATION]
22:43:56  T2 858.4625    PASSED    NAC:2209/x8A1 TDULC GROUP VOICE CHANNEL UPDATE TALKGROUP A:402 CHAN A:0-1189
22:43:56  T2 858.4625    PASSED    NAC:2209/x8A1 TDULC RFSS STATUS BROADCAST LRA:0/x00 SYSTEM:2208/x8A0 SITE:1/x01-1/x01 CHAN:0-1593 SERVICE OPTIONS:[DATA, VOICE, REGISTRATION]
22:43:56  T2 858.4625    PASSED    NAC:2209/x8A1 TDULC GROUP VOICE CHANNEL UPDATE TALKGROUP A:402 CHAN A:0-1189
22:43:56  T2 858.4625    PASSED    NAC:2209/x8A1 TDULC RFSS STATUS BROADCAST LRA:0/x00 SYSTEM:2208/x8A0 SITE:1/x01-1/x01 CHAN:0-1593 SERVICE OPTIONS:[DATA, VOICE, REGISTRATION]
22:43:56  T2 858.4625    PASSED    NAC:2209/x8A1 TDULC GROUP VOICE CHANNEL UPDATE TALKGROUP A:402 CHAN A:0-1189
22:43:56  T2 858.4625    PASSED    <-> SYNC LOSS - BITS PROCESSED [1944]
22:43:56  T2 858.4625    PASSED    NAC:2209/x8A1 TDULC RFSS STATUS BROADCAST LRA:0/x00 SYSTEM:2208/x8A0 SITE:1/x01-1/x01 CHAN:0-1593 SERVICE OPTIONS:[DATA, VOICE, REGISTRATION]
22:43:56  T2 858.4625    PASSED    NAC:2209/x8A1 TDULC GROUP VOICE CHANNEL UPDATE TALKGROUP A:402 CHAN A:0-1189
22:43:56  T2 858.4625    PASSED    NAC:2209/x8A1 TDULC RFSS STATUS BROADCAST LRA:0/x00 SYSTEM:2208/x8A0 SITE:1/x01-1/x01 CHAN:0-1593 SERVICE OPTIONS:[DATA, VOICE, REGISTRATION]
22:43:56  T2 858.4625    PASSED    NAC:2209/x8A1 TDULC GROUP VOICE CHANNEL UPDATE TALKGROUP A:402 CHAN A:0-1189
22:43:56  T2 858.4625    PASSED    NAC:2209/x8A1 TDULC RFSS STATUS BROADCAST LRA:0/x00 SYSTEM:2208/x8A0 SITE:1/x01-1/x01 CHAN:0-1593 SERVICE OPTIONS:[DATA, VOICE, REGISTRATION]
22:43:56  T2 858.4625    PASSED    NAC:2209/x8A1 TDULC GROUP VOICE CHANNEL UPDATE TALKGROUP A:402 CHAN A:0-1189
22:43:56  T2 858.4625    PASSED    NAC:2209/x8A1 TDULC RFSS STATUS BROADCAST LRA:0/x00 SYSTEM:2208/x8A0 SITE:1/x01-1/x01 CHAN:0-1593 SERVICE OPTIONS:[DATA, VOICE, REGISTRATION]
22:43:56  T2 858.4625    PASSED    NAC:2209/x8A1 TDU
22:43:56  T2 858.4625    PASSED    NAC:2209/x8A1 TDU
22:43:56  T2 858.4625    PASSED    NAC:2209/x8A1 TDU
22:43:56  T2 858.4625    PASSED    NAC:2209/x8A1 PDU RESPONSE TO:3402120 ALL BLOCKS RECEIVED
22:43:56  T2 858.4625    PASSED    NAC:2209/x8A1 TDU
22:43:56  T2 858.4625    PASSED    NAC:2209/x8A1 TDU
22:43:56  T2 858.4625    PASSED    NAC:2209/x8A1 TDULC GROUP VOICE CHANNEL UPDATE TALKGROUP A:402 CHAN A:0-1189
22:43:56  T2 858.4625    PASSED    NAC:2209/x8A1 TDULC RFSS STATUS BROADCAST LRA:0/x00 SYSTEM:2208/x8A0 SITE:1/x01-1/x01 CHAN:0-1593 SERVICE OPTIONS:[DATA, VOICE, REGISTRATION]
22:43:56  T3 858.4375    PASSED    NAC:2209/x8A1 LDU1  VOICE LSD:0DF3 GROUP VOICE CHANNEL USER FM:3416142 TO:402 SERVICE OPTIONS:PRI4 ENCRYPTED CIRCUIT
22:43:56  T3 858.4375    PASSED    NAC:2209/x8A1 LDU2  VOICE LSD:D219 ENCRYPTION:AES-256 KEY:8259 MSG INDICATOR:4AE70BDC49B0880400
22:43:56  T3 858.4375    PASSED    NAC:2209/x8A1 LDU1  VOICE LSD:1B59 GROUP VOICE CHANNEL USER FM:3416142 TO:402 SERVICE OPTIONS:PRI4 ENCRYPTED CIRCUIT
22:43:56  T3 858.4375    PASSED    NAC:2209/x8A1 LDU2  VOICE LSD:687E ENCRYPTION:AES-256 KEY:8259 MSG INDICATOR:1935F2A79CF7761400
22:43:56  T3 858.4375    PASSED    NAC:2209/x8A1 LDU1  VOICE LSD:DC56 GROUP VOICE CHANNEL USER FM:3416142 TO:402 SERVICE OPTIONS:PRI4 ENCRYPTED CIRCUIT
22:43:57  CC             PASSED    NAC:2209/x8A1 TSBK1 MOTOROLA TRAFFIC CHANNEL 059040C0C00000000800669F
22:43:57  CC             PASSED    NAC:2209/x8A1 TSBK2 TDMA_SYNC_BCST SYSTEM TIME UNLOCKED: 2026-04-18 21:47:44.325 -0500 LEAP-SECOND CORRECTION:0.0mS MICROSLOT-MINUTE ROLLOVER:SLOW
22:43:57  CC             PASSED    NAC:2209/x8A1 TSBK3 SEC_CCH_BROADCST RFSS:1/x01 SITE:1/x01 CHAN A:0-1509 SERVICE OPTIONS:[BACKUP CONTROL CHANNEL] CHAN B:0-1349 SERVICE OPTIONS:[BACKUP CONTROL CHANNEL]
22:43:57  CC             PASSED    NAC:2209/x8A1 TSBK1 MOTOROLA SYSTEM LOADING MOTOROLA MSG:09900F00000000000000EF7F
22:43:57  CC             PASSED    NAC:2209/x8A1 TSBK2 IDEN_UPDATE_TDMA ID:3 OFFSET:30000000 SPACING:12500 BASE:762006250 TDMA BW:12500 TIMESLOTS:2 VOCODER:HALF_RATE
22:43:57  CC             PASSED    NAC:2209/x8A1 TSBK3 RFSS_STATUS_BCST SYSTEM:2208/x8A0 RFSS:1/x01 SITE:1/x01 LRA:0/x00 CHAN:0-1593 ACTIVE NETWORK CONNECTION SERVICE OPTIONS:[DATA, VOICE, REGISTRATION]
22:43:57  CC             PASSED    NAC:2209/x8A1 TSBK1 NET_STATUS_BCAST WACN:781824/xBEE00 SYSTEM:2208/x8A0 LRA:0/x00 CHAN:0-1593 SERVICES:[DATA, VOICE, REGISTRATION]
22:43:57  CC             PASSED    NAC:2209/x8A1 TSBK2 GRP_VCH_GRNT_UPD GROUP A:402 CHAN A:0-1189
22:43:57  CC             PASSED    NAC:2209/x8A1 TSBK3 IDEN_UPDATE ID:4 OFFSET:-39000000 SPACING:12500 BASE:935012500 FDMA BW:12500
22:43:57  CC             PASSED    NAC:2209/x8A1 TSBK1 SNDCP_DCH_ANN_EX CHAN:0-1193/----- AUTONOMOUS/REQUESTED-ACCESS DAC:1 **:0 SERVICE OPTIONS:NSAPI:0 HALF DUPLEX CIRCUIT MODE
22:43:57  CC             PASSED    NAC:2209/x8A1 TSBK2 CCH BASE STAT ID CHAN:0-1593 CWID:
22:43:57  CC             PASSED    NAC:2209/x8A1 TSBK3 IDEN_UPDATE_TDMA ID:5 OFFSET:-39000000 SPACING:12500 BASE:935012500 TDMA BW:12500 TIMESLOTS:2 VOCODER:HALF_RATE
22:43:57  CC             PASSED    NAC:2209/x8A1 TSBK1 MOTOROLA TDMA DATA CHANNEL NOT ACTIVE MSG:1690423FFFFFFFFF0000D458
22:43:57  CC             PASSED    NAC:2209/x8A1 TSBK2 MOTOROLA TRAFFIC CHANNEL 059040C0C00000000800669F
22:43:57  CC             PASSED    NAC:2209/x8A1 TSBK3 TDMA_SYNC_BCST SYSTEM TIME UNLOCKED: 2026-04-18 21:47:44.625 -0500 LEAP-SECOND CORRECTION:0.0mS MICROSLOT-MINUTE ROLLOVER:SLOW
22:43:57  CC             PASSED    NAC:2209/x8A1 TSBK1 SEC_CCH_BROADCST RFSS:1/x01 SITE:1/x01 CHAN A:0-1349 SERVICE OPTIONS:[BACKUP CONTROL CHANNEL] CHAN B:0-1277 SERVICE OPTIONS:[BACKUP CONTROL CHANNEL]
22:43:57  CC             PASSED    NAC:2209/x8A1 TSBK2 MOTOROLA SYSTEM LOADING MOTOROLA MSG:09901040000000000000D6E5
22:43:57  CC             PASSED    NAC:2209/x8A1 TSBK3 IDEN_UPDATE ID:0 OFFSET:-45000000 SPACING:6250 BASE:851006250 FDMA BW:12500
22:43:57  CC             PASSED    NAC:2209/x8A1 TSBK1 RFSS_STATUS_BCST SYSTEM:2208/x8A0 RFSS:1/x01 SITE:1/x01 LRA:0/x00 CHAN:0-1593 ACTIVE NETWORK CONNECTION SERVICE OPTIONS:[DATA, VOICE, REGISTRATION]
22:43:57  CC             PASSED    NAC:2209/x8A1 TSBK2 NET_STATUS_BCAST WACN:781824/xBEE00 SYSTEM:2208/x8A0 LRA:0/x00 CHAN:0-1593 SERVICES:[DATA, VOICE, REGISTRATION]
22:43:57  CC             PASSED    NAC:2209/x8A1 TSBK3 GRP_VCH_GRNT_UPD GROUP A:402 CHAN A:0-1189
22:43:57  CC             PASSED    NAC:2209/x8A1 TSBK1 IDEN_UPDATE ID:1 OFFSET:30000000 SPACING:6250 BASE:762006250 FDMA BW:12500
22:43:57  CC             PASSED    NAC:2209/x8A1 TSBK2 SNDCP_DCH_ANN_EX CHAN:0-1193/----- AUTONOMOUS/REQUESTED-ACCESS DAC:1 **:0 SERVICE OPTIONS:NSAPI:0 HALF DUPLEX CIRCUIT MODE
22:43:57  CC             PASSED    NAC:2209/x8A1 TSBK3 IDEN_UPDATE_TDMA ID:2 OFFSET:-45000000 SPACING:12500 BASE:851012500 TDMA BW:12500 TIMESLOTS:2 VOCODER:HALF_RATE
22:43:57  CC             PASSED    NAC:2209/x8A1 TSBK1 MOTOROLA TDMA DATA CHANNEL NOT ACTIVE MSG:1690423FFFFFFFFF0000D458
22:43:57  CC             PASSED    NAC:2209/x8A1 TSBK2 MOTOROLA TRAFFIC CHANNEL 059040C0C00000000800669F
22:43:57  CC             PASSED    NAC:2209/x8A1 TSBK3 TDMA_SYNC_BCST SYSTEM TIME UNLOCKED: 2026-04-18 21:47:44.925 -0500 LEAP-SECOND CORRECTION:0.0mS MICROSLOT-MINUTE ROLLOVER:SLOW
22:43:57  CC             PASSED    NAC:2209/x8A1 TSBK1 SEC_CCH_BROADCST RFSS:1/x01 SITE:1/x01 CHAN A:0-1277 SERVICE OPTIONS:[BACKUP CONTROL CHANNEL] CHAN B:0-1509 SERVICE OPTIONS:[BACKUP CONTROL CHANNEL]
22:43:57  CC             PASSED    NAC:2209/x8A1 TSBK2 MOTOROLA SYSTEM LOADING MOTOROLA MSG:09900F00000000000000EF7F
22:43:57  CC             PASSED    NAC:2209/x8A1 TSBK3 IDEN_UPDATE_TDMA ID:3 OFFSET:30000000 SPACING:12500 BASE:762006250 TDMA BW:12500 TIMESLOTS:2 VOCODER:HALF_RATE
22:43:57  CC             PASSED    NAC:2209/x8A1 TSBK1 RFSS_STATUS_BCST SYSTEM:2208/x8A0 RFSS:1/x01 SITE:1/x01 LRA:0/x00 CHAN:0-1593 ACTIVE NETWORK CONNECTION SERVICE OPTIONS:[DATA, VOICE, REGISTRATION]
22:43:57  CC             PASSED    NAC:2209/x8A1 TSBK2 NET_STATUS_BCAST WACN:781824/xBEE00 SYSTEM:2208/x8A0 LRA:0/x00 CHAN:0-1593 SERVICES:[DATA, VOICE, REGISTRATION]
22:43:57  CC             PASSED    NAC:2209/x8A1 TSBK3 GRP_VCH_GRNT_UPD GROUP A:402 CHAN A:0-1189
22:43:57  CC             PASSED    NAC:2209/x8A1 TSBK1 CCH BASE STAT ID CHAN:0-1593 CWID:
22:43:57  CC             PASSED    NAC:2209/x8A1 TSBK2 IDEN_UPDATE ID:4 OFFSET:-39000000 SPACING:12500 BASE:935012500 FDMA BW:12500
22:43:57  CC             PASSED    NAC:2209/x8A1 TSBK3 SNDCP_DCH_ANN_EX CHAN:0-1193/----- AUTONOMOUS/REQUESTED-ACCESS DAC:1 **:0 SERVICE OPTIONS:NSAPI:0 HALF DUPLEX CIRCUIT MODE
22:43:57  CC             PASSED    NAC:2209/x8A1 TSBK1 IDEN_UPDATE_TDMA ID:5 OFFSET:-39000000 SPACING:12500 BASE:935012500 TDMA BW:12500 TIMESLOTS:2 VOCODER:HALF_RATE
22:43:57  CC             PASSED    NAC:2209/x8A1 TSBK2 MOTOROLA TDMA DATA CHANNEL NOT ACTIVE MSG:1690423FFFFFFFFF0000D458
22:43:57  CC             PASSED    NAC:2209/x8A1 TSBK3 MOTOROLA TRAFFIC CHANNEL 859040C0C0000000080082AB
22:43:57  CC             PASSED    NAC:2209/x8A1 TSBK1 TDMA_SYNC_BCST SYSTEM TIME UNLOCKED: 2026-04-18 21:47:45.300 -0500 LEAP-SECOND CORRECTION:0.0mS MICROSLOT-MINUTE ROLLOVER:SLOW
22:43:57  T2 858.4625    PASSED    NAC:2209/x8A1 TDULC GROUP VOICE CHANNEL UPDATE TALKGROUP A:402 CHAN A:0-1189
22:43:57  T2 858.4625    PASSED    NAC:2209/x8A1 TDULC RFSS STATUS BROADCAST LRA:0/x00 SYSTEM:2208/x8A0 SITE:1/x01-1/x01 CHAN:0-1593 SERVICE OPTIONS:[DATA, VOICE, REGISTRATION]
22:43:57  T2 858.4625    PASSED    NAC:2209/x8A1 TDULC GROUP VOICE CHANNEL UPDATE TALKGROUP A:402 CHAN A:0-1189
22:43:57  T2 858.4625    PASSED    NAC:2209/x8A1 TDULC RFSS STATUS BROADCAST LRA:0/x00 SYSTEM:2208/x8A0 SITE:1/x01-1/x01 CHAN:0-1593 SERVICE OPTIONS:[DATA, VOICE, REGISTRATION]
22:43:57  T2 858.4625    PASSED    NAC:2209/x8A1 TDULC GROUP VOICE CHANNEL UPDATE TALKGROUP A:402 CHAN A:0-1189
22:43:57  T2 858.4625    PASSED    NAC:2209/x8A1 TDULC RFSS STATUS BROADCAST LRA:0/x00 SYSTEM:2208/x8A0 SITE:1/x01-1/x01 CHAN:0-1593 SERVICE OPTIONS:[DATA, VOICE, REGISTRATION]
22:43:57  T2 858.4625    PASSED    NAC:2209/x8A1 TDULC GROUP VOICE CHANNEL UPDATE TALKGROUP A:402 CHAN A:0-1189
22:43:57  T2 858.4625    PASSED    NAC:2209/x8A1 TDULC RFSS STATUS BROADCAST LRA:0/x00 SYSTEM:2208/x8A0 SITE:1/x01-1/x01 CHAN:0-1593 SERVICE OPTIONS:[DATA, VOICE, REGISTRATION]
22:43:57  T2 858.4625    PASSED    NAC:2209/x8A1 TDULC GROUP VOICE CHANNEL UPDATE TALKGROUP A:402 CHAN A:0-1189
22:43:57  T2 858.4625    PASSED    NAC:2209/x8A1 TDULC RFSS STATUS BROADCAST LRA:0/x00 SYSTEM:2208/x8A0 SITE:1/x01-1/x01 CHAN:0-1593 SERVICE OPTIONS:[DATA, VOICE, REGISTRATION]
22:43:57  T2 858.4625    PASSED    NAC:2209/x8A1 TDULC GROUP VOICE CHANNEL UPDATE TALKGROUP A:402 CHAN A:0-1189
22:43:57  T2 858.4625    PASSED    <-> SYNC LOSS - BITS PROCESSED [2016]
22:43:57  T2 858.4625    PASSED    NAC:2209/x8A1 TDULC GROUP VOICE CHANNEL UPDATE TALKGROUP A:402 CHAN A:0-1189
22:43:57  T2 858.4625    PASSED    NAC:2209/x8A1 TDULC RFSS STATUS BROADCAST LRA:0/x00 SYSTEM:2208/x8A0 SITE:1/x01-1/x01 CHAN:0-1593 SERVICE OPTIONS:[DATA, VOICE, REGISTRATION]
22:43:57  T2 858.4625    PASSED    NAC:2209/x8A1 TDULC GROUP VOICE CHANNEL UPDATE TALKGROUP A:402 CHAN A:0-1189
22:43:57  T2 858.4625    PASSED    NAC:2209/x8A1 TDULC RFSS STATUS BROADCAST LRA:0/x00 SYSTEM:2208/x8A0 SITE:1/x01-1/x01 CHAN:0-1593 SERVICE OPTIONS:[DATA, VOICE, REGISTRATION]
22:43:57  T2 858.4625    PASSED    NAC:2209/x8A1 TDULC GROUP VOICE CHANNEL UPDATE TALKGROUP A:402 CHAN A:0-1189
22:43:57  T2 858.4625    PASSED    NAC:2209/x8A1 TDULC RFSS STATUS BROADCAST LRA:0/x00 SYSTEM:2208/x8A0 SITE:1/x01-1/x01 CHAN:0-1593 SERVICE OPTIONS:[DATA, VOICE, REGISTRATION]
22:43:57  T3 858.4375    PASSED    NAC:2209/x8A1 LDU2  VOICE LSD:C295 ENCRYPTION:AES-256 KEY:8259 MSG INDICATOR:5BC9E324D96130B700
22:43:57  T3 858.4375    PASSED    NAC:2209/x8A1 LDU1  VOICE LSD:3117 GROUP VOICE CHANNEL USER FM:3416142 TO:402 SERVICE OPTIONS:PRI4 ENCRYPTED CIRCUIT
22:43:57  T3 858.4375    PASSED    NAC:2209/x8A1 LDU2  VOICE LSD:B151 ENCRYPTION:AES-256 KEY:8259 MSG INDICATOR:665054BDC0D03C6100
22:43:57  T3 858.4375    PASSED    NAC:2209/x8A1 LDU1  VOICE LSD:B04D GROUP VOICE CHANNEL USER FM:3416142 TO:402 SERVICE OPTIONS:PRI4 ENCRYPTED CIRCUIT
22:43:57  T3 858.4375    PASSED    NAC:2209/x8A1 LDU2  VOICE LSD:F310 ENCRYPTION:AES-256 KEY:8259 MSG INDICATOR:3820B99DC1D81F8900
22:43:57  T3 858.4375    PASSED    NAC:2209/x8A1 LDU1  VOICE LSD:C62D GROUP VOICE CHANNEL USER FM:3416142 TO:402 SERVICE OPTIONS:PRI4 ENCRYPTED CIRCUIT
22:43:58  CC             PASSED    NAC:2209/x8A1 TSBK2 SEC_CCH_BROADCST RFSS:1/x01 SITE:1/x01 CHAN A:0-1509 SERVICE OPTIONS:[BACKUP CONTROL CHANNEL] CHAN B:0-1349 SERVICE OPTIONS:[BACKUP CONTROL CHANNEL]
22:43:58  CC             PASSED    NAC:2209/x8A1 TSBK3 MOTOROLA SYSTEM LOADING MOTOROLA MSG:8990104000000000000032D1
22:43:58  CC             PASSED    NAC:2209/x8A1 TSBK1 IDEN_UPDATE ID:0 OFFSET:-45000000 SPACING:6250 BASE:851006250 FDMA BW:12500
22:43:58  CC             PASSED    NAC:2209/x8A1 TSBK2 RFSS_STATUS_BCST SYSTEM:2208/x8A0 RFSS:1/x01 SITE:1/x01 LRA:0/x00 CHAN:0-1593 ACTIVE NETWORK CONNECTION SERVICE OPTIONS:[DATA, VOICE, REGISTRATION]
22:43:58  CC             PASSED    NAC:2209/x8A1 TSBK3 NET_STATUS_BCAST WACN:781824/xBEE00 SYSTEM:2208/x8A0 LRA:0/x00 CHAN:0-1593 SERVICES:[DATA, VOICE, REGISTRATION]
22:43:58  CC             PASSED    NAC:2209/x8A1 TSBK1 GRP_VCH_GRNT_UPD GROUP A:402 CHAN A:0-1189
22:43:58  T2 858.4625    PASSED    NAC:2209/x8A1 TDULC GROUP VOICE CHANNEL UPDATE TALKGROUP A:402 CHAN A:0-1189
22:43:58  T2 858.4625    PASSED    NAC:2209/x8A1 TDULC RFSS STATUS BROADCAST LRA:0/x00 SYSTEM:2208/x8A0 SITE:1/x01-1/x01 CHAN:0-1593 SERVICE OPTIONS:[DATA, VOICE, REGISTRATION]
22:43:58  T2 858.4625    PASSED    NAC:2209/x8A1 TDULC GROUP VOICE CHANNEL UPDATE TALKGROUP A:402 CHAN A:0-1189
22:43:58  T2 858.4625    PASSED    NAC:2209/x8A1 TDULC RFSS STATUS BROADCAST LRA:0/x00 SYSTEM:2208/x8A0 SITE:1/x01-1/x01 CHAN:0-1593 SERVICE OPTIONS:[DATA, VOICE, REGISTRATION]
22:43:58  T3 858.4375    PASSED    NAC:2209/x8A1 LDU2  VOICE LSD:0A38 ENCRYPTION:AES-256 KEY:8259 MSG INDICATOR:4DC3525B8177127600
22:43:58  T3 858.4375    PASSED    NAC:2209/x8A1 TDULC MOTOROLA TALK COMPLETE BY:3416142 UNK1:10 UNK2:10
