2026-04-19 17:54:56.861 ,PASSED,control  NAC:0x8A1 TSDU bch_err=0 raw=0x7
2026-04-19 17:54:56.864 ,PASSED,control  NAC:0x8A1 TSDU bch_err=0 raw=0x7
2026-04-19 17:54:56.867 ,PASSED,control  NAC:0x8A1 TSDU bch_err=0 raw=0x7
2026-04-19 17:54:56.871 ,CORRECTED,control  NAC:0x8A1 TSDU bch_err=1 raw=0x6
2026-04-19 17:54:56.874 ,PASSED,control  NAC:0x8A1 TSDU bch_err=0 raw=0x7
2026-04-19 17:54:56.877 ,PASSED,control  NAC:0x8A1 TSDU bch_err=0 raw=0x7
2026-04-19 17:54:56.881 ,CORRECTED,control  NAC:0x8A1 TSDU bch_err=1 raw=0x7
2026-04-19 17:54:56.884 ,PASSED,control  NAC:0x8A1 TSDU bch_err=0 raw=0x7
2026-04-19 17:54:56.887 ,PASSED,control  NAC:0x8A1 TSDU bch_err=0 raw=0x7
2026-04-19 17:54:56.889 ,PASSED,control  NAC:0x8A1 TSDU bch_err=0 raw=0x7
2026-04-19 17:54:56.892 ,PASSED,control  NAC:0x8A1 TSDU bch_err=0 raw=0x7
2026-04-19 17:54:56.894 ,PASSED,control  NAC:0x8A1 TSDU bch_err=0 raw=0x7
2026-04-19 17:54:56.899 ,CORRECTED,control  NAC:0x8A1 TSDU bch_err=3 raw=0x3
2026-04-19 17:54:56.901 ,PASSED,control  NAC:0x8A1 TSDU bch_err=0 raw=0x7
2026-04-19 17:54:56.904 ,PASSED,control  NAC:0x8A1 TSDU bch_err=0 raw=0x7
2026-04-19 17:54:56.907 ,PASSED,control  NAC:0x8A1 TSDU bch_err=0 raw=0x7
2026-04-19 17:54:56.910 ,PASSED,control  NAC:0x8A1 TSDU bch_err=0 raw=0x7
2026-04-19 17:54:56.913 ,PASSED,control  NAC:0x8A1 TSDU bch_err=0 raw=0x7
2026-04-19 17:54:56.915 ,PASSED,control  NAC:0x8A1 TSDU bch_err=0 raw=0x7
2026-04-19 17:54:56.918 ,PASSED,control  NAC:0x8A1 TSDU bch_err=0 raw=0x7
2026-04-19 17:54:56.921 ,PASSED,control  NAC:0x8A1 TSDU bch_err=0 raw=0x7
2026-04-19 17:54:56.923 ,PASSED,control  NAC:0x8A1 TSDU bch_err=0 raw=0x7
2026-04-19 17:54:56.926 ,PASSED,control  NAC:0x8A1 TSDU bch_err=0 raw=0x7
2026-04-19 17:54:56.929 ,PASSED,control  NAC:0x8A1 TSDU bch_err=0 raw=0x7
2026-04-19 17:54:56.931 ,PASSED,control  NAC:0x8A1 TSDU bch_err=0 raw=0x7
2026-04-19 17:54:56.934 ,PASSED,control  NAC:0x8A1 TSDU bch_err=0 raw=0x7
2026-04-19 17:54:56.937 ,PASSED,control  NAC:0x8A1 TSDU bch_err=0 raw=0x7
2026-04-19 17:54:56.940 ,PASSED,control  NAC:0x8A1 TSDU bch_err=0 raw=0x7
2026-04-19 17:54:56.942 ,PASSED,control  NAC:0x8A1 TSDU bch_err=0 raw=0x7
2026-04-19 17:54:56.945 ,PASSED,control  NAC:0x8A1 TSDU bch_err=0 raw=0x7
2026-04-19 17:54:56.950 ,CORRECTED,control  NAC:0x8A1 TSDU bch_err=2 raw=0x7
2026-04-19 17:54:56.953 ,PASSED,control  NAC:0x8A1 TSDU bch_err=0 raw=0x7
2026-04-19 17:54:56.955 ,PASSED,control  NAC:0x8A1 TSDU bch_err=0 raw=0x7
2026-04-19 17:54:56.958 ,PASSED,control  NAC:0x8A1 TSDU bch_err=0 raw=0x7
2026-04-19 17:54:56.961 ,PASSED,control  NAC:0x8A1 TSDU bch_err=0 raw=0x7
2026-04-19 17:54:59.149 ,PASSED,traffic  NAC:0x8A1 TDU_LC bch_err=0 raw=0xF
2026-04-19 17:54:59.149 ,PASSED,traffic  NAC:0x8A1 TDU_LC bch_err=0 raw=?
2026-04-19 17:54:59.151 ,PASSED,traffic  NAC:0x8A1 TDU_LC bch_err=0 raw=0xF
2026-04-19 17:54:59.152 ,PASSED,traffic  NAC:0x8A1 TDU_LC bch_err=0 raw=?
2026-04-19 17:54:59.156 ,CORRECTED,traffic  NAC:0x8A1 TDU_LC bch_err=1 raw=0xF
2026-04-19 17:54:59.156 ,PASSED,traffic  NAC:0x8A1 TDU_LC bch_err=0 raw=?
2026-04-19 17:54:59.158 ,PASSED,traffic  NAC:0x8A1 TDU_LC bch_err=0 raw=0xF
2026-04-19 17:54:59.159 ,PASSED,traffic  NAC:0x8A1 TDU_LC bch_err=0 raw=?
2026-04-19 17:54:59.161 ,PASSED,traffic  NAC:0x8A1 TDU_LC bch_err=0 raw=0xF
2026-04-19 17:54:59.161 ,PASSED,traffic  NAC:0x8A1 TDU_LC bch_err=0 raw=?
2026-04-19 17:54:59.163 ,PASSED,traffic  NAC:0x8A1 TDU_LC bch_err=0 raw=0xF
2026-04-19 17:54:59.164 ,PASSED,traffic  NAC:0x8A1 TDU_LC bch_err=0 raw=?
2026-04-19 17:54:59.166 ,PASSED,traffic  NAC:0x8A1 TDU_LC bch_err=0 raw=0xF
2026-04-19 17:54:59.166 ,PASSED,traffic  NAC:0x8A1 TDU_LC bch_err=0 raw=?
2026-04-19 17:54:59.169 ,PASSED,traffic  NAC:0x8A1 TDU_LC bch_err=0 raw=0xF
2026-04-19 17:54:59.169 ,PASSED,traffic  NAC:0x8A1 TDU_LC bch_err=0 raw=?
2026-04-19 17:54:59.173 ,CORRECTED,traffic  NAC:0x8A1 TDU_LC bch_err=1 raw=0xF
2026-04-19 17:54:59.173 ,PASSED,traffic  NAC:0x8A1 TDU_LC bch_err=0 raw=?
2026-04-19 17:54:59.176 ,PASSED,traffic  NAC:0x8A1 TDU_LC bch_err=0 raw=0xF
2026-04-19 17:54:59.176 ,PASSED,traffic  NAC:0x8A1 TDU_LC bch_err=0 raw=?
2026-04-19 17:54:59.178 ,PASSED,traffic  NAC:0x8A1 TDU_LC bch_err=0 raw=0xF
2026-04-19 17:54:59.178 ,PASSED,traffic  NAC:0x8A1 TDU_LC bch_err=0 raw=?
2026-04-19 17:54:59.181 ,PASSED,traffic  NAC:0x8A1 TDU_LC bch_err=0 raw=0xF
2026-04-19 17:54:59.181 ,PASSED,traffic  NAC:0x8A1 TDU_LC bch_err=0 raw=?
2026-04-19 17:54:59.183 ,PASSED,traffic  NAC:0x8A1 TDU_LC bch_err=0 raw=0xF
2026-04-19 17:54:59.184 ,PASSED,traffic  NAC:0x8A1 TDU_LC bch_err=0 raw=?
2026-04-19 17:54:59.188 ,CORRECTED,traffic  NAC:0x8A1 TDU_LC bch_err=1 raw=0xF
2026-04-19 17:54:59.188 ,PASSED,traffic  NAC:0x8A1 TDU_LC bch_err=0 raw=?
2026-04-19 17:54:59.190 ,PASSED,traffic  NAC:0x8A1 TDU_LC bch_err=0 raw=0xF
2026-04-19 17:54:59.190 ,PASSED,traffic  NAC:0x8A1 TDU_LC bch_err=0 raw=?
2026-04-19 17:54:59.195 ,CORRECTED,traffic  NAC:0x8A1 LDU2 bch_err=5 raw=0x2
2026-04-19 17:54:59.196 ,PASSED,traffic  NAC:0x8A1 LDU2 bch_err=0 raw=?
2026-04-19 17:54:59.200 ,CORRECTED,traffic  NAC:0x8A1 TDU_LC bch_err=3 raw=0xF
2026-04-19 17:54:59.200 ,PASSED,traffic  NAC:0x8A1 TDU_LC bch_err=0 raw=?
2026-04-19 17:54:59.203 ,PASSED,traffic  NAC:0x8A1 TDU_LC bch_err=0 raw=0xF
2026-04-19 17:54:59.203 ,PASSED,traffic  NAC:0x8A1 TDU_LC bch_err=0 raw=?
2026-04-19 17:54:59.206 ,PASSED,traffic  NAC:0x8A1 TDU_LC bch_err=0 raw=0xF
2026-04-19 17:54:59.206 ,PASSED,traffic  NAC:0x8A1 TDU_LC bch_err=0 raw=?
2026-04-19 17:54:59.210 ,CORRECTED,traffic  NAC:0x8A1 TDU_LC bch_err=2 raw=0xF
2026-04-19 17:54:59.210 ,PASSED,traffic  NAC:0x8A1 TDU_LC bch_err=0 raw=?
2026-04-19 17:54:59.214 ,CORRECTED,traffic  NAC:0x8A1 TDU_LC bch_err=3 raw=0x9
2026-04-19 17:54:59.214 ,PASSED,traffic  NAC:0x8A1 TDU_LC bch_err=0 raw=?
2026-04-19 17:54:59.218 ,CORRECTED,traffic  NAC:0x8A1 TDU_LC bch_err=5 raw=0x9
2026-04-19 17:54:59.219 ,PASSED,traffic  NAC:0x8A1 TDU_LC bch_err=0 raw=?
2026-04-19 17:54:59.221 ,PASSED,traffic  NAC:0x8A1 TDU_LC bch_err=0 raw=0xF
2026-04-19 17:54:59.221 ,PASSED,traffic  NAC:0x8A1 TDU_LC bch_err=0 raw=?
2026-04-19 17:54:59.224 ,PASSED,traffic  NAC:0x8A1 TDU_LC bch_err=0 raw=0xF
2026-04-19 17:54:59.224 ,PASSED,traffic  NAC:0x8A1 TDU_LC bch_err=0 raw=?
2026-04-19 17:54:59.226 ,PASSED,traffic  NAC:0x8A1 TDU_LC bch_err=0 raw=0xF
2026-04-19 17:54:59.226 ,PASSED,traffic  NAC:0x8A1 TDU_LC bch_err=0 raw=?
2026-04-19 17:54:59.228 ,PASSED,traffic  NAC:0x8A1 TDU_LC bch_err=0 raw=0xF
2026-04-19 17:54:59.229 ,PASSED,traffic  NAC:0x8A1 TDU_LC bch_err=0 raw=?
2026-04-19 17:54:59.231 ,PASSED,traffic  NAC:0x8A1 TDU_LC bch_err=0 raw=0xF
2026-04-19 17:54:59.231 ,PASSED,traffic  NAC:0x8A1 TDU_LC bch_err=0 raw=?
2026-04-19 17:54:59.233 ,PASSED,traffic  NAC:0x8A1 TDU bch_err=0 raw=0x3
2026-04-19 17:54:59.234 ,PASSED,traffic  NAC:0x8A1 TDU bch_err=0 raw=?
2026-04-19 17:54:59.236 ,PASSED,traffic  NAC:0x8A1 TDU_LC bch_err=0 raw=0xF
2026-04-19 17:54:59.236 ,PASSED,traffic  NAC:0x8A1 TDU_LC bch_err=0 raw=?
2026-04-19 17:54:59.240 ,CORRECTED,traffic  NAC:0x8A1 TDU_LC bch_err=2 raw=0xF
2026-04-19 17:54:59.240 ,PASSED,traffic  NAC:0x8A1 TDU_LC bch_err=0 raw=?
2026-04-19 17:54:59.243 ,PASSED,traffic  NAC:0x8A1 TDU_LC bch_err=0 raw=0xF
2026-04-19 17:54:59.243 ,PASSED,traffic  NAC:0x8A1 TDU_LC bch_err=0 raw=?
2026-04-19 17:54:59.245 ,PASSED,traffic  NAC:0x8A1 TDU_LC bch_err=0 raw=0xF
2026-04-19 17:54:59.245 ,PASSED,traffic  NAC:0x8A1 TDU_LC bch_err=0 raw=?
2026-04-19 17:54:59.248 ,PASSED,traffic  NAC:0x8A1 TDU_LC bch_err=0 raw=0xF
2026-04-19 17:54:59.248 ,PASSED,traffic  NAC:0x8A1 TDU_LC bch_err=0 raw=?
2026-04-19 17:54:59.250 ,PASSED,traffic  NAC:0x8A1 TDU_LC bch_err=0 raw=0xF
2026-04-19 17:54:59.250 ,PASSED,traffic  NAC:0x8A1 TDU_LC bch_err=0 raw=?
2026-04-19 17:54:59.253 ,PASSED,traffic  NAC:0x8A1 TDU_LC bch_err=0 raw=0xF
2026-04-19 17:54:59.253 ,PASSED,traffic  NAC:0x8A1 TDU_LC bch_err=0 raw=?
2026-04-19 17:54:59.255 ,PASSED,traffic  NAC:0x8A1 TDU_LC bch_err=0 raw=0xF
2026-04-19 17:54:59.255 ,PASSED,traffic  NAC:0x8A1 TDU_LC bch_err=0 raw=?
2026-04-19 17:54:59.258 ,PASSED,traffic  NAC:0x8A1 HDU bch_err=0 raw=0x0
2026-04-19 17:54:59.258 ,PASSED,traffic  NAC:0x8A1 HDU bch_err=0 raw=?
2026-04-19 17:54:59.262 ,CORRECTED,traffic  NAC:0x8A1 LDU1 bch_err=1 raw=0x7
2026-04-19 17:54:59.262 ,PASSED,traffic  NAC:0x8A1 LDU1 bch_err=0 raw=?
2026-04-19 17:54:59.265 ,PASSED,traffic  NAC:0x8A1 LDU2 bch_err=0 raw=0xA
2026-04-19 17:54:59.265 ,PASSED,traffic  NAC:0x8A1 LDU2 bch_err=0 raw=?
2026-04-19 17:54:59.267 ,PASSED,traffic  NAC:0x8A1 LDU1 bch_err=0 raw=0x5
2026-04-19 17:54:59.268 ,PASSED,traffic  NAC:0x8A1 LDU1 bch_err=0 raw=?
2026-04-19 17:54:59.270 ,PASSED,traffic  NAC:0x8A1 LDU2 bch_err=0 raw=0xA
2026-04-19 17:54:59.270 ,PASSED,traffic  NAC:0x8A1 LDU2 bch_err=0 raw=?
2026-04-19 17:54:59.273 ,PASSED,traffic  NAC:0x8A1 LDU1 bch_err=0 raw=0x5
2026-04-19 17:54:59.273 ,PASSED,traffic  NAC:0x8A1 LDU1 bch_err=0 raw=?
2026-04-19 17:54:59.276 ,PASSED,traffic  NAC:0x8A1 LDU2 bch_err=0 raw=0xA
2026-04-19 17:54:59.276 ,PASSED,traffic  NAC:0x8A1 LDU2 bch_err=0 raw=?
2026-04-19 17:54:59.280 ,CORRECTED,traffic  NAC:0x8A1 LDU1 bch_err=4 raw=0x5
2026-04-19 17:55:00.250 ,PASSED,control  NAC:0x8A1 TSDU bch_err=0 raw=0x7
2026-04-19 17:55:00.253 ,PASSED,control  NAC:0x8A1 TSDU bch_err=0 raw=0x7
2026-04-19 17:55:00.256 ,PASSED,control  NAC:0x8A1 TSDU bch_err=0 raw=0x7
2026-04-19 17:55:00.259 ,PASSED,control  NAC:0x8A1 TSDU bch_err=0 raw=0x7
2026-04-19 17:55:00.261 ,PASSED,control  NAC:0x8A1 TSDU bch_err=0 raw=0x7
2026-04-19 17:55:00.266 ,CORRECTED,control  NAC:0x8A1 TSDU bch_err=1 raw=0x7
2026-04-19 17:55:00.269 ,PASSED,control  NAC:0x8A1 TSDU bch_err=0 raw=0x7
2026-04-19 17:55:00.272 ,PASSED,control  NAC:0x8A1 TSDU bch_err=0 raw=0x7
2026-04-19 17:55:00.275 ,PASSED,control  NAC:0x8A1 TSDU bch_err=0 raw=0x7
2026-04-19 17:55:00.278 ,PASSED,control  NAC:0x8A1 TSDU bch_err=0 raw=0x7
2026-04-19 17:55:00.280 ,PASSED,control  NAC:0x8A1 TSDU bch_err=0 raw=0x7
2026-04-19 17:55:00.283 ,PASSED,control  NAC:0x8A1 TSDU bch_err=0 raw=0x7
2026-04-19 17:55:00.286 ,PASSED,control  NAC:0x8A1 TSDU bch_err=0 raw=0x7
2026-04-19 17:55:00.289 ,PASSED,control  NAC:0x8A1 TSDU bch_err=0 raw=0x7
2026-04-19 17:55:00.291 ,PASSED,control  NAC:0x8A1 TSDU bch_err=0 raw=0x7
2026-04-19 17:55:00.294 ,PASSED,control  NAC:0x8A1 TSDU bch_err=0 raw=0x7
2026-04-19 17:55:00.297 ,PASSED,control  NAC:0x8A1 TSDU bch_err=0 raw=0x7
2026-04-19 17:55:00.300 ,PASSED,control  NAC:0x8A1 TSDU bch_err=0 raw=0x7
2026-04-19 17:55:00.303 ,PASSED,control  NAC:0x8A1 TSDU bch_err=0 raw=0x7
2026-04-19 17:55:00.306 ,PASSED,control  NAC:0x8A1 TSDU bch_err=0 raw=0x7
2026-04-19 17:55:00.308 ,PASSED,control  NAC:0x8A1 TSDU bch_err=0 raw=0x7
2026-04-19 17:55:00.311 ,PASSED,control  NAC:0x8A1 TSDU bch_err=0 raw=0x7
2026-04-19 17:55:00.314 ,PASSED,control  NAC:0x8A1 TSDU bch_err=0 raw=0x7
2026-04-19 17:55:00.317 ,PASSED,control  NAC:0x8A1 TSDU bch_err=0 raw=0x7
2026-04-19 17:55:00.320 ,PASSED,control  NAC:0x8A1 TSDU bch_err=0 raw=0x7
2026-04-19 17:55:00.323 ,PASSED,control  NAC:0x8A1 TSDU bch_err=0 raw=0x7
2026-04-19 17:55:00.325 ,PASSED,control  NAC:0x8A1 TSDU bch_err=0 raw=0x7
2026-04-19 17:55:00.328 ,PASSED,control  NAC:0x8A1 TSDU bch_err=0 raw=0x7
2026-04-19 17:55:00.331 ,PASSED,control  NAC:0x8A1 TSDU bch_err=0 raw=0x7
2026-04-19 17:55:00.333 ,PASSED,control  NAC:0x8A1 TSDU bch_err=0 raw=0x7
2026-04-19 17:55:00.336 ,PASSED,control  NAC:0x8A1 TSDU bch_err=0 raw=0x7
2026-04-19 17:55:00.339 ,PASSED,control  NAC:0x8A1 TSDU bch_err=0 raw=0x7
2026-04-19 17:55:00.343 ,CORRECTED,control  NAC:0x8A1 TSDU bch_err=1 raw=0x3
2026-04-19 17:55:00.346 ,PASSED,control  NAC:0x8A1 TSDU bch_err=0 raw=0x7
2026-04-19 17:55:00.351 ,CORRECTED,control  NAC:0x8A1 TSDU bch_err=2 raw=0x6
2026-04-19 17:55:00.353 ,PASSED,control  NAC:0x8A1 TSDU bch_err=0 raw=0x7
2026-04-19 17:55:00.356 ,PASSED,control  NAC:0x8A1 TSDU bch_err=0 raw=0x7
2026-04-19 17:55:00.359 ,PASSED,control  NAC:0x8A1 TSDU bch_err=0 raw=0x7
2026-04-19 17:55:00.361 ,PASSED,control  NAC:0x8A1 TSDU bch_err=0 raw=0x7
2026-04-19 17:55:00.364 ,PASSED,control  NAC:0x8A1 TSDU bch_err=0 raw=0x7
2026-04-19 17:55:00.368 ,PASSED,control  NAC:0x8A1 TSDU bch_err=0 raw=0x7
2026-04-19 17:55:00.371 ,PASSED,control  NAC:0x8A1 TSDU bch_err=0 raw=0x7
2026-04-19 17:55:00.374 ,PASSED,control  NAC:0x8A1 TSDU bch_err=0 raw=0x7
2026-04-19 17:55:00.377 ,PASSED,control  NAC:0x8A1 TSDU bch_err=0 raw=0x7
2026-04-19 17:55:02.560 ,PASSED,traffic  NAC:0x8A1 LDU1 bch_err=0 raw=?
2026-04-19 17:55:02.563 ,PASSED,traffic  NAC:0x8A1 LDU2 bch_err=0 raw=0xA
2026-04-19 17:55:02.563 ,PASSED,traffic  NAC:0x8A1 LDU2 bch_err=0 raw=?
2026-04-19 17:55:02.565 ,PASSED,traffic  NAC:0x8A1 LDU1 bch_err=0 raw=0x5
2026-04-19 17:55:02.566 ,PASSED,traffic  NAC:0x8A1 LDU1 bch_err=0 raw=?
2026-04-19 17:55:02.568 ,PASSED,traffic  NAC:0x8A1 LDU2 bch_err=0 raw=0xA
2026-04-19 17:55:02.568 ,PASSED,traffic  NAC:0x8A1 LDU2 bch_err=0 raw=?
2026-04-19 17:55:02.571 ,PASSED,traffic  NAC:0x8A1 LDU1 bch_err=0 raw=0x5
2026-04-19 17:55:02.571 ,PASSED,traffic  NAC:0x8A1 LDU1 bch_err=0 raw=?
2026-04-19 17:55:02.573 ,PASSED,traffic  NAC:0x8A1 LDU2 bch_err=0 raw=0xA
2026-04-19 17:55:02.574 ,PASSED,traffic  NAC:0x8A1 LDU2 bch_err=0 raw=?
2026-04-19 17:55:02.576 ,PASSED,traffic  NAC:0x8A1 LDU1 bch_err=0 raw=0x5
2026-04-19 17:55:02.576 ,PASSED,traffic  NAC:0x8A1 LDU1 bch_err=0 raw=?
2026-04-19 17:55:02.579 ,PASSED,traffic  NAC:0x8A1 LDU2 bch_err=0 raw=0xA
2026-04-19 17:55:02.579 ,PASSED,traffic  NAC:0x8A1 LDU2 bch_err=0 raw=?
2026-04-19 17:55:02.582 ,PASSED,traffic  NAC:0x8A1 LDU1 bch_err=0 raw=0x5
2026-04-19 17:55:02.582 ,PASSED,traffic  NAC:0x8A1 LDU1 bch_err=0 raw=?
2026-04-19 17:55:02.584 ,PASSED,traffic  NAC:0x8A1 LDU2 bch_err=0 raw=0xA
2026-04-19 17:55:02.585 ,PASSED,traffic  NAC:0x8A1 LDU2 bch_err=0 raw=?
2026-04-19 17:55:02.587 ,PASSED,traffic  NAC:0x8A1 LDU1 bch_err=0 raw=0x5
2026-04-19 17:55:02.587 ,PASSED,traffic  NAC:0x8A1 LDU1 bch_err=0 raw=?
2026-04-19 17:55:02.590 ,PASSED,traffic  NAC:0x8A1 LDU2 bch_err=0 raw=0xA
2026-04-19 17:55:02.590 ,PASSED,traffic  NAC:0x8A1 LDU2 bch_err=0 raw=?
2026-04-19 17:55:02.592 ,PASSED,traffic  NAC:0x8A1 LDU1 bch_err=0 raw=0x5
2026-04-19 17:55:02.593 ,PASSED,traffic  NAC:0x8A1 LDU1 bch_err=0 raw=?
2026-04-19 17:55:02.595 ,PASSED,traffic  NAC:0x8A1 LDU2 bch_err=0 raw=0xA
2026-04-19 17:55:02.595 ,PASSED,traffic  NAC:0x8A1 LDU2 bch_err=0 raw=?
2026-04-19 17:55:02.598 ,PASSED,traffic  NAC:0x8A1 LDU1 bch_err=0 raw=0x5
2026-04-19 17:55:02.598 ,PASSED,traffic  NAC:0x8A1 LDU1 bch_err=0 raw=?
2026-04-19 17:55:02.600 ,PASSED,traffic  NAC:0x8A1 LDU2 bch_err=0 raw=0xA
2026-04-19 17:55:02.601 ,PASSED,traffic  NAC:0x8A1 LDU2 bch_err=0 raw=?
2026-04-19 17:55:02.603 ,PASSED,traffic  NAC:0x8A1 LDU1 bch_err=0 raw=0x5
2026-04-19 17:55:02.603 ,PASSED,traffic  NAC:0x8A1 LDU1 bch_err=0 raw=?
2026-04-19 17:55:02.606 ,PASSED,traffic  NAC:0x8A1 LDU2 bch_err=0 raw=0xA
2026-04-19 17:55:02.606 ,PASSED,traffic  NAC:0x8A1 LDU2 bch_err=0 raw=?
2026-04-19 17:55:02.608 ,PASSED,traffic  NAC:0x8A1 LDU1 bch_err=0 raw=0x5
2026-04-19 17:55:02.609 ,PASSED,traffic  NAC:0x8A1 LDU1 bch_err=0 raw=?
2026-04-19 17:55:02.611 ,PASSED,traffic  NAC:0x8A1 LDU2 bch_err=0 raw=0xA
2026-04-19 17:55:03.664 ,PASSED,control  NAC:0x8A1 TSDU bch_err=0 raw=0x7
2026-04-19 17:55:03.667 ,PASSED,control  NAC:0x8A1 TSDU bch_err=0 raw=0x7
2026-04-19 17:55:03.670 ,PASSED,control  NAC:0x8A1 TSDU bch_err=0 raw=0x7
2026-04-19 17:55:03.673 ,PASSED,control  NAC:0x8A1 TSDU bch_err=0 raw=0x7
2026-04-19 17:55:03.675 ,PASSED,control  NAC:0x8A1 TSDU bch_err=0 raw=0x7
2026-04-19 17:55:03.678 ,PASSED,control  NAC:0x8A1 TSDU bch_err=0 raw=0x7
2026-04-19 17:55:03.691 ,PASSED,control  NAC:0x8A1 TSDU bch_err=0 raw=0x7
2026-04-19 17:55:03.693 ,PASSED,control  NAC:0x8A1 TSDU bch_err=0 raw=0x7
2026-04-19 17:55:03.696 ,PASSED,control  NAC:0x8A1 TSDU bch_err=0 raw=0x7
2026-04-19 17:55:03.699 ,PASSED,control  NAC:0x8A1 TSDU bch_err=0 raw=0x7
2026-04-19 17:55:03.708 ,PASSED,control  NAC:0x8A1 TSDU bch_err=0 raw=0x7
2026-04-19 17:55:03.710 ,PASSED,control  NAC:0x8A1 TSDU bch_err=0 raw=0x7
2026-04-19 17:55:03.713 ,PASSED,control  NAC:0x8A1 TSDU bch_err=0 raw=0x7
2026-04-19 17:55:03.716 ,PASSED,control  NAC:0x8A1 TSDU bch_err=0 raw=0x7
2026-04-19 17:55:03.719 ,PASSED,control  NAC:0x8A1 TSDU bch_err=0 raw=0x7
2026-04-19 17:55:03.726 ,PASSED,control  NAC:0x8A1 TSDU bch_err=0 raw=0x7
2026-04-19 17:55:03.729 ,PASSED,control  NAC:0x8A1 TSDU bch_err=0 raw=0x7
2026-04-19 17:55:03.732 ,PASSED,control  NAC:0x8A1 TSDU bch_err=0 raw=0x7
2026-04-19 17:55:03.734 ,PASSED,control  NAC:0x8A1 TSDU bch_err=0 raw=0x7
2026-04-19 17:55:03.737 ,PASSED,control  NAC:0x8A1 TSDU bch_err=0 raw=0x7
2026-04-19 17:55:03.739 ,PASSED,control  NAC:0x8A1 TSDU bch_err=0 raw=0x7
2026-04-19 17:55:03.743 ,PASSED,control  NAC:0x8A1 TSDU bch_err=0 raw=0x7
2026-04-19 17:55:03.746 ,PASSED,control  NAC:0x8A1 TSDU bch_err=0 raw=0x7
2026-04-19 17:55:03.748 ,PASSED,control  NAC:0x8A1 TSDU bch_err=0 raw=0x7
2026-04-19 17:55:03.761 ,PASSED,control  NAC:0x8A1 TSDU bch_err=0 raw=0x7
2026-04-19 17:55:03.765 ,CORRECTED,control  NAC:0x8A1 TSDU bch_err=1 raw=0x6
2026-04-19 17:55:03.768 ,PASSED,control  NAC:0x8A1 TSDU bch_err=0 raw=0x7
2026-04-19 17:55:03.776 ,PASSED,control  NAC:0x8A1 TSDU bch_err=0 raw=0x7
2026-04-19 17:55:03.779 ,PASSED,control  NAC:0x8A1 TSDU bch_err=0 raw=0x7
2026-04-19 17:55:03.784 ,PASSED,control  NAC:0x8A1 TSDU bch_err=0 raw=0x7
2026-04-19 17:55:03.787 ,PASSED,control  NAC:0x8A1 TSDU bch_err=0 raw=0x7
2026-04-19 17:55:03.790 ,PASSED,control  NAC:0x8A1 TSDU bch_err=0 raw=0x7
2026-04-19 17:55:03.797 ,PASSED,control  NAC:0x8A1 TSDU bch_err=0 raw=0x7
2026-04-19 17:55:03.800 ,PASSED,control  NAC:0x8A1 TSDU bch_err=0 raw=0x7
2026-04-19 17:55:03.804 ,PASSED,control  NAC:0x8A1 TSDU bch_err=0 raw=0x7
2026-04-19 17:55:03.807 ,PASSED,control  NAC:0x8A1 TSDU bch_err=0 raw=0x7
2026-04-19 17:55:03.810 ,PASSED,control  NAC:0x8A1 TSDU bch_err=0 raw=0x7
2026-04-19 17:55:03.822 ,PASSED,control  NAC:0x8A1 TSDU bch_err=0 raw=0x7
2026-04-19 17:55:03.825 ,PASSED,control  NAC:0x8A1 TSDU bch_err=0 raw=0x7
2026-04-19 17:55:03.828 ,PASSED,control  NAC:0x8A1 TSDU bch_err=0 raw=0x7
2026-04-19 17:55:03.830 ,PASSED,control  NAC:0x8A1 TSDU bch_err=0 raw=0x7
2026-04-19 17:55:03.838 ,PASSED,control  NAC:0x8A1 TSDU bch_err=0 raw=0x7
2026-04-19 17:55:03.844 ,PASSED,control  NAC:0x8A1 TSDU bch_err=0 raw=0x7
2026-04-19 17:55:05.973 ,PASSED,traffic  NAC:0x8A1 LDU2 bch_err=0 raw=?
2026-04-19 17:55:05.976 ,PASSED,traffic  NAC:0x8A1 LDU1 bch_err=0 raw=0x5
2026-04-19 17:55:05.976 ,PASSED,traffic  NAC:0x8A1 LDU1 bch_err=0 raw=?
2026-04-19 17:55:05.979 ,PASSED,traffic  NAC:0x8A1 LDU2 bch_err=0 raw=0xA
2026-04-19 17:55:05.979 ,PASSED,traffic  NAC:0x8A1 LDU2 bch_err=0 raw=?
2026-04-19 17:55:05.981 ,PASSED,traffic  NAC:0x8A1 LDU1 bch_err=0 raw=0x5
2026-04-19 17:55:05.981 ,PASSED,traffic  NAC:0x8A1 LDU1 bch_err=0 raw=?
2026-04-19 17:55:05.984 ,PASSED,traffic  NAC:0x8A1 LDU2 bch_err=0 raw=0xA
2026-04-19 17:55:05.984 ,PASSED,traffic  NAC:0x8A1 LDU2 bch_err=0 raw=?
2026-04-19 17:55:05.987 ,PASSED,traffic  NAC:0x8A1 LDU1 bch_err=0 raw=0x5
2026-04-19 17:55:05.987 ,PASSED,traffic  NAC:0x8A1 LDU1 bch_err=0 raw=?
2026-04-19 17:55:05.989 ,PASSED,traffic  NAC:0x8A1 LDU2 bch_err=0 raw=0xA
2026-04-19 17:55:05.990 ,PASSED,traffic  NAC:0x8A1 LDU2 bch_err=0 raw=?
2026-04-19 17:55:05.992 ,PASSED,traffic  NAC:0x8A1 LDU1 bch_err=0 raw=0x5
2026-04-19 17:55:05.992 ,PASSED,traffic  NAC:0x8A1 LDU1 bch_err=0 raw=?
2026-04-19 17:55:05.995 ,PASSED,traffic  NAC:0x8A1 TDU_LC bch_err=0 raw=0xF
2026-04-19 17:55:05.995 ,PASSED,traffic  NAC:0x8A1 TDU_LC bch_err=0 raw=?
2026-04-19 17:55:05.997 ,PASSED,traffic  NAC:0x8A1 TDU_LC bch_err=0 raw=0xF
2026-04-19 17:55:05.997 ,PASSED,traffic  NAC:0x8A1 TDU_LC bch_err=0 raw=?
2026-04-19 17:55:06.000 ,PASSED,traffic  NAC:0x8A1 TDU_LC bch_err=0 raw=0xF
2026-04-19 17:55:06.000 ,PASSED,traffic  NAC:0x8A1 TDU_LC bch_err=0 raw=?
2026-04-19 17:55:06.002 ,PASSED,traffic  NAC:0x8A1 TDU_LC bch_err=0 raw=0xF
2026-04-19 17:55:06.002 ,PASSED,traffic  NAC:0x8A1 TDU_LC bch_err=0 raw=?
2026-04-19 17:55:06.005 ,PASSED,traffic  NAC:0x8A1 TDU_LC bch_err=0 raw=0xF
2026-04-19 17:55:06.005 ,PASSED,traffic  NAC:0x8A1 TDU_LC bch_err=0 raw=?
2026-04-19 17:55:06.007 ,PASSED,traffic  NAC:0x8A1 TDU_LC bch_err=0 raw=0xF
2026-04-19 17:55:06.007 ,PASSED,traffic  NAC:0x8A1 TDU_LC bch_err=0 raw=?
2026-04-19 17:55:06.010 ,PASSED,traffic  NAC:0x8A1 TDU_LC bch_err=0 raw=0xF
2026-04-19 17:55:06.010 ,PASSED,traffic  NAC:0x8A1 TDU_LC bch_err=0 raw=?
2026-04-19 17:55:06.012 ,PASSED,traffic  NAC:0x8A1 TDU_LC bch_err=0 raw=0xF
2026-04-19 17:55:06.012 ,PASSED,traffic  NAC:0x8A1 TDU_LC bch_err=0 raw=?
2026-04-19 17:55:06.015 ,PASSED,traffic  NAC:0x8A1 TDU_LC bch_err=0 raw=0xF
2026-04-19 17:55:06.015 ,PASSED,traffic  NAC:0x8A1 TDU_LC bch_err=0 raw=?
2026-04-19 17:55:06.017 ,PASSED,traffic  NAC:0x8A1 TDU_LC bch_err=0 raw=0xF
2026-04-19 17:55:06.017 ,PASSED,traffic  NAC:0x8A1 TDU_LC bch_err=0 raw=?
2026-04-19 17:55:06.019 ,PASSED,traffic  NAC:0x8A1 TDU_LC bch_err=0 raw=0xF
2026-04-19 17:55:06.020 ,PASSED,traffic  NAC:0x8A1 TDU_LC bch_err=0 raw=?
2026-04-19 17:55:06.022 ,PASSED,traffic  NAC:0x8A1 TDU_LC bch_err=0 raw=0xF
2026-04-19 17:55:06.022 ,PASSED,traffic  NAC:0x8A1 TDU_LC bch_err=0 raw=?
2026-04-19 17:55:06.024 ,PASSED,traffic  NAC:0x8A1 TDU_LC bch_err=0 raw=0xF
2026-04-19 17:55:06.025 ,PASSED,traffic  NAC:0x8A1 TDU_LC bch_err=0 raw=?
2026-04-19 17:55:06.027 ,PASSED,traffic  NAC:0x8A1 TDU_LC bch_err=0 raw=0xF
2026-04-19 17:55:06.027 ,PASSED,traffic  NAC:0x8A1 TDU_LC bch_err=0 raw=?
2026-04-19 17:55:06.029 ,PASSED,traffic  NAC:0x8A1 TDU_LC bch_err=0 raw=0xF
2026-04-19 17:55:06.030 ,PASSED,traffic  NAC:0x8A1 TDU_LC bch_err=0 raw=?
2026-04-19 17:55:06.032 ,PASSED,traffic  NAC:0x8A1 TDU_LC bch_err=0 raw=0xF
2026-04-19 17:55:06.032 ,PASSED,traffic  NAC:0x8A1 TDU_LC bch_err=0 raw=?
2026-04-19 17:55:06.034 ,PASSED,traffic  NAC:0x8A1 TDU_LC bch_err=0 raw=0xF
2026-04-19 17:55:06.034 ,PASSED,traffic  NAC:0x8A1 TDU_LC bch_err=0 raw=?
2026-04-19 17:55:06.037 ,PASSED,traffic  NAC:0x8A1 TDU_LC bch_err=0 raw=0xF
2026-04-19 17:55:06.037 ,PASSED,traffic  NAC:0x8A1 TDU_LC bch_err=0 raw=?
2026-04-19 17:55:06.039 ,PASSED,traffic  NAC:0x8A1 TDU_LC bch_err=0 raw=0xF
2026-04-19 17:55:06.039 ,PASSED,traffic  NAC:0x8A1 TDU_LC bch_err=0 raw=?
2026-04-19 17:55:06.042 ,PASSED,traffic  NAC:0x8A1 TDU_LC bch_err=0 raw=0xF
2026-04-19 17:55:06.042 ,PASSED,traffic  NAC:0x8A1 TDU_LC bch_err=0 raw=?
2026-04-19 17:55:06.044 ,PASSED,traffic  NAC:0x8A1 TDU_LC bch_err=0 raw=0xF
2026-04-19 17:55:06.044 ,PASSED,traffic  NAC:0x8A1 TDU_LC bch_err=0 raw=?
2026-04-19 17:55:06.047 ,PASSED,traffic  NAC:0x8A1 TDU_LC bch_err=0 raw=0xF
2026-04-19 17:55:06.047 ,PASSED,traffic  NAC:0x8A1 TDU_LC bch_err=0 raw=?
2026-04-19 17:55:06.049 ,PASSED,traffic  NAC:0x8A1 TDU_LC bch_err=0 raw=0xF
2026-04-19 17:55:06.049 ,PASSED,traffic  NAC:0x8A1 TDU_LC bch_err=0 raw=?
2026-04-19 17:55:06.051 ,PASSED,traffic  NAC:0x8A1 TDU_LC bch_err=0 raw=0xF
2026-04-19 17:55:06.052 ,PASSED,traffic  NAC:0x8A1 TDU_LC bch_err=0 raw=?
2026-04-19 17:55:06.054 ,PASSED,traffic  NAC:0x8A1 TDU_LC bch_err=0 raw=0xF
2026-04-19 17:55:06.054 ,PASSED,traffic  NAC:0x8A1 TDU_LC bch_err=0 raw=?
2026-04-19 17:55:06.056 ,PASSED,traffic  NAC:0x8A1 TDU_LC bch_err=0 raw=0xF
2026-04-19 17:55:06.057 ,PASSED,traffic  NAC:0x8A1 TDU_LC bch_err=0 raw=?
2026-04-19 17:55:06.059 ,PASSED,traffic  NAC:0x8A1 TDU_LC bch_err=0 raw=0xF
2026-04-19 17:55:06.059 ,PASSED,traffic  NAC:0x8A1 TDU_LC bch_err=0 raw=?
2026-04-19 17:55:06.063 ,CORRECTED,traffic  NAC:0x8A1 TDU_LC bch_err=1 raw=0xF
2026-04-19 17:55:06.063 ,PASSED,traffic  NAC:0x8A1 TDU_LC bch_err=0 raw=?
2026-04-19 17:55:06.066 ,PASSED,traffic  NAC:0x8A1 TDU_LC bch_err=0 raw=0xF
2026-04-19 17:55:06.066 ,PASSED,traffic  NAC:0x8A1 TDU_LC bch_err=0 raw=?
2026-04-19 17:55:06.068 ,PASSED,traffic  NAC:0x8A1 TDU_LC bch_err=0 raw=0xF
2026-04-19 17:55:06.068 ,PASSED,traffic  NAC:0x8A1 TDU_LC bch_err=0 raw=?
2026-04-19 17:55:06.071 ,PASSED,traffic  NAC:0x8A1 TDU_LC bch_err=0 raw=0xF
2026-04-19 17:55:06.071 ,PASSED,traffic  NAC:0x8A1 TDU_LC bch_err=0 raw=?
2026-04-19 17:55:06.073 ,PASSED,traffic  NAC:0x8A1 TDU_LC bch_err=0 raw=0xF
2026-04-19 17:55:06.073 ,PASSED,traffic  NAC:0x8A1 TDU_LC bch_err=0 raw=?
2026-04-19 17:55:06.076 ,PASSED,traffic  NAC:0x8A1 TDU_LC bch_err=0 raw=0xF
2026-04-19 17:55:06.076 ,PASSED,traffic  NAC:0x8A1 TDU_LC bch_err=0 raw=?
2026-04-19 17:55:06.078 ,PASSED,traffic  NAC:0x8A1 TDU_LC bch_err=0 raw=0xF
2026-04-19 17:55:06.078 ,PASSED,traffic  NAC:0x8A1 TDU_LC bch_err=0 raw=?
2026-04-19 17:55:06.080 ,PASSED,traffic  NAC:0x8A1 TDU_LC bch_err=0 raw=0xF
2026-04-19 17:55:06.081 ,PASSED,traffic  NAC:0x8A1 TDU_LC bch_err=0 raw=?
2026-04-19 17:55:06.083 ,PASSED,traffic  NAC:0x8A1 TDU_LC bch_err=0 raw=0xF
2026-04-19 17:55:06.083 ,PASSED,traffic  NAC:0x8A1 TDU_LC bch_err=0 raw=?
2026-04-19 17:55:06.085 ,PASSED,traffic  NAC:0x8A1 TDU_LC bch_err=0 raw=0xF
2026-04-19 17:55:06.086 ,PASSED,traffic  NAC:0x8A1 TDU_LC bch_err=0 raw=?
2026-04-19 17:55:06.088 ,PASSED,traffic  NAC:0x8A1 TDU_LC bch_err=0 raw=0xF
2026-04-19 17:55:06.088 ,PASSED,traffic  NAC:0x8A1 TDU_LC bch_err=0 raw=?
2026-04-19 17:55:06.090 ,PASSED,traffic  NAC:0x8A1 TDU_LC bch_err=0 raw=0xF
2026-04-19 17:55:06.090 ,PASSED,traffic  NAC:0x8A1 TDU_LC bch_err=0 raw=?
2026-04-19 17:55:06.093 ,PASSED,traffic  NAC:0x8A1 TDU_LC bch_err=0 raw=0xF
2026-04-19 17:55:06.093 ,PASSED,traffic  NAC:0x8A1 TDU_LC bch_err=0 raw=?
2026-04-19 17:55:06.095 ,PASSED,traffic  NAC:0x8A1 TDU_LC bch_err=0 raw=0xF
2026-04-19 17:55:06.096 ,PASSED,traffic  NAC:0x8A1 TDU_LC bch_err=0 raw=?
2026-04-19 17:55:07.077 ,PASSED,control  NAC:0x8A1 TSDU bch_err=0 raw=0x7
2026-04-19 17:55:07.080 ,PASSED,control  NAC:0x8A1 TSDU bch_err=0 raw=0x7
2026-04-19 17:55:07.094 ,PASSED,control  NAC:0x8A1 TSDU bch_err=0 raw=0x7
2026-04-19 17:55:07.097 ,PASSED,control  NAC:0x8A1 TSDU bch_err=0 raw=0x7
2026-04-19 17:55:07.112 ,CORRECTED,control  NAC:0x8A1 TSDU bch_err=3 raw=0x6
2026-04-19 17:55:07.115 ,PASSED,control  NAC:0x8A1 TSDU bch_err=0 raw=0x7
2026-04-19 17:55:07.118 ,PASSED,control  NAC:0x8A1 TSDU bch_err=0 raw=0x7
2026-04-19 17:55:07.131 ,PASSED,control  NAC:0x8A1 TSDU bch_err=0 raw=0x7
2026-04-19 17:55:07.134 ,PASSED,control  NAC:0x8A1 TSDU bch_err=0 raw=0x7
2026-04-19 17:55:07.137 ,PASSED,control  NAC:0x8A1 TSDU bch_err=0 raw=0x7
2026-04-19 17:55:07.140 ,PASSED,control  NAC:0x8A1 TSDU bch_err=0 raw=0x7
2026-04-19 17:55:07.153 ,PASSED,control  NAC:0x8A1 TSDU bch_err=0 raw=0x7
2026-04-19 17:55:07.156 ,PASSED,control  NAC:0x8A1 TSDU bch_err=0 raw=0x7
2026-04-19 17:55:07.159 ,PASSED,control  NAC:0x8A1 TSDU bch_err=0 raw=0x7
2026-04-19 17:55:07.172 ,PASSED,control  NAC:0x8A1 TSDU bch_err=0 raw=0x7
2026-04-19 17:55:07.175 ,PASSED,control  NAC:0x8A1 TSDU bch_err=0 raw=0x7
2026-04-19 17:55:07.178 ,PASSED,control  NAC:0x8A1 TSDU bch_err=0 raw=0x7
2026-04-19 17:55:07.186 ,PASSED,control  NAC:0x8A1 TSDU bch_err=0 raw=0x7
2026-04-19 17:55:07.190 ,PASSED,control  NAC:0x8A1 TSDU bch_err=0 raw=0x7
2026-04-19 17:55:07.192 ,PASSED,control  NAC:0x8A1 TSDU bch_err=0 raw=0x7
2026-04-19 17:55:07.196 ,PASSED,control  NAC:0x8A1 TSDU bch_err=0 raw=0x7
2026-04-19 17:55:07.199 ,PASSED,control  NAC:0x8A1 TSDU bch_err=0 raw=0x7
2026-04-19 17:55:07.211 ,CORRECTED,control  NAC:0x8A1 TSDU bch_err=7 raw=0x7
2026-04-19 17:55:07.215 ,PASSED,control  NAC:0x8A1 TSDU bch_err=0 raw=0x7
2026-04-19 17:55:07.218 ,PASSED,control  NAC:0x8A1 TSDU bch_err=0 raw=0x7
2026-04-19 17:55:07.222 ,PASSED,control  NAC:0x8A1 TSDU bch_err=0 raw=0x7
2026-04-19 17:55:07.225 ,PASSED,control  NAC:0x8A1 TSDU bch_err=0 raw=0x7
2026-04-19 17:55:07.230 ,CORRECTED,control  NAC:0x8A1 TSDU bch_err=2 raw=0x6
2026-04-19 17:55:07.235 ,PASSED,control  NAC:0x8A1 TSDU bch_err=0 raw=0x7
2026-04-19 17:55:07.238 ,PASSED,control  NAC:0x8A1 TSDU bch_err=0 raw=0x7
2026-04-19 17:55:07.248 ,CORRECTED,control  NAC:0x8A1 TSDU bch_err=4 raw=0x7
2026-04-19 17:55:07.253 ,PASSED,control  NAC:0x8A1 TSDU bch_err=0 raw=0x7
2026-04-19 17:55:07.256 ,PASSED,control  NAC:0x8A1 TSDU bch_err=0 raw=0x7
2026-04-19 17:55:07.260 ,PASSED,control  NAC:0x8A1 TSDU bch_err=0 raw=0x7
2026-04-19 17:55:07.264 ,PASSED,control  NAC:0x8A1 TSDU bch_err=0 raw=0x7
2026-04-19 17:55:07.268 ,PASSED,control  NAC:0x8A1 TSDU bch_err=0 raw=0x7
2026-04-19 17:55:07.271 ,PASSED,control  NAC:0x8A1 TSDU bch_err=0 raw=0x7
2026-04-19 17:55:07.276 ,PASSED,control  NAC:0x8A1 TSDU bch_err=0 raw=0x7
2026-04-19 17:55:07.280 ,PASSED,control  NAC:0x8A1 TSDU bch_err=0 raw=0x7
2026-04-19 17:55:07.284 ,PASSED,control  NAC:0x8A1 TSDU bch_err=0 raw=0x7
2026-04-19 17:55:07.290 ,CORRECTED,control  NAC:0x8A1 TSDU bch_err=1 raw=0x6
2026-04-19 17:55:07.294 ,PASSED,control  NAC:0x8A1 TSDU bch_err=0 raw=0x7
2026-04-19 17:55:07.298 ,PASSED,control  NAC:0x8A1 TSDU bch_err=0 raw=0x7
2026-04-19 17:55:07.302 ,PASSED,control  NAC:0x8A1 TSDU bch_err=0 raw=0x7
2026-04-19 17:55:10.459 ,PASSED,traffic  NAC:0x8A1 TDU_LC bch_err=0 raw=0xF
2026-04-19 17:55:10.459 ,PASSED,traffic  NAC:0x8A1 TDU_LC bch_err=0 raw=?
2026-04-19 17:55:10.463 ,PASSED,traffic  NAC:0x8A1 TDU_LC bch_err=0 raw=0xF
2026-04-19 17:55:10.463 ,PASSED,traffic  NAC:0x8A1 TDU_LC bch_err=0 raw=?
2026-04-19 17:55:10.466 ,PASSED,traffic  NAC:0x8A1 TDU_LC bch_err=0 raw=0xF
2026-04-19 17:55:10.466 ,PASSED,traffic  NAC:0x8A1 TDU_LC bch_err=0 raw=?
2026-04-19 17:55:10.469 ,PASSED,traffic  NAC:0x8A1 LDU1 bch_err=0 raw=0x5
2026-04-19 17:55:10.470 ,PASSED,traffic  NAC:0x8A1 LDU1 bch_err=0 raw=?
2026-04-19 17:55:10.482 ,PASSED,traffic  NAC:0x8A1 LDU2 bch_err=0 raw=0xA
2026-04-19 17:55:10.482 ,PASSED,traffic  NAC:0x8A1 LDU2 bch_err=0 raw=?
2026-04-19 17:55:10.487 ,CORRECTED,traffic  NAC:0x8A1 LDU1 bch_err=2 raw=0x5
2026-04-19 17:55:10.487 ,PASSED,traffic  NAC:0x8A1 LDU1 bch_err=0 raw=?
2026-04-19 17:55:10.490 ,PASSED,traffic  NAC:0x8A1 LDU2 bch_err=0 raw=0xA
2026-04-19 17:55:10.490 ,PASSED,traffic  NAC:0x8A1 LDU2 bch_err=0 raw=?
2026-04-19 17:55:10.493 ,PASSED,traffic  NAC:0x8A1 LDU1 bch_err=0 raw=0x5
2026-04-19 17:55:10.493 ,PASSED,traffic  NAC:0x8A1 LDU1 bch_err=0 raw=?
2026-04-19 17:55:10.495 ,PASSED,traffic  NAC:0x8A1 LDU2 bch_err=0 raw=0xA
2026-04-19 17:55:10.496 ,PASSED,traffic  NAC:0x8A1 LDU2 bch_err=0 raw=?
2026-04-19 17:55:10.498 ,PASSED,traffic  NAC:0x8A1 LDU1 bch_err=0 raw=0x5
2026-04-19 17:55:10.498 ,PASSED,traffic  NAC:0x8A1 LDU1 bch_err=0 raw=?
2026-04-19 17:55:10.501 ,PASSED,traffic  NAC:0x8A1 LDU2 bch_err=0 raw=0xA
2026-04-19 17:55:10.501 ,PASSED,traffic  NAC:0x8A1 LDU2 bch_err=0 raw=?
2026-04-19 17:55:10.504 ,PASSED,traffic  NAC:0x8A1 LDU1 bch_err=0 raw=0x5
2026-04-19 17:55:10.504 ,PASSED,traffic  NAC:0x8A1 LDU1 bch_err=0 raw=?
2026-04-19 17:55:10.507 ,PASSED,traffic  NAC:0x8A1 LDU2 bch_err=0 raw=0xA
2026-04-19 17:55:10.507 ,PASSED,traffic  NAC:0x8A1 LDU2 bch_err=0 raw=?
2026-04-19 17:55:10.509 ,PASSED,traffic  NAC:0x8A1 LDU1 bch_err=0 raw=0x5
2026-04-19 17:55:10.509 ,PASSED,traffic  NAC:0x8A1 LDU1 bch_err=0 raw=?
2026-04-19 17:55:10.512 ,PASSED,traffic  NAC:0x8A1 LDU2 bch_err=0 raw=0xA
2026-04-19 17:55:10.512 ,PASSED,traffic  NAC:0x8A1 LDU2 bch_err=0 raw=?
2026-04-19 17:55:10.516 ,PASSED,traffic  NAC:0x8A1 LDU1 bch_err=0 raw=0x5
2026-04-19 17:55:10.516 ,PASSED,traffic  NAC:0x8A1 LDU1 bch_err=0 raw=?
2026-04-19 17:55:10.519 ,PASSED,traffic  NAC:0x8A1 LDU2 bch_err=0 raw=0xA
2026-04-19 17:55:10.519 ,PASSED,traffic  NAC:0x8A1 LDU2 bch_err=0 raw=?
2026-04-19 17:55:10.524 ,PASSED,traffic  NAC:0x8A1 LDU1 bch_err=0 raw=0x5
2026-04-19 17:55:10.525 ,PASSED,traffic  NAC:0x8A1 LDU1 bch_err=0 raw=?
2026-04-19 17:55:10.527 ,PASSED,traffic  NAC:0x8A1 LDU2 bch_err=0 raw=0xA
2026-04-19 17:55:10.528 ,PASSED,traffic  NAC:0x8A1 LDU2 bch_err=0 raw=?
2026-04-19 17:55:10.530 ,PASSED,traffic  NAC:0x8A1 LDU1 bch_err=0 raw=0x5
2026-04-19 17:55:10.535 ,PASSED,control  NAC:0x8A1 TSDU bch_err=0 raw=0x7
2026-04-19 17:55:10.539 ,PASSED,control  NAC:0x8A1 TSDU bch_err=0 raw=0x7
2026-04-19 17:55:10.546 ,PASSED,control  NAC:0x8A1 TSDU bch_err=0 raw=0x7
2026-04-19 17:55:10.548 ,PASSED,control  NAC:0x8A1 TSDU bch_err=0 raw=0x7
2026-04-19 17:55:10.554 ,PASSED,control  NAC:0x8A1 TSDU bch_err=0 raw=0x7
2026-04-19 17:55:10.557 ,PASSED,control  NAC:0x8A1 TSDU bch_err=0 raw=0x7
2026-04-19 17:55:10.559 ,PASSED,control  NAC:0x8A1 TSDU bch_err=0 raw=0x7
2026-04-19 17:55:10.562 ,PASSED,control  NAC:0x8A1 TSDU bch_err=0 raw=0x7
2026-04-19 17:55:10.565 ,PASSED,control  NAC:0x8A1 TSDU bch_err=0 raw=0x7
2026-04-19 17:55:10.568 ,PASSED,control  NAC:0x8A1 TSDU bch_err=0 raw=0x7
2026-04-19 17:55:10.573 ,CORRECTED,control  NAC:0x8A1 TSDU bch_err=10 raw=0x4
2026-04-19 17:55:10.575 ,PASSED,control  NAC:0x8A1 TSDU bch_err=0 raw=0x7
2026-04-19 17:55:10.578 ,PASSED,control  NAC:0x8A1 TSDU bch_err=0 raw=0x7
2026-04-19 17:55:10.581 ,PASSED,control  NAC:0x8A1 TSDU bch_err=0 raw=0x7
2026-04-19 17:55:10.583 ,PASSED,control  NAC:0x8A1 TSDU bch_err=0 raw=0x7
2026-04-19 17:55:10.588 ,PASSED,control  NAC:0x8A1 TSDU bch_err=0 raw=0x7
2026-04-19 17:55:10.590 ,PASSED,control  NAC:0x8A1 TSDU bch_err=0 raw=0x7
2026-04-19 17:55:10.593 ,PASSED,control  NAC:0x8A1 TSDU bch_err=0 raw=0x7
2026-04-19 17:55:10.597 ,CORRECTED,control  NAC:0x8A1 TSDU bch_err=9 raw=0x7
2026-04-19 17:55:10.600 ,PASSED,control  NAC:0x8A1 TSDU bch_err=0 raw=0x7
2026-04-19 17:55:10.605 ,CORRECTED,control  NAC:0x8A1 TSDU bch_err=3 raw=0x7
2026-04-19 17:55:10.608 ,PASSED,control  NAC:0x8A1 TSDU bch_err=0 raw=0x7
2026-04-19 17:55:10.611 ,PASSED,control  NAC:0x8A1 TSDU bch_err=0 raw=0x7
2026-04-19 17:55:10.614 ,PASSED,control  NAC:0x8A1 TSDU bch_err=0 raw=0x7
2026-04-19 17:55:10.616 ,PASSED,control  NAC:0x8A1 TSDU bch_err=0 raw=0x7
2026-04-19 17:55:10.619 ,PASSED,control  NAC:0x8A1 TSDU bch_err=0 raw=0x7
2026-04-19 17:55:10.623 ,CORRECTED,control  NAC:0x8A1 TSDU bch_err=8 raw=0x6
2026-04-19 17:55:10.626 ,PASSED,control  NAC:0x8A1 TSDU bch_err=0 raw=0x7
2026-04-19 17:55:10.636 ,CORRECTED,control  NAC:0x8A1 TSDU bch_err=1 raw=0x7
2026-04-19 17:55:10.641 ,CORRECTED,control  NAC:0x8A1 TSDU bch_err=1 raw=0x3
2026-04-19 17:55:10.645 ,CORRECTED,control  NAC:0x8A1 TSDU bch_err=2 raw=0x7
2026-04-19 17:55:10.661 ,PASSED,control  NAC:0x8A1 TSDU bch_err=0 raw=0x7
2026-04-19 17:55:10.664 ,PASSED,control  NAC:0x8A1 TSDU bch_err=0 raw=0x7
2026-04-19 17:55:10.667 ,PASSED,control  NAC:0x8A1 TSDU bch_err=0 raw=0x7
2026-04-19 17:55:10.670 ,PASSED,control  NAC:0x8A1 TSDU bch_err=0 raw=0x7
2026-04-19 17:55:10.682 ,PASSED,control  NAC:0x8A1 TSDU bch_err=0 raw=0x7
2026-04-19 17:55:10.685 ,PASSED,control  NAC:0x8A1 TSDU bch_err=0 raw=0x7
2026-04-19 17:55:10.688 ,PASSED,control  NAC:0x8A1 TSDU bch_err=0 raw=0x7
2026-04-19 17:55:10.701 ,PASSED,control  NAC:0x8A1 TSDU bch_err=0 raw=0x7
2026-04-19 17:55:10.704 ,PASSED,control  NAC:0x8A1 TSDU bch_err=0 raw=0x7
2026-04-19 17:55:10.707 ,PASSED,control  NAC:0x8A1 TSDU bch_err=0 raw=0x7
2026-04-19 17:55:10.710 ,PASSED,control  NAC:0x8A1 TSDU bch_err=0 raw=0x7
2026-04-19 17:55:13.903 ,PASSED,control  NAC:0x8A1 TSDU bch_err=0 raw=0x7
2026-04-19 17:55:13.906 ,PASSED,control  NAC:0x8A1 TSDU bch_err=0 raw=0x7
2026-04-19 17:55:13.909 ,PASSED,control  NAC:0x8A1 TSDU bch_err=0 raw=0x7
2026-04-19 17:55:13.911 ,PASSED,control  NAC:0x8A1 TSDU bch_err=0 raw=0x7
2026-04-19 17:55:13.914 ,PASSED,control  NAC:0x8A1 TSDU bch_err=0 raw=0x7
2026-04-19 17:55:13.919 ,CORRECTED,control  NAC:0x8A1 TSDU bch_err=2 raw=0x7
2026-04-19 17:55:13.922 ,PASSED,control  NAC:0x8A1 TSDU bch_err=0 raw=0x7
2026-04-19 17:55:13.924 ,PASSED,control  NAC:0x8A1 TSDU bch_err=0 raw=0x7
2026-04-19 17:55:13.927 ,PASSED,control  NAC:0x8A1 TSDU bch_err=0 raw=0x7
2026-04-19 17:55:13.930 ,PASSED,control  NAC:0x8A1 TSDU bch_err=0 raw=0x7
2026-04-19 17:55:13.933 ,PASSED,control  NAC:0x8A1 TSDU bch_err=0 raw=0x7
2026-04-19 17:55:13.935 ,PASSED,control  NAC:0x8A1 TSDU bch_err=0 raw=0x7
2026-04-19 17:55:13.938 ,PASSED,control  NAC:0x8A1 TSDU bch_err=0 raw=0x7
2026-04-19 17:55:13.941 ,PASSED,control  NAC:0x8A1 TSDU bch_err=0 raw=0x7
2026-04-19 17:55:13.944 ,PASSED,control  NAC:0x8A1 TSDU bch_err=0 raw=0x7
2026-04-19 17:55:13.946 ,PASSED,control  NAC:0x8A1 TSDU bch_err=0 raw=0x7
2026-04-19 17:55:13.949 ,PASSED,control  NAC:0x8A1 TSDU bch_err=0 raw=0x7
2026-04-19 17:55:13.952 ,PASSED,control  NAC:0x8A1 TSDU bch_err=0 raw=0x7
2026-04-19 17:55:13.954 ,PASSED,control  NAC:0x8A1 TSDU bch_err=0 raw=0x7
2026-04-19 17:55:13.957 ,PASSED,control  NAC:0x8A1 TSDU bch_err=0 raw=0x7
2026-04-19 17:55:13.960 ,PASSED,control  NAC:0x8A1 TSDU bch_err=0 raw=0x7
2026-04-19 17:55:13.962 ,PASSED,control  NAC:0x8A1 TSDU bch_err=0 raw=0x7
2026-04-19 17:55:13.965 ,PASSED,control  NAC:0x8A1 TSDU bch_err=0 raw=0x7
2026-04-19 17:55:13.968 ,PASSED,control  NAC:0x8A1 TSDU bch_err=0 raw=0x7
2026-04-19 17:55:13.970 ,PASSED,control  NAC:0x8A1 TSDU bch_err=0 raw=0x7
2026-04-19 17:55:13.973 ,PASSED,control  NAC:0x8A1 TSDU bch_err=0 raw=0x7
2026-04-19 17:55:13.977 ,CORRECTED,control  NAC:0x8A1 TSDU bch_err=2 raw=0x6
2026-04-19 17:55:13.980 ,PASSED,control  NAC:0x8A1 TSDU bch_err=0 raw=0x7
2026-04-19 17:55:13.983 ,PASSED,control  NAC:0x8A1 TSDU bch_err=0 raw=0x7
2026-04-19 17:55:13.986 ,PASSED,control  NAC:0x8A1 TSDU bch_err=0 raw=0x7
2026-04-19 17:55:13.988 ,PASSED,control  NAC:0x8A1 TSDU bch_err=0 raw=0x7
2026-04-19 17:55:13.991 ,PASSED,control  NAC:0x8A1 TSDU bch_err=0 raw=0x7
2026-04-19 17:55:13.994 ,PASSED,control  NAC:0x8A1 TSDU bch_err=0 raw=0x7
2026-04-19 17:55:13.997 ,PASSED,control  NAC:0x8A1 TSDU bch_err=0 raw=0x7
2026-04-19 17:55:13.999 ,PASSED,control  NAC:0x8A1 TSDU bch_err=0 raw=0x7
2026-04-19 17:55:14.004 ,CORRECTED,control  NAC:0x8A1 TSDU bch_err=2 raw=0x7
2026-04-19 17:55:14.007 ,PASSED,control  NAC:0x8A1 TSDU bch_err=0 raw=0x7
2026-04-19 17:55:14.009 ,PASSED,control  NAC:0x8A1 TSDU bch_err=0 raw=0x7
2026-04-19 17:55:14.012 ,PASSED,control  NAC:0x8A1 TSDU bch_err=0 raw=0x7
2026-04-19 17:55:14.015 ,PASSED,control  NAC:0x8A1 TSDU bch_err=0 raw=0x7
2026-04-19 17:55:14.019 ,CORRECTED,control  NAC:0x8A1 TSDU bch_err=2 raw=0x3
2026-04-19 17:55:14.022 ,PASSED,control  NAC:0x8A1 TSDU bch_err=0 raw=0x7
2026-04-19 17:55:14.025 ,PASSED,control  NAC:0x8A1 TSDU bch_err=0 raw=0x7
2026-04-19 17:55:14.029 ,CORRECTED,control  NAC:0x8A1 TSDU bch_err=4 raw=0x2
2026-04-19 17:55:14.034 ,CORRECTED,control  NAC:0x8A1 TSDU bch_err=1 raw=0x6
2026-04-19 17:55:14.843 ,PASSED,traffic  NAC:0x8A1 TDU_LC bch_err=0 raw=0xF
2026-04-19 17:55:14.843 ,PASSED,traffic  NAC:0x8A1 TDU_LC bch_err=0 raw=?
2026-04-19 17:55:14.845 ,PASSED,traffic  NAC:0x8A1 TDU_LC bch_err=0 raw=0xF
2026-04-19 17:55:14.846 ,PASSED,traffic  NAC:0x8A1 TDU_LC bch_err=0 raw=?
2026-04-19 17:55:14.850 ,CORRECTED,traffic  NAC:0x8A1 TDU_LC bch_err=1 raw=0xF
2026-04-19 17:55:14.850 ,PASSED,traffic  NAC:0x8A1 TDU_LC bch_err=0 raw=?
2026-04-19 17:55:14.852 ,PASSED,traffic  NAC:0x8A1 TDU_LC bch_err=0 raw=0xF
2026-04-19 17:55:14.852 ,PASSED,traffic  NAC:0x8A1 TDU_LC bch_err=0 raw=?
2026-04-19 17:55:14.855 ,PASSED,traffic  NAC:0x8A1 TDU_LC bch_err=0 raw=0xF
2026-04-19 17:55:14.855 ,PASSED,traffic  NAC:0x8A1 TDU_LC bch_err=0 raw=?
2026-04-19 17:55:14.857 ,PASSED,traffic  NAC:0x8A1 TDU_LC bch_err=0 raw=0xF
2026-04-19 17:55:14.857 ,PASSED,traffic  NAC:0x8A1 TDU_LC bch_err=0 raw=?
2026-04-19 17:55:14.862 ,CORRECTED,traffic  NAC:0x8A1 TDU_LC bch_err=1 raw=0xF
2026-04-19 17:55:14.862 ,PASSED,traffic  NAC:0x8A1 TDU_LC bch_err=0 raw=?
2026-04-19 17:55:14.864 ,PASSED,traffic  NAC:0x8A1 TDU_LC bch_err=0 raw=0xF
2026-04-19 17:55:14.864 ,PASSED,traffic  NAC:0x8A1 TDU_LC bch_err=0 raw=?
2026-04-19 17:55:14.867 ,PASSED,traffic  NAC:0x8A1 TDU_LC bch_err=0 raw=0xF
2026-04-19 17:55:14.867 ,PASSED,traffic  NAC:0x8A1 TDU_LC bch_err=0 raw=?
2026-04-19 17:55:14.869 ,PASSED,traffic  NAC:0x8A1 TDU_LC bch_err=0 raw=0xF
2026-04-19 17:55:14.869 ,PASSED,traffic  NAC:0x8A1 TDU_LC bch_err=0 raw=?
2026-04-19 17:55:14.872 ,PASSED,traffic  NAC:0x8A1 TDU_LC bch_err=0 raw=0xF
2026-04-19 17:55:14.872 ,PASSED,traffic  NAC:0x8A1 TDU_LC bch_err=0 raw=?
2026-04-19 17:55:14.874 ,PASSED,traffic  NAC:0x8A1 TDU_LC bch_err=0 raw=0xF
2026-04-19 17:55:14.875 ,PASSED,traffic  NAC:0x8A1 TDU_LC bch_err=0 raw=?
2026-04-19 17:55:14.879 ,CORRECTED,traffic  NAC:0x8A1 TDU_LC bch_err=1 raw=0xF
2026-04-19 17:55:14.879 ,PASSED,traffic  NAC:0x8A1 TDU_LC bch_err=0 raw=?
2026-04-19 17:55:14.881 ,PASSED,traffic  NAC:0x8A1 TDU_LC bch_err=0 raw=0xF
2026-04-19 17:55:14.881 ,PASSED,traffic  NAC:0x8A1 TDU_LC bch_err=0 raw=?
2026-04-19 17:55:14.884 ,PASSED,traffic  NAC:0x8A1 TDU_LC bch_err=0 raw=0xF
2026-04-19 17:55:14.884 ,PASSED,traffic  NAC:0x8A1 TDU_LC bch_err=0 raw=?
2026-04-19 17:55:14.888 ,CORRECTED,traffic  NAC:0x8A1 TDU_LC bch_err=3 raw=0xF
2026-04-19 17:55:14.888 ,PASSED,traffic  NAC:0x8A1 TDU_LC bch_err=0 raw=?
2026-04-19 17:55:14.891 ,PASSED,traffic  NAC:0x8A1 TDU_LC bch_err=0 raw=0xF
2026-04-19 17:55:14.891 ,PASSED,traffic  NAC:0x8A1 TDU_LC bch_err=0 raw=?
2026-04-19 17:55:14.893 ,PASSED,traffic  NAC:0x8A1 TDU_LC bch_err=0 raw=0xF
2026-04-19 17:55:14.893 ,PASSED,traffic  NAC:0x8A1 TDU_LC bch_err=0 raw=?
2026-04-19 17:55:14.896 ,PASSED,traffic  NAC:0x8A1 TDU_LC bch_err=0 raw=0xF
2026-04-19 17:55:14.896 ,PASSED,traffic  NAC:0x8A1 TDU_LC bch_err=0 raw=?
2026-04-19 17:55:14.898 ,PASSED,traffic  NAC:0x8A1 TDU_LC bch_err=0 raw=0xF
2026-04-19 17:55:14.898 ,PASSED,traffic  NAC:0x8A1 TDU_LC bch_err=0 raw=?
2026-04-19 17:55:14.903 ,CORRECTED,traffic  NAC:0x8A1 TDU_LC bch_err=2 raw=0xF
2026-04-19 17:55:14.903 ,PASSED,traffic  NAC:0x8A1 TDU_LC bch_err=0 raw=?
2026-04-19 17:55:14.905 ,PASSED,traffic  NAC:0x8A1 TDU_LC bch_err=0 raw=0xF
2026-04-19 17:55:14.905 ,PASSED,traffic  NAC:0x8A1 TDU_LC bch_err=0 raw=?
2026-04-19 17:55:14.908 ,PASSED,traffic  NAC:0x8A1 TDU_LC bch_err=0 raw=0xF
2026-04-19 17:55:14.908 ,PASSED,traffic  NAC:0x8A1 TDU_LC bch_err=0 raw=?
2026-04-19 17:55:14.910 ,PASSED,traffic  NAC:0x8A1 TDU_LC bch_err=0 raw=0xF
2026-04-19 17:55:14.911 ,PASSED,traffic  NAC:0x8A1 TDU_LC bch_err=0 raw=?
2026-04-19 17:55:14.913 ,PASSED,traffic  NAC:0x8A1 TDU_LC bch_err=0 raw=0xF
2026-04-19 17:55:14.913 ,PASSED,traffic  NAC:0x8A1 TDU_LC bch_err=0 raw=?
2026-04-19 17:55:14.915 ,PASSED,traffic  NAC:0x8A1 TDU_LC bch_err=0 raw=0xF
2026-04-19 17:55:14.916 ,PASSED,traffic  NAC:0x8A1 TDU_LC bch_err=0 raw=?
2026-04-19 17:55:14.920 ,CORRECTED,traffic  NAC:0x8A1 TDU_LC bch_err=1 raw=0xF
2026-04-19 17:55:14.920 ,PASSED,traffic  NAC:0x8A1 TDU_LC bch_err=0 raw=?
2026-04-19 17:55:14.922 ,PASSED,traffic  NAC:0x8A1 TDU_LC bch_err=0 raw=0xF
2026-04-19 17:55:14.923 ,PASSED,traffic  NAC:0x8A1 TDU_LC bch_err=0 raw=?
2026-04-19 17:55:14.925 ,PASSED,traffic  NAC:0x8A1 TDU_LC bch_err=0 raw=0xF
2026-04-19 17:55:14.925 ,PASSED,traffic  NAC:0x8A1 TDU_LC bch_err=0 raw=?
2026-04-19 17:55:14.927 ,PASSED,traffic  NAC:0x8A1 TDU_LC bch_err=0 raw=0xF
2026-04-19 17:55:14.928 ,PASSED,traffic  NAC:0x8A1 TDU_LC bch_err=0 raw=?
2026-04-19 17:55:14.930 ,PASSED,traffic  NAC:0x8A1 TDU_LC bch_err=0 raw=0xF
2026-04-19 17:55:14.930 ,PASSED,traffic  NAC:0x8A1 TDU_LC bch_err=0 raw=?
2026-04-19 17:55:14.933 ,PASSED,traffic  NAC:0x8A1 TDU_LC bch_err=0 raw=0xF
2026-04-19 17:55:14.933 ,PASSED,traffic  NAC:0x8A1 TDU_LC bch_err=0 raw=?
2026-04-19 17:55:14.937 ,CORRECTED,traffic  NAC:0x8A1 TDU_LC bch_err=1 raw=0xF
2026-04-19 17:55:14.937 ,PASSED,traffic  NAC:0x8A1 TDU_LC bch_err=0 raw=?
2026-04-19 17:55:14.939 ,PASSED,traffic  NAC:0x8A1 TDU_LC bch_err=0 raw=0xF
2026-04-19 17:55:14.940 ,PASSED,traffic  NAC:0x8A1 TDU_LC bch_err=0 raw=?
2026-04-19 17:55:14.942 ,PASSED,traffic  NAC:0x8A1 TDU_LC bch_err=0 raw=0xF
2026-04-19 17:55:14.942 ,PASSED,traffic  NAC:0x8A1 TDU_LC bch_err=0 raw=?
2026-04-19 17:55:14.944 ,PASSED,traffic  NAC:0x8A1 TDU_LC bch_err=0 raw=0xF
2026-04-19 17:55:14.945 ,PASSED,traffic  NAC:0x8A1 TDU_LC bch_err=0 raw=?
2026-04-19 17:55:14.949 ,CORRECTED,traffic  NAC:0x8A1 TDU_LC bch_err=1 raw=0xF
2026-04-19 17:55:14.949 ,PASSED,traffic  NAC:0x8A1 TDU_LC bch_err=0 raw=?
2026-04-19 17:55:14.953 ,CORRECTED,traffic  NAC:0x8A1 TDU_LC bch_err=3 raw=0xD
2026-04-19 17:55:14.953 ,PASSED,traffic  NAC:0x8A1 TDU_LC bch_err=0 raw=?
2026-04-19 17:55:14.958 ,CORRECTED,traffic  NAC:0x8A1 TDU_LC bch_err=1 raw=0xF
2026-04-19 17:55:14.958 ,PASSED,traffic  NAC:0x8A1 TDU_LC bch_err=0 raw=?
2026-04-19 17:55:14.960 ,PASSED,traffic  NAC:0x8A1 TDU_LC bch_err=0 raw=0xF
2026-04-19 17:55:14.960 ,PASSED,traffic  NAC:0x8A1 TDU_LC bch_err=0 raw=?
2026-04-19 17:55:14.965 ,CORRECTED,traffic  NAC:0x8A1 LDU2 bch_err=4 raw=0xA
2026-04-19 17:55:14.966 ,PASSED,traffic  NAC:0x8A1 LDU2 bch_err=0 raw=?
2026-04-19 17:55:14.968 ,PASSED,traffic  NAC:0x8A1 LDU1 bch_err=0 raw=0x5
2026-04-19 17:55:14.968 ,PASSED,traffic  NAC:0x8A1 LDU1 bch_err=0 raw=?
2026-04-19 17:55:14.971 ,PASSED,traffic  NAC:0x8A1 LDU2 bch_err=0 raw=0xA
2026-04-19 17:55:14.971 ,PASSED,traffic  NAC:0x8A1 LDU2 bch_err=0 raw=?
2026-04-19 17:55:14.973 ,PASSED,traffic  NAC:0x8A1 LDU1 bch_err=0 raw=0x5
2026-04-19 17:55:14.974 ,PASSED,traffic  NAC:0x8A1 LDU1 bch_err=0 raw=?
2026-04-19 17:55:14.976 ,PASSED,traffic  NAC:0x8A1 LDU2 bch_err=0 raw=0xA
2026-04-19 17:55:14.976 ,PASSED,traffic  NAC:0x8A1 LDU2 bch_err=0 raw=?
2026-04-19 17:55:14.979 ,PASSED,traffic  NAC:0x8A1 LDU1 bch_err=0 raw=0x5
2026-04-19 17:55:17.317 ,PASSED,control  NAC:0x8A1 TSDU bch_err=0 raw=0x7
2026-04-19 17:55:17.319 ,PASSED,control  NAC:0x8A1 TSDU bch_err=0 raw=0x7
2026-04-19 17:55:17.322 ,PASSED,control  NAC:0x8A1 TSDU bch_err=0 raw=0x7
2026-04-19 17:55:17.325 ,PASSED,control  NAC:0x8A1 TSDU bch_err=0 raw=0x7
2026-04-19 17:55:17.330 ,CORRECTED,control  NAC:0x8A1 TSDU bch_err=2 raw=0x3
2026-04-19 17:55:17.332 ,PASSED,control  NAC:0x8A1 TSDU bch_err=0 raw=0x7
2026-04-19 17:55:17.335 ,PASSED,control  NAC:0x8A1 TSDU bch_err=0 raw=0x7
2026-04-19 17:55:17.338 ,PASSED,control  NAC:0x8A1 TSDU bch_err=0 raw=0x7
2026-04-19 17:55:17.341 ,PASSED,control  NAC:0x8A1 TSDU bch_err=0 raw=0x7
2026-04-19 17:55:17.346 ,CORRECTED,control  NAC:0x8A1 TSDU bch_err=2 raw=0x7
2026-04-19 17:55:17.348 ,PASSED,control  NAC:0x8A1 TSDU bch_err=0 raw=0x7
2026-04-19 17:55:17.351 ,PASSED,control  NAC:0x8A1 TSDU bch_err=0 raw=0x7
2026-04-19 17:55:17.354 ,PASSED,control  NAC:0x8A1 TSDU bch_err=0 raw=0x7
2026-04-19 17:55:17.357 ,PASSED,control  NAC:0x8A1 TSDU bch_err=0 raw=0x7
2026-04-19 17:55:17.359 ,PASSED,control  NAC:0x8A1 TSDU bch_err=0 raw=0x7
2026-04-19 17:55:17.362 ,PASSED,control  NAC:0x8A1 TSDU bch_err=0 raw=0x7
2026-04-19 17:55:17.367 ,CORRECTED,control  NAC:0x8A1 TSDU bch_err=1 raw=0x7
2026-04-19 17:55:17.369 ,PASSED,control  NAC:0x8A1 TSDU bch_err=0 raw=0x7
2026-04-19 17:55:17.372 ,PASSED,control  NAC:0x8A1 TSDU bch_err=0 raw=0x7
2026-04-19 17:55:17.375 ,PASSED,control  NAC:0x8A1 TSDU bch_err=0 raw=0x7
2026-04-19 17:55:17.378 ,PASSED,control  NAC:0x8A1 TSDU bch_err=0 raw=0x7
2026-04-19 17:55:17.381 ,PASSED,control  NAC:0x8A1 TSDU bch_err=0 raw=0x7
2026-04-19 17:55:17.384 ,PASSED,control  NAC:0x8A1 TSDU bch_err=0 raw=0x7
2026-04-19 17:55:17.386 ,PASSED,control  NAC:0x8A1 TSDU bch_err=0 raw=0x7
2026-04-19 17:55:17.389 ,PASSED,control  NAC:0x8A1 TSDU bch_err=0 raw=0x7
2026-04-19 17:55:17.392 ,PASSED,control  NAC:0x8A1 TSDU bch_err=0 raw=0x7
2026-04-19 17:55:17.395 ,PASSED,control  NAC:0x8A1 TSDU bch_err=0 raw=0x7
2026-04-19 17:55:17.399 ,CORRECTED,control  NAC:0x8A1 TSDU bch_err=2 raw=0x3
2026-04-19 17:55:17.402 ,PASSED,control  NAC:0x8A1 TSDU bch_err=0 raw=0x7
2026-04-19 17:55:17.405 ,PASSED,control  NAC:0x8A1 TSDU bch_err=0 raw=0x7
2026-04-19 17:55:17.409 ,CORRECTED,control  NAC:0x8A1 TSDU bch_err=2 raw=0x7
2026-04-19 17:55:17.414 ,CORRECTED,control  NAC:0x8A1 TSDU bch_err=2 raw=0x7
2026-04-19 17:55:17.418 ,CORRECTED,control  NAC:0x8A1 TSDU bch_err=3 raw=0x7
2026-04-19 17:55:17.423 ,CORRECTED,control  NAC:0x8A1 TSDU bch_err=1 raw=0x7
2026-04-19 17:55:17.426 ,PASSED,control  NAC:0x8A1 TSDU bch_err=0 raw=0x7
2026-04-19 17:55:17.428 ,PASSED,control  NAC:0x8A1 TSDU bch_err=0 raw=0x7
2026-04-19 17:55:17.431 ,PASSED,control  NAC:0x8A1 TSDU bch_err=0 raw=0x7
2026-04-19 17:55:17.434 ,PASSED,control  NAC:0x8A1 TSDU bch_err=0 raw=0x7
2026-04-19 17:55:17.437 ,PASSED,control  NAC:0x8A1 TSDU bch_err=0 raw=0x7
2026-04-19 17:55:17.440 ,PASSED,control  NAC:0x8A1 TSDU bch_err=0 raw=0x7
2026-04-19 17:55:17.442 ,PASSED,control  NAC:0x8A1 TSDU bch_err=0 raw=0x7
2026-04-19 17:55:18.254 ,PASSED,traffic  NAC:0x8A1 LDU1 bch_err=0 raw=?
2026-04-19 17:55:18.261 ,PASSED,traffic  NAC:0x8A1 LDU1 bch_err=0 raw=0x5
2026-04-19 17:55:18.261 ,PASSED,traffic  NAC:0x8A1 LDU1 bch_err=0 raw=?
2026-04-19 17:55:18.265 ,CORRECTED,traffic  NAC:0x8A1 LDU2 bch_err=1 raw=0xA
2026-04-19 17:55:18.266 ,PASSED,traffic  NAC:0x8A1 LDU2 bch_err=0 raw=?
2026-04-19 17:55:18.270 ,CORRECTED,traffic  NAC:0x8A1 LDU1 bch_err=2 raw=0x5
2026-04-19 17:55:18.270 ,PASSED,traffic  NAC:0x8A1 LDU1 bch_err=0 raw=?
2026-04-19 17:55:18.273 ,PASSED,traffic  NAC:0x8A1 LDU2 bch_err=0 raw=0xA
2026-04-19 17:55:18.273 ,PASSED,traffic  NAC:0x8A1 LDU2 bch_err=0 raw=?
2026-04-19 17:55:18.275 ,PASSED,traffic  NAC:0x8A1 LDU1 bch_err=0 raw=0x5
2026-04-19 17:55:18.276 ,PASSED,traffic  NAC:0x8A1 LDU1 bch_err=0 raw=?
2026-04-19 17:55:18.278 ,PASSED,traffic  NAC:0x8A1 LDU2 bch_err=0 raw=0xA
2026-04-19 17:55:18.278 ,PASSED,traffic  NAC:0x8A1 LDU2 bch_err=0 raw=?
2026-04-19 17:55:18.281 ,PASSED,traffic  NAC:0x8A1 LDU1 bch_err=0 raw=0x5
2026-04-19 17:55:18.281 ,PASSED,traffic  NAC:0x8A1 LDU1 bch_err=0 raw=?
2026-04-19 17:55:18.284 ,PASSED,traffic  NAC:0x8A1 LDU2 bch_err=0 raw=0xA
2026-04-19 17:55:18.284 ,PASSED,traffic  NAC:0x8A1 LDU2 bch_err=0 raw=?
2026-04-19 17:55:18.286 ,PASSED,traffic  NAC:0x8A1 LDU1 bch_err=0 raw=0x5
2026-04-19 17:55:18.286 ,PASSED,traffic  NAC:0x8A1 LDU1 bch_err=0 raw=?
2026-04-19 17:55:18.289 ,PASSED,traffic  NAC:0x8A1 LDU2 bch_err=0 raw=0xA
2026-04-19 17:55:18.289 ,PASSED,traffic  NAC:0x8A1 LDU2 bch_err=0 raw=?
2026-04-19 17:55:18.291 ,PASSED,traffic  NAC:0x8A1 LDU1 bch_err=0 raw=0x5
2026-04-19 17:55:18.292 ,PASSED,traffic  NAC:0x8A1 LDU1 bch_err=0 raw=?
2026-04-19 17:55:18.296 ,CORRECTED,traffic  NAC:0x8A1 LDU2 bch_err=2 raw=0xA
2026-04-19 17:55:18.296 ,PASSED,traffic  NAC:0x8A1 LDU2 bch_err=0 raw=?
2026-04-19 17:55:18.299 ,PASSED,traffic  NAC:0x8A1 LDU1 bch_err=0 raw=0x5
2026-04-19 17:55:18.299 ,PASSED,traffic  NAC:0x8A1 LDU1 bch_err=0 raw=?
2026-04-19 17:55:18.301 ,PASSED,traffic  NAC:0x8A1 LDU2 bch_err=0 raw=0xA
2026-04-19 17:55:18.302 ,PASSED,traffic  NAC:0x8A1 LDU2 bch_err=0 raw=?
2026-04-19 17:55:18.304 ,PASSED,traffic  NAC:0x8A1 LDU1 bch_err=0 raw=0x5
2026-04-19 17:55:18.304 ,PASSED,traffic  NAC:0x8A1 LDU1 bch_err=0 raw=?
2026-04-19 17:55:18.307 ,PASSED,traffic  NAC:0x8A1 LDU2 bch_err=0 raw=0xA
2026-04-19 17:55:18.307 ,PASSED,traffic  NAC:0x8A1 LDU2 bch_err=0 raw=?
2026-04-19 17:55:18.309 ,PASSED,traffic  NAC:0x8A1 LDU1 bch_err=0 raw=0x5
2026-04-19 17:55:18.310 ,PASSED,traffic  NAC:0x8A1 LDU1 bch_err=0 raw=?
2026-04-19 17:55:18.314 ,CORRECTED,traffic  NAC:0x8A1 LDU2 bch_err=1 raw=0xA
2026-04-19 17:55:20.730 ,PASSED,control  NAC:0x8A1 TSDU bch_err=0 raw=0x7
2026-04-19 17:55:20.732 ,PASSED,control  NAC:0x8A1 TSDU bch_err=0 raw=0x7
2026-04-19 17:55:20.735 ,PASSED,control  NAC:0x8A1 TSDU bch_err=0 raw=0x7
2026-04-19 17:55:20.738 ,PASSED,control  NAC:0x8A1 TSDU bch_err=0 raw=0x7
2026-04-19 17:55:20.740 ,PASSED,control  NAC:0x8A1 TSDU bch_err=0 raw=0x7
2026-04-19 17:55:20.743 ,PASSED,control  NAC:0x8A1 TSDU bch_err=0 raw=0x7
2026-04-19 17:55:20.746 ,PASSED,control  NAC:0x8A1 TSDU bch_err=0 raw=0x7
2026-04-19 17:55:20.750 ,CORRECTED,control  NAC:0x8A1 TSDU bch_err=1 raw=0x7
2026-04-19 17:55:20.753 ,PASSED,control  NAC:0x8A1 TSDU bch_err=0 raw=0x7
2026-04-19 17:55:20.755 ,PASSED,control  NAC:0x8A1 TSDU bch_err=0 raw=0x7
2026-04-19 17:55:20.758 ,PASSED,control  NAC:0x8A1 TSDU bch_err=0 raw=0x7
2026-04-19 17:55:20.762 ,CORRECTED,control  NAC:0x8A1 TSDU bch_err=1 raw=0x7
2026-04-19 17:55:20.765 ,PASSED,control  NAC:0x8A1 TSDU bch_err=0 raw=0x7
2026-04-19 17:55:20.767 ,PASSED,control  NAC:0x8A1 TSDU bch_err=0 raw=0x7
2026-04-19 17:55:20.770 ,PASSED,control  NAC:0x8A1 TSDU bch_err=0 raw=0x7
2026-04-19 17:55:20.772 ,PASSED,control  NAC:0x8A1 TSDU bch_err=0 raw=0x7
2026-04-19 17:55:20.775 ,PASSED,control  NAC:0x8A1 TSDU bch_err=0 raw=0x7
2026-04-19 17:55:20.778 ,PASSED,control  NAC:0x8A1 TSDU bch_err=0 raw=0x7
2026-04-19 17:55:20.780 ,PASSED,control  NAC:0x8A1 TSDU bch_err=0 raw=0x7
2026-04-19 17:55:20.787 ,PASSED,control  NAC:0x8A1 TSDU bch_err=0 raw=0x7
2026-04-19 17:55:20.789 ,PASSED,control  NAC:0x8A1 TSDU bch_err=0 raw=0x7
2026-04-19 17:55:20.794 ,CORRECTED,control  NAC:0x8A1 TSDU bch_err=1 raw=0x6
2026-04-19 17:55:20.796 ,PASSED,control  NAC:0x8A1 TSDU bch_err=0 raw=0x7
2026-04-19 17:55:20.799 ,PASSED,control  NAC:0x8A1 TSDU bch_err=0 raw=0x7
2026-04-19 17:55:20.803 ,PASSED,control  NAC:0x8A1 TSDU bch_err=0 raw=0x7
2026-04-19 17:55:20.806 ,PASSED,control  NAC:0x8A1 TSDU bch_err=0 raw=0x7
2026-04-19 17:55:20.809 ,PASSED,control  NAC:0x8A1 TSDU bch_err=0 raw=0x7
2026-04-19 17:55:20.814 ,PASSED,control  NAC:0x8A1 TSDU bch_err=0 raw=0x7
2026-04-19 17:55:20.816 ,PASSED,control  NAC:0x8A1 TSDU bch_err=0 raw=0x7
2026-04-19 17:55:20.820 ,PASSED,control  NAC:0x8A1 TSDU bch_err=0 raw=0x7
2026-04-19 17:55:20.823 ,PASSED,control  NAC:0x8A1 TSDU bch_err=0 raw=0x7
2026-04-19 17:55:20.827 ,PASSED,control  NAC:0x8A1 TSDU bch_err=0 raw=0x7
2026-04-19 17:55:20.830 ,PASSED,control  NAC:0x8A1 TSDU bch_err=0 raw=0x7
2026-04-19 17:55:20.833 ,PASSED,control  NAC:0x8A1 TSDU bch_err=0 raw=0x7
2026-04-19 17:55:20.836 ,PASSED,control  NAC:0x8A1 TSDU bch_err=0 raw=0x7
2026-04-19 17:55:20.841 ,CORRECTED,control  NAC:0x8A1 TSDU bch_err=1 raw=0x7
2026-04-19 17:55:20.844 ,PASSED,control  NAC:0x8A1 TSDU bch_err=0 raw=0x7
2026-04-19 17:55:20.846 ,PASSED,control  NAC:0x8A1 TSDU bch_err=0 raw=0x7
2026-04-19 17:55:20.849 ,PASSED,control  NAC:0x8A1 TSDU bch_err=0 raw=0x7
2026-04-19 17:55:20.852 ,PASSED,control  NAC:0x8A1 TSDU bch_err=0 raw=0x7
2026-04-19 17:55:21.667 ,PASSED,traffic  NAC:0x8A1 LDU2 bch_err=0 raw=?
2026-04-19 17:55:21.670 ,PASSED,traffic  NAC:0x8A1 LDU1 bch_err=0 raw=0x5
2026-04-19 17:55:21.670 ,PASSED,traffic  NAC:0x8A1 LDU1 bch_err=0 raw=?
2026-04-19 17:55:21.672 ,PASSED,traffic  NAC:0x8A1 LDU2 bch_err=0 raw=0xA
2026-04-19 17:55:21.673 ,PASSED,traffic  NAC:0x8A1 LDU2 bch_err=0 raw=?
2026-04-19 17:55:21.675 ,PASSED,traffic  NAC:0x8A1 LDU1 bch_err=0 raw=0x5
2026-04-19 17:55:21.675 ,PASSED,traffic  NAC:0x8A1 LDU1 bch_err=0 raw=?
2026-04-19 17:55:21.678 ,PASSED,traffic  NAC:0x8A1 LDU2 bch_err=0 raw=0xA
2026-04-19 17:55:21.678 ,PASSED,traffic  NAC:0x8A1 LDU2 bch_err=0 raw=?
2026-04-19 17:55:21.680 ,PASSED,traffic  NAC:0x8A1 LDU1 bch_err=0 raw=0x5
2026-04-19 17:55:21.681 ,PASSED,traffic  NAC:0x8A1 LDU1 bch_err=0 raw=?
2026-04-19 17:55:21.683 ,PASSED,traffic  NAC:0x8A1 LDU2 bch_err=0 raw=0xA
2026-04-19 17:55:21.683 ,PASSED,traffic  NAC:0x8A1 LDU2 bch_err=0 raw=?
2026-04-19 17:55:21.686 ,PASSED,traffic  NAC:0x8A1 LDU1 bch_err=0 raw=0x5
2026-04-19 17:55:21.686 ,PASSED,traffic  NAC:0x8A1 LDU1 bch_err=0 raw=?
2026-04-19 17:55:21.689 ,PASSED,traffic  NAC:0x8A1 TDU_LC bch_err=0 raw=0xF
2026-04-19 17:55:21.689 ,PASSED,traffic  NAC:0x8A1 TDU_LC bch_err=0 raw=?
2026-04-19 17:55:21.691 ,PASSED,traffic  NAC:0x8A1 TDU_LC bch_err=0 raw=0xF
2026-04-19 17:55:21.691 ,PASSED,traffic  NAC:0x8A1 TDU_LC bch_err=0 raw=?
2026-04-19 17:55:21.695 ,CORRECTED,traffic  NAC:0x8A1 TDU_LC bch_err=1 raw=0xF
2026-04-19 17:55:21.696 ,PASSED,traffic  NAC:0x8A1 TDU_LC bch_err=0 raw=?
2026-04-19 17:55:21.698 ,PASSED,traffic  NAC:0x8A1 TDU_LC bch_err=0 raw=0xF
2026-04-19 17:55:21.698 ,PASSED,traffic  NAC:0x8A1 TDU_LC bch_err=0 raw=?
2026-04-19 17:55:21.701 ,PASSED,traffic  NAC:0x8A1 TDU_LC bch_err=0 raw=0xF
2026-04-19 17:55:21.701 ,PASSED,traffic  NAC:0x8A1 TDU_LC bch_err=0 raw=?
2026-04-19 17:55:21.703 ,PASSED,traffic  NAC:0x8A1 TDU_LC bch_err=0 raw=0xF
2026-04-19 17:55:21.703 ,PASSED,traffic  NAC:0x8A1 TDU_LC bch_err=0 raw=?
2026-04-19 17:55:21.706 ,PASSED,traffic  NAC:0x8A1 TDU_LC bch_err=0 raw=0xF
2026-04-19 17:55:21.706 ,PASSED,traffic  NAC:0x8A1 TDU_LC bch_err=0 raw=?
2026-04-19 17:55:21.708 ,PASSED,traffic  NAC:0x8A1 TDU_LC bch_err=0 raw=0xF
2026-04-19 17:55:21.708 ,PASSED,traffic  NAC:0x8A1 TDU_LC bch_err=0 raw=?
2026-04-19 17:55:21.711 ,PASSED,traffic  NAC:0x8A1 TDU_LC bch_err=0 raw=0xF
2026-04-19 17:55:21.711 ,PASSED,traffic  NAC:0x8A1 TDU_LC bch_err=0 raw=?
2026-04-19 17:55:21.713 ,PASSED,traffic  NAC:0x8A1 TDU_LC bch_err=0 raw=0xF
2026-04-19 17:55:21.713 ,PASSED,traffic  NAC:0x8A1 TDU_LC bch_err=0 raw=?
2026-04-19 17:55:21.716 ,PASSED,traffic  NAC:0x8A1 TDU_LC bch_err=0 raw=0xF
2026-04-19 17:55:21.716 ,PASSED,traffic  NAC:0x8A1 TDU_LC bch_err=0 raw=?
2026-04-19 17:55:21.718 ,PASSED,traffic  NAC:0x8A1 TDU_LC bch_err=0 raw=0xF
2026-04-19 17:55:21.718 ,PASSED,traffic  NAC:0x8A1 TDU_LC bch_err=0 raw=?
2026-04-19 17:55:21.721 ,PASSED,traffic  NAC:0x8A1 TDU_LC bch_err=0 raw=0xF
2026-04-19 17:55:21.721 ,PASSED,traffic  NAC:0x8A1 TDU_LC bch_err=0 raw=?
2026-04-19 17:55:21.723 ,PASSED,traffic  NAC:0x8A1 TDU_LC bch_err=0 raw=0xF
2026-04-19 17:55:21.723 ,PASSED,traffic  NAC:0x8A1 TDU_LC bch_err=0 raw=?
2026-04-19 17:55:21.725 ,PASSED,traffic  NAC:0x8A1 TDU_LC bch_err=0 raw=0xF
2026-04-19 17:55:21.726 ,PASSED,traffic  NAC:0x8A1 TDU_LC bch_err=0 raw=?
2026-04-19 17:55:21.728 ,PASSED,traffic  NAC:0x8A1 TDU_LC bch_err=0 raw=0xF
2026-04-19 17:55:21.728 ,PASSED,traffic  NAC:0x8A1 TDU_LC bch_err=0 raw=?
2026-04-19 17:55:21.730 ,PASSED,traffic  NAC:0x8A1 TDU_LC bch_err=0 raw=0xF
2026-04-19 17:55:21.731 ,PASSED,traffic  NAC:0x8A1 TDU_LC bch_err=0 raw=?
2026-04-19 17:55:21.733 ,PASSED,traffic  NAC:0x8A1 TDU_LC bch_err=0 raw=0xF
2026-04-19 17:55:21.733 ,PASSED,traffic  NAC:0x8A1 TDU_LC bch_err=0 raw=?
2026-04-19 17:55:21.735 ,PASSED,traffic  NAC:0x8A1 TDU_LC bch_err=0 raw=0xF
2026-04-19 17:55:21.736 ,PASSED,traffic  NAC:0x8A1 TDU_LC bch_err=0 raw=?
2026-04-19 17:55:21.738 ,PASSED,traffic  NAC:0x8A1 TDU_LC bch_err=0 raw=0xF
2026-04-19 17:55:21.738 ,PASSED,traffic  NAC:0x8A1 TDU_LC bch_err=0 raw=?
2026-04-19 17:55:21.740 ,PASSED,traffic  NAC:0x8A1 TDU_LC bch_err=0 raw=0xF
2026-04-19 17:55:21.740 ,PASSED,traffic  NAC:0x8A1 TDU_LC bch_err=0 raw=?
2026-04-19 17:55:21.743 ,PASSED,traffic  NAC:0x8A1 TDU_LC bch_err=0 raw=0xF
2026-04-19 17:55:21.743 ,PASSED,traffic  NAC:0x8A1 TDU_LC bch_err=0 raw=?
2026-04-19 17:55:21.745 ,PASSED,traffic  NAC:0x8A1 TDU_LC bch_err=0 raw=0xF
2026-04-19 17:55:21.745 ,PASSED,traffic  NAC:0x8A1 TDU_LC bch_err=0 raw=?
2026-04-19 17:55:21.748 ,PASSED,traffic  NAC:0x8A1 TDU_LC bch_err=0 raw=0xF
2026-04-19 17:55:21.748 ,PASSED,traffic  NAC:0x8A1 TDU_LC bch_err=0 raw=?
2026-04-19 17:55:21.750 ,PASSED,traffic  NAC:0x8A1 TDU_LC bch_err=0 raw=0xF
2026-04-19 17:55:21.750 ,PASSED,traffic  NAC:0x8A1 TDU_LC bch_err=0 raw=?
2026-04-19 17:55:21.753 ,PASSED,traffic  NAC:0x8A1 TDU_LC bch_err=0 raw=0xF
2026-04-19 17:55:21.753 ,PASSED,traffic  NAC:0x8A1 TDU_LC bch_err=0 raw=?
2026-04-19 17:55:21.755 ,PASSED,traffic  NAC:0x8A1 TDU_LC bch_err=0 raw=0xF
2026-04-19 17:55:21.755 ,PASSED,traffic  NAC:0x8A1 TDU_LC bch_err=0 raw=?
2026-04-19 17:55:21.758 ,PASSED,traffic  NAC:0x8A1 TDU_LC bch_err=0 raw=0xF
2026-04-19 17:55:21.758 ,PASSED,traffic  NAC:0x8A1 TDU_LC bch_err=0 raw=?
2026-04-19 17:55:21.760 ,PASSED,traffic  NAC:0x8A1 TDU_LC bch_err=0 raw=0xF
2026-04-19 17:55:21.760 ,PASSED,traffic  NAC:0x8A1 TDU_LC bch_err=0 raw=?
2026-04-19 17:55:21.763 ,PASSED,traffic  NAC:0x8A1 TDU_LC bch_err=0 raw=0xF
2026-04-19 17:55:21.763 ,PASSED,traffic  NAC:0x8A1 TDU_LC bch_err=0 raw=?
2026-04-19 17:55:21.765 ,PASSED,traffic  NAC:0x8A1 TDU_LC bch_err=0 raw=0xF
2026-04-19 17:55:21.765 ,PASSED,traffic  NAC:0x8A1 TDU_LC bch_err=0 raw=?
2026-04-19 17:55:21.769 ,CORRECTED,traffic  NAC:0x8A1 TDU_LC bch_err=1 raw=0xF
2026-04-19 17:55:21.770 ,PASSED,traffic  NAC:0x8A1 TDU_LC bch_err=0 raw=?
2026-04-19 17:55:21.772 ,PASSED,traffic  NAC:0x8A1 TDU_LC bch_err=0 raw=0xF
2026-04-19 17:55:21.772 ,PASSED,traffic  NAC:0x8A1 TDU_LC bch_err=0 raw=?
2026-04-19 17:55:21.777 ,CORRECTED,traffic  NAC:0x8A1 TDU_LC bch_err=1 raw=0xF
2026-04-19 17:55:21.777 ,PASSED,traffic  NAC:0x8A1 TDU_LC bch_err=0 raw=?
2026-04-19 17:55:21.779 ,PASSED,traffic  NAC:0x8A1 TDU_LC bch_err=0 raw=0xF
2026-04-19 17:55:21.779 ,PASSED,traffic  NAC:0x8A1 TDU_LC bch_err=0 raw=?
2026-04-19 17:55:21.783 ,CORRECTED,traffic  NAC:0x8A1 TDU_LC bch_err=3 raw=0xF
2026-04-19 17:55:21.784 ,PASSED,traffic  NAC:0x8A1 TDU_LC bch_err=0 raw=?
2026-04-19 17:55:21.786 ,PASSED,traffic  NAC:0x8A1 TDU_LC bch_err=0 raw=0xF
2026-04-19 17:55:21.786 ,PASSED,traffic  NAC:0x8A1 TDU_LC bch_err=0 raw=?
2026-04-19 17:55:21.789 ,PASSED,traffic  NAC:0x8A1 TDU_LC bch_err=0 raw=0xF
2026-04-19 17:55:21.789 ,PASSED,traffic  NAC:0x8A1 TDU_LC bch_err=0 raw=?
2026-04-19 17:55:21.791 ,PASSED,traffic  NAC:0x8A1 TDU_LC bch_err=0 raw=0xF
2026-04-19 17:55:21.791 ,PASSED,traffic  NAC:0x8A1 TDU_LC bch_err=0 raw=?
2026-04-19 17:55:24.143 ,PASSED,control  NAC:0x8A1 TSDU bch_err=0 raw=0x7
2026-04-19 17:55:24.146 ,PASSED,control  NAC:0x8A1 TSDU bch_err=0 raw=0x7
2026-04-19 17:55:24.148 ,PASSED,control  NAC:0x8A1 TSDU bch_err=0 raw=0x7
2026-04-19 17:55:24.151 ,PASSED,control  NAC:0x8A1 TSDU bch_err=0 raw=0x7
2026-04-19 17:55:24.154 ,PASSED,control  NAC:0x8A1 TSDU bch_err=0 raw=0x7
2026-04-19 17:55:24.157 ,PASSED,control  NAC:0x8A1 TSDU bch_err=0 raw=0x7
2026-04-19 17:55:24.159 ,PASSED,control  NAC:0x8A1 TSDU bch_err=0 raw=0x7
2026-04-19 17:55:24.162 ,PASSED,control  NAC:0x8A1 TSDU bch_err=0 raw=0x7
2026-04-19 17:55:24.165 ,PASSED,control  NAC:0x8A1 TSDU bch_err=0 raw=0x7
2026-04-19 17:55:24.167 ,PASSED,control  NAC:0x8A1 TSDU bch_err=0 raw=0x7
2026-04-19 17:55:24.170 ,PASSED,control  NAC:0x8A1 TSDU bch_err=0 raw=0x7
2026-04-19 17:55:24.173 ,PASSED,control  NAC:0x8A1 TSDU bch_err=0 raw=0x7
2026-04-19 17:55:24.176 ,PASSED,control  NAC:0x8A1 TSDU bch_err=0 raw=0x7
2026-04-19 17:55:24.178 ,PASSED,control  NAC:0x8A1 TSDU bch_err=0 raw=0x7
2026-04-19 17:55:24.181 ,PASSED,control  NAC:0x8A1 TSDU bch_err=0 raw=0x7
2026-04-19 17:55:24.184 ,PASSED,control  NAC:0x8A1 TSDU bch_err=0 raw=0x7
2026-04-19 17:55:24.187 ,PASSED,control  NAC:0x8A1 TSDU bch_err=0 raw=0x7
2026-04-19 17:55:24.190 ,PASSED,control  NAC:0x8A1 TSDU bch_err=0 raw=0x7
2026-04-19 17:55:24.192 ,PASSED,control  NAC:0x8A1 TSDU bch_err=0 raw=0x7
2026-04-19 17:55:24.195 ,PASSED,control  NAC:0x8A1 TSDU bch_err=0 raw=0x7
2026-04-19 17:55:24.198 ,PASSED,control  NAC:0x8A1 TSDU bch_err=0 raw=0x7
2026-04-19 17:55:24.200 ,PASSED,control  NAC:0x8A1 TSDU bch_err=0 raw=0x7
2026-04-19 17:55:24.203 ,PASSED,control  NAC:0x8A1 TSDU bch_err=0 raw=0x7
2026-04-19 17:55:24.206 ,PASSED,control  NAC:0x8A1 TSDU bch_err=0 raw=0x7
2026-04-19 17:55:24.209 ,PASSED,control  NAC:0x8A1 TSDU bch_err=0 raw=0x7
2026-04-19 17:55:24.212 ,PASSED,control  NAC:0x8A1 TSDU bch_err=0 raw=0x7
2026-04-19 17:55:24.214 ,PASSED,control  NAC:0x8A1 TSDU bch_err=0 raw=0x7
2026-04-19 17:55:24.219 ,CORRECTED,control  NAC:0x8A1 TSDU bch_err=11 raw=0x7
2026-04-19 17:55:24.221 ,PASSED,control  NAC:0x8A1 TSDU bch_err=0 raw=0x7
2026-04-19 17:55:24.224 ,PASSED,control  NAC:0x8A1 TSDU bch_err=0 raw=0x7
2026-04-19 17:55:24.227 ,PASSED,control  NAC:0x8A1 TSDU bch_err=0 raw=0x7
2026-04-19 17:55:24.230 ,PASSED,control  NAC:0x8A1 TSDU bch_err=0 raw=0x7
2026-04-19 17:55:24.233 ,PASSED,control  NAC:0x8A1 TSDU bch_err=0 raw=0x7
2026-04-19 17:55:24.236 ,PASSED,control  NAC:0x8A1 TSDU bch_err=0 raw=0x7
2026-04-19 17:55:24.238 ,PASSED,control  NAC:0x8A1 TSDU bch_err=0 raw=0x7
2026-04-19 17:55:24.241 ,PASSED,control  NAC:0x8A1 TSDU bch_err=0 raw=0x7
2026-04-19 17:55:24.244 ,PASSED,control  NAC:0x8A1 TSDU bch_err=0 raw=0x7
2026-04-19 17:55:24.249 ,CORRECTED,control  NAC:0x8A1 TSDU bch_err=1 raw=0x7
2026-04-19 17:55:24.252 ,PASSED,control  NAC:0x8A1 TSDU bch_err=0 raw=0x7
2026-04-19 17:55:24.255 ,PASSED,control  NAC:0x8A1 TSDU bch_err=0 raw=0x7
2026-04-19 17:55:24.259 ,CORRECTED,control  NAC:0x8A1 TSDU bch_err=9 raw=0x7
2026-04-19 17:55:26.693 ,CORRECTED,traffic  NAC:0x8A1 LDU2 bch_err=9 raw=0xB
2026-04-19 17:55:26.694 ,PASSED,traffic  NAC:0x8A1 LDU2 bch_err=0 raw=?
2026-04-19 17:55:26.699 ,CORRECTED,traffic  NAC:0x8A1 LDU1 bch_err=10 raw=0x5
2026-04-19 17:55:26.699 ,PASSED,traffic  NAC:0x8A1 LDU1 bch_err=0 raw=?
2026-04-19 17:55:26.704 ,CORRECTED,traffic  NAC:0x8A1 LDU1 bch_err=7 raw=0x5
2026-04-19 17:55:26.704 ,PASSED,traffic  NAC:0x8A1 LDU1 bch_err=0 raw=?
2026-04-19 17:55:27.556 ,PASSED,control  NAC:0x8A1 TSDU bch_err=0 raw=0x7
2026-04-19 17:55:27.559 ,PASSED,control  NAC:0x8A1 TSDU bch_err=0 raw=0x7
2026-04-19 17:55:27.562 ,PASSED,control  NAC:0x8A1 TSDU bch_err=0 raw=0x7
2026-04-19 17:55:27.564 ,PASSED,control  NAC:0x8A1 TSDU bch_err=0 raw=0x7
2026-04-19 17:55:27.567 ,PASSED,control  NAC:0x8A1 TSDU bch_err=0 raw=0x7
2026-04-19 17:55:27.570 ,PASSED,control  NAC:0x8A1 TSDU bch_err=0 raw=0x7
2026-04-19 17:55:27.573 ,PASSED,control  NAC:0x8A1 TSDU bch_err=0 raw=0x7
2026-04-19 17:55:27.576 ,PASSED,control  NAC:0x8A1 TSDU bch_err=0 raw=0x7
2026-04-19 17:55:27.578 ,PASSED,control  NAC:0x8A1 TSDU bch_err=0 raw=0x7
2026-04-19 17:55:27.581 ,PASSED,control  NAC:0x8A1 TSDU bch_err=0 raw=0x7
2026-04-19 17:55:27.584 ,PASSED,control  NAC:0x8A1 TSDU bch_err=0 raw=0x7
2026-04-19 17:55:27.591 ,PASSED,control  NAC:0x8A1 TSDU bch_err=0 raw=0x7
2026-04-19 17:55:27.594 ,PASSED,control  NAC:0x8A1 TSDU bch_err=0 raw=0x7
2026-04-19 17:55:27.596 ,PASSED,control  NAC:0x8A1 TSDU bch_err=0 raw=0x7
2026-04-19 17:55:27.599 ,PASSED,control  NAC:0x8A1 TSDU bch_err=0 raw=0x7
2026-04-19 17:55:27.602 ,PASSED,control  NAC:0x8A1 TSDU bch_err=0 raw=0x7
2026-04-19 17:55:27.607 ,CORRECTED,control  NAC:0x8A1 TSDU bch_err=2 raw=0x7
2026-04-19 17:55:27.609 ,PASSED,control  NAC:0x8A1 TSDU bch_err=0 raw=0x7
2026-04-19 17:55:27.612 ,PASSED,control  NAC:0x8A1 TSDU bch_err=0 raw=0x7
2026-04-19 17:55:27.615 ,PASSED,control  NAC:0x8A1 TSDU bch_err=0 raw=0x7
2026-04-19 17:55:27.618 ,PASSED,control  NAC:0x8A1 TSDU bch_err=0 raw=0x7
2026-04-19 17:55:27.622 ,CORRECTED,control  NAC:0x8A1 TSDU bch_err=11 raw=0x2
2026-04-19 17:55:27.625 ,PASSED,control  NAC:0x8A1 TSDU bch_err=0 raw=0x7
2026-04-19 17:55:27.629 ,CORRECTED,control  NAC:0x8A1 TSDU bch_err=2 raw=0x7
2026-04-19 17:55:27.632 ,PASSED,control  NAC:0x8A1 TSDU bch_err=0 raw=0x7
2026-04-19 17:55:27.637 ,CORRECTED,control  NAC:0x8A1 TSDU bch_err=5 raw=0x6
2026-04-19 17:55:27.642 ,CORRECTED,control  NAC:0x8A1 TSDU bch_err=5 raw=0x7
2026-04-19 17:55:27.644 ,PASSED,control  NAC:0x8A1 TSDU bch_err=0 raw=0x7
2026-04-19 17:55:27.649 ,CORRECTED,control  NAC:0x8A1 TSDU bch_err=4 raw=0x7
2026-04-19 17:55:27.652 ,PASSED,control  NAC:0x8A1 TSDU bch_err=0 raw=0x7
2026-04-19 17:55:27.656 ,PASSED,control  NAC:0x8A1 TSDU bch_err=0 raw=0x7
2026-04-19 17:55:27.659 ,PASSED,control  NAC:0x8A1 TSDU bch_err=0 raw=0x7
2026-04-19 17:55:27.662 ,PASSED,control  NAC:0x8A1 TSDU bch_err=0 raw=0x7
2026-04-19 17:55:27.666 ,PASSED,control  NAC:0x8A1 TSDU bch_err=0 raw=0x7
2026-04-19 17:55:27.670 ,PASSED,control  NAC:0x8A1 TSDU bch_err=0 raw=0x7
2026-04-19 17:55:27.673 ,PASSED,control  NAC:0x8A1 TSDU bch_err=0 raw=0x7
2026-04-19 17:55:27.677 ,PASSED,control  NAC:0x8A1 TSDU bch_err=0 raw=0x7
2026-04-19 17:55:27.682 ,CORRECTED,control  NAC:0x8A1 TSDU bch_err=11 raw=0x5
2026-04-19 17:55:27.686 ,PASSED,control  NAC:0x8A1 TSDU bch_err=0 raw=0x7
2026-04-19 17:55:27.691 ,PASSED,control  NAC:0x8A1 TSDU bch_err=0 raw=0x7
2026-04-19 17:55:27.694 ,PASSED,control  NAC:0x8A1 TSDU bch_err=0 raw=0x7
2026-04-19 17:55:27.700 ,CORRECTED,control  NAC:0x8A1 TSDU bch_err=7 raw=0x7
2026-04-19 17:55:30.105 ,CORRECTED,traffic  NAC:0x8A1 LDU2 bch_err=2 raw=0xA
2026-04-19 17:55:30.106 ,PASSED,traffic  NAC:0x8A1 LDU2 bch_err=0 raw=?
2026-04-19 17:55:30.110 ,CORRECTED,traffic  NAC:0x8A1 LDU1 bch_err=3 raw=0x5
2026-04-19 17:55:30.110 ,PASSED,traffic  NAC:0x8A1 LDU1 bch_err=0 raw=?
2026-04-19 17:55:30.115 ,CORRECTED,traffic  NAC:0x8A1 LDU2 bch_err=2 raw=0xA
2026-04-19 17:55:30.115 ,PASSED,traffic  NAC:0x8A1 LDU2 bch_err=0 raw=?
2026-04-19 17:55:30.119 ,CORRECTED,traffic  NAC:0x8A1 LDU1 bch_err=3 raw=0x5
2026-04-19 17:55:30.119 ,PASSED,traffic  NAC:0x8A1 LDU1 bch_err=0 raw=?
2026-04-19 17:55:30.124 ,CORRECTED,traffic  NAC:0x8A1 LDU2 bch_err=1 raw=0xA
2026-04-19 17:55:30.124 ,PASSED,traffic  NAC:0x8A1 LDU2 bch_err=0 raw=?
2026-04-19 17:55:30.128 ,CORRECTED,traffic  NAC:0x8A1 LDU1 bch_err=6 raw=0x5
2026-04-19 17:55:30.129 ,PASSED,traffic  NAC:0x8A1 LDU1 bch_err=0 raw=?
2026-04-19 17:55:30.133 ,CORRECTED,traffic  NAC:0x8A1 LDU2 bch_err=2 raw=0xA
2026-04-19 17:55:30.133 ,PASSED,traffic  NAC:0x8A1 LDU2 bch_err=0 raw=?
2026-04-19 17:55:30.136 ,PASSED,traffic  NAC:0x8A1 LDU1 bch_err=0 raw=0x5
2026-04-19 17:55:30.136 ,PASSED,traffic  NAC:0x8A1 LDU1 bch_err=0 raw=?
2026-04-19 17:55:30.138 ,PASSED,traffic  NAC:0x8A1 LDU2 bch_err=0 raw=0xA
2026-04-19 17:55:30.139 ,PASSED,traffic  NAC:0x8A1 LDU2 bch_err=0 raw=?
2026-04-19 17:55:30.143 ,CORRECTED,traffic  NAC:0x8A1 LDU1 bch_err=1 raw=0x5
2026-04-19 17:55:30.143 ,PASSED,traffic  NAC:0x8A1 LDU1 bch_err=0 raw=?
2026-04-19 17:55:30.147 ,CORRECTED,traffic  NAC:0x8A1 LDU2 bch_err=1 raw=0xA
2026-04-19 17:55:30.148 ,PASSED,traffic  NAC:0x8A1 LDU2 bch_err=0 raw=?
2026-04-19 17:55:30.150 ,PASSED,traffic  NAC:0x8A1 LDU1 bch_err=0 raw=0x5
2026-04-19 17:55:30.150 ,PASSED,traffic  NAC:0x8A1 LDU1 bch_err=0 raw=?
2026-04-19 17:55:30.153 ,PASSED,traffic  NAC:0x8A1 LDU2 bch_err=0 raw=0xA
2026-04-19 17:55:30.153 ,PASSED,traffic  NAC:0x8A1 LDU2 bch_err=0 raw=?
2026-04-19 17:55:30.155 ,PASSED,traffic  NAC:0x8A1 LDU1 bch_err=0 raw=0x5
2026-04-19 17:55:30.156 ,PASSED,traffic  NAC:0x8A1 LDU1 bch_err=0 raw=?
2026-04-19 17:55:30.158 ,PASSED,traffic  NAC:0x8A1 LDU2 bch_err=0 raw=0xA
2026-04-19 17:55:30.158 ,PASSED,traffic  NAC:0x8A1 LDU2 bch_err=0 raw=?
2026-04-19 17:55:30.162 ,CORRECTED,traffic  NAC:0x8A1 LDU1 bch_err=3 raw=0x5
2026-04-19 17:55:30.163 ,PASSED,traffic  NAC:0x8A1 LDU1 bch_err=0 raw=?
2026-04-19 17:55:30.167 ,CORRECTED,traffic  NAC:0x8A1 LDU2 bch_err=1 raw=0xA
2026-04-19 17:55:30.167 ,PASSED,traffic  NAC:0x8A1 LDU2 bch_err=0 raw=?
2026-04-19 17:55:30.170 ,PASSED,traffic  NAC:0x8A1 LDU1 bch_err=0 raw=0x5
2026-04-19 17:55:30.170 ,PASSED,traffic  NAC:0x8A1 LDU1 bch_err=0 raw=?
2026-04-19 17:55:30.172 ,PASSED,traffic  NAC:0x8A1 LDU2 bch_err=0 raw=0xA
2026-04-19 17:55:30.970 ,PASSED,control  NAC:0x8A1 TSDU bch_err=0 raw=0x7
2026-04-19 17:55:30.973 ,PASSED,control  NAC:0x8A1 TSDU bch_err=0 raw=0x7
2026-04-19 17:55:30.975 ,PASSED,control  NAC:0x8A1 TSDU bch_err=0 raw=0x7
2026-04-19 17:55:30.978 ,PASSED,control  NAC:0x8A1 TSDU bch_err=0 raw=0x7
2026-04-19 17:55:30.981 ,PASSED,control  NAC:0x8A1 TSDU bch_err=0 raw=0x7
2026-04-19 17:55:30.983 ,PASSED,control  NAC:0x8A1 TSDU bch_err=0 raw=0x7
2026-04-19 17:55:30.986 ,PASSED,control  NAC:0x8A1 TSDU bch_err=0 raw=0x7
2026-04-19 17:55:30.992 ,CORRECTED,control  NAC:0x8A1 TSDU bch_err=5 raw=0x3
2026-04-19 17:55:30.995 ,PASSED,control  NAC:0x8A1 TSDU bch_err=0 raw=0x7
2026-04-19 17:55:30.998 ,PASSED,control  NAC:0x8A1 TSDU bch_err=0 raw=0x7
2026-04-19 17:55:31.006 ,PASSED,control  NAC:0x8A1 TSDU bch_err=0 raw=0x7
2026-04-19 17:55:31.009 ,PASSED,control  NAC:0x8A1 TSDU bch_err=0 raw=0x7
2026-04-19 17:55:31.014 ,PASSED,control  NAC:0x8A1 TSDU bch_err=0 raw=0x7
2026-04-19 17:55:31.017 ,PASSED,control  NAC:0x8A1 TSDU bch_err=0 raw=0x7
2026-04-19 17:55:31.020 ,PASSED,control  NAC:0x8A1 TSDU bch_err=0 raw=0x7
2026-04-19 17:55:31.025 ,PASSED,control  NAC:0x8A1 TSDU bch_err=0 raw=0x7
2026-04-19 17:55:31.028 ,PASSED,control  NAC:0x8A1 TSDU bch_err=0 raw=0x7
2026-04-19 17:55:31.031 ,PASSED,control  NAC:0x8A1 TSDU bch_err=0 raw=0x7
2026-04-19 17:55:31.037 ,PASSED,control  NAC:0x8A1 TSDU bch_err=0 raw=0x7
2026-04-19 17:55:31.040 ,PASSED,control  NAC:0x8A1 TSDU bch_err=0 raw=0x7
2026-04-19 17:55:31.053 ,PASSED,control  NAC:0x8A1 TSDU bch_err=0 raw=0x7
2026-04-19 17:55:31.056 ,PASSED,control  NAC:0x8A1 TSDU bch_err=0 raw=0x7
2026-04-19 17:55:31.059 ,PASSED,control  NAC:0x8A1 TSDU bch_err=0 raw=0x7
2026-04-19 17:55:31.069 ,PASSED,control  NAC:0x8A1 TSDU bch_err=0 raw=0x7
2026-04-19 17:55:31.076 ,PASSED,control  NAC:0x8A1 TSDU bch_err=0 raw=0x7
2026-04-19 17:55:31.078 ,PASSED,control  NAC:0x8A1 TSDU bch_err=0 raw=0x7
2026-04-19 17:55:31.083 ,PASSED,control  NAC:0x8A1 TSDU bch_err=0 raw=0x7
2026-04-19 17:55:31.086 ,PASSED,control  NAC:0x8A1 TSDU bch_err=0 raw=0x7
2026-04-19 17:55:31.088 ,PASSED,control  NAC:0x8A1 TSDU bch_err=0 raw=0x7
2026-04-19 17:55:31.094 ,PASSED,control  NAC:0x8A1 TSDU bch_err=0 raw=0x7
2026-04-19 17:55:31.097 ,PASSED,control  NAC:0x8A1 TSDU bch_err=0 raw=0x7
2026-04-19 17:55:31.099 ,PASSED,control  NAC:0x8A1 TSDU bch_err=0 raw=0x7
2026-04-19 17:55:31.102 ,PASSED,control  NAC:0x8A1 TSDU bch_err=0 raw=0x7
2026-04-19 17:55:31.107 ,CORRECTED,control  NAC:0x8A1 TSDU bch_err=3 raw=0x7
2026-04-19 17:55:31.110 ,PASSED,control  NAC:0x8A1 TSDU bch_err=0 raw=0x7
2026-04-19 17:55:31.123 ,PASSED,control  NAC:0x8A1 TSDU bch_err=0 raw=0x7
2026-04-19 17:55:31.125 ,PASSED,control  NAC:0x8A1 TSDU bch_err=0 raw=0x7
2026-04-19 17:55:31.128 ,PASSED,control  NAC:0x8A1 TSDU bch_err=0 raw=0x7
2026-04-19 17:55:31.147 ,PASSED,control  NAC:0x8A1 TSDU bch_err=0 raw=0x7
2026-04-19 17:55:31.150 ,PASSED,control  NAC:0x8A1 TSDU bch_err=0 raw=0x7
2026-04-19 17:55:31.152 ,PASSED,control  NAC:0x8A1 TSDU bch_err=0 raw=0x7
2026-04-19 17:55:31.155 ,PASSED,control  NAC:0x8A1 TSDU bch_err=0 raw=0x7
2026-04-19 17:55:31.158 ,PASSED,control  NAC:0x8A1 TSDU bch_err=0 raw=0x7
2026-04-19 17:55:33.515 ,PASSED,traffic  NAC:0x8A1 LDU2 bch_err=0 raw=?
2026-04-19 17:55:33.517 ,PASSED,traffic  NAC:0x8A1 LDU1 bch_err=0 raw=0x5
2026-04-19 17:55:33.518 ,PASSED,traffic  NAC:0x8A1 LDU1 bch_err=0 raw=?
2026-04-19 17:55:33.520 ,PASSED,traffic  NAC:0x8A1 LDU2 bch_err=0 raw=0xA
2026-04-19 17:55:33.520 ,PASSED,traffic  NAC:0x8A1 LDU2 bch_err=0 raw=?
2026-04-19 17:55:33.523 ,PASSED,traffic  NAC:0x8A1 LDU1 bch_err=0 raw=0x5
2026-04-19 17:55:33.523 ,PASSED,traffic  NAC:0x8A1 LDU1 bch_err=0 raw=?
2026-04-19 17:55:33.525 ,PASSED,traffic  NAC:0x8A1 LDU2 bch_err=0 raw=0xA
2026-04-19 17:55:33.526 ,PASSED,traffic  NAC:0x8A1 LDU2 bch_err=0 raw=?
2026-04-19 17:55:33.528 ,PASSED,traffic  NAC:0x8A1 LDU1 bch_err=0 raw=0x5
2026-04-19 17:55:33.528 ,PASSED,traffic  NAC:0x8A1 LDU1 bch_err=0 raw=?
2026-04-19 17:55:33.531 ,PASSED,traffic  NAC:0x8A1 LDU2 bch_err=0 raw=0xA
2026-04-19 17:55:33.531 ,PASSED,traffic  NAC:0x8A1 LDU2 bch_err=0 raw=?
2026-04-19 17:55:33.533 ,PASSED,traffic  NAC:0x8A1 LDU1 bch_err=0 raw=0x5
2026-04-19 17:55:33.534 ,PASSED,traffic  NAC:0x8A1 LDU1 bch_err=0 raw=?
2026-04-19 17:55:33.536 ,PASSED,traffic  NAC:0x8A1 LDU2 bch_err=0 raw=0xA
2026-04-19 17:55:33.536 ,PASSED,traffic  NAC:0x8A1 LDU2 bch_err=0 raw=?
2026-04-19 17:55:33.539 ,PASSED,traffic  NAC:0x8A1 LDU1 bch_err=0 raw=0x5
2026-04-19 17:55:33.539 ,PASSED,traffic  NAC:0x8A1 LDU1 bch_err=0 raw=?
2026-04-19 17:55:33.541 ,PASSED,traffic  NAC:0x8A1 LDU2 bch_err=0 raw=0xA
2026-04-19 17:55:33.542 ,PASSED,traffic  NAC:0x8A1 LDU2 bch_err=0 raw=?
2026-04-19 17:55:33.544 ,PASSED,traffic  NAC:0x8A1 LDU1 bch_err=0 raw=0x5
2026-04-19 17:55:33.544 ,PASSED,traffic  NAC:0x8A1 LDU1 bch_err=0 raw=?
2026-04-19 17:55:33.547 ,PASSED,traffic  NAC:0x8A1 LDU2 bch_err=0 raw=0xA
2026-04-19 17:55:33.547 ,PASSED,traffic  NAC:0x8A1 LDU2 bch_err=0 raw=?
2026-04-19 17:55:33.549 ,PASSED,traffic  NAC:0x8A1 LDU1 bch_err=0 raw=0x5
2026-04-19 17:55:33.549 ,PASSED,traffic  NAC:0x8A1 LDU1 bch_err=0 raw=?
2026-04-19 17:55:33.552 ,PASSED,traffic  NAC:0x8A1 LDU2 bch_err=0 raw=0xA
2026-04-19 17:55:33.552 ,PASSED,traffic  NAC:0x8A1 LDU2 bch_err=0 raw=?
2026-04-19 17:55:33.554 ,PASSED,traffic  NAC:0x8A1 LDU1 bch_err=0 raw=0x5
2026-04-19 17:55:33.555 ,PASSED,traffic  NAC:0x8A1 LDU1 bch_err=0 raw=?
2026-04-19 17:55:33.557 ,PASSED,traffic  NAC:0x8A1 LDU2 bch_err=0 raw=0xA
2026-04-19 17:55:33.557 ,PASSED,traffic  NAC:0x8A1 LDU2 bch_err=0 raw=?
2026-04-19 17:55:33.560 ,PASSED,traffic  NAC:0x8A1 LDU1 bch_err=0 raw=0x5
2026-04-19 17:55:33.560 ,PASSED,traffic  NAC:0x8A1 LDU1 bch_err=0 raw=?
2026-04-19 17:55:33.562 ,PASSED,traffic  NAC:0x8A1 LDU2 bch_err=0 raw=0xA
2026-04-19 17:55:33.563 ,PASSED,traffic  NAC:0x8A1 LDU2 bch_err=0 raw=?
2026-04-19 17:55:33.565 ,PASSED,traffic  NAC:0x8A1 LDU1 bch_err=0 raw=0x5
2026-04-19 17:55:34.383 ,PASSED,control  NAC:0x8A1 TSDU bch_err=0 raw=0x7
2026-04-19 17:55:34.388 ,CORRECTED,control  NAC:0x8A1 TSDU bch_err=3 raw=0x3
2026-04-19 17:55:34.401 ,PASSED,control  NAC:0x8A1 TSDU bch_err=0 raw=0x7
2026-04-19 17:55:34.404 ,PASSED,control  NAC:0x8A1 TSDU bch_err=0 raw=0x7
2026-04-19 17:55:34.407 ,PASSED,control  NAC:0x8A1 TSDU bch_err=0 raw=0x7
2026-04-19 17:55:34.410 ,PASSED,control  NAC:0x8A1 TSDU bch_err=0 raw=0x7
2026-04-19 17:55:34.424 ,PASSED,control  NAC:0x8A1 TSDU bch_err=0 raw=0x7
2026-04-19 17:55:34.427 ,PASSED,control  NAC:0x8A1 TSDU bch_err=0 raw=0x7
2026-04-19 17:55:34.430 ,PASSED,control  NAC:0x8A1 TSDU bch_err=0 raw=0x7
2026-04-19 17:55:34.433 ,PASSED,control  NAC:0x8A1 TSDU bch_err=0 raw=0x7
2026-04-19 17:55:34.436 ,PASSED,control  NAC:0x8A1 TSDU bch_err=0 raw=0x7
2026-04-19 17:55:34.438 ,PASSED,control  NAC:0x8A1 TSDU bch_err=0 raw=0x7
2026-04-19 17:55:34.451 ,PASSED,control  NAC:0x8A1 TSDU bch_err=0 raw=0x7
2026-04-19 17:55:34.454 ,PASSED,control  NAC:0x8A1 TSDU bch_err=0 raw=0x7
2026-04-19 17:55:34.456 ,PASSED,control  NAC:0x8A1 TSDU bch_err=0 raw=0x7
2026-04-19 17:55:34.459 ,PASSED,control  NAC:0x8A1 TSDU bch_err=0 raw=0x7
2026-04-19 17:55:34.466 ,PASSED,control  NAC:0x8A1 TSDU bch_err=0 raw=0x7
2026-04-19 17:55:34.469 ,PASSED,control  NAC:0x8A1 TSDU bch_err=0 raw=0x7
2026-04-19 17:55:34.473 ,CORRECTED,control  NAC:0x8A1 TSDU bch_err=8 raw=0x3
2026-04-19 17:55:34.476 ,PASSED,control  NAC:0x8A1 TSDU bch_err=0 raw=0x7
2026-04-19 17:55:34.478 ,PASSED,control  NAC:0x8A1 TSDU bch_err=0 raw=0x7
2026-04-19 17:55:34.481 ,PASSED,control  NAC:0x8A1 TSDU bch_err=0 raw=0x7
2026-04-19 17:55:34.486 ,CORRECTED,control  NAC:0x8A1 TSDU bch_err=6 raw=0x7
2026-04-19 17:55:34.488 ,PASSED,control  NAC:0x8A1 TSDU bch_err=0 raw=0x7
2026-04-19 17:55:34.497 ,CORRECTED,control  NAC:0x8A1 TSDU bch_err=1 raw=0x7
2026-04-19 17:55:34.500 ,PASSED,control  NAC:0x8A1 TSDU bch_err=0 raw=0x7
2026-04-19 17:55:34.507 ,CORRECTED,control  NAC:0x8A1 TSDU bch_err=1 raw=0x7
2026-04-19 17:55:34.509 ,PASSED,control  NAC:0x8A1 TSDU bch_err=0 raw=0x7
2026-04-19 17:55:34.522 ,PASSED,control  NAC:0x8A1 TSDU bch_err=0 raw=0x7
2026-04-19 17:55:34.525 ,PASSED,control  NAC:0x8A1 TSDU bch_err=0 raw=0x7
2026-04-19 17:55:34.529 ,CORRECTED,control  NAC:0x8A1 TSDU bch_err=2 raw=0x7
2026-04-19 17:55:34.549 ,PASSED,control  NAC:0x8A1 TSDU bch_err=0 raw=0x7
2026-04-19 17:55:34.552 ,PASSED,control  NAC:0x8A1 TSDU bch_err=0 raw=0x7
2026-04-19 17:55:34.555 ,PASSED,control  NAC:0x8A1 TSDU bch_err=0 raw=0x7
2026-04-19 17:55:34.557 ,PASSED,control  NAC:0x8A1 TSDU bch_err=0 raw=0x7
2026-04-19 17:55:34.560 ,PASSED,control  NAC:0x8A1 TSDU bch_err=0 raw=0x7
2026-04-19 17:55:34.566 ,CORRECTED,control  NAC:0x8A1 TSDU bch_err=1 raw=0x7
2026-04-19 17:55:34.569 ,PASSED,control  NAC:0x8A1 TSDU bch_err=0 raw=0x7
2026-04-19 17:55:34.575 ,PASSED,control  NAC:0x8A1 TSDU bch_err=0 raw=0x7
2026-04-19 17:55:34.578 ,PASSED,control  NAC:0x8A1 TSDU bch_err=0 raw=0x7
2026-04-19 17:55:34.586 ,PASSED,control  NAC:0x8A1 TSDU bch_err=0 raw=0x7
2026-04-19 17:55:36.781 ,CORRECTED,ps_c4fm  NAC:0xE21 LDU1 bch_err=11 raw=0x5
2026-04-19 17:55:36.928 ,PASSED,traffic  NAC:0x8A1 LDU1 bch_err=0 raw=?
2026-04-19 17:55:36.931 ,PASSED,traffic  NAC:0x8A1 LDU2 bch_err=0 raw=0xA
2026-04-19 17:55:36.931 ,PASSED,traffic  NAC:0x8A1 LDU2 bch_err=0 raw=?
2026-04-19 17:55:36.933 ,PASSED,traffic  NAC:0x8A1 LDU1 bch_err=0 raw=0x5
2026-04-19 17:55:36.934 ,PASSED,traffic  NAC:0x8A1 LDU1 bch_err=0 raw=?
2026-04-19 17:55:36.936 ,PASSED,traffic  NAC:0x8A1 LDU2 bch_err=0 raw=0xA
2026-04-19 17:55:36.936 ,PASSED,traffic  NAC:0x8A1 LDU2 bch_err=0 raw=?
2026-04-19 17:55:36.939 ,PASSED,traffic  NAC:0x8A1 LDU1 bch_err=0 raw=0x5
2026-04-19 17:55:36.939 ,PASSED,traffic  NAC:0x8A1 LDU1 bch_err=0 raw=?
2026-04-19 17:55:36.941 ,PASSED,traffic  NAC:0x8A1 LDU2 bch_err=0 raw=0xA
2026-04-19 17:55:36.942 ,PASSED,traffic  NAC:0x8A1 LDU2 bch_err=0 raw=?
2026-04-19 17:55:36.944 ,PASSED,traffic  NAC:0x8A1 LDU1 bch_err=0 raw=0x5
2026-04-19 17:55:36.944 ,PASSED,traffic  NAC:0x8A1 LDU1 bch_err=0 raw=?
2026-04-19 17:55:36.948 ,CORRECTED,traffic  NAC:0x8A1 LDU2 bch_err=1 raw=0xA
2026-04-19 17:55:36.949 ,PASSED,traffic  NAC:0x8A1 LDU2 bch_err=0 raw=?
2026-04-19 17:55:36.951 ,PASSED,traffic  NAC:0x8A1 LDU1 bch_err=0 raw=0x5
2026-04-19 17:55:36.952 ,PASSED,traffic  NAC:0x8A1 LDU1 bch_err=0 raw=?
2026-04-19 17:55:36.954 ,PASSED,traffic  NAC:0x8A1 LDU2 bch_err=0 raw=0xA
2026-04-19 17:55:36.954 ,PASSED,traffic  NAC:0x8A1 LDU2 bch_err=0 raw=?
2026-04-19 17:55:36.957 ,PASSED,traffic  NAC:0x8A1 LDU1 bch_err=0 raw=0x5
2026-04-19 17:55:36.957 ,PASSED,traffic  NAC:0x8A1 LDU1 bch_err=0 raw=?
2026-04-19 17:55:36.959 ,PASSED,traffic  NAC:0x8A1 LDU2 bch_err=0 raw=0xA
2026-04-19 17:55:36.960 ,PASSED,traffic  NAC:0x8A1 LDU2 bch_err=0 raw=?
2026-04-19 17:55:36.962 ,PASSED,traffic  NAC:0x8A1 LDU1 bch_err=0 raw=0x5
2026-04-19 17:55:36.962 ,PASSED,traffic  NAC:0x8A1 LDU1 bch_err=0 raw=?
2026-04-19 17:55:36.965 ,PASSED,traffic  NAC:0x8A1 LDU2 bch_err=0 raw=0xA
2026-04-19 17:55:36.965 ,PASSED,traffic  NAC:0x8A1 LDU2 bch_err=0 raw=?
2026-04-19 17:55:36.968 ,PASSED,traffic  NAC:0x8A1 LDU1 bch_err=0 raw=0x5
2026-04-19 17:55:36.968 ,PASSED,traffic  NAC:0x8A1 LDU1 bch_err=0 raw=?
2026-04-19 17:55:36.972 ,CORRECTED,traffic  NAC:0x8A1 LDU2 bch_err=2 raw=0xA
2026-04-19 17:55:36.972 ,PASSED,traffic  NAC:0x8A1 LDU2 bch_err=0 raw=?
2026-04-19 17:55:36.975 ,PASSED,traffic  NAC:0x8A1 LDU1 bch_err=0 raw=0x5
2026-04-19 17:55:36.975 ,PASSED,traffic  NAC:0x8A1 LDU1 bch_err=0 raw=?
2026-04-19 17:55:36.978 ,PASSED,traffic  NAC:0x8A1 LDU2 bch_err=0 raw=0xA
2026-04-19 17:55:36.978 ,PASSED,traffic  NAC:0x8A1 LDU2 bch_err=0 raw=?
2026-04-19 17:55:36.980 ,PASSED,traffic  NAC:0x8A1 LDU1 bch_err=0 raw=0x5
2026-04-19 17:55:36.981 ,PASSED,traffic  NAC:0x8A1 LDU1 bch_err=0 raw=?
2026-04-19 17:55:36.985 ,CORRECTED,traffic  NAC:0x8A1 LDU2 bch_err=2 raw=0xA
2026-04-19 17:55:37.798 ,CORRECTED,control  NAC:0x8A1 TSDU bch_err=7 raw=0x7
2026-04-19 17:55:37.801 ,PASSED,control  NAC:0x8A1 TSDU bch_err=0 raw=0x7
2026-04-19 17:55:37.804 ,PASSED,control  NAC:0x8A1 TSDU bch_err=0 raw=0x7
2026-04-19 17:55:37.808 ,CORRECTED,control  NAC:0x8A1 TSDU bch_err=7 raw=0x7
2026-04-19 17:55:37.818 ,PASSED,control  NAC:0x8A1 TSDU bch_err=0 raw=0x7
2026-04-19 17:55:37.823 ,CORRECTED,control  NAC:0x8A1 TSDU bch_err=2 raw=0x3
2026-04-19 17:55:37.827 ,CORRECTED,control  NAC:0x8A1 TSDU bch_err=3 raw=0x7
2026-04-19 17:55:37.829 ,PASSED,control  NAC:0x8A1 TSDU bch_err=0 raw=0x7
2026-04-19 17:55:37.832 ,PASSED,control  NAC:0x8A1 TSDU bch_err=0 raw=0x7
2026-04-19 17:55:37.835 ,PASSED,control  NAC:0x8A1 TSDU bch_err=0 raw=0x7
2026-04-19 17:55:37.840 ,CORRECTED,control  NAC:0x8A1 TSDU bch_err=1 raw=0x7
2026-04-19 17:55:37.854 ,CORRECTED,control  NAC:0x8A1 TSDU bch_err=1 raw=0x7
2026-04-19 17:55:37.859 ,CORRECTED,control  NAC:0x8A1 TSDU bch_err=1 raw=0x7
2026-04-19 17:55:37.866 ,PASSED,control  NAC:0x8A1 TSDU bch_err=0 raw=0x7
2026-04-19 17:55:37.869 ,PASSED,control  NAC:0x8A1 TSDU bch_err=0 raw=0x7
2026-04-19 17:55:37.872 ,PASSED,control  NAC:0x8A1 TSDU bch_err=0 raw=0x7
2026-04-19 17:55:37.877 ,CORRECTED,control  NAC:0x8A1 TSDU bch_err=1 raw=0x3
2026-04-19 17:55:37.879 ,PASSED,control  NAC:0x8A1 TSDU bch_err=0 raw=0x7
2026-04-19 17:55:37.887 ,PASSED,control  NAC:0x8A1 TSDU bch_err=0 raw=0x7
2026-04-19 17:55:37.889 ,PASSED,control  NAC:0x8A1 TSDU bch_err=0 raw=0x7
2026-04-19 17:55:37.892 ,PASSED,control  NAC:0x8A1 TSDU bch_err=0 raw=0x7
2026-04-19 17:55:37.895 ,PASSED,control  NAC:0x8A1 TSDU bch_err=0 raw=0x7
2026-04-19 17:55:37.902 ,PASSED,control  NAC:0x8A1 TSDU bch_err=0 raw=0x7
2026-04-19 17:55:37.905 ,PASSED,control  NAC:0x8A1 TSDU bch_err=0 raw=0x7
2026-04-19 17:55:37.909 ,CORRECTED,control  NAC:0x8A1 TSDU bch_err=4 raw=0x7
2026-04-19 17:55:37.922 ,PASSED,control  NAC:0x8A1 TSDU bch_err=0 raw=0x7
2026-04-19 17:55:37.925 ,PASSED,control  NAC:0x8A1 TSDU bch_err=0 raw=0x7
2026-04-19 17:55:37.927 ,PASSED,control  NAC:0x8A1 TSDU bch_err=0 raw=0x7
2026-04-19 17:55:37.937 ,CORRECTED,control  NAC:0x8A1 TSDU bch_err=8 raw=0x7
2026-04-19 17:55:37.944 ,CORRECTED,control  NAC:0x8A1 TSDU bch_err=4 raw=0x3
2026-04-19 17:55:37.947 ,PASSED,control  NAC:0x8A1 TSDU bch_err=0 raw=0x7
2026-04-19 17:55:37.950 ,PASSED,control  NAC:0x8A1 TSDU bch_err=0 raw=0x7
2026-04-19 17:55:37.959 ,PASSED,control  NAC:0x8A1 TSDU bch_err=0 raw=0x7
2026-04-19 17:55:37.963 ,CORRECTED,control  NAC:0x8A1 TSDU bch_err=1 raw=0x3
2026-04-19 17:55:37.966 ,PASSED,control  NAC:0x8A1 TSDU bch_err=0 raw=0x7
2026-04-19 17:55:37.969 ,PASSED,control  NAC:0x8A1 TSDU bch_err=0 raw=0x7
2026-04-19 17:55:37.973 ,CORRECTED,control  NAC:0x8A1 TSDU bch_err=1 raw=0x7
2026-04-19 17:55:37.976 ,PASSED,control  NAC:0x8A1 TSDU bch_err=0 raw=0x7
2026-04-19 17:55:40.341 ,PASSED,traffic  NAC:0x8A1 LDU2 bch_err=0 raw=?
2026-04-19 17:55:40.344 ,PASSED,traffic  NAC:0x8A1 LDU1 bch_err=0 raw=0x5
2026-04-19 17:55:40.344 ,PASSED,traffic  NAC:0x8A1 LDU1 bch_err=0 raw=?
2026-04-19 17:55:40.347 ,PASSED,traffic  NAC:0x8A1 LDU2 bch_err=0 raw=0xA
2026-04-19 17:55:40.347 ,PASSED,traffic  NAC:0x8A1 LDU2 bch_err=0 raw=?
2026-04-19 17:55:40.349 ,PASSED,traffic  NAC:0x8A1 LDU1 bch_err=0 raw=0x5
2026-04-19 17:55:40.349 ,PASSED,traffic  NAC:0x8A1 LDU1 bch_err=0 raw=?
2026-04-19 17:55:40.352 ,PASSED,traffic  NAC:0x8A1 LDU2 bch_err=0 raw=0xA
2026-04-19 17:55:40.352 ,PASSED,traffic  NAC:0x8A1 LDU2 bch_err=0 raw=?
2026-04-19 17:55:40.356 ,CORRECTED,traffic  NAC:0x8A1 LDU1 bch_err=2 raw=0x5
2026-04-19 17:55:40.357 ,PASSED,traffic  NAC:0x8A1 LDU1 bch_err=0 raw=?
2026-04-19 17:55:40.359 ,PASSED,traffic  NAC:0x8A1 LDU2 bch_err=0 raw=0xA
2026-04-19 17:55:40.359 ,PASSED,traffic  NAC:0x8A1 LDU2 bch_err=0 raw=?
2026-04-19 17:55:40.362 ,PASSED,traffic  NAC:0x8A1 LDU1 bch_err=0 raw=0x5
2026-04-19 17:55:40.362 ,PASSED,traffic  NAC:0x8A1 LDU1 bch_err=0 raw=?
2026-04-19 17:55:40.365 ,PASSED,traffic  NAC:0x8A1 LDU2 bch_err=0 raw=0xA
2026-04-19 17:55:40.365 ,PASSED,traffic  NAC:0x8A1 LDU2 bch_err=0 raw=?
2026-04-19 17:55:40.367 ,PASSED,traffic  NAC:0x8A1 LDU1 bch_err=0 raw=0x5
2026-04-19 17:55:40.368 ,PASSED,traffic  NAC:0x8A1 LDU1 bch_err=0 raw=?
2026-04-19 17:55:40.370 ,PASSED,traffic  NAC:0x8A1 LDU2 bch_err=0 raw=0xA
2026-04-19 17:55:40.370 ,PASSED,traffic  NAC:0x8A1 LDU2 bch_err=0 raw=?
2026-04-19 17:55:40.373 ,PASSED,traffic  NAC:0x8A1 LDU1 bch_err=0 raw=0x5
2026-04-19 17:55:40.373 ,PASSED,traffic  NAC:0x8A1 LDU1 bch_err=0 raw=?
2026-04-19 17:55:40.377 ,CORRECTED,traffic  NAC:0x8A1 LDU2 bch_err=1 raw=0xA
2026-04-19 17:55:40.378 ,PASSED,traffic  NAC:0x8A1 LDU2 bch_err=0 raw=?
2026-04-19 17:55:40.380 ,PASSED,traffic  NAC:0x8A1 LDU1 bch_err=0 raw=0x5
2026-04-19 17:55:40.380 ,PASSED,traffic  NAC:0x8A1 LDU1 bch_err=0 raw=?
2026-04-19 17:55:40.383 ,PASSED,traffic  NAC:0x8A1 LDU2 bch_err=0 raw=0xA
2026-04-19 17:55:40.383 ,PASSED,traffic  NAC:0x8A1 LDU2 bch_err=0 raw=?
2026-04-19 17:55:40.385 ,PASSED,traffic  NAC:0x8A1 LDU1 bch_err=0 raw=0x5
2026-04-19 17:55:40.386 ,PASSED,traffic  NAC:0x8A1 LDU1 bch_err=0 raw=?
2026-04-19 17:55:40.388 ,PASSED,traffic  NAC:0x8A1 LDU2 bch_err=0 raw=0xA
2026-04-19 17:55:40.388 ,PASSED,traffic  NAC:0x8A1 LDU2 bch_err=0 raw=?
2026-04-19 17:55:40.391 ,PASSED,traffic  NAC:0x8A1 LDU1 bch_err=0 raw=0x5
2026-04-19 17:55:40.391 ,PASSED,traffic  NAC:0x8A1 LDU1 bch_err=0 raw=?
2026-04-19 17:55:40.393 ,PASSED,traffic  NAC:0x8A1 LDU2 bch_err=0 raw=0xA
2026-04-19 17:55:40.394 ,PASSED,traffic  NAC:0x8A1 LDU2 bch_err=0 raw=?
2026-04-19 17:55:40.396 ,PASSED,traffic  NAC:0x8A1 LDU1 bch_err=0 raw=0x5
2026-04-19 17:55:41.211 ,PASSED,control  NAC:0x8A1 TSDU bch_err=0 raw=0x7
2026-04-19 17:55:41.214 ,PASSED,control  NAC:0x8A1 TSDU bch_err=0 raw=0x7
2026-04-19 17:55:41.217 ,PASSED,control  NAC:0x8A1 TSDU bch_err=0 raw=0x7
2026-04-19 17:55:41.232 ,CORRECTED,control  NAC:0x8A1 TSDU bch_err=3 raw=0x6
2026-04-19 17:55:41.235 ,PASSED,control  NAC:0x8A1 TSDU bch_err=0 raw=0x7
2026-04-19 17:55:41.254 ,CORRECTED,control  NAC:0x8A1 TSDU bch_err=1 raw=0x6
2026-04-19 17:55:41.257 ,PASSED,control  NAC:0x8A1 TSDU bch_err=0 raw=0x7
2026-04-19 17:55:41.260 ,PASSED,control  NAC:0x8A1 TSDU bch_err=0 raw=0x7
2026-04-19 17:55:41.272 ,PASSED,control  NAC:0x8A1 TSDU bch_err=0 raw=0x7
2026-04-19 17:55:41.276 ,PASSED,control  NAC:0x8A1 TSDU bch_err=0 raw=0x7
2026-04-19 17:55:41.279 ,PASSED,control  NAC:0x8A1 TSDU bch_err=0 raw=0x7
2026-04-19 17:55:41.293 ,CORRECTED,control  NAC:0x8A1 TSDU bch_err=5 raw=0x7
2026-04-19 17:55:41.296 ,PASSED,control  NAC:0x8A1 TSDU bch_err=0 raw=0x7
2026-04-19 17:55:41.299 ,PASSED,control  NAC:0x8A1 TSDU bch_err=0 raw=0x7
2026-04-19 17:55:41.312 ,PASSED,control  NAC:0x8A1 TSDU bch_err=0 raw=0x7
2026-04-19 17:55:41.315 ,PASSED,control  NAC:0x8A1 TSDU bch_err=0 raw=0x7
2026-04-19 17:55:41.319 ,PASSED,control  NAC:0x8A1 TSDU bch_err=0 raw=0x7
2026-04-19 17:55:41.332 ,PASSED,control  NAC:0x8A1 TSDU bch_err=0 raw=0x7
2026-04-19 17:55:41.335 ,PASSED,control  NAC:0x8A1 TSDU bch_err=0 raw=0x7
2026-04-19 17:55:41.338 ,PASSED,control  NAC:0x8A1 TSDU bch_err=0 raw=0x7
2026-04-19 17:55:41.351 ,PASSED,control  NAC:0x8A1 TSDU bch_err=0 raw=0x7
2026-04-19 17:55:41.354 ,PASSED,control  NAC:0x8A1 TSDU bch_err=0 raw=0x7
2026-04-19 17:55:41.357 ,PASSED,control  NAC:0x8A1 TSDU bch_err=0 raw=0x7
2026-04-19 17:55:41.360 ,PASSED,control  NAC:0x8A1 TSDU bch_err=0 raw=0x7
2026-04-19 17:55:41.373 ,PASSED,control  NAC:0x8A1 TSDU bch_err=0 raw=0x7
2026-04-19 17:55:41.376 ,PASSED,control  NAC:0x8A1 TSDU bch_err=0 raw=0x7
2026-04-19 17:55:41.391 ,CORRECTED,control  NAC:0x8A1 TSDU bch_err=7 raw=0x7
2026-04-19 17:55:41.394 ,PASSED,control  NAC:0x8A1 TSDU bch_err=0 raw=0x7
2026-04-19 17:55:41.397 ,PASSED,control  NAC:0x8A1 TSDU bch_err=0 raw=0x7
2026-04-19 17:55:41.400 ,PASSED,control  NAC:0x8A1 TSDU bch_err=0 raw=0x7
2026-04-19 17:55:41.413 ,PASSED,control  NAC:0x8A1 TSDU bch_err=0 raw=0x7
2026-04-19 17:55:41.418 ,CORRECTED,control  NAC:0x8A1 TSDU bch_err=8 raw=0x9
2026-04-19 17:55:41.431 ,PASSED,control  NAC:0x8A1 TSDU bch_err=0 raw=0x7
2026-04-19 17:55:41.434 ,PASSED,control  NAC:0x8A1 TSDU bch_err=0 raw=0x7
2026-04-19 17:55:41.437 ,PASSED,control  NAC:0x8A1 TSDU bch_err=0 raw=0x7
2026-04-19 17:55:41.452 ,CORRECTED,control  NAC:0x8A1 TSDU bch_err=9 raw=0x7
2026-04-19 17:55:41.455 ,PASSED,control  NAC:0x8A1 TSDU bch_err=0 raw=0x7
2026-04-19 17:55:41.458 ,PASSED,control  NAC:0x8A1 TSDU bch_err=0 raw=0x7
2026-04-19 17:55:41.471 ,PASSED,control  NAC:0x8A1 TSDU bch_err=0 raw=0x7
2026-04-19 17:55:41.478 ,PASSED,control  NAC:0x8A1 TSDU bch_err=0 raw=0x7
2026-04-19 17:55:41.498 ,PASSED,control  NAC:0x8A1 TSDU bch_err=0 raw=0x7
2026-04-19 17:55:43.755 ,PASSED,traffic  NAC:0x8A1 LDU1 bch_err=0 raw=?
2026-04-19 17:55:43.757 ,PASSED,traffic  NAC:0x8A1 LDU2 bch_err=0 raw=0xA
2026-04-19 17:55:43.757 ,PASSED,traffic  NAC:0x8A1 LDU2 bch_err=0 raw=?
2026-04-19 17:55:43.760 ,PASSED,traffic  NAC:0x8A1 LDU1 bch_err=0 raw=0x5
2026-04-19 17:55:43.760 ,PASSED,traffic  NAC:0x8A1 LDU1 bch_err=0 raw=?
2026-04-19 17:55:43.763 ,PASSED,traffic  NAC:0x8A1 LDU2 bch_err=0 raw=0xA
2026-04-19 17:55:43.763 ,PASSED,traffic  NAC:0x8A1 LDU2 bch_err=0 raw=?
2026-04-19 17:55:43.765 ,PASSED,traffic  NAC:0x8A1 LDU1 bch_err=0 raw=0x5
2026-04-19 17:55:43.766 ,PASSED,traffic  NAC:0x8A1 LDU1 bch_err=0 raw=?
2026-04-19 17:55:43.770 ,PASSED,traffic  NAC:0x8A1 LDU2 bch_err=0 raw=0xA
2026-04-19 17:55:43.771 ,PASSED,traffic  NAC:0x8A1 LDU2 bch_err=0 raw=?
2026-04-19 17:55:43.773 ,PASSED,traffic  NAC:0x8A1 LDU1 bch_err=0 raw=0x5
2026-04-19 17:55:43.774 ,PASSED,traffic  NAC:0x8A1 LDU1 bch_err=0 raw=?
2026-04-19 17:55:43.780 ,PASSED,traffic  NAC:0x8A1 LDU2 bch_err=0 raw=0xA
2026-04-19 17:55:43.781 ,PASSED,traffic  NAC:0x8A1 LDU2 bch_err=0 raw=?
2026-04-19 17:55:43.783 ,PASSED,traffic  NAC:0x8A1 LDU1 bch_err=0 raw=0x5
2026-04-19 17:55:43.783 ,PASSED,traffic  NAC:0x8A1 LDU1 bch_err=0 raw=?
2026-04-19 17:55:43.787 ,CORRECTED,traffic  NAC:0x8A1 LDU2 bch_err=2 raw=0xA
2026-04-19 17:55:43.788 ,PASSED,traffic  NAC:0x8A1 LDU2 bch_err=0 raw=?
2026-04-19 17:55:43.790 ,PASSED,traffic  NAC:0x8A1 LDU1 bch_err=0 raw=0x5
2026-04-19 17:55:43.790 ,PASSED,traffic  NAC:0x8A1 LDU1 bch_err=0 raw=?
2026-04-19 17:55:43.815 ,CORRECTED,traffic  NAC:0x8A1 LDU2 bch_err=3 raw=0xB
2026-04-19 17:55:43.815 ,PASSED,traffic  NAC:0x8A1 LDU2 bch_err=0 raw=?
2026-04-19 17:55:43.818 ,PASSED,traffic  NAC:0x8A1 LDU1 bch_err=0 raw=0x5
2026-04-19 17:55:43.818 ,PASSED,traffic  NAC:0x8A1 LDU1 bch_err=0 raw=?
2026-04-19 17:55:43.835 ,CORRECTED,traffic  NAC:0x8A1 LDU2 bch_err=2 raw=0xA
2026-04-19 17:55:43.836 ,PASSED,traffic  NAC:0x8A1 LDU2 bch_err=0 raw=?
2026-04-19 17:55:43.838 ,PASSED,traffic  NAC:0x8A1 LDU1 bch_err=0 raw=0x5
2026-04-19 17:55:43.839 ,PASSED,traffic  NAC:0x8A1 LDU1 bch_err=0 raw=?
2026-04-19 17:55:43.843 ,PASSED,traffic  NAC:0x8A1 LDU2 bch_err=0 raw=0xA
2026-04-19 17:55:43.844 ,PASSED,traffic  NAC:0x8A1 LDU2 bch_err=0 raw=?
2026-04-19 17:55:43.846 ,PASSED,traffic  NAC:0x8A1 LDU1 bch_err=0 raw=0x5
2026-04-19 17:55:43.846 ,PASSED,traffic  NAC:0x8A1 LDU1 bch_err=0 raw=?
2026-04-19 17:55:43.849 ,PASSED,traffic  NAC:0x8A1 LDU2 bch_err=0 raw=0xA
2026-04-19 17:55:43.849 ,PASSED,traffic  NAC:0x8A1 LDU2 bch_err=0 raw=?
2026-04-19 17:55:43.854 ,PASSED,traffic  NAC:0x8A1 LDU1 bch_err=0 raw=0x5
2026-04-19 17:55:43.854 ,PASSED,traffic  NAC:0x8A1 LDU1 bch_err=0 raw=?
2026-04-19 17:55:43.858 ,PASSED,traffic  NAC:0x8A1 LDU2 bch_err=0 raw=0xA
2026-04-19 17:55:44.624 ,PASSED,control  NAC:0x8A1 TSDU bch_err=0 raw=0x7
2026-04-19 17:55:44.628 ,CORRECTED,control  NAC:0x8A1 TSDU bch_err=1 raw=0x7
2026-04-19 17:55:44.636 ,PASSED,control  NAC:0x8A1 TSDU bch_err=0 raw=0x7
2026-04-19 17:55:44.641 ,CORRECTED,control  NAC:0x8A1 TSDU bch_err=1 raw=0x7
2026-04-19 17:55:44.643 ,PASSED,control  NAC:0x8A1 TSDU bch_err=0 raw=0x7
2026-04-19 17:55:44.646 ,PASSED,control  NAC:0x8A1 TSDU bch_err=0 raw=0x7
2026-04-19 17:55:44.649 ,PASSED,control  NAC:0x8A1 TSDU bch_err=0 raw=0x7
2026-04-19 17:55:44.661 ,PASSED,control  NAC:0x8A1 TSDU bch_err=0 raw=0x7
2026-04-19 17:55:44.664 ,PASSED,control  NAC:0x8A1 TSDU bch_err=0 raw=0x7
2026-04-19 17:55:44.667 ,PASSED,control  NAC:0x8A1 TSDU bch_err=0 raw=0x7
2026-04-19 17:55:44.669 ,PASSED,control  NAC:0x8A1 TSDU bch_err=0 raw=0x7
2026-04-19 17:55:44.677 ,PASSED,control  NAC:0x8A1 TSDU bch_err=0 raw=0x7
2026-04-19 17:55:44.680 ,PASSED,control  NAC:0x8A1 TSDU bch_err=0 raw=0x7
2026-04-19 17:55:44.686 ,PASSED,control  NAC:0x8A1 TSDU bch_err=0 raw=0x7
2026-04-19 17:55:44.688 ,PASSED,control  NAC:0x8A1 TSDU bch_err=0 raw=0x7
2026-04-19 17:55:44.697 ,PASSED,control  NAC:0x8A1 TSDU bch_err=0 raw=0x7
2026-04-19 17:55:44.700 ,PASSED,control  NAC:0x8A1 TSDU bch_err=0 raw=0x7
2026-04-19 17:55:44.703 ,PASSED,control  NAC:0x8A1 TSDU bch_err=0 raw=0x7
2026-04-19 17:55:44.705 ,PASSED,control  NAC:0x8A1 TSDU bch_err=0 raw=0x7
2026-04-19 17:55:44.708 ,PASSED,control  NAC:0x8A1 TSDU bch_err=0 raw=0x7
2026-04-19 17:55:44.711 ,PASSED,control  NAC:0x8A1 TSDU bch_err=0 raw=0x7
2026-04-19 17:55:44.714 ,PASSED,control  NAC:0x8A1 TSDU bch_err=0 raw=0x7
2026-04-19 17:55:44.717 ,PASSED,control  NAC:0x8A1 TSDU bch_err=0 raw=0x7
2026-04-19 17:55:44.720 ,PASSED,control  NAC:0x8A1 TSDU bch_err=0 raw=0x7
2026-04-19 17:55:44.723 ,PASSED,control  NAC:0x8A1 TSDU bch_err=0 raw=0x7
2026-04-19 17:55:44.725 ,PASSED,control  NAC:0x8A1 TSDU bch_err=0 raw=0x7
2026-04-19 17:55:44.728 ,PASSED,control  NAC:0x8A1 TSDU bch_err=0 raw=0x7
2026-04-19 17:55:44.731 ,PASSED,control  NAC:0x8A1 TSDU bch_err=0 raw=0x7
2026-04-19 17:55:44.734 ,PASSED,control  NAC:0x8A1 TSDU bch_err=0 raw=0x7
2026-04-19 17:55:44.737 ,PASSED,control  NAC:0x8A1 TSDU bch_err=0 raw=0x7
2026-04-19 17:55:44.740 ,PASSED,control  NAC:0x8A1 TSDU bch_err=0 raw=0x7
2026-04-19 17:55:44.746 ,PASSED,control  NAC:0x8A1 TSDU bch_err=0 raw=0x7
2026-04-19 17:55:44.750 ,CORRECTED,control  NAC:0x8A1 TSDU bch_err=1 raw=0x7
2026-04-19 17:55:44.759 ,PASSED,control  NAC:0x8A1 TSDU bch_err=0 raw=0x7
2026-04-19 17:55:44.762 ,PASSED,control  NAC:0x8A1 TSDU bch_err=0 raw=0x7
2026-04-19 17:55:44.768 ,CORRECTED,control  NAC:0x8A1 TSDU bch_err=1 raw=0x6
2026-04-19 17:55:44.771 ,PASSED,control  NAC:0x8A1 TSDU bch_err=0 raw=0x7
2026-04-19 17:55:44.774 ,PASSED,control  NAC:0x8A1 TSDU bch_err=0 raw=0x7
2026-04-19 17:55:44.776 ,PASSED,control  NAC:0x8A1 TSDU bch_err=0 raw=0x7
2026-04-19 17:55:44.779 ,PASSED,control  NAC:0x8A1 TSDU bch_err=0 raw=0x7
2026-04-19 17:55:44.782 ,PASSED,control  NAC:0x8A1 TSDU bch_err=0 raw=0x7
2026-04-19 17:55:44.785 ,PASSED,control  NAC:0x8A1 TSDU bch_err=0 raw=0x7
2026-04-19 17:55:44.787 ,PASSED,control  NAC:0x8A1 TSDU bch_err=0 raw=0x7
2026-04-19 17:55:44.790 ,PASSED,control  NAC:0x8A1 TSDU bch_err=0 raw=0x7
2026-04-19 17:55:47.168 ,PASSED,traffic  NAC:0x8A1 LDU2 bch_err=0 raw=?
2026-04-19 17:55:47.174 ,PASSED,traffic  NAC:0x8A1 LDU1 bch_err=0 raw=0x5
2026-04-19 17:55:47.175 ,PASSED,traffic  NAC:0x8A1 LDU1 bch_err=0 raw=?
2026-04-19 17:55:47.177 ,PASSED,traffic  NAC:0x8A1 LDU2 bch_err=0 raw=0xA
2026-04-19 17:55:47.177 ,PASSED,traffic  NAC:0x8A1 LDU2 bch_err=0 raw=?
2026-04-19 17:55:47.180 ,PASSED,traffic  NAC:0x8A1 LDU1 bch_err=0 raw=0x5
2026-04-19 17:55:47.180 ,PASSED,traffic  NAC:0x8A1 LDU1 bch_err=0 raw=?
2026-04-19 17:55:47.186 ,PASSED,traffic  NAC:0x8A1 LDU2 bch_err=0 raw=0xA
2026-04-19 17:55:47.186 ,PASSED,traffic  NAC:0x8A1 LDU2 bch_err=0 raw=?
2026-04-19 17:55:47.189 ,PASSED,traffic  NAC:0x8A1 LDU1 bch_err=0 raw=0x5
2026-04-19 17:55:47.189 ,PASSED,traffic  NAC:0x8A1 LDU1 bch_err=0 raw=?
2026-04-19 17:55:47.192 ,PASSED,traffic  NAC:0x8A1 LDU2 bch_err=0 raw=0xA
2026-04-19 17:55:47.192 ,PASSED,traffic  NAC:0x8A1 LDU2 bch_err=0 raw=?
2026-04-19 17:55:47.194 ,PASSED,traffic  NAC:0x8A1 LDU1 bch_err=0 raw=0x5
2026-04-19 17:55:47.195 ,PASSED,traffic  NAC:0x8A1 LDU1 bch_err=0 raw=?
2026-04-19 17:55:47.197 ,PASSED,traffic  NAC:0x8A1 LDU2 bch_err=0 raw=0xA
2026-04-19 17:55:47.198 ,PASSED,traffic  NAC:0x8A1 LDU2 bch_err=0 raw=?
2026-04-19 17:55:47.201 ,PASSED,traffic  NAC:0x8A1 LDU1 bch_err=0 raw=0x5
2026-04-19 17:55:47.202 ,PASSED,traffic  NAC:0x8A1 LDU1 bch_err=0 raw=?
2026-04-19 17:55:47.204 ,PASSED,traffic  NAC:0x8A1 LDU2 bch_err=0 raw=0xA
2026-04-19 17:55:47.205 ,PASSED,traffic  NAC:0x8A1 LDU2 bch_err=0 raw=?
2026-04-19 17:55:47.207 ,PASSED,traffic  NAC:0x8A1 LDU1 bch_err=0 raw=0x5
2026-04-19 17:55:47.208 ,PASSED,traffic  NAC:0x8A1 LDU1 bch_err=0 raw=?
2026-04-19 17:55:47.210 ,PASSED,traffic  NAC:0x8A1 LDU2 bch_err=0 raw=0xA
2026-04-19 17:55:47.210 ,PASSED,traffic  NAC:0x8A1 LDU2 bch_err=0 raw=?
2026-04-19 17:55:47.218 ,PASSED,traffic  NAC:0x8A1 LDU1 bch_err=0 raw=0x5
2026-04-19 17:55:47.219 ,PASSED,traffic  NAC:0x8A1 LDU1 bch_err=0 raw=?
2026-04-19 17:55:47.221 ,PASSED,traffic  NAC:0x8A1 LDU2 bch_err=0 raw=0xA
2026-04-19 17:55:47.222 ,PASSED,traffic  NAC:0x8A1 LDU2 bch_err=0 raw=?
2026-04-19 17:55:47.240 ,PASSED,traffic  NAC:0x8A1 LDU1 bch_err=0 raw=0x5
2026-04-19 17:55:47.240 ,PASSED,traffic  NAC:0x8A1 LDU1 bch_err=0 raw=?
2026-04-19 17:55:47.243 ,PASSED,traffic  NAC:0x8A1 LDU2 bch_err=0 raw=0xA
2026-04-19 17:55:47.243 ,PASSED,traffic  NAC:0x8A1 LDU2 bch_err=0 raw=?
2026-04-19 17:55:47.245 ,PASSED,traffic  NAC:0x8A1 LDU1 bch_err=0 raw=0x5
2026-04-19 17:55:47.246 ,PASSED,traffic  NAC:0x8A1 LDU1 bch_err=0 raw=?
2026-04-19 17:55:47.248 ,PASSED,traffic  NAC:0x8A1 LDU2 bch_err=0 raw=0xA
2026-04-19 17:55:47.248 ,PASSED,traffic  NAC:0x8A1 LDU2 bch_err=0 raw=?
2026-04-19 17:55:47.255 ,PASSED,traffic  NAC:0x8A1 LDU1 bch_err=0 raw=0x5
2026-04-19 17:55:48.036 ,PASSED,control  NAC:0x8A1 TSDU bch_err=0 raw=0x7
2026-04-19 17:55:48.039 ,PASSED,control  NAC:0x8A1 TSDU bch_err=0 raw=0x7
2026-04-19 17:55:48.052 ,PASSED,control  NAC:0x8A1 TSDU bch_err=0 raw=0x7
2026-04-19 17:55:48.055 ,PASSED,control  NAC:0x8A1 TSDU bch_err=0 raw=0x7
2026-04-19 17:55:48.058 ,PASSED,control  NAC:0x8A1 TSDU bch_err=0 raw=0x7
2026-04-19 17:55:48.071 ,PASSED,control  NAC:0x8A1 TSDU bch_err=0 raw=0x7
2026-04-19 17:55:48.074 ,PASSED,control  NAC:0x8A1 TSDU bch_err=0 raw=0x7
2026-04-19 17:55:48.077 ,PASSED,control  NAC:0x8A1 TSDU bch_err=0 raw=0x7
2026-04-19 17:55:48.092 ,CORRECTED,control  NAC:0x8A1 TSDU bch_err=9 raw=0x2
2026-04-19 17:55:48.095 ,PASSED,control  NAC:0x8A1 TSDU bch_err=0 raw=0x7
2026-04-19 17:55:48.098 ,PASSED,control  NAC:0x8A1 TSDU bch_err=0 raw=0x7
2026-04-19 17:55:48.111 ,PASSED,control  NAC:0x8A1 TSDU bch_err=0 raw=0x7
2026-04-19 17:55:48.114 ,PASSED,control  NAC:0x8A1 TSDU bch_err=0 raw=0x7
2026-04-19 17:55:48.117 ,PASSED,control  NAC:0x8A1 TSDU bch_err=0 raw=0x7
2026-04-19 17:55:48.120 ,PASSED,control  NAC:0x8A1 TSDU bch_err=0 raw=0x7
2026-04-19 17:55:48.133 ,PASSED,control  NAC:0x8A1 TSDU bch_err=0 raw=0x7
2026-04-19 17:55:48.136 ,PASSED,control  NAC:0x8A1 TSDU bch_err=0 raw=0x7
2026-04-19 17:55:48.138 ,PASSED,control  NAC:0x8A1 TSDU bch_err=0 raw=0x7
2026-04-19 17:55:48.151 ,PASSED,control  NAC:0x8A1 TSDU bch_err=0 raw=0x7
2026-04-19 17:55:48.154 ,PASSED,control  NAC:0x8A1 TSDU bch_err=0 raw=0x7
2026-04-19 17:55:48.158 ,CORRECTED,control  NAC:0x8A1 TSDU bch_err=3 raw=0xF
2026-04-19 17:55:48.161 ,PASSED,control  NAC:0x8A1 TSDU bch_err=0 raw=0x7
2026-04-19 17:55:48.165 ,CORRECTED,control  NAC:0x8A1 TSDU bch_err=9 raw=0x3
2026-04-19 17:55:48.170 ,CORRECTED,control  NAC:0x8A1 TSDU bch_err=3 raw=0x7
2026-04-19 17:55:48.177 ,PASSED,control  NAC:0x8A1 TSDU bch_err=0 raw=0x7
2026-04-19 17:55:48.191 ,CORRECTED,control  NAC:0x8A1 TSDU bch_err=7 raw=0xE
2026-04-19 17:55:48.194 ,PASSED,control  NAC:0x8A1 TSDU bch_err=0 raw=0x7
2026-04-19 17:55:48.196 ,PASSED,control  NAC:0x8A1 TSDU bch_err=0 raw=0x7
2026-04-19 17:55:48.199 ,PASSED,control  NAC:0x8A1 TSDU bch_err=0 raw=0x7
2026-04-19 17:55:48.206 ,PASSED,control  NAC:0x8A1 TSDU bch_err=0 raw=0x7
2026-04-19 17:55:48.209 ,PASSED,control  NAC:0x8A1 TSDU bch_err=0 raw=0x7
2026-04-19 17:55:48.211 ,PASSED,control  NAC:0x8A1 TSDU bch_err=0 raw=0x7
2026-04-19 17:55:48.214 ,PASSED,control  NAC:0x8A1 TSDU bch_err=0 raw=0x7
2026-04-19 17:55:48.216 ,PASSED,control  NAC:0x8A1 TSDU bch_err=0 raw=0x7
2026-04-19 17:55:48.219 ,PASSED,control  NAC:0x8A1 TSDU bch_err=0 raw=0x7
2026-04-19 17:55:48.222 ,PASSED,control  NAC:0x8A1 TSDU bch_err=0 raw=0x7
2026-04-19 17:55:48.224 ,PASSED,control  NAC:0x8A1 TSDU bch_err=0 raw=0x7
2026-04-19 17:55:48.227 ,PASSED,control  NAC:0x8A1 TSDU bch_err=0 raw=0x7
2026-04-19 17:55:48.234 ,PASSED,control  NAC:0x8A1 TSDU bch_err=0 raw=0x7
2026-04-19 17:55:48.237 ,PASSED,control  NAC:0x8A1 TSDU bch_err=0 raw=0x7
2026-04-19 17:55:48.242 ,CORRECTED,control  NAC:0x8A1 TSDU bch_err=1 raw=0x6
2026-04-19 17:55:50.581 ,PASSED,traffic  NAC:0x8A1 LDU1 bch_err=0 raw=?
2026-04-19 17:55:50.584 ,PASSED,traffic  NAC:0x8A1 LDU2 bch_err=0 raw=0xA
2026-04-19 17:55:50.584 ,PASSED,traffic  NAC:0x8A1 LDU2 bch_err=0 raw=?
2026-04-19 17:55:50.587 ,PASSED,traffic  NAC:0x8A1 LDU1 bch_err=0 raw=0x5
2026-04-19 17:55:50.588 ,PASSED,traffic  NAC:0x8A1 LDU1 bch_err=0 raw=?
2026-04-19 17:55:50.590 ,PASSED,traffic  NAC:0x8A1 LDU2 bch_err=0 raw=0xA
2026-04-19 17:55:50.591 ,PASSED,traffic  NAC:0x8A1 LDU2 bch_err=0 raw=?
2026-04-19 17:55:50.593 ,PASSED,traffic  NAC:0x8A1 LDU1 bch_err=0 raw=0x5
2026-04-19 17:55:50.593 ,PASSED,traffic  NAC:0x8A1 LDU1 bch_err=0 raw=?
2026-04-19 17:55:50.596 ,PASSED,traffic  NAC:0x8A1 LDU2 bch_err=0 raw=0xA
2026-04-19 17:55:50.596 ,PASSED,traffic  NAC:0x8A1 LDU2 bch_err=0 raw=?
2026-04-19 17:55:50.598 ,PASSED,traffic  NAC:0x8A1 LDU1 bch_err=0 raw=0x5
2026-04-19 17:55:50.599 ,PASSED,traffic  NAC:0x8A1 LDU1 bch_err=0 raw=?
2026-04-19 17:55:50.602 ,PASSED,traffic  NAC:0x8A1 LDU2 bch_err=0 raw=0xA
2026-04-19 17:55:50.602 ,PASSED,traffic  NAC:0x8A1 LDU2 bch_err=0 raw=?
2026-04-19 17:55:50.606 ,PASSED,traffic  NAC:0x8A1 LDU1 bch_err=0 raw=0x5
2026-04-19 17:55:50.606 ,PASSED,traffic  NAC:0x8A1 LDU1 bch_err=0 raw=?
2026-04-19 17:55:50.609 ,PASSED,traffic  NAC:0x8A1 LDU2 bch_err=0 raw=0xA
2026-04-19 17:55:50.609 ,PASSED,traffic  NAC:0x8A1 LDU2 bch_err=0 raw=?
2026-04-19 17:55:50.611 ,PASSED,traffic  NAC:0x8A1 LDU1 bch_err=0 raw=0x5
2026-04-19 17:55:50.612 ,PASSED,traffic  NAC:0x8A1 LDU1 bch_err=0 raw=?
2026-04-19 17:55:50.614 ,PASSED,traffic  NAC:0x8A1 LDU2 bch_err=0 raw=0xA
2026-04-19 17:55:50.614 ,PASSED,traffic  NAC:0x8A1 LDU2 bch_err=0 raw=?
2026-04-19 17:55:50.617 ,PASSED,traffic  NAC:0x8A1 LDU1 bch_err=0 raw=0x5
2026-04-19 17:55:50.617 ,PASSED,traffic  NAC:0x8A1 LDU1 bch_err=0 raw=?
2026-04-19 17:55:50.620 ,PASSED,traffic  NAC:0x8A1 LDU2 bch_err=0 raw=0xA
2026-04-19 17:55:50.620 ,PASSED,traffic  NAC:0x8A1 LDU2 bch_err=0 raw=?
2026-04-19 17:55:50.626 ,PASSED,traffic  NAC:0x8A1 LDU1 bch_err=0 raw=0x5
2026-04-19 17:55:50.626 ,PASSED,traffic  NAC:0x8A1 LDU1 bch_err=0 raw=?
2026-04-19 17:55:50.628 ,PASSED,traffic  NAC:0x8A1 LDU2 bch_err=0 raw=0xA
2026-04-19 17:55:50.629 ,PASSED,traffic  NAC:0x8A1 LDU2 bch_err=0 raw=?
2026-04-19 17:55:50.631 ,PASSED,traffic  NAC:0x8A1 LDU1 bch_err=0 raw=0x5
2026-04-19 17:55:50.632 ,PASSED,traffic  NAC:0x8A1 LDU1 bch_err=0 raw=?
2026-04-19 17:55:50.634 ,PASSED,traffic  NAC:0x8A1 LDU2 bch_err=0 raw=0xA
2026-04-19 17:55:50.635 ,PASSED,traffic  NAC:0x8A1 LDU2 bch_err=0 raw=?
2026-04-19 17:55:50.640 ,PASSED,traffic  NAC:0x8A1 LDU1 bch_err=0 raw=0x5
2026-04-19 17:55:50.640 ,PASSED,traffic  NAC:0x8A1 LDU1 bch_err=0 raw=?
2026-04-19 17:55:50.643 ,PASSED,traffic  NAC:0x8A1 LDU2 bch_err=0 raw=0xA
2026-04-19 17:55:51.450 ,PASSED,control  NAC:0x8A1 TSDU bch_err=0 raw=0x7
2026-04-19 17:55:51.452 ,PASSED,control  NAC:0x8A1 TSDU bch_err=0 raw=0x7
2026-04-19 17:55:51.454 ,PASSED,control  NAC:0x8A1 TSDU bch_err=0 raw=0x7
2026-04-19 17:55:51.457 ,PASSED,control  NAC:0x8A1 TSDU bch_err=0 raw=0x7
2026-04-19 17:55:51.460 ,PASSED,control  NAC:0x8A1 TSDU bch_err=0 raw=0x7
2026-04-19 17:55:51.462 ,PASSED,control  NAC:0x8A1 TSDU bch_err=0 raw=0x7
2026-04-19 17:55:51.467 ,CORRECTED,control  NAC:0x8A1 TSDU bch_err=1 raw=0x7
2026-04-19 17:55:51.469 ,PASSED,control  NAC:0x8A1 TSDU bch_err=0 raw=0x7
2026-04-19 17:55:51.472 ,PASSED,control  NAC:0x8A1 TSDU bch_err=0 raw=0x7
2026-04-19 17:55:51.474 ,PASSED,control  NAC:0x8A1 TSDU bch_err=0 raw=0x7
2026-04-19 17:55:51.477 ,PASSED,control  NAC:0x8A1 TSDU bch_err=0 raw=0x7
2026-04-19 17:55:51.480 ,PASSED,control  NAC:0x8A1 TSDU bch_err=0 raw=0x7
2026-04-19 17:55:51.482 ,PASSED,control  NAC:0x8A1 TSDU bch_err=0 raw=0x7
2026-04-19 17:55:51.484 ,PASSED,control  NAC:0x8A1 TSDU bch_err=0 raw=0x7
2026-04-19 17:55:51.487 ,PASSED,control  NAC:0x8A1 TSDU bch_err=0 raw=0x7
2026-04-19 17:55:51.490 ,PASSED,control  NAC:0x8A1 TSDU bch_err=0 raw=0x7
2026-04-19 17:55:51.494 ,CORRECTED,control  NAC:0x8A1 TSDU bch_err=1 raw=0x6
2026-04-19 17:55:51.501 ,PASSED,control  NAC:0x8A1 TSDU bch_err=0 raw=0x7
2026-04-19 17:55:51.503 ,PASSED,control  NAC:0x8A1 TSDU bch_err=0 raw=0x7
2026-04-19 17:55:51.506 ,PASSED,control  NAC:0x8A1 TSDU bch_err=0 raw=0x7
2026-04-19 17:55:51.509 ,PASSED,control  NAC:0x8A1 TSDU bch_err=0 raw=0x7
2026-04-19 17:55:51.511 ,PASSED,control  NAC:0x8A1 TSDU bch_err=0 raw=0x7
2026-04-19 17:55:51.514 ,PASSED,control  NAC:0x8A1 TSDU bch_err=0 raw=0x7
2026-04-19 17:55:51.517 ,PASSED,control  NAC:0x8A1 TSDU bch_err=0 raw=0x7
2026-04-19 17:55:51.520 ,PASSED,control  NAC:0x8A1 TSDU bch_err=0 raw=0x7
2026-04-19 17:55:51.522 ,PASSED,control  NAC:0x8A1 TSDU bch_err=0 raw=0x7
2026-04-19 17:55:51.525 ,PASSED,control  NAC:0x8A1 TSDU bch_err=0 raw=0x7
2026-04-19 17:55:51.527 ,PASSED,control  NAC:0x8A1 TSDU bch_err=0 raw=0x7
2026-04-19 17:55:51.530 ,PASSED,control  NAC:0x8A1 TSDU bch_err=0 raw=0x7
2026-04-19 17:55:51.532 ,PASSED,control  NAC:0x8A1 TSDU bch_err=0 raw=0x7
2026-04-19 17:55:51.535 ,PASSED,control  NAC:0x8A1 TSDU bch_err=0 raw=0x7
2026-04-19 17:55:51.538 ,PASSED,control  NAC:0x8A1 TSDU bch_err=0 raw=0x7
2026-04-19 17:55:51.540 ,PASSED,control  NAC:0x8A1 TSDU bch_err=0 raw=0x7
2026-04-19 17:55:51.543 ,PASSED,control  NAC:0x8A1 TSDU bch_err=0 raw=0x7
2026-04-19 17:55:51.546 ,PASSED,control  NAC:0x8A1 TSDU bch_err=0 raw=0x7
2026-04-19 17:55:51.548 ,PASSED,control  NAC:0x8A1 TSDU bch_err=0 raw=0x7
2026-04-19 17:55:51.551 ,PASSED,control  NAC:0x8A1 TSDU bch_err=0 raw=0x7
2026-04-19 17:55:51.553 ,PASSED,control  NAC:0x8A1 TSDU bch_err=0 raw=0x7
2026-04-19 17:55:51.556 ,PASSED,control  NAC:0x8A1 TSDU bch_err=0 raw=0x7
2026-04-19 17:55:51.559 ,PASSED,control  NAC:0x8A1 TSDU bch_err=0 raw=0x7
2026-04-19 17:55:51.561 ,PASSED,control  NAC:0x8A1 TSDU bch_err=0 raw=0x7
2026-04-19 17:55:51.564 ,PASSED,control  NAC:0x8A1 TSDU bch_err=0 raw=0x7
2026-04-19 17:55:53.995 ,PASSED,traffic  NAC:0x8A1 LDU2 bch_err=0 raw=?
2026-04-19 17:55:53.997 ,PASSED,traffic  NAC:0x8A1 LDU1 bch_err=0 raw=0x5
2026-04-19 17:55:53.998 ,PASSED,traffic  NAC:0x8A1 LDU1 bch_err=0 raw=?
2026-04-19 17:55:54.000 ,PASSED,traffic  NAC:0x8A1 LDU2 bch_err=0 raw=0xA
2026-04-19 17:55:54.000 ,PASSED,traffic  NAC:0x8A1 LDU2 bch_err=0 raw=?
2026-04-19 17:55:54.004 ,PASSED,traffic  NAC:0x8A1 LDU1 bch_err=0 raw=0x5
2026-04-19 17:55:54.004 ,PASSED,traffic  NAC:0x8A1 LDU1 bch_err=0 raw=?
2026-04-19 17:55:54.007 ,PASSED,traffic  NAC:0x8A1 LDU2 bch_err=0 raw=0xA
2026-04-19 17:55:54.007 ,PASSED,traffic  NAC:0x8A1 LDU2 bch_err=0 raw=?
2026-04-19 17:55:54.009 ,PASSED,traffic  NAC:0x8A1 LDU1 bch_err=0 raw=0x5
2026-04-19 17:55:54.010 ,PASSED,traffic  NAC:0x8A1 LDU1 bch_err=0 raw=?
2026-04-19 17:55:54.016 ,PASSED,traffic  NAC:0x8A1 LDU2 bch_err=0 raw=0xA
2026-04-19 17:55:54.016 ,PASSED,traffic  NAC:0x8A1 LDU2 bch_err=0 raw=?
2026-04-19 17:55:54.018 ,PASSED,traffic  NAC:0x8A1 LDU1 bch_err=0 raw=0x5
2026-04-19 17:55:54.019 ,PASSED,traffic  NAC:0x8A1 LDU1 bch_err=0 raw=?
2026-04-19 17:55:54.028 ,PASSED,traffic  NAC:0x8A1 LDU2 bch_err=0 raw=0xA
2026-04-19 17:55:54.029 ,PASSED,traffic  NAC:0x8A1 LDU2 bch_err=0 raw=?
2026-04-19 17:55:54.032 ,PASSED,traffic  NAC:0x8A1 LDU1 bch_err=0 raw=0x5
2026-04-19 17:55:54.032 ,PASSED,traffic  NAC:0x8A1 LDU1 bch_err=0 raw=?
2026-04-19 17:55:54.034 ,PASSED,traffic  NAC:0x8A1 LDU2 bch_err=0 raw=0xA
2026-04-19 17:55:54.035 ,PASSED,traffic  NAC:0x8A1 LDU2 bch_err=0 raw=?
2026-04-19 17:55:54.037 ,PASSED,traffic  NAC:0x8A1 LDU1 bch_err=0 raw=0x5
2026-04-19 17:55:54.037 ,PASSED,traffic  NAC:0x8A1 LDU1 bch_err=0 raw=?
2026-04-19 17:55:54.040 ,PASSED,traffic  NAC:0x8A1 LDU2 bch_err=0 raw=0xA
2026-04-19 17:55:54.040 ,PASSED,traffic  NAC:0x8A1 LDU2 bch_err=0 raw=?
2026-04-19 17:55:54.043 ,PASSED,traffic  NAC:0x8A1 LDU1 bch_err=0 raw=0x5
2026-04-19 17:55:54.043 ,PASSED,traffic  NAC:0x8A1 LDU1 bch_err=0 raw=?
2026-04-19 17:55:54.046 ,PASSED,traffic  NAC:0x8A1 LDU2 bch_err=0 raw=0xA
2026-04-19 17:55:54.046 ,PASSED,traffic  NAC:0x8A1 LDU2 bch_err=0 raw=?
2026-04-19 17:55:54.048 ,PASSED,traffic  NAC:0x8A1 LDU1 bch_err=0 raw=0x5
2026-04-19 17:55:54.049 ,PASSED,traffic  NAC:0x8A1 LDU1 bch_err=0 raw=?
2026-04-19 17:55:54.052 ,PASSED,traffic  NAC:0x8A1 LDU2 bch_err=0 raw=0xA
2026-04-19 17:55:54.052 ,PASSED,traffic  NAC:0x8A1 LDU2 bch_err=0 raw=?
2026-04-19 17:55:54.055 ,PASSED,traffic  NAC:0x8A1 LDU1 bch_err=0 raw=0x5
2026-04-19 17:55:54.055 ,PASSED,traffic  NAC:0x8A1 LDU1 bch_err=0 raw=?
2026-04-19 17:55:54.057 ,PASSED,traffic  NAC:0x8A1 LDU2 bch_err=0 raw=0xA
2026-04-19 17:55:54.058 ,PASSED,traffic  NAC:0x8A1 LDU2 bch_err=0 raw=?
2026-04-19 17:55:54.060 ,PASSED,traffic  NAC:0x8A1 LDU1 bch_err=0 raw=0x5
2026-04-19 17:55:54.863 ,PASSED,control  NAC:0x8A1 TSDU bch_err=0 raw=0x7
2026-04-19 17:55:54.866 ,PASSED,control  NAC:0x8A1 TSDU bch_err=0 raw=0x7
2026-04-19 17:55:54.868 ,PASSED,control  NAC:0x8A1 TSDU bch_err=0 raw=0x7
2026-04-19 17:55:54.871 ,PASSED,control  NAC:0x8A1 TSDU bch_err=0 raw=0x7
2026-04-19 17:55:54.874 ,PASSED,control  NAC:0x8A1 TSDU bch_err=0 raw=0x7
2026-04-19 17:55:54.877 ,PASSED,control  NAC:0x8A1 TSDU bch_err=0 raw=0x7
2026-04-19 17:55:54.879 ,PASSED,control  NAC:0x8A1 TSDU bch_err=0 raw=0x7
2026-04-19 17:55:54.882 ,PASSED,control  NAC:0x8A1 TSDU bch_err=0 raw=0x7
2026-04-19 17:55:54.884 ,PASSED,control  NAC:0x8A1 TSDU bch_err=0 raw=0x7
2026-04-19 17:55:54.887 ,PASSED,control  NAC:0x8A1 TSDU bch_err=0 raw=0x7
2026-04-19 17:55:54.890 ,PASSED,control  NAC:0x8A1 TSDU bch_err=0 raw=0x7
2026-04-19 17:55:54.892 ,PASSED,control  NAC:0x8A1 TSDU bch_err=0 raw=0x7
2026-04-19 17:55:54.895 ,PASSED,control  NAC:0x8A1 TSDU bch_err=0 raw=0x7
2026-04-19 17:55:54.897 ,PASSED,control  NAC:0x8A1 TSDU bch_err=0 raw=0x7
2026-04-19 17:55:54.900 ,PASSED,control  NAC:0x8A1 TSDU bch_err=0 raw=0x7
2026-04-19 17:55:54.903 ,PASSED,control  NAC:0x8A1 TSDU bch_err=0 raw=0x7
2026-04-19 17:55:54.905 ,PASSED,control  NAC:0x8A1 TSDU bch_err=0 raw=0x7
2026-04-19 17:55:54.908 ,PASSED,control  NAC:0x8A1 TSDU bch_err=0 raw=0x7
2026-04-19 17:55:54.912 ,CORRECTED,control  NAC:0x8A1 TSDU bch_err=4 raw=0x7
2026-04-19 17:55:54.915 ,PASSED,control  NAC:0x8A1 TSDU bch_err=0 raw=0x7
2026-04-19 17:55:54.918 ,PASSED,control  NAC:0x8A1 TSDU bch_err=0 raw=0x7
2026-04-19 17:55:54.920 ,PASSED,control  NAC:0x8A1 TSDU bch_err=0 raw=0x7
2026-04-19 17:55:54.923 ,PASSED,control  NAC:0x8A1 TSDU bch_err=0 raw=0x7
2026-04-19 17:55:54.926 ,PASSED,control  NAC:0x8A1 TSDU bch_err=0 raw=0x7
2026-04-19 17:55:54.928 ,PASSED,control  NAC:0x8A1 TSDU bch_err=0 raw=0x7
2026-04-19 17:55:54.931 ,PASSED,control  NAC:0x8A1 TSDU bch_err=0 raw=0x7
2026-04-19 17:55:54.937 ,PASSED,control  NAC:0x8A1 TSDU bch_err=0 raw=0x7
2026-04-19 17:55:54.940 ,PASSED,control  NAC:0x8A1 TSDU bch_err=0 raw=0x7
2026-04-19 17:55:54.943 ,PASSED,control  NAC:0x8A1 TSDU bch_err=0 raw=0x7
2026-04-19 17:55:54.945 ,PASSED,control  NAC:0x8A1 TSDU bch_err=0 raw=0x7
2026-04-19 17:55:54.948 ,PASSED,control  NAC:0x8A1 TSDU bch_err=0 raw=0x7
2026-04-19 17:55:54.952 ,CORRECTED,control  NAC:0x8A1 TSDU bch_err=3 raw=0x7
2026-04-19 17:55:54.957 ,CORRECTED,control  NAC:0x8A1 TSDU bch_err=3 raw=0x6
2026-04-19 17:55:54.959 ,PASSED,control  NAC:0x8A1 TSDU bch_err=0 raw=0x7
2026-04-19 17:55:54.962 ,PASSED,control  NAC:0x8A1 TSDU bch_err=0 raw=0x7
2026-04-19 17:55:54.965 ,PASSED,control  NAC:0x8A1 TSDU bch_err=0 raw=0x7
2026-04-19 17:55:54.967 ,PASSED,control  NAC:0x8A1 TSDU bch_err=0 raw=0x7
2026-04-19 17:55:54.970 ,PASSED,control  NAC:0x8A1 TSDU bch_err=0 raw=0x7
2026-04-19 17:55:54.973 ,PASSED,control  NAC:0x8A1 TSDU bch_err=0 raw=0x7
2026-04-19 17:55:54.977 ,CORRECTED,control  NAC:0x8A1 TSDU bch_err=5 raw=0x2
2026-04-19 17:55:54.980 ,PASSED,control  NAC:0x8A1 TSDU bch_err=0 raw=0x7
2026-04-19 17:55:54.984 ,CORRECTED,control  NAC:0x8A1 TSDU bch_err=1 raw=0x6
2026-04-19 17:55:54.989 ,CORRECTED,control  NAC:0x8A1 TSDU bch_err=2 raw=0x6
2026-04-19 17:55:54.991 ,PASSED,control  NAC:0x8A1 TSDU bch_err=0 raw=0x7
2026-04-19 17:55:57.408 ,PASSED,traffic  NAC:0x8A1 LDU1 bch_err=0 raw=?
2026-04-19 17:55:57.413 ,CORRECTED,traffic  NAC:0x8A1 LDU2 bch_err=1 raw=0xA
2026-04-19 17:55:57.413 ,PASSED,traffic  NAC:0x8A1 LDU2 bch_err=0 raw=?
2026-04-19 17:55:57.416 ,PASSED,traffic  NAC:0x8A1 LDU1 bch_err=0 raw=0x5
2026-04-19 17:55:57.416 ,PASSED,traffic  NAC:0x8A1 LDU1 bch_err=0 raw=?
2026-04-19 17:55:57.419 ,PASSED,traffic  NAC:0x8A1 LDU2 bch_err=0 raw=0xA
2026-04-19 17:55:57.419 ,PASSED,traffic  NAC:0x8A1 LDU2 bch_err=0 raw=?
2026-04-19 17:55:57.422 ,PASSED,traffic  NAC:0x8A1 LDU1 bch_err=0 raw=0x5
2026-04-19 17:55:57.422 ,PASSED,traffic  NAC:0x8A1 LDU1 bch_err=0 raw=?
2026-04-19 17:55:57.426 ,PASSED,traffic  NAC:0x8A1 LDU2 bch_err=0 raw=0xA
2026-04-19 17:55:57.427 ,PASSED,traffic  NAC:0x8A1 LDU2 bch_err=0 raw=?
2026-04-19 17:55:57.429 ,PASSED,traffic  NAC:0x8A1 LDU1 bch_err=0 raw=0x5
2026-04-19 17:55:57.429 ,PASSED,traffic  NAC:0x8A1 LDU1 bch_err=0 raw=?
2026-04-19 17:55:57.432 ,PASSED,traffic  NAC:0x8A1 LDU2 bch_err=0 raw=0xA
2026-04-19 17:55:57.432 ,PASSED,traffic  NAC:0x8A1 LDU2 bch_err=0 raw=?
2026-04-19 17:55:57.434 ,PASSED,traffic  NAC:0x8A1 LDU1 bch_err=0 raw=0x5
2026-04-19 17:55:57.435 ,PASSED,traffic  NAC:0x8A1 LDU1 bch_err=0 raw=?
2026-04-19 17:55:57.437 ,PASSED,traffic  NAC:0x8A1 LDU2 bch_err=0 raw=0xA
2026-04-19 17:55:57.438 ,PASSED,traffic  NAC:0x8A1 LDU2 bch_err=0 raw=?
2026-04-19 17:55:57.440 ,PASSED,traffic  NAC:0x8A1 LDU1 bch_err=0 raw=0x5
2026-04-19 17:55:57.440 ,PASSED,traffic  NAC:0x8A1 LDU1 bch_err=0 raw=?
2026-04-19 17:55:57.447 ,PASSED,traffic  NAC:0x8A1 LDU2 bch_err=0 raw=0xA
2026-04-19 17:55:57.448 ,PASSED,traffic  NAC:0x8A1 LDU2 bch_err=0 raw=?
2026-04-19 17:55:57.450 ,PASSED,traffic  NAC:0x8A1 LDU1 bch_err=0 raw=0x5
2026-04-19 17:55:57.450 ,PASSED,traffic  NAC:0x8A1 LDU1 bch_err=0 raw=?
2026-04-19 17:55:57.453 ,PASSED,traffic  NAC:0x8A1 LDU2 bch_err=0 raw=0xA
2026-04-19 17:55:57.453 ,PASSED,traffic  NAC:0x8A1 LDU2 bch_err=0 raw=?
2026-04-19 17:55:57.455 ,PASSED,traffic  NAC:0x8A1 LDU1 bch_err=0 raw=0x5
2026-04-19 17:55:57.456 ,PASSED,traffic  NAC:0x8A1 LDU1 bch_err=0 raw=?
2026-04-19 17:55:57.458 ,PASSED,traffic  NAC:0x8A1 LDU2 bch_err=0 raw=0xA
2026-04-19 17:55:57.458 ,PASSED,traffic  NAC:0x8A1 LDU2 bch_err=0 raw=?
2026-04-19 17:55:57.461 ,PASSED,traffic  NAC:0x8A1 LDU1 bch_err=0 raw=0x5
2026-04-19 17:55:57.461 ,PASSED,traffic  NAC:0x8A1 LDU1 bch_err=0 raw=?
2026-04-19 17:55:57.464 ,PASSED,traffic  NAC:0x8A1 LDU2 bch_err=0 raw=0xA
2026-04-19 17:55:57.464 ,PASSED,traffic  NAC:0x8A1 LDU2 bch_err=0 raw=?
2026-04-19 17:55:57.466 ,PASSED,traffic  NAC:0x8A1 LDU1 bch_err=0 raw=0x5
2026-04-19 17:55:57.467 ,PASSED,traffic  NAC:0x8A1 LDU1 bch_err=0 raw=?
2026-04-19 17:55:57.469 ,PASSED,traffic  NAC:0x8A1 LDU2 bch_err=0 raw=0xA
2026-04-19 17:55:58.278 ,CORRECTED,control  NAC:0x8A1 TSDU bch_err=1 raw=0x7
2026-04-19 17:55:58.281 ,PASSED,control  NAC:0x8A1 TSDU bch_err=0 raw=0x7
2026-04-19 17:55:58.285 ,CORRECTED,control  NAC:0x8A1 TSDU bch_err=6 raw=0x7
2026-04-19 17:55:58.288 ,PASSED,control  NAC:0x8A1 TSDU bch_err=0 raw=0x7
2026-04-19 17:55:58.292 ,CORRECTED,control  NAC:0x8A1 TSDU bch_err=1 raw=0x7
2026-04-19 17:55:58.295 ,PASSED,control  NAC:0x8A1 TSDU bch_err=0 raw=0x7
2026-04-19 17:55:58.298 ,PASSED,control  NAC:0x8A1 TSDU bch_err=0 raw=0x7
2026-04-19 17:55:58.300 ,PASSED,control  NAC:0x8A1 TSDU bch_err=0 raw=0x7
2026-04-19 17:55:58.305 ,CORRECTED,control  NAC:0x8A1 TSDU bch_err=1 raw=0x6
2026-04-19 17:55:58.307 ,PASSED,control  NAC:0x8A1 TSDU bch_err=0 raw=0x7
2026-04-19 17:55:58.310 ,PASSED,control  NAC:0x8A1 TSDU bch_err=0 raw=0x7
2026-04-19 17:55:58.313 ,PASSED,control  NAC:0x8A1 TSDU bch_err=0 raw=0x7
2026-04-19 17:55:58.315 ,PASSED,control  NAC:0x8A1 TSDU bch_err=0 raw=0x7
2026-04-19 17:55:58.319 ,CORRECTED,control  NAC:0x8A1 TSDU bch_err=2 raw=0x7
2026-04-19 17:55:58.322 ,PASSED,control  NAC:0x8A1 TSDU bch_err=0 raw=0x7
2026-04-19 17:55:58.325 ,PASSED,control  NAC:0x8A1 TSDU bch_err=0 raw=0x7
2026-04-19 17:55:58.328 ,PASSED,control  NAC:0x8A1 TSDU bch_err=0 raw=0x7
2026-04-19 17:55:58.330 ,PASSED,control  NAC:0x8A1 TSDU bch_err=0 raw=0x7
2026-04-19 17:55:58.333 ,PASSED,control  NAC:0x8A1 TSDU bch_err=0 raw=0x7
2026-04-19 17:55:58.336 ,PASSED,control  NAC:0x8A1 TSDU bch_err=0 raw=0x7
2026-04-19 17:55:58.340 ,CORRECTED,control  NAC:0x8A1 TSDU bch_err=1 raw=0x6
2026-04-19 17:55:58.342 ,PASSED,control  NAC:0x8A1 TSDU bch_err=0 raw=0x7
2026-04-19 17:55:58.345 ,PASSED,control  NAC:0x8A1 TSDU bch_err=0 raw=0x7
2026-04-19 17:55:58.348 ,PASSED,control  NAC:0x8A1 TSDU bch_err=0 raw=0x7
2026-04-19 17:55:58.350 ,PASSED,control  NAC:0x8A1 TSDU bch_err=0 raw=0x7
2026-04-19 17:55:58.353 ,PASSED,control  NAC:0x8A1 TSDU bch_err=0 raw=0x7
2026-04-19 17:55:58.356 ,PASSED,control  NAC:0x8A1 TSDU bch_err=0 raw=0x7
2026-04-19 17:55:58.358 ,PASSED,control  NAC:0x8A1 TSDU bch_err=0 raw=0x7
2026-04-19 17:55:58.361 ,PASSED,control  NAC:0x8A1 TSDU bch_err=0 raw=0x7
2026-04-19 17:55:58.363 ,PASSED,control  NAC:0x8A1 TSDU bch_err=0 raw=0x7
2026-04-19 17:55:58.366 ,PASSED,control  NAC:0x8A1 TSDU bch_err=0 raw=0x7
2026-04-19 17:55:58.368 ,PASSED,control  NAC:0x8A1 TSDU bch_err=0 raw=0x7
2026-04-19 17:55:58.371 ,PASSED,control  NAC:0x8A1 TSDU bch_err=0 raw=0x7
2026-04-19 17:55:58.375 ,CORRECTED,control  NAC:0x8A1 TSDU bch_err=1 raw=0x6
2026-04-19 17:55:58.378 ,PASSED,control  NAC:0x8A1 TSDU bch_err=0 raw=0x7
2026-04-19 17:55:58.381 ,PASSED,control  NAC:0x8A1 TSDU bch_err=0 raw=0x7
2026-04-19 17:55:58.383 ,PASSED,control  NAC:0x8A1 TSDU bch_err=0 raw=0x7
2026-04-19 17:55:58.386 ,PASSED,control  NAC:0x8A1 TSDU bch_err=0 raw=0x7
2026-04-19 17:55:58.389 ,PASSED,control  NAC:0x8A1 TSDU bch_err=0 raw=0x7
2026-04-19 17:55:58.393 ,CORRECTED,control  NAC:0x8A1 TSDU bch_err=2 raw=0x6
2026-04-19 17:55:58.395 ,PASSED,control  NAC:0x8A1 TSDU bch_err=0 raw=0x7
2026-04-19 17:55:58.401 ,CORRECTED,control  NAC:0x8A1 TSDU bch_err=8 raw=0x7
2026-04-19 17:55:58.404 ,PASSED,control  NAC:0x8A1 TSDU bch_err=0 raw=0x7
2026-04-19 17:55:58.406 ,PASSED,control  NAC:0x8A1 TSDU bch_err=0 raw=0x7
2026-04-19 17:56:00.821 ,PASSED,traffic  NAC:0x8A1 LDU2 bch_err=0 raw=?
2026-04-19 17:56:00.823 ,PASSED,traffic  NAC:0x8A1 LDU1 bch_err=0 raw=0x5
2026-04-19 17:56:00.824 ,PASSED,traffic  NAC:0x8A1 LDU1 bch_err=0 raw=?
2026-04-19 17:56:00.826 ,PASSED,traffic  NAC:0x8A1 LDU2 bch_err=0 raw=0xA
2026-04-19 17:56:00.827 ,PASSED,traffic  NAC:0x8A1 LDU2 bch_err=0 raw=?
2026-04-19 17:56:00.829 ,PASSED,traffic  NAC:0x8A1 LDU1 bch_err=0 raw=0x5
2026-04-19 17:56:00.829 ,PASSED,traffic  NAC:0x8A1 LDU1 bch_err=0 raw=?
2026-04-19 17:56:00.832 ,PASSED,traffic  NAC:0x8A1 LDU2 bch_err=0 raw=0xA
2026-04-19 17:56:00.832 ,PASSED,traffic  NAC:0x8A1 LDU2 bch_err=0 raw=?
2026-04-19 17:56:00.834 ,PASSED,traffic  NAC:0x8A1 LDU1 bch_err=0 raw=0x5
2026-04-19 17:56:00.835 ,PASSED,traffic  NAC:0x8A1 LDU1 bch_err=0 raw=?
2026-04-19 17:56:00.837 ,PASSED,traffic  NAC:0x8A1 LDU2 bch_err=0 raw=0xA
2026-04-19 17:56:00.837 ,PASSED,traffic  NAC:0x8A1 LDU2 bch_err=0 raw=?
2026-04-19 17:56:00.840 ,PASSED,traffic  NAC:0x8A1 LDU1 bch_err=0 raw=0x5
2026-04-19 17:56:00.840 ,PASSED,traffic  NAC:0x8A1 LDU1 bch_err=0 raw=?
2026-04-19 17:56:00.844 ,CORRECTED,traffic  NAC:0x8A1 LDU2 bch_err=1 raw=0xA
2026-04-19 17:56:00.844 ,PASSED,traffic  NAC:0x8A1 LDU2 bch_err=0 raw=?
2026-04-19 17:56:00.847 ,PASSED,traffic  NAC:0x8A1 LDU1 bch_err=0 raw=0x5
2026-04-19 17:56:00.847 ,PASSED,traffic  NAC:0x8A1 LDU1 bch_err=0 raw=?
2026-04-19 17:56:00.849 ,PASSED,traffic  NAC:0x8A1 LDU2 bch_err=0 raw=0xA
2026-04-19 17:56:00.850 ,PASSED,traffic  NAC:0x8A1 LDU2 bch_err=0 raw=?
2026-04-19 17:56:00.852 ,PASSED,traffic  NAC:0x8A1 LDU1 bch_err=0 raw=0x5
2026-04-19 17:56:00.852 ,PASSED,traffic  NAC:0x8A1 LDU1 bch_err=0 raw=?
2026-04-19 17:56:00.855 ,PASSED,traffic  NAC:0x8A1 LDU2 bch_err=0 raw=0xA
2026-04-19 17:56:00.855 ,PASSED,traffic  NAC:0x8A1 LDU2 bch_err=0 raw=?
2026-04-19 17:56:00.857 ,PASSED,traffic  NAC:0x8A1 LDU1 bch_err=0 raw=0x5
2026-04-19 17:56:00.858 ,PASSED,traffic  NAC:0x8A1 LDU1 bch_err=0 raw=?
2026-04-19 17:56:00.860 ,PASSED,traffic  NAC:0x8A1 LDU2 bch_err=0 raw=0xA
2026-04-19 17:56:00.860 ,PASSED,traffic  NAC:0x8A1 LDU2 bch_err=0 raw=?
2026-04-19 17:56:00.863 ,PASSED,traffic  NAC:0x8A1 LDU1 bch_err=0 raw=0x5
2026-04-19 17:56:00.863 ,PASSED,traffic  NAC:0x8A1 LDU1 bch_err=0 raw=?
2026-04-19 17:56:00.865 ,PASSED,traffic  NAC:0x8A1 LDU2 bch_err=0 raw=0xA
2026-04-19 17:56:00.866 ,PASSED,traffic  NAC:0x8A1 LDU2 bch_err=0 raw=?
2026-04-19 17:56:00.868 ,PASSED,traffic  NAC:0x8A1 LDU1 bch_err=0 raw=0x5
2026-04-19 17:56:00.868 ,PASSED,traffic  NAC:0x8A1 LDU1 bch_err=0 raw=?
2026-04-19 17:56:00.871 ,PASSED,traffic  NAC:0x8A1 LDU2 bch_err=0 raw=0xA
2026-04-19 17:56:00.871 ,PASSED,traffic  NAC:0x8A1 LDU2 bch_err=0 raw=?
2026-04-19 17:56:00.875 ,CORRECTED,traffic  NAC:0x8A1 LDU1 bch_err=1 raw=0x7
2026-04-19 17:56:01.689 ,PASSED,control  NAC:0x8A1 TSDU bch_err=0 raw=0x7
2026-04-19 17:56:01.692 ,PASSED,control  NAC:0x8A1 TSDU bch_err=0 raw=0x7
2026-04-19 17:56:01.697 ,CORRECTED,control  NAC:0x8A1 TSDU bch_err=1 raw=0x6
2026-04-19 17:56:01.699 ,PASSED,control  NAC:0x8A1 TSDU bch_err=0 raw=0x7
2026-04-19 17:56:01.702 ,PASSED,control  NAC:0x8A1 TSDU bch_err=0 raw=0x7
2026-04-19 17:56:01.705 ,PASSED,control  NAC:0x8A1 TSDU bch_err=0 raw=0x7
2026-04-19 17:56:01.707 ,PASSED,control  NAC:0x8A1 TSDU bch_err=0 raw=0x7
2026-04-19 17:56:01.710 ,PASSED,control  NAC:0x8A1 TSDU bch_err=0 raw=0x7
2026-04-19 17:56:01.713 ,PASSED,control  NAC:0x8A1 TSDU bch_err=0 raw=0x7
2026-04-19 17:56:01.715 ,PASSED,control  NAC:0x8A1 TSDU bch_err=0 raw=0x7
2026-04-19 17:56:01.718 ,PASSED,control  NAC:0x8A1 TSDU bch_err=0 raw=0x7
2026-04-19 17:56:01.721 ,PASSED,control  NAC:0x8A1 TSDU bch_err=0 raw=0x7
2026-04-19 17:56:01.723 ,PASSED,control  NAC:0x8A1 TSDU bch_err=0 raw=0x7
2026-04-19 17:56:01.726 ,PASSED,control  NAC:0x8A1 TSDU bch_err=0 raw=0x7
2026-04-19 17:56:01.730 ,CORRECTED,control  NAC:0x8A1 TSDU bch_err=1 raw=0x6
2026-04-19 17:56:01.733 ,PASSED,control  NAC:0x8A1 TSDU bch_err=0 raw=0x7
2026-04-19 17:56:01.735 ,PASSED,control  NAC:0x8A1 TSDU bch_err=0 raw=0x7
2026-04-19 17:56:01.738 ,PASSED,control  NAC:0x8A1 TSDU bch_err=0 raw=0x7
2026-04-19 17:56:01.741 ,PASSED,control  NAC:0x8A1 TSDU bch_err=0 raw=0x7
2026-04-19 17:56:01.744 ,PASSED,control  NAC:0x8A1 TSDU bch_err=0 raw=0x7
2026-04-19 17:56:01.746 ,PASSED,control  NAC:0x8A1 TSDU bch_err=0 raw=0x7
2026-04-19 17:56:01.749 ,PASSED,control  NAC:0x8A1 TSDU bch_err=0 raw=0x7
2026-04-19 17:56:01.751 ,PASSED,control  NAC:0x8A1 TSDU bch_err=0 raw=0x7
2026-04-19 17:56:01.754 ,PASSED,control  NAC:0x8A1 TSDU bch_err=0 raw=0x7
2026-04-19 17:56:01.756 ,PASSED,control  NAC:0x8A1 TSDU bch_err=0 raw=0x7
2026-04-19 17:56:01.759 ,PASSED,control  NAC:0x8A1 TSDU bch_err=0 raw=0x7
2026-04-19 17:56:01.762 ,PASSED,control  NAC:0x8A1 TSDU bch_err=0 raw=0x7
2026-04-19 17:56:01.764 ,PASSED,control  NAC:0x8A1 TSDU bch_err=0 raw=0x7
2026-04-19 17:56:01.767 ,PASSED,control  NAC:0x8A1 TSDU bch_err=0 raw=0x7
2026-04-19 17:56:01.769 ,PASSED,control  NAC:0x8A1 TSDU bch_err=0 raw=0x7
2026-04-19 17:56:01.772 ,PASSED,control  NAC:0x8A1 TSDU bch_err=0 raw=0x7
2026-04-19 17:56:01.775 ,PASSED,control  NAC:0x8A1 TSDU bch_err=0 raw=0x7
2026-04-19 17:56:01.777 ,PASSED,control  NAC:0x8A1 TSDU bch_err=0 raw=0x7
2026-04-19 17:56:01.780 ,PASSED,control  NAC:0x8A1 TSDU bch_err=0 raw=0x7
2026-04-19 17:56:01.782 ,PASSED,control  NAC:0x8A1 TSDU bch_err=0 raw=0x7
2026-04-19 17:56:01.785 ,PASSED,control  NAC:0x8A1 TSDU bch_err=0 raw=0x7
2026-04-19 17:56:01.788 ,PASSED,control  NAC:0x8A1 TSDU bch_err=0 raw=0x7
2026-04-19 17:56:01.791 ,PASSED,control  NAC:0x8A1 TSDU bch_err=0 raw=0x7
2026-04-19 17:56:01.793 ,PASSED,control  NAC:0x8A1 TSDU bch_err=0 raw=0x7
2026-04-19 17:56:01.796 ,PASSED,control  NAC:0x8A1 TSDU bch_err=0 raw=0x7
2026-04-19 17:56:01.798 ,PASSED,control  NAC:0x8A1 TSDU bch_err=0 raw=0x7
2026-04-19 17:56:01.801 ,PASSED,control  NAC:0x8A1 TSDU bch_err=0 raw=0x7
2026-04-19 17:56:01.803 ,PASSED,control  NAC:0x8A1 TSDU bch_err=0 raw=0x7
2026-04-19 17:56:01.806 ,PASSED,control  NAC:0x8A1 TSDU bch_err=0 raw=0x7
2026-04-19 17:56:04.234 ,PASSED,traffic  NAC:0x8A1 LDU1 bch_err=0 raw=?
2026-04-19 17:56:04.237 ,PASSED,traffic  NAC:0x8A1 LDU2 bch_err=0 raw=0xA
2026-04-19 17:56:04.237 ,PASSED,traffic  NAC:0x8A1 LDU2 bch_err=0 raw=?
2026-04-19 17:56:04.240 ,PASSED,traffic  NAC:0x8A1 LDU1 bch_err=0 raw=0x5
2026-04-19 17:56:04.240 ,PASSED,traffic  NAC:0x8A1 LDU1 bch_err=0 raw=?
2026-04-19 17:56:04.242 ,PASSED,traffic  NAC:0x8A1 LDU2 bch_err=0 raw=0xA
2026-04-19 17:56:04.243 ,PASSED,traffic  NAC:0x8A1 LDU2 bch_err=0 raw=?
2026-04-19 17:56:04.245 ,PASSED,traffic  NAC:0x8A1 LDU1 bch_err=0 raw=0x5
2026-04-19 17:56:04.245 ,PASSED,traffic  NAC:0x8A1 LDU1 bch_err=0 raw=?
2026-04-19 17:56:04.248 ,PASSED,traffic  NAC:0x8A1 LDU2 bch_err=0 raw=0xA
2026-04-19 17:56:04.248 ,PASSED,traffic  NAC:0x8A1 LDU2 bch_err=0 raw=?
2026-04-19 17:56:04.250 ,PASSED,traffic  NAC:0x8A1 LDU1 bch_err=0 raw=0x5
2026-04-19 17:56:04.251 ,PASSED,traffic  NAC:0x8A1 LDU1 bch_err=0 raw=?
2026-04-19 17:56:04.253 ,PASSED,traffic  NAC:0x8A1 LDU2 bch_err=0 raw=0xA
2026-04-19 17:56:04.253 ,PASSED,traffic  NAC:0x8A1 LDU2 bch_err=0 raw=?
2026-04-19 17:56:04.256 ,PASSED,traffic  NAC:0x8A1 LDU1 bch_err=0 raw=0x5
2026-04-19 17:56:04.256 ,PASSED,traffic  NAC:0x8A1 LDU1 bch_err=0 raw=?
2026-04-19 17:56:04.258 ,PASSED,traffic  NAC:0x8A1 LDU2 bch_err=0 raw=0xA
2026-04-19 17:56:04.259 ,PASSED,traffic  NAC:0x8A1 LDU2 bch_err=0 raw=?
2026-04-19 17:56:04.261 ,PASSED,traffic  NAC:0x8A1 LDU1 bch_err=0 raw=0x5
2026-04-19 17:56:04.261 ,PASSED,traffic  NAC:0x8A1 LDU1 bch_err=0 raw=?
2026-04-19 17:56:04.265 ,CORRECTED,traffic  NAC:0x8A1 LDU2 bch_err=2 raw=0xA
2026-04-19 17:56:04.266 ,PASSED,traffic  NAC:0x8A1 LDU2 bch_err=0 raw=?
2026-04-19 17:56:04.270 ,CORRECTED,traffic  NAC:0x8A1 LDU1 bch_err=4 raw=0x5
2026-04-19 17:56:04.270 ,PASSED,traffic  NAC:0x8A1 LDU1 bch_err=0 raw=?
2026-04-19 17:56:04.275 ,CORRECTED,traffic  NAC:0x8A1 LDU1 bch_err=4 raw=0x5
2026-04-19 17:56:04.275 ,PASSED,traffic  NAC:0x8A1 LDU1 bch_err=0 raw=?
2026-04-19 17:56:04.278 ,PASSED,traffic  NAC:0x8A1 LDU2 bch_err=0 raw=0xA
2026-04-19 17:56:04.278 ,PASSED,traffic  NAC:0x8A1 LDU2 bch_err=0 raw=?
2026-04-19 17:56:04.282 ,CORRECTED,traffic  NAC:0x8A1 LDU1 bch_err=3 raw=0x7
2026-04-19 17:56:04.283 ,PASSED,traffic  NAC:0x8A1 LDU1 bch_err=0 raw=?
2026-04-19 17:56:05.106 ,PASSED,control  NAC:0x8A1 TSDU bch_err=0 raw=0x7
2026-04-19 17:56:05.109 ,PASSED,control  NAC:0x8A1 TSDU bch_err=0 raw=0x7
2026-04-19 17:56:05.111 ,PASSED,control  NAC:0x8A1 TSDU bch_err=0 raw=0x7
2026-04-19 17:56:05.114 ,PASSED,control  NAC:0x8A1 TSDU bch_err=0 raw=0x7
2026-04-19 17:56:05.117 ,PASSED,control  NAC:0x8A1 TSDU bch_err=0 raw=0x7
2026-04-19 17:56:05.120 ,PASSED,control  NAC:0x8A1 TSDU bch_err=0 raw=0x7
2026-04-19 17:56:05.122 ,PASSED,control  NAC:0x8A1 TSDU bch_err=0 raw=0x7
2026-04-19 17:56:05.125 ,PASSED,control  NAC:0x8A1 TSDU bch_err=0 raw=0x7
2026-04-19 17:56:05.127 ,PASSED,control  NAC:0x8A1 TSDU bch_err=0 raw=0x7
2026-04-19 17:56:05.130 ,PASSED,control  NAC:0x8A1 TSDU bch_err=0 raw=0x7
2026-04-19 17:56:05.133 ,PASSED,control  NAC:0x8A1 TSDU bch_err=0 raw=0x7
2026-04-19 17:56:05.135 ,PASSED,control  NAC:0x8A1 TSDU bch_err=0 raw=0x7
2026-04-19 17:56:05.138 ,PASSED,control  NAC:0x8A1 TSDU bch_err=0 raw=0x7
2026-04-19 17:56:05.141 ,PASSED,control  NAC:0x8A1 TSDU bch_err=0 raw=0x7
2026-04-19 17:56:05.145 ,CORRECTED,control  NAC:0x8A1 TSDU bch_err=1 raw=0x6
2026-04-19 17:56:05.148 ,PASSED,control  NAC:0x8A1 TSDU bch_err=0 raw=0x7
2026-04-19 17:56:05.150 ,PASSED,control  NAC:0x8A1 TSDU bch_err=0 raw=0x7
2026-04-19 17:56:05.153 ,PASSED,control  NAC:0x8A1 TSDU bch_err=0 raw=0x7
2026-04-19 17:56:05.156 ,PASSED,control  NAC:0x8A1 TSDU bch_err=0 raw=0x7
2026-04-19 17:56:05.158 ,PASSED,control  NAC:0x8A1 TSDU bch_err=0 raw=0x7
2026-04-19 17:56:05.161 ,PASSED,control  NAC:0x8A1 TSDU bch_err=0 raw=0x7
2026-04-19 17:56:05.164 ,PASSED,control  NAC:0x8A1 TSDU bch_err=0 raw=0x7
2026-04-19 17:56:05.166 ,PASSED,control  NAC:0x8A1 TSDU bch_err=0 raw=0x7
2026-04-19 17:56:05.169 ,PASSED,control  NAC:0x8A1 TSDU bch_err=0 raw=0x7
2026-04-19 17:56:05.172 ,PASSED,control  NAC:0x8A1 TSDU bch_err=0 raw=0x7
2026-04-19 17:56:05.174 ,PASSED,control  NAC:0x8A1 TSDU bch_err=0 raw=0x7
2026-04-19 17:56:05.178 ,CORRECTED,control  NAC:0x8A1 TSDU bch_err=1 raw=0x6
2026-04-19 17:56:05.181 ,PASSED,control  NAC:0x8A1 TSDU bch_err=0 raw=0x7
2026-04-19 17:56:05.185 ,CORRECTED,control  NAC:0x8A1 TSDU bch_err=4 raw=0x7
2026-04-19 17:56:05.188 ,PASSED,control  NAC:0x8A1 TSDU bch_err=0 raw=0x7
2026-04-19 17:56:05.191 ,PASSED,control  NAC:0x8A1 TSDU bch_err=0 raw=0x7
2026-04-19 17:56:05.193 ,PASSED,control  NAC:0x8A1 TSDU bch_err=0 raw=0x7
2026-04-19 17:56:05.196 ,PASSED,control  NAC:0x8A1 TSDU bch_err=0 raw=0x7
2026-04-19 17:56:05.198 ,PASSED,control  NAC:0x8A1 TSDU bch_err=0 raw=0x7
2026-04-19 17:56:05.201 ,PASSED,control  NAC:0x8A1 TSDU bch_err=0 raw=0x7
2026-04-19 17:56:05.203 ,PASSED,control  NAC:0x8A1 TSDU bch_err=0 raw=0x7
2026-04-19 17:56:05.206 ,PASSED,control  NAC:0x8A1 TSDU bch_err=0 raw=0x7
2026-04-19 17:56:05.208 ,PASSED,control  NAC:0x8A1 TSDU bch_err=0 raw=0x7
2026-04-19 17:56:05.213 ,CORRECTED,control  NAC:0x8A1 TSDU bch_err=4 raw=0x7
2026-04-19 17:56:05.215 ,PASSED,control  NAC:0x8A1 TSDU bch_err=0 raw=0x7
2026-04-19 17:56:05.218 ,PASSED,control  NAC:0x8A1 TSDU bch_err=0 raw=0x7
2026-04-19 17:56:05.221 ,PASSED,control  NAC:0x8A1 TSDU bch_err=0 raw=0x7
2026-04-19 17:56:05.223 ,PASSED,control  NAC:0x8A1 TSDU bch_err=0 raw=0x7
2026-04-19 17:56:05.226 ,PASSED,control  NAC:0x8A1 TSDU bch_err=0 raw=0x7
2026-04-19 17:56:07.650 ,PASSED,traffic  NAC:0x8A1 LDU2 bch_err=0 raw=0xA
2026-04-19 17:56:07.650 ,PASSED,traffic  NAC:0x8A1 LDU2 bch_err=0 raw=?
2026-04-19 17:56:07.653 ,PASSED,traffic  NAC:0x8A1 LDU1 bch_err=0 raw=0x5
2026-04-19 17:56:07.653 ,PASSED,traffic  NAC:0x8A1 LDU1 bch_err=0 raw=?
2026-04-19 17:56:07.656 ,PASSED,traffic  NAC:0x8A1 LDU2 bch_err=0 raw=0xA
2026-04-19 17:56:07.656 ,PASSED,traffic  NAC:0x8A1 LDU2 bch_err=0 raw=?
2026-04-19 17:56:07.658 ,PASSED,traffic  NAC:0x8A1 LDU1 bch_err=0 raw=0x5
2026-04-19 17:56:07.658 ,PASSED,traffic  NAC:0x8A1 LDU1 bch_err=0 raw=?
2026-04-19 17:56:07.661 ,PASSED,traffic  NAC:0x8A1 LDU2 bch_err=0 raw=0xA
2026-04-19 17:56:07.661 ,PASSED,traffic  NAC:0x8A1 LDU2 bch_err=0 raw=?
2026-04-19 17:56:07.663 ,PASSED,traffic  NAC:0x8A1 LDU1 bch_err=0 raw=0x5
2026-04-19 17:56:07.664 ,PASSED,traffic  NAC:0x8A1 LDU1 bch_err=0 raw=?
2026-04-19 17:56:07.666 ,PASSED,traffic  NAC:0x8A1 LDU2 bch_err=0 raw=0xA
2026-04-19 17:56:07.667 ,PASSED,traffic  NAC:0x8A1 LDU2 bch_err=0 raw=?
2026-04-19 17:56:07.669 ,PASSED,traffic  NAC:0x8A1 LDU1 bch_err=0 raw=0x5
2026-04-19 17:56:07.669 ,PASSED,traffic  NAC:0x8A1 LDU1 bch_err=0 raw=?
2026-04-19 17:56:07.672 ,PASSED,traffic  NAC:0x8A1 LDU2 bch_err=0 raw=0xA
2026-04-19 17:56:07.672 ,PASSED,traffic  NAC:0x8A1 LDU2 bch_err=0 raw=?
2026-04-19 17:56:07.674 ,PASSED,traffic  NAC:0x8A1 LDU1 bch_err=0 raw=0x5
2026-04-19 17:56:07.674 ,PASSED,traffic  NAC:0x8A1 LDU1 bch_err=0 raw=?
2026-04-19 17:56:07.677 ,PASSED,traffic  NAC:0x8A1 LDU2 bch_err=0 raw=0xA
2026-04-19 17:56:07.677 ,PASSED,traffic  NAC:0x8A1 LDU2 bch_err=0 raw=?
2026-04-19 17:56:07.679 ,PASSED,traffic  NAC:0x8A1 LDU1 bch_err=0 raw=0x5
2026-04-19 17:56:07.680 ,PASSED,traffic  NAC:0x8A1 LDU1 bch_err=0 raw=?
2026-04-19 17:56:07.684 ,CORRECTED,traffic  NAC:0x8A1 LDU2 bch_err=1 raw=0xA
2026-04-19 17:56:07.684 ,PASSED,traffic  NAC:0x8A1 LDU2 bch_err=0 raw=?
2026-04-19 17:56:07.687 ,PASSED,traffic  NAC:0x8A1 LDU1 bch_err=0 raw=0x5
2026-04-19 17:56:07.687 ,PASSED,traffic  NAC:0x8A1 LDU1 bch_err=0 raw=?
2026-04-19 17:56:07.689 ,PASSED,traffic  NAC:0x8A1 LDU2 bch_err=0 raw=0xA
2026-04-19 17:56:07.690 ,PASSED,traffic  NAC:0x8A1 LDU2 bch_err=0 raw=?
2026-04-19 17:56:07.692 ,PASSED,traffic  NAC:0x8A1 LDU1 bch_err=0 raw=0x5
2026-04-19 17:56:07.692 ,PASSED,traffic  NAC:0x8A1 LDU1 bch_err=0 raw=?
2026-04-19 17:56:07.695 ,PASSED,traffic  NAC:0x8A1 TDU_LC bch_err=0 raw=0xF
2026-04-19 17:56:07.695 ,PASSED,traffic  NAC:0x8A1 TDU_LC bch_err=0 raw=?
2026-04-19 17:56:07.697 ,PASSED,traffic  NAC:0x8A1 TDU_LC bch_err=0 raw=0xF
2026-04-19 17:56:07.697 ,PASSED,traffic  NAC:0x8A1 TDU_LC bch_err=0 raw=?
2026-04-19 17:56:07.700 ,PASSED,traffic  NAC:0x8A1 TDU_LC bch_err=0 raw=0xF
2026-04-19 17:56:07.700 ,PASSED,traffic  NAC:0x8A1 TDU_LC bch_err=0 raw=?
2026-04-19 17:56:07.702 ,PASSED,traffic  NAC:0x8A1 TDU_LC bch_err=0 raw=0xF
2026-04-19 17:56:07.702 ,PASSED,traffic  NAC:0x8A1 TDU_LC bch_err=0 raw=?
2026-04-19 17:56:07.705 ,PASSED,traffic  NAC:0x8A1 TDU_LC bch_err=0 raw=0xF
2026-04-19 17:56:07.705 ,PASSED,traffic  NAC:0x8A1 TDU_LC bch_err=0 raw=?
2026-04-19 17:56:07.707 ,PASSED,traffic  NAC:0x8A1 TDU_LC bch_err=0 raw=0xF
2026-04-19 17:56:07.707 ,PASSED,traffic  NAC:0x8A1 TDU_LC bch_err=0 raw=?
2026-04-19 17:56:08.516 ,PASSED,control  NAC:0x8A1 TSDU bch_err=0 raw=0x7
2026-04-19 17:56:08.520 ,CORRECTED,control  NAC:0x8A1 TSDU bch_err=2 raw=0x7
2026-04-19 17:56:08.523 ,PASSED,control  NAC:0x8A1 TSDU bch_err=0 raw=0x7
2026-04-19 17:56:08.527 ,CORRECTED,control  NAC:0x8A1 TSDU bch_err=3 raw=0x6
2026-04-19 17:56:08.530 ,PASSED,control  NAC:0x8A1 TSDU bch_err=0 raw=0x7
2026-04-19 17:56:08.532 ,PASSED,control  NAC:0x8A1 TSDU bch_err=0 raw=0x7
2026-04-19 17:56:08.537 ,CORRECTED,control  NAC:0x8A1 TSDU bch_err=2 raw=0x7
2026-04-19 17:56:08.541 ,CORRECTED,control  NAC:0x8A1 TSDU bch_err=2 raw=0x6
2026-04-19 17:56:08.546 ,CORRECTED,control  NAC:0x8A1 TSDU bch_err=2 raw=0x7
2026-04-19 17:56:08.548 ,PASSED,control  NAC:0x8A1 TSDU bch_err=0 raw=0x7
2026-04-19 17:56:08.551 ,PASSED,control  NAC:0x8A1 TSDU bch_err=0 raw=0x7
2026-04-19 17:56:08.554 ,PASSED,control  NAC:0x8A1 TSDU bch_err=0 raw=0x7
2026-04-19 17:56:08.556 ,PASSED,control  NAC:0x8A1 TSDU bch_err=0 raw=0x7
2026-04-19 17:56:08.559 ,PASSED,control  NAC:0x8A1 TSDU bch_err=0 raw=0x7
2026-04-19 17:56:08.561 ,PASSED,control  NAC:0x8A1 TSDU bch_err=0 raw=0x7
2026-04-19 17:56:08.565 ,PASSED,control  NAC:0x8A1 TSDU bch_err=0 raw=0x7
2026-04-19 17:56:08.570 ,CORRECTED,control  NAC:0x8A1 TSDU bch_err=7 raw=0x2
2026-04-19 17:56:08.577 ,PASSED,control  NAC:0x8A1 TSDU bch_err=0 raw=0x7
2026-04-19 17:56:08.580 ,PASSED,control  NAC:0x8A1 TSDU bch_err=0 raw=0x7
2026-04-19 17:56:08.584 ,CORRECTED,control  NAC:0x8A1 TSDU bch_err=2 raw=0x6
2026-04-19 17:56:08.587 ,PASSED,control  NAC:0x8A1 TSDU bch_err=0 raw=0x7
2026-04-19 17:56:08.592 ,CORRECTED,control  NAC:0x8A1 TSDU bch_err=1 raw=0x7
2026-04-19 17:56:08.597 ,CORRECTED,control  NAC:0x8A1 TSDU bch_err=1 raw=0x6
2026-04-19 17:56:08.601 ,CORRECTED,control  NAC:0x8A1 TSDU bch_err=5 raw=0x2
2026-04-19 17:56:08.604 ,PASSED,control  NAC:0x8A1 TSDU bch_err=0 raw=0x7
2026-04-19 17:56:08.606 ,PASSED,control  NAC:0x8A1 TSDU bch_err=0 raw=0x7
2026-04-19 17:56:08.609 ,PASSED,control  NAC:0x8A1 TSDU bch_err=0 raw=0x7
2026-04-19 17:56:08.615 ,PASSED,control  NAC:0x8A1 TSDU bch_err=0 raw=0x7
2026-04-19 17:56:08.618 ,PASSED,control  NAC:0x8A1 TSDU bch_err=0 raw=0x7
2026-04-19 17:56:08.621 ,PASSED,control  NAC:0x8A1 TSDU bch_err=0 raw=0x7
2026-04-19 17:56:08.623 ,PASSED,control  NAC:0x8A1 TSDU bch_err=0 raw=0x7
2026-04-19 17:56:08.626 ,PASSED,control  NAC:0x8A1 TSDU bch_err=0 raw=0x7
2026-04-19 17:56:08.628 ,PASSED,control  NAC:0x8A1 TSDU bch_err=0 raw=0x7
2026-04-19 17:56:08.631 ,PASSED,control  NAC:0x8A1 TSDU bch_err=0 raw=0x7
2026-04-19 17:56:08.634 ,PASSED,control  NAC:0x8A1 TSDU bch_err=0 raw=0x7
2026-04-19 17:56:08.636 ,PASSED,control  NAC:0x8A1 TSDU bch_err=0 raw=0x7
2026-04-19 17:56:08.639 ,PASSED,control  NAC:0x8A1 TSDU bch_err=0 raw=0x7
2026-04-19 17:56:08.641 ,PASSED,control  NAC:0x8A1 TSDU bch_err=0 raw=0x7
2026-04-19 17:56:08.646 ,CORRECTED,control  NAC:0x8A1 TSDU bch_err=6 raw=0x7
2026-04-19 17:56:08.648 ,PASSED,control  NAC:0x8A1 TSDU bch_err=0 raw=0x7
2026-04-19 17:56:08.651 ,PASSED,control  NAC:0x8A1 TSDU bch_err=0 raw=0x7
2026-04-19 17:56:08.654 ,PASSED,control  NAC:0x8A1 TSDU bch_err=0 raw=0x7
2026-04-19 17:56:11.063 ,PASSED,traffic  NAC:0x8A1 TDU_LC bch_err=0 raw=0xF
2026-04-19 17:56:11.063 ,PASSED,traffic  NAC:0x8A1 TDU_LC bch_err=0 raw=?
2026-04-19 17:56:11.066 ,PASSED,traffic  NAC:0x8A1 TDU_LC bch_err=0 raw=0xF
2026-04-19 17:56:11.066 ,PASSED,traffic  NAC:0x8A1 TDU_LC bch_err=0 raw=?
2026-04-19 17:56:11.068 ,PASSED,traffic  NAC:0x8A1 TDU_LC bch_err=0 raw=0xF
2026-04-19 17:56:11.068 ,PASSED,traffic  NAC:0x8A1 TDU_LC bch_err=0 raw=?
2026-04-19 17:56:11.071 ,PASSED,traffic  NAC:0x8A1 TDU_LC bch_err=0 raw=0xF
2026-04-19 17:56:11.071 ,PASSED,traffic  NAC:0x8A1 TDU_LC bch_err=0 raw=?
2026-04-19 17:56:11.073 ,PASSED,traffic  NAC:0x8A1 TDU_LC bch_err=0 raw=0xF
2026-04-19 17:56:11.073 ,PASSED,traffic  NAC:0x8A1 TDU_LC bch_err=0 raw=?
2026-04-19 17:56:11.076 ,PASSED,traffic  NAC:0x8A1 TDU_LC bch_err=0 raw=0xF
2026-04-19 17:56:11.076 ,PASSED,traffic  NAC:0x8A1 TDU_LC bch_err=0 raw=?
2026-04-19 17:56:11.078 ,PASSED,traffic  NAC:0x8A1 TDU_LC bch_err=0 raw=0xF
2026-04-19 17:56:11.078 ,PASSED,traffic  NAC:0x8A1 TDU_LC bch_err=0 raw=?
2026-04-19 17:56:11.081 ,PASSED,traffic  NAC:0x8A1 TDU_LC bch_err=0 raw=0xF
2026-04-19 17:56:11.081 ,PASSED,traffic  NAC:0x8A1 TDU_LC bch_err=0 raw=?
2026-04-19 17:56:11.085 ,CORRECTED,traffic  NAC:0x8A1 TDU_LC bch_err=1 raw=0xF
2026-04-19 17:56:11.085 ,PASSED,traffic  NAC:0x8A1 TDU_LC bch_err=0 raw=?
2026-04-19 17:56:11.088 ,PASSED,traffic  NAC:0x8A1 TDU_LC bch_err=0 raw=0xF
2026-04-19 17:56:11.088 ,PASSED,traffic  NAC:0x8A1 TDU_LC bch_err=0 raw=?
2026-04-19 17:56:11.090 ,PASSED,traffic  NAC:0x8A1 TDU_LC bch_err=0 raw=0xF
2026-04-19 17:56:11.090 ,PASSED,traffic  NAC:0x8A1 TDU_LC bch_err=0 raw=?
2026-04-19 17:56:11.094 ,CORRECTED,traffic  NAC:0x8A1 TDU_LC bch_err=1 raw=0xF
2026-04-19 17:56:11.095 ,PASSED,traffic  NAC:0x8A1 TDU_LC bch_err=0 raw=?
2026-04-19 17:56:11.099 ,CORRECTED,traffic  NAC:0x8A1 TDU_LC bch_err=1 raw=0xF
2026-04-19 17:56:11.099 ,PASSED,traffic  NAC:0x8A1 TDU_LC bch_err=0 raw=?
2026-04-19 17:56:11.101 ,PASSED,traffic  NAC:0x8A1 TDU_LC bch_err=0 raw=0xF
2026-04-19 17:56:11.102 ,PASSED,traffic  NAC:0x8A1 TDU_LC bch_err=0 raw=?
2026-04-19 17:56:11.104 ,PASSED,traffic  NAC:0x8A1 TDU_LC bch_err=0 raw=0xF
2026-04-19 17:56:11.104 ,PASSED,traffic  NAC:0x8A1 TDU_LC bch_err=0 raw=?
2026-04-19 17:56:11.108 ,CORRECTED,traffic  NAC:0x8A1 TDU_LC bch_err=1 raw=0xF
2026-04-19 17:56:11.108 ,PASSED,traffic  NAC:0x8A1 TDU_LC bch_err=0 raw=?
2026-04-19 17:56:11.111 ,PASSED,traffic  NAC:0x8A1 TDU_LC bch_err=0 raw=0xF
2026-04-19 17:56:11.111 ,PASSED,traffic  NAC:0x8A1 TDU_LC bch_err=0 raw=?
2026-04-19 17:56:11.115 ,CORRECTED,traffic  NAC:0x8A1 TDU_LC bch_err=1 raw=0xF
2026-04-19 17:56:11.115 ,PASSED,traffic  NAC:0x8A1 TDU_LC bch_err=0 raw=?
2026-04-19 17:56:11.119 ,CORRECTED,traffic  NAC:0x8A1 TDU_LC bch_err=1 raw=0xF
2026-04-19 17:56:11.120 ,PASSED,traffic  NAC:0x8A1 TDU_LC bch_err=0 raw=?
2026-04-19 17:56:11.122 ,PASSED,traffic  NAC:0x8A1 TDU_LC bch_err=0 raw=0xF
2026-04-19 17:56:11.122 ,PASSED,traffic  NAC:0x8A1 TDU_LC bch_err=0 raw=?
2026-04-19 17:56:11.125 ,PASSED,traffic  NAC:0x8A1 TDU_LC bch_err=0 raw=0xF
2026-04-19 17:56:11.125 ,PASSED,traffic  NAC:0x8A1 TDU_LC bch_err=0 raw=?
2026-04-19 17:56:11.127 ,PASSED,traffic  NAC:0x8A1 TDU_LC bch_err=0 raw=0xF
2026-04-19 17:56:11.127 ,PASSED,traffic  NAC:0x8A1 TDU_LC bch_err=0 raw=?
2026-04-19 17:56:11.130 ,PASSED,traffic  NAC:0x8A1 TDU_LC bch_err=0 raw=0xF
2026-04-19 17:56:11.130 ,PASSED,traffic  NAC:0x8A1 TDU_LC bch_err=0 raw=?
2026-04-19 17:56:11.134 ,CORRECTED,traffic  NAC:0x8A1 TDU_LC bch_err=1 raw=0xF
2026-04-19 17:56:11.134 ,PASSED,traffic  NAC:0x8A1 TDU_LC bch_err=0 raw=?
2026-04-19 17:56:11.137 ,PASSED,traffic  NAC:0x8A1 TDU_LC bch_err=0 raw=0xF
2026-04-19 17:56:11.137 ,PASSED,traffic  NAC:0x8A1 TDU_LC bch_err=0 raw=?
2026-04-19 17:56:11.139 ,PASSED,traffic  NAC:0x8A1 TDU_LC bch_err=0 raw=0xF
2026-04-19 17:56:11.139 ,PASSED,traffic  NAC:0x8A1 TDU_LC bch_err=0 raw=?
2026-04-19 17:56:11.142 ,PASSED,traffic  NAC:0x8A1 TDU_LC bch_err=0 raw=0xF
2026-04-19 17:56:11.142 ,PASSED,traffic  NAC:0x8A1 TDU_LC bch_err=0 raw=?
2026-04-19 17:56:11.146 ,CORRECTED,traffic  NAC:0x8A1 TDU_LC bch_err=1 raw=0xF
2026-04-19 17:56:11.146 ,PASSED,traffic  NAC:0x8A1 TDU_LC bch_err=0 raw=?
2026-04-19 17:56:11.149 ,PASSED,traffic  NAC:0x8A1 TDU_LC bch_err=0 raw=0xF
2026-04-19 17:56:11.149 ,PASSED,traffic  NAC:0x8A1 TDU_LC bch_err=0 raw=?
2026-04-19 17:56:11.153 ,CORRECTED,traffic  NAC:0x8A1 TDU_LC bch_err=1 raw=0xF
2026-04-19 17:56:11.153 ,PASSED,traffic  NAC:0x8A1 TDU_LC bch_err=0 raw=?
2026-04-19 17:56:11.155 ,PASSED,traffic  NAC:0x8A1 TDU_LC bch_err=0 raw=0xF
2026-04-19 17:56:11.156 ,PASSED,traffic  NAC:0x8A1 TDU_LC bch_err=0 raw=?
2026-04-19 17:56:11.160 ,CORRECTED,traffic  NAC:0x8A1 TDU_LC bch_err=1 raw=0xF
2026-04-19 17:56:11.160 ,PASSED,traffic  NAC:0x8A1 TDU_LC bch_err=0 raw=?
2026-04-19 17:56:11.164 ,CORRECTED,traffic  NAC:0x8A1 TDU_LC bch_err=4 raw=0xF
2026-04-19 17:56:11.164 ,PASSED,traffic  NAC:0x8A1 TDU_LC bch_err=0 raw=?
2026-04-19 17:56:11.167 ,PASSED,traffic  NAC:0x8A1 TDU_LC bch_err=0 raw=0xF
2026-04-19 17:56:11.167 ,PASSED,traffic  NAC:0x8A1 TDU_LC bch_err=0 raw=?
2026-04-19 17:56:11.169 ,PASSED,traffic  NAC:0x8A1 TDU_LC bch_err=0 raw=0xF
2026-04-19 17:56:11.170 ,PASSED,traffic  NAC:0x8A1 TDU_LC bch_err=0 raw=?
2026-04-19 17:56:11.172 ,PASSED,traffic  NAC:0x8A1 TDU_LC bch_err=0 raw=0xF
2026-04-19 17:56:11.172 ,PASSED,traffic  NAC:0x8A1 TDU_LC bch_err=0 raw=?
2026-04-19 17:56:11.175 ,PASSED,traffic  NAC:0x8A1 TDU_LC bch_err=0 raw=0xF
2026-04-19 17:56:11.175 ,PASSED,traffic  NAC:0x8A1 TDU_LC bch_err=0 raw=?
2026-04-19 17:56:11.177 ,PASSED,traffic  NAC:0x8A1 TDU_LC bch_err=0 raw=0xF
2026-04-19 17:56:11.177 ,PASSED,traffic  NAC:0x8A1 TDU_LC bch_err=0 raw=?
2026-04-19 17:56:11.180 ,PASSED,traffic  NAC:0x8A1 TDU_LC bch_err=0 raw=0xF
2026-04-19 17:56:11.180 ,PASSED,traffic  NAC:0x8A1 TDU_LC bch_err=0 raw=?
2026-04-19 17:56:11.182 ,PASSED,traffic  NAC:0x8A1 TDU_LC bch_err=0 raw=0xF
2026-04-19 17:56:11.182 ,PASSED,traffic  NAC:0x8A1 TDU_LC bch_err=0 raw=?
2026-04-19 17:56:11.185 ,PASSED,traffic  NAC:0x8A1 TDU_LC bch_err=0 raw=0xF
2026-04-19 17:56:11.185 ,PASSED,traffic  NAC:0x8A1 TDU_LC bch_err=0 raw=?
2026-04-19 17:56:11.189 ,CORRECTED,traffic  NAC:0x8A1 TDU_LC bch_err=1 raw=0xF
2026-04-19 17:56:11.189 ,PASSED,traffic  NAC:0x8A1 TDU_LC bch_err=0 raw=?
2026-04-19 17:56:11.192 ,PASSED,traffic  NAC:0x8A1 HDU bch_err=0 raw=0x0
2026-04-19 17:56:11.192 ,PASSED,traffic  NAC:0x8A1 HDU bch_err=0 raw=?
2026-04-19 17:56:11.194 ,PASSED,traffic  NAC:0x8A1 LDU1 bch_err=0 raw=0x5
2026-04-19 17:56:11.195 ,PASSED,traffic  NAC:0x8A1 LDU1 bch_err=0 raw=?
2026-04-19 17:56:11.197 ,PASSED,traffic  NAC:0x8A1 LDU2 bch_err=0 raw=0xA
2026-04-19 17:56:11.197 ,PASSED,traffic  NAC:0x8A1 LDU2 bch_err=0 raw=?
2026-04-19 17:56:11.201 ,CORRECTED,traffic  NAC:0x8A1 LDU1 bch_err=1 raw=0x5
2026-04-19 17:56:11.202 ,PASSED,traffic  NAC:0x8A1 LDU1 bch_err=0 raw=?
2026-04-19 17:56:11.204 ,PASSED,traffic  NAC:0x8A1 LDU2 bch_err=0 raw=0xA
2026-04-19 17:56:11.205 ,PASSED,traffic  NAC:0x8A1 LDU2 bch_err=0 raw=?
2026-04-19 17:56:11.207 ,PASSED,traffic  NAC:0x8A1 LDU1 bch_err=0 raw=0x5
2026-04-19 17:56:11.207 ,PASSED,traffic  NAC:0x8A1 LDU1 bch_err=0 raw=?
2026-04-19 17:56:11.209 ,PASSED,traffic  NAC:0x8A1 LDU2 bch_err=0 raw=0xA
2026-04-19 17:56:11.210 ,PASSED,traffic  NAC:0x8A1 LDU2 bch_err=0 raw=?
2026-04-19 17:56:11.212 ,PASSED,traffic  NAC:0x8A1 LDU1 bch_err=0 raw=0x5
2026-04-19 17:56:11.212 ,PASSED,traffic  NAC:0x8A1 LDU1 bch_err=0 raw=?
2026-04-19 17:56:11.215 ,PASSED,traffic  NAC:0x8A1 LDU2 bch_err=0 raw=0xA
2026-04-19 17:56:11.929 ,PASSED,control  NAC:0x8A1 TSDU bch_err=0 raw=0x7
2026-04-19 17:56:11.932 ,PASSED,control  NAC:0x8A1 TSDU bch_err=0 raw=0x7
2026-04-19 17:56:11.935 ,PASSED,control  NAC:0x8A1 TSDU bch_err=0 raw=0x7
2026-04-19 17:56:11.938 ,PASSED,control  NAC:0x8A1 TSDU bch_err=0 raw=0x7
2026-04-19 17:56:11.951 ,PASSED,control  NAC:0x8A1 TSDU bch_err=0 raw=0x7
2026-04-19 17:56:11.955 ,PASSED,control  NAC:0x8A1 TSDU bch_err=0 raw=0x7
2026-04-19 17:56:11.958 ,PASSED,control  NAC:0x8A1 TSDU bch_err=0 raw=0x7
2026-04-19 17:56:11.971 ,PASSED,control  NAC:0x8A1 TSDU bch_err=0 raw=0x7
2026-04-19 17:56:11.974 ,PASSED,control  NAC:0x8A1 TSDU bch_err=0 raw=0x7
2026-04-19 17:56:11.977 ,PASSED,control  NAC:0x8A1 TSDU bch_err=0 raw=0x7
2026-04-19 17:56:11.980 ,PASSED,control  NAC:0x8A1 TSDU bch_err=0 raw=0x7
2026-04-19 17:56:11.993 ,PASSED,control  NAC:0x8A1 TSDU bch_err=0 raw=0x7
2026-04-19 17:56:11.996 ,PASSED,control  NAC:0x8A1 TSDU bch_err=0 raw=0x7
2026-04-19 17:56:11.998 ,PASSED,control  NAC:0x8A1 TSDU bch_err=0 raw=0x7
2026-04-19 17:56:12.002 ,PASSED,control  NAC:0x8A1 TSDU bch_err=0 raw=0x7
2026-04-19 17:56:12.008 ,CORRECTED,control  NAC:0x8A1 TSDU bch_err=1 raw=0x6
2026-04-19 17:56:12.010 ,PASSED,control  NAC:0x8A1 TSDU bch_err=0 raw=0x7
2026-04-19 17:56:12.023 ,PASSED,control  NAC:0x8A1 TSDU bch_err=0 raw=0x7
2026-04-19 17:56:12.026 ,PASSED,control  NAC:0x8A1 TSDU bch_err=0 raw=0x7
2026-04-19 17:56:12.028 ,PASSED,control  NAC:0x8A1 TSDU bch_err=0 raw=0x7
2026-04-19 17:56:12.032 ,PASSED,control  NAC:0x8A1 TSDU bch_err=0 raw=0x7
2026-04-19 17:56:12.035 ,PASSED,control  NAC:0x8A1 TSDU bch_err=0 raw=0x7
2026-04-19 17:56:12.037 ,PASSED,control  NAC:0x8A1 TSDU bch_err=0 raw=0x7
2026-04-19 17:56:12.046 ,CORRECTED,control  NAC:0x8A1 TSDU bch_err=1 raw=0x7
2026-04-19 17:56:12.049 ,PASSED,control  NAC:0x8A1 TSDU bch_err=0 raw=0x7
2026-04-19 17:56:12.052 ,PASSED,control  NAC:0x8A1 TSDU bch_err=0 raw=0x7
2026-04-19 17:56:12.054 ,PASSED,control  NAC:0x8A1 TSDU bch_err=0 raw=0x7
2026-04-19 17:56:12.057 ,PASSED,control  NAC:0x8A1 TSDU bch_err=0 raw=0x7
2026-04-19 17:56:12.060 ,PASSED,control  NAC:0x8A1 TSDU bch_err=0 raw=0x7
2026-04-19 17:56:12.067 ,PASSED,control  NAC:0x8A1 TSDU bch_err=0 raw=0x7
2026-04-19 17:56:12.071 ,CORRECTED,control  NAC:0x8A1 TSDU bch_err=3 raw=0x7
2026-04-19 17:56:12.074 ,PASSED,control  NAC:0x8A1 TSDU bch_err=0 raw=0x7
2026-04-19 17:56:12.077 ,PASSED,control  NAC:0x8A1 TSDU bch_err=0 raw=0x7
2026-04-19 17:56:12.079 ,PASSED,control  NAC:0x8A1 TSDU bch_err=0 raw=0x7
2026-04-19 17:56:12.083 ,PASSED,control  NAC:0x8A1 TSDU bch_err=0 raw=0x7
2026-04-19 17:56:12.085 ,PASSED,control  NAC:0x8A1 TSDU bch_err=0 raw=0x7
2026-04-19 17:56:12.088 ,PASSED,control  NAC:0x8A1 TSDU bch_err=0 raw=0x7
2026-04-19 17:56:12.101 ,PASSED,control  NAC:0x8A1 TSDU bch_err=0 raw=0x7
2026-04-19 17:56:14.474 ,PASSED,traffic  NAC:0x8A1 LDU2 bch_err=0 raw=?
2026-04-19 17:56:14.477 ,PASSED,traffic  NAC:0x8A1 LDU1 bch_err=0 raw=0x5
2026-04-19 17:56:14.477 ,PASSED,traffic  NAC:0x8A1 LDU1 bch_err=0 raw=?
2026-04-19 17:56:14.479 ,PASSED,traffic  NAC:0x8A1 TDU_LC bch_err=0 raw=0xF
2026-04-19 17:56:14.479 ,PASSED,traffic  NAC:0x8A1 TDU_LC bch_err=0 raw=?
2026-04-19 17:56:14.482 ,PASSED,traffic  NAC:0x8A1 TDU_LC bch_err=0 raw=0xF
2026-04-19 17:56:14.482 ,PASSED,traffic  NAC:0x8A1 TDU_LC bch_err=0 raw=?
2026-04-19 17:56:14.484 ,PASSED,traffic  NAC:0x8A1 TDU_LC bch_err=0 raw=0xF
2026-04-19 17:56:14.485 ,PASSED,traffic  NAC:0x8A1 TDU_LC bch_err=0 raw=?
2026-04-19 17:56:14.489 ,CORRECTED,traffic  NAC:0x8A1 TDU_LC bch_err=2 raw=0xF
2026-04-19 17:56:14.489 ,PASSED,traffic  NAC:0x8A1 TDU_LC bch_err=0 raw=?
2026-04-19 17:56:14.491 ,PASSED,traffic  NAC:0x8A1 TDU_LC bch_err=0 raw=0xF
2026-04-19 17:56:14.492 ,PASSED,traffic  NAC:0x8A1 TDU_LC bch_err=0 raw=?
2026-04-19 17:56:14.496 ,CORRECTED,traffic  NAC:0x8A1 TDU_LC bch_err=2 raw=0xF
2026-04-19 17:56:14.496 ,PASSED,traffic  NAC:0x8A1 TDU_LC bch_err=0 raw=?
2026-04-19 17:56:14.498 ,PASSED,traffic  NAC:0x8A1 TDU_LC bch_err=0 raw=0xF
2026-04-19 17:56:14.499 ,PASSED,traffic  NAC:0x8A1 TDU_LC bch_err=0 raw=?
2026-04-19 17:56:14.505 ,PASSED,traffic  NAC:0x8A1 TDU_LC bch_err=0 raw=0xF
2026-04-19 17:56:14.505 ,PASSED,traffic  NAC:0x8A1 TDU_LC bch_err=0 raw=?
2026-04-19 17:56:14.509 ,CORRECTED,traffic  NAC:0x8A1 TDU_LC bch_err=7 raw=0xF
2026-04-19 17:56:14.510 ,PASSED,traffic  NAC:0x8A1 TDU_LC bch_err=0 raw=?
2026-04-19 17:56:14.516 ,PASSED,traffic  NAC:0x8A1 TDU_LC bch_err=0 raw=0xF
2026-04-19 17:56:14.516 ,PASSED,traffic  NAC:0x8A1 TDU_LC bch_err=0 raw=?
2026-04-19 17:56:14.519 ,PASSED,traffic  NAC:0x8A1 TDU_LC bch_err=0 raw=0xF
2026-04-19 17:56:14.519 ,PASSED,traffic  NAC:0x8A1 TDU_LC bch_err=0 raw=?
2026-04-19 17:56:14.523 ,CORRECTED,traffic  NAC:0x8A1 TDU_LC bch_err=7 raw=0xD
2026-04-19 17:56:14.523 ,PASSED,traffic  NAC:0x8A1 TDU_LC bch_err=0 raw=?
2026-04-19 17:56:14.527 ,CORRECTED,traffic  NAC:0x8A1 TDU_LC bch_err=5 raw=0xF
2026-04-19 17:56:14.527 ,PASSED,traffic  NAC:0x8A1 TDU_LC bch_err=0 raw=?
2026-04-19 17:56:14.530 ,PASSED,traffic  NAC:0x8A1 TDU_LC bch_err=0 raw=0xF
2026-04-19 17:56:14.530 ,PASSED,traffic  NAC:0x8A1 TDU_LC bch_err=0 raw=?
2026-04-19 17:56:14.533 ,PASSED,traffic  NAC:0x8A1 TDU_LC bch_err=0 raw=0xF
2026-04-19 17:56:14.533 ,PASSED,traffic  NAC:0x8A1 TDU_LC bch_err=0 raw=?
2026-04-19 17:56:14.536 ,PASSED,traffic  NAC:0x8A1 TDU_LC bch_err=0 raw=0xF
2026-04-19 17:56:14.536 ,PASSED,traffic  NAC:0x8A1 TDU_LC bch_err=0 raw=?
2026-04-19 17:56:14.538 ,PASSED,traffic  NAC:0x8A1 TDU_LC bch_err=0 raw=0xF
2026-04-19 17:56:14.538 ,PASSED,traffic  NAC:0x8A1 TDU_LC bch_err=0 raw=?
2026-04-19 17:56:14.541 ,PASSED,traffic  NAC:0x8A1 TDU_LC bch_err=0 raw=0xF
2026-04-19 17:56:14.541 ,PASSED,traffic  NAC:0x8A1 TDU_LC bch_err=0 raw=?
2026-04-19 17:56:14.545 ,CORRECTED,traffic  NAC:0x8A1 TDU_LC bch_err=1 raw=0xF
2026-04-19 17:56:14.545 ,PASSED,traffic  NAC:0x8A1 TDU_LC bch_err=0 raw=?
2026-04-19 17:56:14.549 ,CORRECTED,traffic  NAC:0x8A1 TDU_LC bch_err=1 raw=0xF
2026-04-19 17:56:14.549 ,PASSED,traffic  NAC:0x8A1 TDU_LC bch_err=0 raw=?
2026-04-19 17:56:14.554 ,CORRECTED,traffic  NAC:0x8A1 TDU_LC bch_err=1 raw=0xF
2026-04-19 17:56:14.554 ,PASSED,traffic  NAC:0x8A1 TDU_LC bch_err=0 raw=?
2026-04-19 17:56:14.558 ,CORRECTED,traffic  NAC:0x8A1 TDU_LC bch_err=1 raw=0xF
2026-04-19 17:56:14.558 ,PASSED,traffic  NAC:0x8A1 TDU_LC bch_err=0 raw=?
2026-04-19 17:56:14.562 ,CORRECTED,traffic  NAC:0x8A1 TDU_LC bch_err=1 raw=0xF
2026-04-19 17:56:14.563 ,PASSED,traffic  NAC:0x8A1 TDU_LC bch_err=0 raw=?
2026-04-19 17:56:14.567 ,CORRECTED,traffic  NAC:0x8A1 TDU_LC bch_err=6 raw=0xF
2026-04-19 17:56:14.567 ,PASSED,traffic  NAC:0x8A1 TDU_LC bch_err=0 raw=?
2026-04-19 17:56:14.570 ,PASSED,traffic  NAC:0x8A1 TDU_LC bch_err=0 raw=0xF
2026-04-19 17:56:14.570 ,PASSED,traffic  NAC:0x8A1 TDU_LC bch_err=0 raw=?
2026-04-19 17:56:14.574 ,CORRECTED,traffic  NAC:0x8A1 TDU_LC bch_err=1 raw=0xF
2026-04-19 17:56:14.574 ,PASSED,traffic  NAC:0x8A1 TDU_LC bch_err=0 raw=?
2026-04-19 17:56:15.342 ,PASSED,control  NAC:0x8A1 TSDU bch_err=0 raw=0x7
2026-04-19 17:56:15.347 ,PASSED,control  NAC:0x8A1 TSDU bch_err=0 raw=0x7
2026-04-19 17:56:15.351 ,PASSED,control  NAC:0x8A1 TSDU bch_err=0 raw=0x7
2026-04-19 17:56:15.355 ,PASSED,control  NAC:0x8A1 TSDU bch_err=0 raw=0x7
2026-04-19 17:56:15.359 ,PASSED,control  NAC:0x8A1 TSDU bch_err=0 raw=0x7
2026-04-19 17:56:15.364 ,PASSED,control  NAC:0x8A1 TSDU bch_err=0 raw=0x7
2026-04-19 17:56:15.368 ,PASSED,control  NAC:0x8A1 TSDU bch_err=0 raw=0x7
2026-04-19 17:56:15.372 ,PASSED,control  NAC:0x8A1 TSDU bch_err=0 raw=0x7
2026-04-19 17:56:15.376 ,PASSED,control  NAC:0x8A1 TSDU bch_err=0 raw=0x7
2026-04-19 17:56:15.381 ,PASSED,control  NAC:0x8A1 TSDU bch_err=0 raw=0x7
2026-04-19 17:56:15.387 ,CORRECTED,control  NAC:0x8A1 TSDU bch_err=6 raw=0x2
2026-04-19 17:56:15.392 ,CORRECTED,control  NAC:0x8A1 TSDU bch_err=4 raw=0x6
2026-04-19 17:56:15.398 ,CORRECTED,control  NAC:0x8A1 TSDU bch_err=1 raw=0x6
2026-04-19 17:56:15.401 ,PASSED,control  NAC:0x8A1 TSDU bch_err=0 raw=0x7
2026-04-19 17:56:15.406 ,PASSED,control  NAC:0x8A1 TSDU bch_err=0 raw=0x7
2026-04-19 17:56:15.411 ,CORRECTED,control  NAC:0x8A1 TSDU bch_err=1 raw=0x7
2026-04-19 17:56:15.415 ,PASSED,control  NAC:0x8A1 TSDU bch_err=0 raw=0x7
2026-04-19 17:56:15.419 ,PASSED,control  NAC:0x8A1 TSDU bch_err=0 raw=0x7
2026-04-19 17:56:15.423 ,PASSED,control  NAC:0x8A1 TSDU bch_err=0 raw=0x7
2026-04-19 17:56:15.427 ,PASSED,control  NAC:0x8A1 TSDU bch_err=0 raw=0x7
2026-04-19 17:56:15.431 ,PASSED,control  NAC:0x8A1 TSDU bch_err=0 raw=0x7
2026-04-19 17:56:15.435 ,PASSED,control  NAC:0x8A1 TSDU bch_err=0 raw=0x7
2026-04-19 17:56:15.441 ,CORRECTED,control  NAC:0x8A1 TSDU bch_err=1 raw=0x3
2026-04-19 17:56:15.445 ,PASSED,control  NAC:0x8A1 TSDU bch_err=0 raw=0x7
2026-04-19 17:56:15.448 ,PASSED,control  NAC:0x8A1 TSDU bch_err=0 raw=0x7
2026-04-19 17:56:15.452 ,PASSED,control  NAC:0x8A1 TSDU bch_err=0 raw=0x7
2026-04-19 17:56:15.456 ,PASSED,control  NAC:0x8A1 TSDU bch_err=0 raw=0x7
2026-04-19 17:56:15.461 ,PASSED,control  NAC:0x8A1 TSDU bch_err=0 raw=0x7
2026-04-19 17:56:15.465 ,PASSED,control  NAC:0x8A1 TSDU bch_err=0 raw=0x7
2026-04-19 17:56:15.468 ,PASSED,control  NAC:0x8A1 TSDU bch_err=0 raw=0x7
2026-04-19 17:56:15.472 ,PASSED,control  NAC:0x8A1 TSDU bch_err=0 raw=0x7
2026-04-19 17:56:15.476 ,PASSED,control  NAC:0x8A1 TSDU bch_err=0 raw=0x7
2026-04-19 17:56:15.480 ,PASSED,control  NAC:0x8A1 TSDU bch_err=0 raw=0x7
2026-04-19 17:56:15.484 ,PASSED,control  NAC:0x8A1 TSDU bch_err=0 raw=0x7
2026-04-19 17:56:15.488 ,PASSED,control  NAC:0x8A1 TSDU bch_err=0 raw=0x7
2026-04-19 17:56:15.492 ,PASSED,control  NAC:0x8A1 TSDU bch_err=0 raw=0x7
2026-04-19 17:56:15.495 ,PASSED,control  NAC:0x8A1 TSDU bch_err=0 raw=0x7
2026-04-19 17:56:15.499 ,PASSED,control  NAC:0x8A1 TSDU bch_err=0 raw=0x7
2026-04-19 17:56:15.503 ,PASSED,control  NAC:0x8A1 TSDU bch_err=0 raw=0x7
2026-04-19 17:56:15.508 ,CORRECTED,control  NAC:0x8A1 TSDU bch_err=1 raw=0x7
2026-04-19 17:56:15.512 ,PASSED,control  NAC:0x8A1 TSDU bch_err=0 raw=0x7
2026-04-19 17:56:15.519 ,CORRECTED,control  NAC:0x8A1 TSDU bch_err=1 raw=0x7
2026-04-19 17:56:15.523 ,PASSED,control  NAC:0x8A1 TSDU bch_err=0 raw=0x7
2026-04-19 17:56:15.527 ,PASSED,control  NAC:0x8A1 TSDU bch_err=0 raw=0x7
2026-04-19 17:56:18.757 ,PASSED,control  NAC:0x8A1 TSDU bch_err=0 raw=0x7
2026-04-19 17:56:18.760 ,PASSED,control  NAC:0x8A1 TSDU bch_err=0 raw=0x7
2026-04-19 17:56:18.764 ,PASSED,control  NAC:0x8A1 TSDU bch_err=0 raw=0x7
2026-04-19 17:56:18.768 ,PASSED,control  NAC:0x8A1 TSDU bch_err=0 raw=0x7
2026-04-19 17:56:18.771 ,PASSED,control  NAC:0x8A1 TSDU bch_err=0 raw=0x7
2026-04-19 17:56:18.774 ,PASSED,control  NAC:0x8A1 TSDU bch_err=0 raw=0x7
2026-04-19 17:56:18.777 ,PASSED,control  NAC:0x8A1 TSDU bch_err=0 raw=0x7
2026-04-19 17:56:18.783 ,CORRECTED,control  NAC:0x8A1 TSDU bch_err=1 raw=0x7
2026-04-19 17:56:18.786 ,PASSED,control  NAC:0x8A1 TSDU bch_err=0 raw=0x7
2026-04-19 17:56:18.789 ,PASSED,control  NAC:0x8A1 TSDU bch_err=0 raw=0x7
2026-04-19 17:56:18.793 ,PASSED,control  NAC:0x8A1 TSDU bch_err=0 raw=0x7
2026-04-19 17:56:18.796 ,PASSED,control  NAC:0x8A1 TSDU bch_err=0 raw=0x7
2026-04-19 17:56:18.799 ,PASSED,control  NAC:0x8A1 TSDU bch_err=0 raw=0x7
2026-04-19 17:56:18.803 ,PASSED,control  NAC:0x8A1 TSDU bch_err=0 raw=0x7
2026-04-19 17:56:18.806 ,PASSED,control  NAC:0x8A1 TSDU bch_err=0 raw=0x7
2026-04-19 17:56:18.810 ,PASSED,control  NAC:0x8A1 TSDU bch_err=0 raw=0x7
2026-04-19 17:56:18.814 ,PASSED,control  NAC:0x8A1 TSDU bch_err=0 raw=0x7
2026-04-19 17:56:18.818 ,PASSED,control  NAC:0x8A1 TSDU bch_err=0 raw=0x7
2026-04-19 17:56:18.822 ,PASSED,control  NAC:0x8A1 TSDU bch_err=0 raw=0x7
2026-04-19 17:56:18.826 ,PASSED,control  NAC:0x8A1 TSDU bch_err=0 raw=0x7
2026-04-19 17:56:18.830 ,PASSED,control  NAC:0x8A1 TSDU bch_err=0 raw=0x7
2026-04-19 17:56:18.834 ,PASSED,control  NAC:0x8A1 TSDU bch_err=0 raw=0x7
2026-04-19 17:56:18.837 ,PASSED,control  NAC:0x8A1 TSDU bch_err=0 raw=0x7
2026-04-19 17:56:18.841 ,PASSED,control  NAC:0x8A1 TSDU bch_err=0 raw=0x7
2026-04-19 17:56:18.845 ,PASSED,control  NAC:0x8A1 TSDU bch_err=0 raw=0x7
2026-04-19 17:56:18.849 ,PASSED,control  NAC:0x8A1 TSDU bch_err=0 raw=0x7
2026-04-19 17:56:18.853 ,PASSED,control  NAC:0x8A1 TSDU bch_err=0 raw=0x7
2026-04-19 17:56:18.858 ,PASSED,control  NAC:0x8A1 TSDU bch_err=0 raw=0x7
2026-04-19 17:56:18.861 ,PASSED,control  NAC:0x8A1 TSDU bch_err=0 raw=0x7
2026-04-19 17:56:18.864 ,PASSED,control  NAC:0x8A1 TSDU bch_err=0 raw=0x7
2026-04-19 17:56:18.867 ,PASSED,control  NAC:0x8A1 TSDU bch_err=0 raw=0x7
2026-04-19 17:56:18.870 ,PASSED,control  NAC:0x8A1 TSDU bch_err=0 raw=0x7
2026-04-19 17:56:18.873 ,PASSED,control  NAC:0x8A1 TSDU bch_err=0 raw=0x7
2026-04-19 17:56:18.878 ,PASSED,control  NAC:0x8A1 TSDU bch_err=0 raw=0x7
2026-04-19 17:56:18.881 ,PASSED,control  NAC:0x8A1 TSDU bch_err=0 raw=0x7
2026-04-19 17:56:18.884 ,PASSED,control  NAC:0x8A1 TSDU bch_err=0 raw=0x7
2026-04-19 17:56:18.887 ,PASSED,control  NAC:0x8A1 TSDU bch_err=0 raw=0x7
2026-04-19 17:56:18.890 ,PASSED,control  NAC:0x8A1 TSDU bch_err=0 raw=0x7
2026-04-19 17:56:18.892 ,PASSED,control  NAC:0x8A1 TSDU bch_err=0 raw=0x7
2026-04-19 17:56:18.895 ,PASSED,control  NAC:0x8A1 TSDU bch_err=0 raw=0x7
2026-04-19 17:56:18.898 ,PASSED,control  NAC:0x8A1 TSDU bch_err=0 raw=0x7
2026-04-19 17:56:18.901 ,PASSED,control  NAC:0x8A1 TSDU bch_err=0 raw=0x7
2026-04-19 17:56:22.169 ,PASSED,control  NAC:0x8A1 TSDU bch_err=0 raw=0x7
2026-04-19 17:56:22.172 ,PASSED,control  NAC:0x8A1 TSDU bch_err=0 raw=0x7
2026-04-19 17:56:22.174 ,PASSED,control  NAC:0x8A1 TSDU bch_err=0 raw=0x7
2026-04-19 17:56:22.177 ,PASSED,control  NAC:0x8A1 TSDU bch_err=0 raw=0x7
2026-04-19 17:56:22.180 ,PASSED,control  NAC:0x8A1 TSDU bch_err=0 raw=0x7
2026-04-19 17:56:22.182 ,PASSED,control  NAC:0x8A1 TSDU bch_err=0 raw=0x7
2026-04-19 17:56:22.185 ,PASSED,control  NAC:0x8A1 TSDU bch_err=0 raw=0x7
2026-04-19 17:56:22.188 ,PASSED,control  NAC:0x8A1 TSDU bch_err=0 raw=0x7
2026-04-19 17:56:22.191 ,PASSED,control  NAC:0x8A1 TSDU bch_err=0 raw=0x7
2026-04-19 17:56:22.193 ,PASSED,control  NAC:0x8A1 TSDU bch_err=0 raw=0x7
2026-04-19 17:56:22.196 ,PASSED,control  NAC:0x8A1 TSDU bch_err=0 raw=0x7
2026-04-19 17:56:22.199 ,PASSED,control  NAC:0x8A1 TSDU bch_err=0 raw=0x7
2026-04-19 17:56:22.201 ,PASSED,control  NAC:0x8A1 TSDU bch_err=0 raw=0x7
2026-04-19 17:56:22.204 ,PASSED,control  NAC:0x8A1 TSDU bch_err=0 raw=0x7
2026-04-19 17:56:22.207 ,PASSED,control  NAC:0x8A1 TSDU bch_err=0 raw=0x7
2026-04-19 17:56:22.210 ,PASSED,control  NAC:0x8A1 TSDU bch_err=0 raw=0x7
2026-04-19 17:56:22.212 ,PASSED,control  NAC:0x8A1 TSDU bch_err=0 raw=0x7
2026-04-19 17:56:22.215 ,PASSED,control  NAC:0x8A1 TSDU bch_err=0 raw=0x7
2026-04-19 17:56:22.219 ,CORRECTED,control  NAC:0x8A1 TSDU bch_err=1 raw=0x6
2026-04-19 17:56:22.224 ,CORRECTED,control  NAC:0x8A1 TSDU bch_err=3 raw=0x6
2026-04-19 17:56:22.227 ,PASSED,control  NAC:0x8A1 TSDU bch_err=0 raw=0x7
2026-04-19 17:56:22.229 ,PASSED,control  NAC:0x8A1 TSDU bch_err=0 raw=0x7
2026-04-19 17:56:22.232 ,PASSED,control  NAC:0x8A1 TSDU bch_err=0 raw=0x7
2026-04-19 17:56:22.237 ,CORRECTED,control  NAC:0x8A1 TSDU bch_err=1 raw=0x6
2026-04-19 17:56:22.239 ,PASSED,control  NAC:0x8A1 TSDU bch_err=0 raw=0x7
2026-04-19 17:56:22.242 ,PASSED,control  NAC:0x8A1 TSDU bch_err=0 raw=0x7
2026-04-19 17:56:22.245 ,PASSED,control  NAC:0x8A1 TSDU bch_err=0 raw=0x7
2026-04-19 17:56:22.248 ,PASSED,control  NAC:0x8A1 TSDU bch_err=0 raw=0x7
2026-04-19 17:56:22.250 ,PASSED,control  NAC:0x8A1 TSDU bch_err=0 raw=0x7
2026-04-19 17:56:22.253 ,PASSED,control  NAC:0x8A1 TSDU bch_err=0 raw=0x7
2026-04-19 17:56:22.257 ,CORRECTED,control  NAC:0x8A1 TSDU bch_err=1 raw=0x6
2026-04-19 17:56:22.260 ,PASSED,control  NAC:0x8A1 TSDU bch_err=0 raw=0x7
2026-04-19 17:56:22.265 ,CORRECTED,control  NAC:0x8A1 TSDU bch_err=1 raw=0x6
2026-04-19 17:56:22.268 ,PASSED,control  NAC:0x8A1 TSDU bch_err=0 raw=0x7
2026-04-19 17:56:22.270 ,PASSED,control  NAC:0x8A1 TSDU bch_err=0 raw=0x7
2026-04-19 17:56:22.273 ,PASSED,control  NAC:0x8A1 TSDU bch_err=0 raw=0x7
2026-04-19 17:56:22.276 ,PASSED,control  NAC:0x8A1 TSDU bch_err=0 raw=0x7
2026-04-19 17:56:22.278 ,PASSED,control  NAC:0x8A1 TSDU bch_err=0 raw=0x7
2026-04-19 17:56:22.283 ,CORRECTED,control  NAC:0x8A1 TSDU bch_err=4 raw=0x7
2026-04-19 17:56:22.286 ,PASSED,control  NAC:0x8A1 TSDU bch_err=0 raw=0x7
2026-04-19 17:56:22.288 ,PASSED,control  NAC:0x8A1 TSDU bch_err=0 raw=0x7
2026-04-19 17:56:22.291 ,PASSED,control  NAC:0x8A1 TSDU bch_err=0 raw=0x7
2026-04-19 17:56:22.294 ,PASSED,control  NAC:0x8A1 TSDU bch_err=0 raw=0x7
2026-04-19 17:56:22.297 ,PASSED,control  NAC:0x8A1 TSDU bch_err=0 raw=0x7
2026-04-19 17:56:22.301 ,CORRECTED,control  NAC:0x8A1 TSDU bch_err=7 raw=0x2
2026-04-19 17:56:22.304 ,PASSED,control  NAC:0x8A1 TSDU bch_err=0 raw=0x7
2026-04-19 17:56:22.791 ,CORRECTED,traffic  NAC:0x8A1 LDU2 bch_err=2 raw=0xA
2026-04-19 17:56:22.792 ,PASSED,traffic  NAC:0x8A1 LDU2 bch_err=0 raw=?
2026-04-19 17:56:22.794 ,PASSED,traffic  NAC:0x8A1 LDU1 bch_err=0 raw=0x5
2026-04-19 17:56:22.794 ,PASSED,traffic  NAC:0x8A1 LDU1 bch_err=0 raw=?
2026-04-19 17:56:22.797 ,PASSED,traffic  NAC:0x8A1 LDU2 bch_err=0 raw=0xA
2026-04-19 17:56:25.582 ,PASSED,control  NAC:0x8A1 TSDU bch_err=0 raw=0x7
2026-04-19 17:56:25.585 ,PASSED,control  NAC:0x8A1 TSDU bch_err=0 raw=0x7
2026-04-19 17:56:25.590 ,CORRECTED,control  NAC:0x8A1 TSDU bch_err=7 raw=0x6
2026-04-19 17:56:25.593 ,PASSED,control  NAC:0x8A1 TSDU bch_err=0 raw=0x7
2026-04-19 17:56:25.596 ,PASSED,control  NAC:0x8A1 TSDU bch_err=0 raw=0x7
2026-04-19 17:56:25.599 ,PASSED,control  NAC:0x8A1 TSDU bch_err=0 raw=0x7
2026-04-19 17:56:25.601 ,PASSED,control  NAC:0x8A1 TSDU bch_err=0 raw=0x7
2026-04-19 17:56:25.604 ,PASSED,control  NAC:0x8A1 TSDU bch_err=0 raw=0x7
2026-04-19 17:56:25.607 ,PASSED,control  NAC:0x8A1 TSDU bch_err=0 raw=0x7
2026-04-19 17:56:25.610 ,PASSED,control  NAC:0x8A1 TSDU bch_err=0 raw=0x7
2026-04-19 17:56:25.612 ,PASSED,control  NAC:0x8A1 TSDU bch_err=0 raw=0x7
2026-04-19 17:56:25.615 ,PASSED,control  NAC:0x8A1 TSDU bch_err=0 raw=0x7
2026-04-19 17:56:25.619 ,CORRECTED,control  NAC:0x8A1 TSDU bch_err=2 raw=0x3
2026-04-19 17:56:25.622 ,PASSED,control  NAC:0x8A1 TSDU bch_err=0 raw=0x7
2026-04-19 17:56:25.625 ,PASSED,control  NAC:0x8A1 TSDU bch_err=0 raw=0x7
2026-04-19 17:56:25.628 ,PASSED,control  NAC:0x8A1 TSDU bch_err=0 raw=0x7
2026-04-19 17:56:25.631 ,PASSED,control  NAC:0x8A1 TSDU bch_err=0 raw=0x7
2026-04-19 17:56:25.634 ,PASSED,control  NAC:0x8A1 TSDU bch_err=0 raw=0x7
2026-04-19 17:56:25.637 ,PASSED,control  NAC:0x8A1 TSDU bch_err=0 raw=0x7
2026-04-19 17:56:25.639 ,PASSED,control  NAC:0x8A1 TSDU bch_err=0 raw=0x7
2026-04-19 17:56:25.642 ,PASSED,control  NAC:0x8A1 TSDU bch_err=0 raw=0x7
2026-04-19 17:56:25.645 ,PASSED,control  NAC:0x8A1 TSDU bch_err=0 raw=0x7
2026-04-19 17:56:25.648 ,PASSED,control  NAC:0x8A1 TSDU bch_err=0 raw=0x7
2026-04-19 17:56:25.650 ,PASSED,control  NAC:0x8A1 TSDU bch_err=0 raw=0x7
2026-04-19 17:56:25.653 ,PASSED,control  NAC:0x8A1 TSDU bch_err=0 raw=0x7
2026-04-19 17:56:25.655 ,PASSED,control  NAC:0x8A1 TSDU bch_err=0 raw=0x7
2026-04-19 17:56:25.658 ,PASSED,control  NAC:0x8A1 TSDU bch_err=0 raw=0x7
2026-04-19 17:56:25.661 ,PASSED,control  NAC:0x8A1 TSDU bch_err=0 raw=0x7
2026-04-19 17:56:25.663 ,PASSED,control  NAC:0x8A1 TSDU bch_err=0 raw=0x7
2026-04-19 17:56:25.666 ,PASSED,control  NAC:0x8A1 TSDU bch_err=0 raw=0x7
2026-04-19 17:56:25.669 ,PASSED,control  NAC:0x8A1 TSDU bch_err=0 raw=0x7
2026-04-19 17:56:25.672 ,PASSED,control  NAC:0x8A1 TSDU bch_err=0 raw=0x7
2026-04-19 17:56:25.675 ,PASSED,control  NAC:0x8A1 TSDU bch_err=0 raw=0x7
2026-04-19 17:56:25.678 ,PASSED,control  NAC:0x8A1 TSDU bch_err=0 raw=0x7
2026-04-19 17:56:25.680 ,PASSED,control  NAC:0x8A1 TSDU bch_err=0 raw=0x7
2026-04-19 17:56:25.685 ,CORRECTED,control  NAC:0x8A1 TSDU bch_err=1 raw=0x7
2026-04-19 17:56:25.688 ,PASSED,control  NAC:0x8A1 TSDU bch_err=0 raw=0x7
2026-04-19 17:56:25.691 ,PASSED,control  NAC:0x8A1 TSDU bch_err=0 raw=0x7
2026-04-19 17:56:25.694 ,PASSED,control  NAC:0x8A1 TSDU bch_err=0 raw=0x7
2026-04-19 17:56:25.696 ,PASSED,control  NAC:0x8A1 TSDU bch_err=0 raw=0x7
2026-04-19 17:56:25.699 ,PASSED,control  NAC:0x8A1 TSDU bch_err=0 raw=0x7
2026-04-19 17:56:25.702 ,PASSED,control  NAC:0x8A1 TSDU bch_err=0 raw=0x7
2026-04-19 17:56:25.705 ,PASSED,control  NAC:0x8A1 TSDU bch_err=0 raw=0x7
2026-04-19 17:56:25.708 ,PASSED,control  NAC:0x8A1 TSDU bch_err=0 raw=0x7
2026-04-19 17:56:28.995 ,PASSED,control  NAC:0x8A1 TSDU bch_err=0 raw=0x7
2026-04-19 17:56:29.000 ,CORRECTED,control  NAC:0x8A1 TSDU bch_err=1 raw=0x6
2026-04-19 17:56:29.003 ,PASSED,control  NAC:0x8A1 TSDU bch_err=0 raw=0x7
2026-04-19 17:56:29.005 ,PASSED,control  NAC:0x8A1 TSDU bch_err=0 raw=0x7
2026-04-19 17:56:29.008 ,PASSED,control  NAC:0x8A1 TSDU bch_err=0 raw=0x7
2026-04-19 17:56:29.011 ,PASSED,control  NAC:0x8A1 TSDU bch_err=0 raw=0x7
2026-04-19 17:56:29.013 ,PASSED,control  NAC:0x8A1 TSDU bch_err=0 raw=0x7
2026-04-19 17:56:29.016 ,PASSED,control  NAC:0x8A1 TSDU bch_err=0 raw=0x7
2026-04-19 17:56:29.018 ,PASSED,control  NAC:0x8A1 TSDU bch_err=0 raw=0x7
2026-04-19 17:56:29.021 ,PASSED,control  NAC:0x8A1 TSDU bch_err=0 raw=0x7
2026-04-19 17:56:29.024 ,PASSED,control  NAC:0x8A1 TSDU bch_err=0 raw=0x7
2026-04-19 17:56:29.028 ,CORRECTED,control  NAC:0x8A1 TSDU bch_err=3 raw=0x7
2026-04-19 17:56:29.031 ,PASSED,control  NAC:0x8A1 TSDU bch_err=0 raw=0x7
2026-04-19 17:56:29.034 ,PASSED,control  NAC:0x8A1 TSDU bch_err=0 raw=0x7
2026-04-19 17:56:29.037 ,PASSED,control  NAC:0x8A1 TSDU bch_err=0 raw=0x7
2026-04-19 17:56:29.039 ,PASSED,control  NAC:0x8A1 TSDU bch_err=0 raw=0x7
2026-04-19 17:56:29.042 ,PASSED,control  NAC:0x8A1 TSDU bch_err=0 raw=0x7
2026-04-19 17:56:29.045 ,PASSED,control  NAC:0x8A1 TSDU bch_err=0 raw=0x7
2026-04-19 17:56:29.047 ,PASSED,control  NAC:0x8A1 TSDU bch_err=0 raw=0x7
2026-04-19 17:56:29.050 ,PASSED,control  NAC:0x8A1 TSDU bch_err=0 raw=0x7
2026-04-19 17:56:29.053 ,PASSED,control  NAC:0x8A1 TSDU bch_err=0 raw=0x7
2026-04-19 17:56:29.056 ,PASSED,control  NAC:0x8A1 TSDU bch_err=0 raw=0x7
2026-04-19 17:56:29.060 ,PASSED,control  NAC:0x8A1 TSDU bch_err=0 raw=0x7
2026-04-19 17:56:29.064 ,PASSED,control  NAC:0x8A1 TSDU bch_err=0 raw=0x7
2026-04-19 17:56:29.067 ,PASSED,control  NAC:0x8A1 TSDU bch_err=0 raw=0x7
2026-04-19 17:56:29.071 ,PASSED,control  NAC:0x8A1 TSDU bch_err=0 raw=0x7
2026-04-19 17:56:29.075 ,PASSED,control  NAC:0x8A1 TSDU bch_err=0 raw=0x7
2026-04-19 17:56:29.079 ,PASSED,control  NAC:0x8A1 TSDU bch_err=0 raw=0x7
2026-04-19 17:56:29.083 ,PASSED,control  NAC:0x8A1 TSDU bch_err=0 raw=0x7
2026-04-19 17:56:29.087 ,PASSED,control  NAC:0x8A1 TSDU bch_err=0 raw=0x7
2026-04-19 17:56:29.091 ,PASSED,control  NAC:0x8A1 TSDU bch_err=0 raw=0x7
2026-04-19 17:56:29.095 ,PASSED,control  NAC:0x8A1 TSDU bch_err=0 raw=0x7
2026-04-19 17:56:29.098 ,PASSED,control  NAC:0x8A1 TSDU bch_err=0 raw=0x7
2026-04-19 17:56:29.103 ,PASSED,control  NAC:0x8A1 TSDU bch_err=0 raw=0x7
2026-04-19 17:56:29.107 ,PASSED,control  NAC:0x8A1 TSDU bch_err=0 raw=0x7
2026-04-19 17:56:29.111 ,PASSED,control  NAC:0x8A1 TSDU bch_err=0 raw=0x7
2026-04-19 17:56:29.115 ,PASSED,control  NAC:0x8A1 TSDU bch_err=0 raw=0x7
2026-04-19 17:56:29.119 ,PASSED,control  NAC:0x8A1 TSDU bch_err=0 raw=0x7
2026-04-19 17:56:29.122 ,PASSED,control  NAC:0x8A1 TSDU bch_err=0 raw=0x7
2026-04-19 17:56:29.125 ,PASSED,control  NAC:0x8A1 TSDU bch_err=0 raw=0x7
2026-04-19 17:56:29.127 ,PASSED,control  NAC:0x8A1 TSDU bch_err=0 raw=0x7
2026-04-19 17:56:29.130 ,PASSED,control  NAC:0x8A1 TSDU bch_err=0 raw=0x7
2026-04-19 17:56:29.133 ,PASSED,control  NAC:0x8A1 TSDU bch_err=0 raw=0x7
2026-04-19 17:56:29.304 ,PASSED,traffic  NAC:0x8A1 LDU1 bch_err=0 raw=0x5
2026-04-19 17:56:29.304 ,PASSED,traffic  NAC:0x8A1 LDU1 bch_err=0 raw=?
2026-04-19 17:56:29.309 ,CORRECTED,traffic  NAC:0x8A1 LDU2 bch_err=1 raw=0xA
2026-04-19 17:56:29.309 ,PASSED,traffic  NAC:0x8A1 LDU2 bch_err=0 raw=?
2026-04-19 17:56:29.312 ,PASSED,traffic  NAC:0x8A1 LDU1 bch_err=0 raw=0x5
2026-04-19 17:56:29.312 ,PASSED,traffic  NAC:0x8A1 LDU1 bch_err=0 raw=?
2026-04-19 17:56:29.314 ,PASSED,traffic  NAC:0x8A1 LDU2 bch_err=0 raw=0xA
2026-04-19 17:56:29.315 ,PASSED,traffic  NAC:0x8A1 LDU2 bch_err=0 raw=?
2026-04-19 17:56:29.317 ,PASSED,traffic  NAC:0x8A1 LDU1 bch_err=0 raw=0x5
2026-04-19 17:56:29.317 ,PASSED,traffic  NAC:0x8A1 LDU1 bch_err=0 raw=?
2026-04-19 17:56:29.320 ,PASSED,traffic  NAC:0x8A1 TDU_LC bch_err=0 raw=0xF
2026-04-19 17:56:29.320 ,PASSED,traffic  NAC:0x8A1 TDU_LC bch_err=0 raw=?
2026-04-19 17:56:29.322 ,PASSED,traffic  NAC:0x8A1 TDU_LC bch_err=0 raw=0xF
2026-04-19 17:56:29.322 ,PASSED,traffic  NAC:0x8A1 TDU_LC bch_err=0 raw=?
2026-04-19 17:56:29.326 ,CORRECTED,traffic  NAC:0x8A1 TDU_LC bch_err=1 raw=0xF
2026-04-19 17:56:29.327 ,PASSED,traffic  NAC:0x8A1 TDU_LC bch_err=0 raw=?
2026-04-19 17:56:29.329 ,PASSED,traffic  NAC:0x8A1 TDU_LC bch_err=0 raw=0xF
2026-04-19 17:56:29.329 ,PASSED,traffic  NAC:0x8A1 TDU_LC bch_err=0 raw=?
2026-04-19 17:56:29.331 ,PASSED,traffic  NAC:0x8A1 TDU_LC bch_err=0 raw=0xF
2026-04-19 17:56:29.332 ,PASSED,traffic  NAC:0x8A1 TDU_LC bch_err=0 raw=?
2026-04-19 17:56:29.334 ,PASSED,traffic  NAC:0x8A1 TDU_LC bch_err=0 raw=0xF
2026-04-19 17:56:29.334 ,PASSED,traffic  NAC:0x8A1 TDU_LC bch_err=0 raw=?
2026-04-19 17:56:29.336 ,PASSED,traffic  NAC:0x8A1 TDU_LC bch_err=0 raw=0xF
2026-04-19 17:56:29.336 ,PASSED,traffic  NAC:0x8A1 TDU_LC bch_err=0 raw=?
2026-04-19 17:56:29.339 ,PASSED,traffic  NAC:0x8A1 TDU_LC bch_err=0 raw=0xF
2026-04-19 17:56:29.339 ,PASSED,traffic  NAC:0x8A1 TDU_LC bch_err=0 raw=?
2026-04-19 17:56:29.341 ,PASSED,traffic  NAC:0x8A1 TDU_LC bch_err=0 raw=0xF
2026-04-19 17:56:29.341 ,PASSED,traffic  NAC:0x8A1 TDU_LC bch_err=0 raw=?
2026-04-19 17:56:29.344 ,PASSED,traffic  NAC:0x8A1 TDU_LC bch_err=0 raw=0xF
2026-04-19 17:56:29.344 ,PASSED,traffic  NAC:0x8A1 TDU_LC bch_err=0 raw=?
2026-04-19 17:56:29.346 ,PASSED,traffic  NAC:0x8A1 TDU_LC bch_err=0 raw=0xF
2026-04-19 17:56:29.346 ,PASSED,traffic  NAC:0x8A1 TDU_LC bch_err=0 raw=?
2026-04-19 17:56:29.350 ,CORRECTED,traffic  NAC:0x8A1 TDU_LC bch_err=2 raw=0xF
2026-04-19 17:56:29.351 ,PASSED,traffic  NAC:0x8A1 TDU_LC bch_err=0 raw=?
2026-04-19 17:56:29.353 ,PASSED,traffic  NAC:0x8A1 TDU_LC bch_err=0 raw=0xF
2026-04-19 17:56:29.353 ,PASSED,traffic  NAC:0x8A1 TDU_LC bch_err=0 raw=?
2026-04-19 17:56:29.355 ,PASSED,traffic  NAC:0x8A1 TDU_LC bch_err=0 raw=0xF
2026-04-19 17:56:29.356 ,PASSED,traffic  NAC:0x8A1 TDU_LC bch_err=0 raw=?
2026-04-19 17:56:29.358 ,PASSED,traffic  NAC:0x8A1 TDU_LC bch_err=0 raw=0xF
2026-04-19 17:56:29.358 ,PASSED,traffic  NAC:0x8A1 TDU_LC bch_err=0 raw=?
2026-04-19 17:56:29.360 ,PASSED,traffic  NAC:0x8A1 TDU_LC bch_err=0 raw=0xF
2026-04-19 17:56:29.361 ,PASSED,traffic  NAC:0x8A1 TDU_LC bch_err=0 raw=?
2026-04-19 17:56:29.363 ,PASSED,traffic  NAC:0x8A1 TDU_LC bch_err=0 raw=0xF
2026-04-19 17:56:29.363 ,PASSED,traffic  NAC:0x8A1 TDU_LC bch_err=0 raw=?
2026-04-19 17:56:29.367 ,CORRECTED,traffic  NAC:0x8A1 TDU_LC bch_err=1 raw=0xF
2026-04-19 17:56:29.367 ,PASSED,traffic  NAC:0x8A1 TDU_LC bch_err=0 raw=?
2026-04-19 17:56:29.370 ,PASSED,traffic  NAC:0x8A1 TDU_LC bch_err=0 raw=0xF
2026-04-19 17:56:29.370 ,PASSED,traffic  NAC:0x8A1 TDU_LC bch_err=0 raw=?
2026-04-19 17:56:29.372 ,PASSED,traffic  NAC:0x8A1 TDU_LC bch_err=0 raw=0xF
2026-04-19 17:56:29.372 ,PASSED,traffic  NAC:0x8A1 TDU_LC bch_err=0 raw=?
2026-04-19 17:56:29.375 ,PASSED,traffic  NAC:0x8A1 TDU_LC bch_err=0 raw=0xF
2026-04-19 17:56:29.375 ,PASSED,traffic  NAC:0x8A1 TDU_LC bch_err=0 raw=?
2026-04-19 17:56:29.377 ,PASSED,traffic  NAC:0x8A1 TDU_LC bch_err=0 raw=0xF
2026-04-19 17:56:29.377 ,PASSED,traffic  NAC:0x8A1 TDU_LC bch_err=0 raw=?
2026-04-19 17:56:29.379 ,PASSED,traffic  NAC:0x8A1 TDU_LC bch_err=0 raw=0xF
2026-04-19 17:56:29.380 ,PASSED,traffic  NAC:0x8A1 TDU_LC bch_err=0 raw=?
2026-04-19 17:56:29.384 ,CORRECTED,traffic  NAC:0x8A1 TDU_LC bch_err=1 raw=0xF
2026-04-19 17:56:29.384 ,PASSED,traffic  NAC:0x8A1 TDU_LC bch_err=0 raw=?
2026-04-19 17:56:29.386 ,PASSED,traffic  NAC:0x8A1 TDU_LC bch_err=0 raw=0xF
2026-04-19 17:56:29.386 ,PASSED,traffic  NAC:0x8A1 TDU_LC bch_err=0 raw=?
2026-04-19 17:56:29.389 ,PASSED,traffic  NAC:0x8A1 TDU_LC bch_err=0 raw=0xF
2026-04-19 17:56:29.389 ,PASSED,traffic  NAC:0x8A1 TDU_LC bch_err=0 raw=?
2026-04-19 17:56:29.391 ,PASSED,traffic  NAC:0x8A1 TDU_LC bch_err=0 raw=0xF
2026-04-19 17:56:29.391 ,PASSED,traffic  NAC:0x8A1 TDU_LC bch_err=0 raw=?
2026-04-19 17:56:29.394 ,PASSED,traffic  NAC:0x8A1 TDU_LC bch_err=0 raw=0xF
2026-04-19 17:56:29.394 ,PASSED,traffic  NAC:0x8A1 TDU_LC bch_err=0 raw=?
2026-04-19 17:56:29.396 ,PASSED,traffic  NAC:0x8A1 TDU_LC bch_err=0 raw=0xF
2026-04-19 17:56:29.396 ,PASSED,traffic  NAC:0x8A1 TDU_LC bch_err=0 raw=?
2026-04-19 17:56:29.399 ,PASSED,traffic  NAC:0x8A1 TDU_LC bch_err=0 raw=0xF
2026-04-19 17:56:29.399 ,PASSED,traffic  NAC:0x8A1 TDU_LC bch_err=0 raw=?
2026-04-19 17:56:29.401 ,PASSED,traffic  NAC:0x8A1 TDU_LC bch_err=0 raw=0xF
2026-04-19 17:56:29.401 ,PASSED,traffic  NAC:0x8A1 TDU_LC bch_err=0 raw=?
2026-04-19 17:56:29.404 ,PASSED,traffic  NAC:0x8A1 TDU_LC bch_err=0 raw=0xF
2026-04-19 17:56:29.404 ,PASSED,traffic  NAC:0x8A1 TDU_LC bch_err=0 raw=?
2026-04-19 17:56:29.406 ,PASSED,traffic  NAC:0x8A1 TDU_LC bch_err=0 raw=0xF
2026-04-19 17:56:29.406 ,PASSED,traffic  NAC:0x8A1 TDU_LC bch_err=0 raw=?
2026-04-19 17:56:29.409 ,PASSED,traffic  NAC:0x8A1 TDU_LC bch_err=0 raw=0xF
2026-04-19 17:56:29.409 ,PASSED,traffic  NAC:0x8A1 TDU_LC bch_err=0 raw=?
2026-04-19 17:56:29.411 ,PASSED,traffic  NAC:0x8A1 TDU_LC bch_err=0 raw=0xF
2026-04-19 17:56:29.411 ,PASSED,traffic  NAC:0x8A1 TDU_LC bch_err=0 raw=?
2026-04-19 17:56:29.414 ,PASSED,traffic  NAC:0x8A1 TDU_LC bch_err=0 raw=0xF
2026-04-19 17:56:29.414 ,PASSED,traffic  NAC:0x8A1 TDU_LC bch_err=0 raw=?
2026-04-19 17:56:29.416 ,PASSED,traffic  NAC:0x8A1 TDU_LC bch_err=0 raw=0xF
2026-04-19 17:56:29.416 ,PASSED,traffic  NAC:0x8A1 TDU_LC bch_err=0 raw=?
2026-04-19 17:56:29.420 ,CORRECTED,traffic  NAC:0x8A1 TDU_LC bch_err=1 raw=0xF
2026-04-19 17:56:29.421 ,PASSED,traffic  NAC:0x8A1 TDU_LC bch_err=0 raw=?
2026-04-19 17:56:29.423 ,PASSED,traffic  NAC:0x8A1 TDU_LC bch_err=0 raw=0xF
2026-04-19 17:56:29.423 ,PASSED,traffic  NAC:0x8A1 TDU_LC bch_err=0 raw=?
2026-04-19 17:56:29.425 ,PASSED,traffic  NAC:0x8A1 TDU_LC bch_err=0 raw=0xF
2026-04-19 17:56:29.426 ,PASSED,traffic  NAC:0x8A1 TDU_LC bch_err=0 raw=?
2026-04-19 17:56:32.409 ,PASSED,control  NAC:0x8A1 TSDU bch_err=0 raw=0x7
2026-04-19 17:56:32.414 ,PASSED,control  NAC:0x8A1 TSDU bch_err=0 raw=0x7
2026-04-19 17:56:32.418 ,PASSED,control  NAC:0x8A1 TSDU bch_err=0 raw=0x7
2026-04-19 17:56:32.421 ,PASSED,control  NAC:0x8A1 TSDU bch_err=0 raw=0x7
2026-04-19 17:56:32.425 ,PASSED,control  NAC:0x8A1 TSDU bch_err=0 raw=0x7
2026-04-19 17:56:32.428 ,PASSED,control  NAC:0x8A1 TSDU bch_err=0 raw=0x7
2026-04-19 17:56:32.432 ,PASSED,control  NAC:0x8A1 TSDU bch_err=0 raw=0x7
2026-04-19 17:56:32.436 ,PASSED,control  NAC:0x8A1 TSDU bch_err=0 raw=0x7
2026-04-19 17:56:32.441 ,PASSED,control  NAC:0x8A1 TSDU bch_err=0 raw=0x7
2026-04-19 17:56:32.445 ,PASSED,control  NAC:0x8A1 TSDU bch_err=0 raw=0x7
2026-04-19 17:56:32.448 ,PASSED,control  NAC:0x8A1 TSDU bch_err=0 raw=0x7
2026-04-19 17:56:32.452 ,PASSED,control  NAC:0x8A1 TSDU bch_err=0 raw=0x7
2026-04-19 17:56:32.456 ,PASSED,control  NAC:0x8A1 TSDU bch_err=0 raw=0x7
2026-04-19 17:56:32.459 ,PASSED,control  NAC:0x8A1 TSDU bch_err=0 raw=0x7
2026-04-19 17:56:32.461 ,PASSED,control  NAC:0x8A1 TSDU bch_err=0 raw=0x7
2026-04-19 17:56:32.464 ,PASSED,control  NAC:0x8A1 TSDU bch_err=0 raw=0x7
2026-04-19 17:56:32.467 ,PASSED,control  NAC:0x8A1 TSDU bch_err=0 raw=0x7
2026-04-19 17:56:32.469 ,PASSED,control  NAC:0x8A1 TSDU bch_err=0 raw=0x7
2026-04-19 17:56:32.472 ,PASSED,control  NAC:0x8A1 TSDU bch_err=0 raw=0x7
2026-04-19 17:56:32.475 ,PASSED,control  NAC:0x8A1 TSDU bch_err=0 raw=0x7
2026-04-19 17:56:32.478 ,PASSED,control  NAC:0x8A1 TSDU bch_err=0 raw=0x7
2026-04-19 17:56:32.480 ,PASSED,control  NAC:0x8A1 TSDU bch_err=0 raw=0x7
2026-04-19 17:56:32.483 ,PASSED,control  NAC:0x8A1 TSDU bch_err=0 raw=0x7
2026-04-19 17:56:32.486 ,PASSED,control  NAC:0x8A1 TSDU bch_err=0 raw=0x7
2026-04-19 17:56:32.489 ,PASSED,control  NAC:0x8A1 TSDU bch_err=0 raw=0x7
2026-04-19 17:56:32.492 ,PASSED,control  NAC:0x8A1 TSDU bch_err=0 raw=0x7
2026-04-19 17:56:32.494 ,PASSED,control  NAC:0x8A1 TSDU bch_err=0 raw=0x7
2026-04-19 17:56:32.497 ,PASSED,control  NAC:0x8A1 TSDU bch_err=0 raw=0x7
2026-04-19 17:56:32.500 ,PASSED,control  NAC:0x8A1 TSDU bch_err=0 raw=0x7
2026-04-19 17:56:32.503 ,PASSED,control  NAC:0x8A1 TSDU bch_err=0 raw=0x7
2026-04-19 17:56:32.505 ,PASSED,control  NAC:0x8A1 TSDU bch_err=0 raw=0x7
2026-04-19 17:56:32.508 ,PASSED,control  NAC:0x8A1 TSDU bch_err=0 raw=0x7
2026-04-19 17:56:32.511 ,PASSED,control  NAC:0x8A1 TSDU bch_err=0 raw=0x7
2026-04-19 17:56:32.513 ,PASSED,control  NAC:0x8A1 TSDU bch_err=0 raw=0x7
2026-04-19 17:56:32.516 ,PASSED,control  NAC:0x8A1 TSDU bch_err=0 raw=0x7
2026-04-19 17:56:32.518 ,PASSED,control  NAC:0x8A1 TSDU bch_err=0 raw=0x7
2026-04-19 17:56:32.521 ,PASSED,control  NAC:0x8A1 TSDU bch_err=0 raw=0x7
2026-04-19 17:56:32.526 ,CORRECTED,control  NAC:0x8A1 TSDU bch_err=1 raw=0x3
2026-04-19 17:56:32.528 ,PASSED,control  NAC:0x8A1 TSDU bch_err=0 raw=0x7
2026-04-19 17:56:32.531 ,PASSED,control  NAC:0x8A1 TSDU bch_err=0 raw=0x7
2026-04-19 17:56:32.534 ,PASSED,control  NAC:0x8A1 TSDU bch_err=0 raw=0x7
2026-04-19 17:56:32.537 ,PASSED,control  NAC:0x8A1 TSDU bch_err=0 raw=0x7
2026-04-19 17:56:32.541 ,CORRECTED,control  NAC:0x8A1 TSDU bch_err=1 raw=0x3
2026-04-19 17:56:32.544 ,PASSED,control  NAC:0x8A1 TSDU bch_err=0 raw=0x7
2026-04-19 17:56:32.720 ,CORRECTED,traffic  NAC:0x8A1 LDU1 bch_err=4 raw=0x5
2026-04-19 17:56:32.720 ,PASSED,traffic  NAC:0x8A1 LDU1 bch_err=0 raw=?
2026-04-19 17:56:32.725 ,CORRECTED,traffic  NAC:0x8A1 LDU1 bch_err=6 raw=0x5
2026-04-19 17:56:32.725 ,PASSED,traffic  NAC:0x8A1 LDU1 bch_err=0 raw=?
2026-04-19 17:56:32.728 ,PASSED,traffic  NAC:0x8A1 LDU2 bch_err=0 raw=0xA
2026-04-19 17:56:32.728 ,PASSED,traffic  NAC:0x8A1 LDU2 bch_err=0 raw=?
2026-04-19 17:56:32.732 ,CORRECTED,traffic  NAC:0x8A1 LDU1 bch_err=1 raw=0x5
2026-04-19 17:56:32.733 ,PASSED,traffic  NAC:0x8A1 LDU1 bch_err=0 raw=?
2026-04-19 17:56:32.735 ,PASSED,traffic  NAC:0x8A1 LDU2 bch_err=0 raw=0xA
2026-04-19 17:56:32.735 ,PASSED,traffic  NAC:0x8A1 LDU2 bch_err=0 raw=?
2026-04-19 17:56:32.739 ,CORRECTED,traffic  NAC:0x8A1 LDU1 bch_err=4 raw=0x5
2026-04-19 17:56:32.740 ,PASSED,traffic  NAC:0x8A1 LDU1 bch_err=0 raw=?
2026-04-19 17:56:32.742 ,PASSED,traffic  NAC:0x8A1 LDU2 bch_err=0 raw=0xA
2026-04-19 17:56:32.742 ,PASSED,traffic  NAC:0x8A1 LDU2 bch_err=0 raw=?
2026-04-19 17:56:32.745 ,PASSED,traffic  NAC:0x8A1 LDU1 bch_err=0 raw=0x5
2026-04-19 17:56:32.745 ,PASSED,traffic  NAC:0x8A1 LDU1 bch_err=0 raw=?
2026-04-19 17:56:32.749 ,CORRECTED,traffic  NAC:0x8A1 LDU2 bch_err=1 raw=0xA
2026-04-19 17:56:32.750 ,PASSED,traffic  NAC:0x8A1 LDU2 bch_err=0 raw=?
2026-04-19 17:56:32.754 ,CORRECTED,traffic  NAC:0x8A1 LDU1 bch_err=1 raw=0x5
2026-04-19 17:56:32.754 ,PASSED,traffic  NAC:0x8A1 LDU1 bch_err=0 raw=?
2026-04-19 17:56:32.756 ,PASSED,traffic  NAC:0x8A1 LDU2 bch_err=0 raw=0xA
2026-04-19 17:56:32.757 ,PASSED,traffic  NAC:0x8A1 LDU2 bch_err=0 raw=?
2026-04-19 17:56:32.759 ,PASSED,traffic  NAC:0x8A1 TDU_LC bch_err=0 raw=0xF
2026-04-19 17:56:32.759 ,PASSED,traffic  NAC:0x8A1 TDU_LC bch_err=0 raw=?
2026-04-19 17:56:32.762 ,PASSED,traffic  NAC:0x8A1 TDU_LC bch_err=0 raw=0xF
2026-04-19 17:56:32.762 ,PASSED,traffic  NAC:0x8A1 TDU_LC bch_err=0 raw=?
2026-04-19 17:56:32.766 ,CORRECTED,traffic  NAC:0x8A1 TDU_LC bch_err=1 raw=0xF
2026-04-19 17:56:32.766 ,PASSED,traffic  NAC:0x8A1 TDU_LC bch_err=0 raw=?
2026-04-19 17:56:32.768 ,PASSED,traffic  NAC:0x8A1 TDU_LC bch_err=0 raw=0xF
2026-04-19 17:56:32.769 ,PASSED,traffic  NAC:0x8A1 TDU_LC bch_err=0 raw=?
2026-04-19 17:56:32.771 ,PASSED,traffic  NAC:0x8A1 TDU_LC bch_err=0 raw=0xF
2026-04-19 17:56:32.771 ,PASSED,traffic  NAC:0x8A1 TDU_LC bch_err=0 raw=?
2026-04-19 17:56:32.775 ,CORRECTED,traffic  NAC:0x8A1 TDU_LC bch_err=1 raw=0xF
2026-04-19 17:56:32.775 ,PASSED,traffic  NAC:0x8A1 TDU_LC bch_err=0 raw=?
2026-04-19 17:56:32.778 ,PASSED,traffic  NAC:0x8A1 TDU_LC bch_err=0 raw=0xF
2026-04-19 17:56:32.778 ,PASSED,traffic  NAC:0x8A1 TDU_LC bch_err=0 raw=?
2026-04-19 17:56:32.780 ,PASSED,traffic  NAC:0x8A1 TDU_LC bch_err=0 raw=0xF
2026-04-19 17:56:32.780 ,PASSED,traffic  NAC:0x8A1 TDU_LC bch_err=0 raw=?
2026-04-19 17:56:32.783 ,PASSED,traffic  NAC:0x8A1 TDU_LC bch_err=0 raw=0xF
2026-04-19 17:56:32.783 ,PASSED,traffic  NAC:0x8A1 TDU_LC bch_err=0 raw=?
2026-04-19 17:56:32.785 ,PASSED,traffic  NAC:0x8A1 TDU_LC bch_err=0 raw=0xF
2026-04-19 17:56:32.785 ,PASSED,traffic  NAC:0x8A1 TDU_LC bch_err=0 raw=?
2026-04-19 17:56:32.788 ,PASSED,traffic  NAC:0x8A1 TDU_LC bch_err=0 raw=0xF
2026-04-19 17:56:35.822 ,PASSED,control  NAC:0x8A1 TSDU bch_err=0 raw=0x7
2026-04-19 17:56:35.825 ,PASSED,control  NAC:0x8A1 TSDU bch_err=0 raw=0x7
2026-04-19 17:56:35.827 ,PASSED,control  NAC:0x8A1 TSDU bch_err=0 raw=0x7
2026-04-19 17:56:35.830 ,PASSED,control  NAC:0x8A1 TSDU bch_err=0 raw=0x7
2026-04-19 17:56:35.833 ,PASSED,control  NAC:0x8A1 TSDU bch_err=0 raw=0x7
2026-04-19 17:56:35.836 ,PASSED,control  NAC:0x8A1 TSDU bch_err=0 raw=0x7
2026-04-19 17:56:35.838 ,PASSED,control  NAC:0x8A1 TSDU bch_err=0 raw=0x7
2026-04-19 17:56:35.841 ,PASSED,control  NAC:0x8A1 TSDU bch_err=0 raw=0x7
2026-04-19 17:56:35.846 ,CORRECTED,control  NAC:0x8A1 TSDU bch_err=1 raw=0x7
2026-04-19 17:56:35.849 ,PASSED,control  NAC:0x8A1 TSDU bch_err=0 raw=0x7
2026-04-19 17:56:35.854 ,CORRECTED,control  NAC:0x8A1 TSDU bch_err=5 raw=0x2
2026-04-19 17:56:35.859 ,CORRECTED,control  NAC:0x8A1 TSDU bch_err=3 raw=0x6
2026-04-19 17:56:35.863 ,PASSED,control  NAC:0x8A1 TSDU bch_err=0 raw=0x7
2026-04-19 17:56:35.868 ,CORRECTED,control  NAC:0x8A1 TSDU bch_err=5 raw=0x2
2026-04-19 17:56:35.874 ,CORRECTED,control  NAC:0x8A1 TSDU bch_err=7 raw=0x7
2026-04-19 17:56:35.878 ,PASSED,control  NAC:0x8A1 TSDU bch_err=0 raw=0x7
2026-04-19 17:56:35.881 ,PASSED,control  NAC:0x8A1 TSDU bch_err=0 raw=0x7
2026-04-19 17:56:35.885 ,PASSED,control  NAC:0x8A1 TSDU bch_err=0 raw=0x7
2026-04-19 17:56:35.888 ,PASSED,control  NAC:0x8A1 TSDU bch_err=0 raw=0x7
2026-04-19 17:56:35.892 ,PASSED,control  NAC:0x8A1 TSDU bch_err=0 raw=0x7
2026-04-19 17:56:35.895 ,PASSED,control  NAC:0x8A1 TSDU bch_err=0 raw=0x7
2026-04-19 17:56:35.899 ,PASSED,control  NAC:0x8A1 TSDU bch_err=0 raw=0x7
2026-04-19 17:56:35.903 ,PASSED,control  NAC:0x8A1 TSDU bch_err=0 raw=0x7
2026-04-19 17:56:35.907 ,PASSED,control  NAC:0x8A1 TSDU bch_err=0 raw=0x7
2026-04-19 17:56:35.911 ,PASSED,control  NAC:0x8A1 TSDU bch_err=0 raw=0x7
2026-04-19 17:56:35.915 ,PASSED,control  NAC:0x8A1 TSDU bch_err=0 raw=0x7
2026-04-19 17:56:35.918 ,PASSED,control  NAC:0x8A1 TSDU bch_err=0 raw=0x7
2026-04-19 17:56:35.921 ,PASSED,control  NAC:0x8A1 TSDU bch_err=0 raw=0x7
2026-04-19 17:56:35.924 ,PASSED,control  NAC:0x8A1 TSDU bch_err=0 raw=0x7
2026-04-19 17:56:35.927 ,PASSED,control  NAC:0x8A1 TSDU bch_err=0 raw=0x7
2026-04-19 17:56:35.929 ,PASSED,control  NAC:0x8A1 TSDU bch_err=0 raw=0x7
2026-04-19 17:56:35.932 ,PASSED,control  NAC:0x8A1 TSDU bch_err=0 raw=0x7
2026-04-19 17:56:35.935 ,PASSED,control  NAC:0x8A1 TSDU bch_err=0 raw=0x7
2026-04-19 17:56:35.938 ,PASSED,control  NAC:0x8A1 TSDU bch_err=0 raw=0x7
2026-04-19 17:56:35.940 ,PASSED,control  NAC:0x8A1 TSDU bch_err=0 raw=0x7
2026-04-19 17:56:35.943 ,PASSED,control  NAC:0x8A1 TSDU bch_err=0 raw=0x7
2026-04-19 17:56:35.948 ,CORRECTED,control  NAC:0x8A1 TSDU bch_err=3 raw=0x7
2026-04-19 17:56:35.952 ,CORRECTED,control  NAC:0x8A1 TSDU bch_err=4 raw=0x7
2026-04-19 17:56:35.957 ,CORRECTED,control  NAC:0x8A1 TSDU bch_err=3 raw=0x7
2026-04-19 17:56:35.959 ,PASSED,control  NAC:0x8A1 TSDU bch_err=0 raw=0x7
2026-04-19 17:56:35.962 ,PASSED,control  NAC:0x8A1 TSDU bch_err=0 raw=0x7
2026-04-19 17:56:35.966 ,CORRECTED,control  NAC:0x8A1 TSDU bch_err=4 raw=0x7
2026-04-19 17:56:35.970 ,PASSED,control  NAC:0x8A1 TSDU bch_err=0 raw=0x7
2026-04-19 17:56:35.973 ,PASSED,control  NAC:0x8A1 TSDU bch_err=0 raw=0x7
2026-04-19 17:56:37.422 ,CORRECTED,traffic  NAC:0x8A1 TDU_LC bch_err=1 raw=0xF
2026-04-19 17:56:37.422 ,PASSED,traffic  NAC:0x8A1 TDU_LC bch_err=0 raw=?
2026-04-19 17:56:37.425 ,PASSED,traffic  NAC:0x8A1 TDU_LC bch_err=0 raw=0xF
2026-04-19 17:56:37.425 ,PASSED,traffic  NAC:0x8A1 TDU_LC bch_err=0 raw=?
2026-04-19 17:56:37.427 ,PASSED,traffic  NAC:0x8A1 TDU_LC bch_err=0 raw=0xF
2026-04-19 17:56:37.428 ,PASSED,traffic  NAC:0x8A1 TDU_LC bch_err=0 raw=?
2026-04-19 17:56:37.430 ,PASSED,traffic  NAC:0x8A1 TDU_LC bch_err=0 raw=0xF
2026-04-19 17:56:37.430 ,PASSED,traffic  NAC:0x8A1 TDU_LC bch_err=0 raw=?
2026-04-19 17:56:37.432 ,PASSED,traffic  NAC:0x8A1 TDU_LC bch_err=0 raw=0xF
2026-04-19 17:56:37.433 ,PASSED,traffic  NAC:0x8A1 TDU_LC bch_err=0 raw=?
2026-04-19 17:56:37.435 ,PASSED,traffic  NAC:0x8A1 TDU_LC bch_err=0 raw=0xF
2026-04-19 17:56:37.435 ,PASSED,traffic  NAC:0x8A1 TDU_LC bch_err=0 raw=?
2026-04-19 17:56:37.439 ,CORRECTED,traffic  NAC:0x8A1 TDU_LC bch_err=1 raw=0xF
2026-04-19 17:56:37.439 ,PASSED,traffic  NAC:0x8A1 TDU_LC bch_err=0 raw=?
2026-04-19 17:56:37.442 ,PASSED,traffic  NAC:0x8A1 TDU_LC bch_err=0 raw=0xF
2026-04-19 17:56:37.442 ,PASSED,traffic  NAC:0x8A1 TDU_LC bch_err=0 raw=?
2026-04-19 17:56:37.446 ,CORRECTED,traffic  NAC:0x8A1 TDU_LC bch_err=1 raw=0xF
2026-04-19 17:56:37.446 ,PASSED,traffic  NAC:0x8A1 TDU_LC bch_err=0 raw=?
2026-04-19 17:56:37.449 ,PASSED,traffic  NAC:0x8A1 TDU_LC bch_err=0 raw=0xF
2026-04-19 17:56:37.449 ,PASSED,traffic  NAC:0x8A1 TDU_LC bch_err=0 raw=?
2026-04-19 17:56:37.451 ,PASSED,traffic  NAC:0x8A1 TDU_LC bch_err=0 raw=0xF
2026-04-19 17:56:37.451 ,PASSED,traffic  NAC:0x8A1 TDU_LC bch_err=0 raw=?
2026-04-19 17:56:37.454 ,PASSED,traffic  NAC:0x8A1 TDU_LC bch_err=0 raw=0xF
2026-04-19 17:56:37.454 ,PASSED,traffic  NAC:0x8A1 TDU_LC bch_err=0 raw=?
2026-04-19 17:56:37.456 ,PASSED,traffic  NAC:0x8A1 TDU_LC bch_err=0 raw=0xF
2026-04-19 17:56:37.457 ,PASSED,traffic  NAC:0x8A1 TDU_LC bch_err=0 raw=?
2026-04-19 17:56:37.459 ,PASSED,traffic  NAC:0x8A1 TDU_LC bch_err=0 raw=0xF
2026-04-19 17:56:37.459 ,PASSED,traffic  NAC:0x8A1 TDU_LC bch_err=0 raw=?
2026-04-19 17:56:37.461 ,PASSED,traffic  NAC:0x8A1 TDU_LC bch_err=0 raw=0xF
2026-04-19 17:56:37.462 ,PASSED,traffic  NAC:0x8A1 TDU_LC bch_err=0 raw=?
2026-04-19 17:56:37.464 ,PASSED,traffic  NAC:0x8A1 TDU_LC bch_err=0 raw=0xF
2026-04-19 17:56:37.464 ,PASSED,traffic  NAC:0x8A1 TDU_LC bch_err=0 raw=?
2026-04-19 17:56:37.466 ,PASSED,traffic  NAC:0x8A1 TDU_LC bch_err=0 raw=0xF
2026-04-19 17:56:37.467 ,PASSED,traffic  NAC:0x8A1 TDU_LC bch_err=0 raw=?
2026-04-19 17:56:37.469 ,PASSED,traffic  NAC:0x8A1 TDU_LC bch_err=0 raw=0xF
2026-04-19 17:56:37.469 ,PASSED,traffic  NAC:0x8A1 TDU_LC bch_err=0 raw=?
2026-04-19 17:56:37.471 ,PASSED,traffic  NAC:0x8A1 TDU_LC bch_err=0 raw=0xF
2026-04-19 17:56:37.472 ,PASSED,traffic  NAC:0x8A1 TDU_LC bch_err=0 raw=?
2026-04-19 17:56:37.474 ,PASSED,traffic  NAC:0x8A1 TDU_LC bch_err=0 raw=0xF
2026-04-19 17:56:37.474 ,PASSED,traffic  NAC:0x8A1 TDU_LC bch_err=0 raw=?
2026-04-19 17:56:37.476 ,PASSED,traffic  NAC:0x8A1 TDU_LC bch_err=0 raw=0xF
2026-04-19 17:56:37.477 ,PASSED,traffic  NAC:0x8A1 TDU_LC bch_err=0 raw=?
2026-04-19 17:56:37.479 ,PASSED,traffic  NAC:0x8A1 TDU_LC bch_err=0 raw=0xF
2026-04-19 17:56:37.479 ,PASSED,traffic  NAC:0x8A1 TDU_LC bch_err=0 raw=?
2026-04-19 17:56:37.481 ,PASSED,traffic  NAC:0x8A1 TDU_LC bch_err=0 raw=0xF
2026-04-19 17:56:37.482 ,PASSED,traffic  NAC:0x8A1 TDU_LC bch_err=0 raw=?
2026-04-19 17:56:37.484 ,PASSED,traffic  NAC:0x8A1 TDU_LC bch_err=0 raw=0xF
2026-04-19 17:56:37.484 ,PASSED,traffic  NAC:0x8A1 TDU_LC bch_err=0 raw=?
2026-04-19 17:56:37.487 ,PASSED,traffic  NAC:0x8A1 TDU_LC bch_err=0 raw=0xF
2026-04-19 17:56:37.487 ,PASSED,traffic  NAC:0x8A1 TDU_LC bch_err=0 raw=?
2026-04-19 17:56:37.489 ,PASSED,traffic  NAC:0x8A1 TDU_LC bch_err=0 raw=0xF
2026-04-19 17:56:37.489 ,PASSED,traffic  NAC:0x8A1 TDU_LC bch_err=0 raw=?
2026-04-19 17:56:37.492 ,PASSED,traffic  NAC:0x8A1 TDU_LC bch_err=0 raw=0xF
2026-04-19 17:56:37.492 ,PASSED,traffic  NAC:0x8A1 TDU_LC bch_err=0 raw=?
2026-04-19 17:56:37.494 ,PASSED,traffic  NAC:0x8A1 TDU_LC bch_err=0 raw=0xF
2026-04-19 17:56:37.494 ,PASSED,traffic  NAC:0x8A1 TDU_LC bch_err=0 raw=?
2026-04-19 17:56:37.497 ,PASSED,traffic  NAC:0x8A1 TDU_LC bch_err=0 raw=0xF
2026-04-19 17:56:37.497 ,PASSED,traffic  NAC:0x8A1 TDU_LC bch_err=0 raw=?
2026-04-19 17:56:39.236 ,PASSED,control  NAC:0x8A1 TSDU bch_err=0 raw=0x7
2026-04-19 17:56:39.239 ,PASSED,control  NAC:0x8A1 TSDU bch_err=0 raw=0x7
2026-04-19 17:56:39.244 ,PASSED,control  NAC:0x8A1 TSDU bch_err=0 raw=0x7
2026-04-19 17:56:39.247 ,PASSED,control  NAC:0x8A1 TSDU bch_err=0 raw=0x7
2026-04-19 17:56:39.251 ,PASSED,control  NAC:0x8A1 TSDU bch_err=0 raw=0x7
2026-04-19 17:56:39.255 ,PASSED,control  NAC:0x8A1 TSDU bch_err=0 raw=0x7
2026-04-19 17:56:39.259 ,PASSED,control  NAC:0x8A1 TSDU bch_err=0 raw=0x7
2026-04-19 17:56:39.263 ,PASSED,control  NAC:0x8A1 TSDU bch_err=0 raw=0x7
2026-04-19 17:56:39.267 ,PASSED,control  NAC:0x8A1 TSDU bch_err=0 raw=0x7
2026-04-19 17:56:39.272 ,PASSED,control  NAC:0x8A1 TSDU bch_err=0 raw=0x7
2026-04-19 17:56:39.275 ,PASSED,control  NAC:0x8A1 TSDU bch_err=0 raw=0x7
2026-04-19 17:56:39.279 ,PASSED,control  NAC:0x8A1 TSDU bch_err=0 raw=0x7
2026-04-19 17:56:39.286 ,CORRECTED,control  NAC:0x8A1 TSDU bch_err=8 raw=0x3
2026-04-19 17:56:39.289 ,PASSED,control  NAC:0x8A1 TSDU bch_err=0 raw=0x7
2026-04-19 17:56:39.299 ,PASSED,control  NAC:0x8A1 TSDU bch_err=0 raw=0x7
2026-04-19 17:56:39.302 ,PASSED,control  NAC:0x8A1 TSDU bch_err=0 raw=0x7
2026-04-19 17:56:39.305 ,PASSED,control  NAC:0x8A1 TSDU bch_err=0 raw=0x7
2026-04-19 17:56:39.308 ,PASSED,control  NAC:0x8A1 TSDU bch_err=0 raw=0x7
2026-04-19 17:56:39.312 ,PASSED,control  NAC:0x8A1 TSDU bch_err=0 raw=0x7
2026-04-19 17:56:39.315 ,PASSED,control  NAC:0x8A1 TSDU bch_err=0 raw=0x7
2026-04-19 17:56:39.318 ,PASSED,control  NAC:0x8A1 TSDU bch_err=0 raw=0x7
2026-04-19 17:56:39.321 ,PASSED,control  NAC:0x8A1 TSDU bch_err=0 raw=0x7
2026-04-19 17:56:39.325 ,PASSED,control  NAC:0x8A1 TSDU bch_err=0 raw=0x7
2026-04-19 17:56:39.328 ,PASSED,control  NAC:0x8A1 TSDU bch_err=0 raw=0x7
2026-04-19 17:56:39.332 ,PASSED,control  NAC:0x8A1 TSDU bch_err=0 raw=0x7
2026-04-19 17:56:39.337 ,CORRECTED,control  NAC:0x8A1 TSDU bch_err=3 raw=0x2
2026-04-19 17:56:39.340 ,PASSED,control  NAC:0x8A1 TSDU bch_err=0 raw=0x7
2026-04-19 17:56:39.343 ,PASSED,control  NAC:0x8A1 TSDU bch_err=0 raw=0x7
2026-04-19 17:56:39.346 ,PASSED,control  NAC:0x8A1 TSDU bch_err=0 raw=0x7
2026-04-19 17:56:39.349 ,PASSED,control  NAC:0x8A1 TSDU bch_err=0 raw=0x7
2026-04-19 17:56:39.352 ,PASSED,control  NAC:0x8A1 TSDU bch_err=0 raw=0x7
2026-04-19 17:56:39.356 ,PASSED,control  NAC:0x8A1 TSDU bch_err=0 raw=0x7
2026-04-19 17:56:39.361 ,CORRECTED,control  NAC:0x8A1 TSDU bch_err=2 raw=0x7
2026-04-19 17:56:39.365 ,PASSED,control  NAC:0x8A1 TSDU bch_err=0 raw=0x7
2026-04-19 17:56:39.368 ,PASSED,control  NAC:0x8A1 TSDU bch_err=0 raw=0x7
2026-04-19 17:56:39.372 ,PASSED,control  NAC:0x8A1 TSDU bch_err=0 raw=0x7
2026-04-19 17:56:39.376 ,PASSED,control  NAC:0x8A1 TSDU bch_err=0 raw=0x7
2026-04-19 17:56:39.380 ,PASSED,control  NAC:0x8A1 TSDU bch_err=0 raw=0x7
2026-04-19 17:56:39.383 ,PASSED,control  NAC:0x8A1 TSDU bch_err=0 raw=0x7
2026-04-19 17:56:39.386 ,PASSED,control  NAC:0x8A1 TSDU bch_err=0 raw=0x7
2026-04-19 17:56:41.466 ,PASSED,traffic  NAC:0x8A1 LDU1 bch_err=0 raw=0x5
2026-04-19 17:56:41.466 ,PASSED,traffic  NAC:0x8A1 LDU1 bch_err=0 raw=?
2026-04-19 17:56:41.468 ,PASSED,traffic  NAC:0x8A1 LDU2 bch_err=0 raw=0xA
2026-04-19 17:56:41.469 ,PASSED,traffic  NAC:0x8A1 LDU2 bch_err=0 raw=?
2026-04-19 17:56:41.471 ,PASSED,traffic  NAC:0x8A1 LDU1 bch_err=0 raw=0x5
2026-04-19 17:56:41.471 ,PASSED,traffic  NAC:0x8A1 LDU1 bch_err=0 raw=?
2026-04-19 17:56:41.474 ,PASSED,traffic  NAC:0x8A1 LDU2 bch_err=0 raw=0xA
2026-04-19 17:56:41.474 ,PASSED,traffic  NAC:0x8A1 LDU2 bch_err=0 raw=?
2026-04-19 17:56:41.476 ,PASSED,traffic  NAC:0x8A1 LDU1 bch_err=0 raw=0x5
2026-04-19 17:56:41.476 ,PASSED,traffic  NAC:0x8A1 LDU1 bch_err=0 raw=?
2026-04-19 17:56:41.479 ,PASSED,traffic  NAC:0x8A1 LDU2 bch_err=0 raw=0xA
2026-04-19 17:56:41.479 ,PASSED,traffic  NAC:0x8A1 LDU2 bch_err=0 raw=?
2026-04-19 17:56:41.482 ,PASSED,traffic  NAC:0x8A1 LDU1 bch_err=0 raw=0x5
2026-04-19 17:56:41.482 ,PASSED,traffic  NAC:0x8A1 LDU1 bch_err=0 raw=?
2026-04-19 17:56:41.484 ,PASSED,traffic  NAC:0x8A1 LDU2 bch_err=0 raw=0xA
2026-04-19 17:56:41.485 ,PASSED,traffic  NAC:0x8A1 LDU2 bch_err=0 raw=?
2026-04-19 17:56:41.487 ,PASSED,traffic  NAC:0x8A1 LDU1 bch_err=0 raw=0x5
2026-04-19 17:56:41.487 ,PASSED,traffic  NAC:0x8A1 LDU1 bch_err=0 raw=?
2026-04-19 17:56:41.490 ,PASSED,traffic  NAC:0x8A1 LDU2 bch_err=0 raw=0xA
2026-04-19 17:56:41.490 ,PASSED,traffic  NAC:0x8A1 LDU2 bch_err=0 raw=?
2026-04-19 17:56:41.492 ,PASSED,traffic  NAC:0x8A1 LDU1 bch_err=0 raw=0x5
2026-04-19 17:56:42.651 ,CORRECTED,control  NAC:0x8A1 TSDU bch_err=2 raw=0x7
2026-04-19 17:56:42.656 ,CORRECTED,control  NAC:0x8A1 TSDU bch_err=1 raw=0x7
2026-04-19 17:56:42.659 ,PASSED,control  NAC:0x8A1 TSDU bch_err=0 raw=0x7
2026-04-19 17:56:42.667 ,PASSED,control  NAC:0x8A1 TSDU bch_err=0 raw=0x7
2026-04-19 17:56:42.669 ,PASSED,control  NAC:0x8A1 TSDU bch_err=0 raw=0x7
2026-04-19 17:56:42.672 ,PASSED,control  NAC:0x8A1 TSDU bch_err=0 raw=0x7
2026-04-19 17:56:42.675 ,PASSED,control  NAC:0x8A1 TSDU bch_err=0 raw=0x7
2026-04-19 17:56:42.677 ,PASSED,control  NAC:0x8A1 TSDU bch_err=0 raw=0x7
2026-04-19 17:56:42.680 ,PASSED,control  NAC:0x8A1 TSDU bch_err=0 raw=0x7
2026-04-19 17:56:42.693 ,PASSED,control  NAC:0x8A1 TSDU bch_err=0 raw=0x7
2026-04-19 17:56:42.698 ,CORRECTED,control  NAC:0x8A1 TSDU bch_err=2 raw=0x7
2026-04-19 17:56:42.711 ,PASSED,control  NAC:0x8A1 TSDU bch_err=0 raw=0x7
2026-04-19 17:56:42.714 ,PASSED,control  NAC:0x8A1 TSDU bch_err=0 raw=0x7
2026-04-19 17:56:42.716 ,PASSED,control  NAC:0x8A1 TSDU bch_err=0 raw=0x7
2026-04-19 17:56:42.719 ,PASSED,control  NAC:0x8A1 TSDU bch_err=0 raw=0x7
2026-04-19 17:56:42.727 ,PASSED,control  NAC:0x8A1 TSDU bch_err=0 raw=0x7
2026-04-19 17:56:42.729 ,PASSED,control  NAC:0x8A1 TSDU bch_err=0 raw=0x7
2026-04-19 17:56:42.732 ,PASSED,control  NAC:0x8A1 TSDU bch_err=0 raw=0x7
2026-04-19 17:56:42.735 ,PASSED,control  NAC:0x8A1 TSDU bch_err=0 raw=0x7
2026-04-19 17:56:42.738 ,PASSED,control  NAC:0x8A1 TSDU bch_err=0 raw=0x7
2026-04-19 17:56:42.745 ,PASSED,control  NAC:0x8A1 TSDU bch_err=0 raw=0x7
2026-04-19 17:56:42.748 ,PASSED,control  NAC:0x8A1 TSDU bch_err=0 raw=0x7
2026-04-19 17:56:42.751 ,PASSED,control  NAC:0x8A1 TSDU bch_err=0 raw=0x7
2026-04-19 17:56:42.753 ,PASSED,control  NAC:0x8A1 TSDU bch_err=0 raw=0x7
2026-04-19 17:56:42.756 ,PASSED,control  NAC:0x8A1 TSDU bch_err=0 raw=0x7
2026-04-19 17:56:42.758 ,PASSED,control  NAC:0x8A1 TSDU bch_err=0 raw=0x7
2026-04-19 17:56:42.762 ,PASSED,control  NAC:0x8A1 TSDU bch_err=0 raw=0x7
2026-04-19 17:56:42.764 ,PASSED,control  NAC:0x8A1 TSDU bch_err=0 raw=0x7
2026-04-19 17:56:42.767 ,PASSED,control  NAC:0x8A1 TSDU bch_err=0 raw=0x7
2026-04-19 17:56:42.770 ,PASSED,control  NAC:0x8A1 TSDU bch_err=0 raw=0x7
2026-04-19 17:56:42.783 ,PASSED,control  NAC:0x8A1 TSDU bch_err=0 raw=0x7
2026-04-19 17:56:42.785 ,PASSED,control  NAC:0x8A1 TSDU bch_err=0 raw=0x7
2026-04-19 17:56:42.788 ,PASSED,control  NAC:0x8A1 TSDU bch_err=0 raw=0x7
2026-04-19 17:56:42.795 ,PASSED,control  NAC:0x8A1 TSDU bch_err=0 raw=0x7
2026-04-19 17:56:42.798 ,PASSED,control  NAC:0x8A1 TSDU bch_err=0 raw=0x7
2026-04-19 17:56:42.800 ,PASSED,control  NAC:0x8A1 TSDU bch_err=0 raw=0x7
2026-04-19 17:56:42.803 ,PASSED,control  NAC:0x8A1 TSDU bch_err=0 raw=0x7
2026-04-19 17:56:42.806 ,PASSED,control  NAC:0x8A1 TSDU bch_err=0 raw=0x7
2026-04-19 17:56:42.808 ,PASSED,control  NAC:0x8A1 TSDU bch_err=0 raw=0x7
2026-04-19 17:56:42.814 ,PASSED,control  NAC:0x8A1 TSDU bch_err=0 raw=0x7
2026-04-19 17:56:42.817 ,PASSED,control  NAC:0x8A1 TSDU bch_err=0 raw=0x7
2026-04-19 17:56:42.820 ,PASSED,control  NAC:0x8A1 TSDU bch_err=0 raw=0x7
2026-04-19 17:56:42.822 ,PASSED,control  NAC:0x8A1 TSDU bch_err=0 raw=0x7
2026-04-19 17:56:42.825 ,PASSED,control  NAC:0x8A1 TSDU bch_err=0 raw=0x7
2026-04-19 17:56:44.875 ,PASSED,traffic  NAC:0x8A1 LDU1 bch_err=0 raw=?
2026-04-19 17:56:44.878 ,PASSED,traffic  NAC:0x8A1 LDU2 bch_err=0 raw=0xA
2026-04-19 17:56:44.878 ,PASSED,traffic  NAC:0x8A1 LDU2 bch_err=0 raw=?
2026-04-19 17:56:44.883 ,CORRECTED,traffic  NAC:0x8A1 LDU1 bch_err=1 raw=0x5
2026-04-19 17:56:44.883 ,PASSED,traffic  NAC:0x8A1 LDU1 bch_err=0 raw=?
2026-04-19 17:56:44.885 ,PASSED,traffic  NAC:0x8A1 LDU2 bch_err=0 raw=0xA
2026-04-19 17:56:44.886 ,PASSED,traffic  NAC:0x8A1 LDU2 bch_err=0 raw=?
2026-04-19 17:56:44.888 ,PASSED,traffic  NAC:0x8A1 LDU1 bch_err=0 raw=0x5
2026-04-19 17:56:44.888 ,PASSED,traffic  NAC:0x8A1 LDU1 bch_err=0 raw=?
2026-04-19 17:56:44.891 ,PASSED,traffic  NAC:0x8A1 LDU2 bch_err=0 raw=0xA
2026-04-19 17:56:44.891 ,PASSED,traffic  NAC:0x8A1 LDU2 bch_err=0 raw=?
2026-04-19 17:56:44.893 ,PASSED,traffic  NAC:0x8A1 LDU1 bch_err=0 raw=0x5
2026-04-19 17:56:44.894 ,PASSED,traffic  NAC:0x8A1 LDU1 bch_err=0 raw=?
2026-04-19 17:56:44.896 ,PASSED,traffic  NAC:0x8A1 LDU2 bch_err=0 raw=0xA
2026-04-19 17:56:44.896 ,PASSED,traffic  NAC:0x8A1 LDU2 bch_err=0 raw=?
2026-04-19 17:56:44.899 ,PASSED,traffic  NAC:0x8A1 LDU1 bch_err=0 raw=0x5
2026-04-19 17:56:44.899 ,PASSED,traffic  NAC:0x8A1 LDU1 bch_err=0 raw=?
2026-04-19 17:56:44.901 ,PASSED,traffic  NAC:0x8A1 LDU2 bch_err=0 raw=0xA
2026-04-19 17:56:44.902 ,PASSED,traffic  NAC:0x8A1 LDU2 bch_err=0 raw=?
2026-04-19 17:56:44.904 ,PASSED,traffic  NAC:0x8A1 LDU1 bch_err=0 raw=0x5
2026-04-19 17:56:44.904 ,PASSED,traffic  NAC:0x8A1 LDU1 bch_err=0 raw=?
2026-04-19 17:56:44.909 ,CORRECTED,traffic  NAC:0x8A1 TDU_LC bch_err=1 raw=0xF
2026-04-19 17:56:44.909 ,PASSED,traffic  NAC:0x8A1 TDU_LC bch_err=0 raw=?
2026-04-19 17:56:44.911 ,PASSED,traffic  NAC:0x8A1 TDU_LC bch_err=0 raw=0xF
2026-04-19 17:56:44.911 ,PASSED,traffic  NAC:0x8A1 TDU_LC bch_err=0 raw=?
2026-04-19 17:56:44.914 ,PASSED,traffic  NAC:0x8A1 TDU_LC bch_err=0 raw=0xF
2026-04-19 17:56:44.914 ,PASSED,traffic  NAC:0x8A1 TDU_LC bch_err=0 raw=?
2026-04-19 17:56:44.916 ,PASSED,traffic  NAC:0x8A1 TDU_LC bch_err=0 raw=0xF
2026-04-19 17:56:44.916 ,PASSED,traffic  NAC:0x8A1 TDU_LC bch_err=0 raw=?
2026-04-19 17:56:44.919 ,PASSED,traffic  NAC:0x8A1 TDU_LC bch_err=0 raw=0xF
2026-04-19 17:56:44.919 ,PASSED,traffic  NAC:0x8A1 TDU_LC bch_err=0 raw=?
2026-04-19 17:56:44.921 ,PASSED,traffic  NAC:0x8A1 TDU_LC bch_err=0 raw=0xF
2026-04-19 17:56:44.921 ,PASSED,traffic  NAC:0x8A1 TDU_LC bch_err=0 raw=?
2026-04-19 17:56:44.924 ,PASSED,traffic  NAC:0x8A1 TDU_LC bch_err=0 raw=0xF
2026-04-19 17:56:44.924 ,PASSED,traffic  NAC:0x8A1 TDU_LC bch_err=0 raw=?
2026-04-19 17:56:44.926 ,PASSED,traffic  NAC:0x8A1 TDU_LC bch_err=0 raw=0xF
2026-04-19 17:56:44.926 ,PASSED,traffic  NAC:0x8A1 TDU_LC bch_err=0 raw=?
2026-04-19 17:56:44.928 ,PASSED,traffic  NAC:0x8A1 TDU_LC bch_err=0 raw=0xF
2026-04-19 17:56:44.929 ,PASSED,traffic  NAC:0x8A1 TDU_LC bch_err=0 raw=?
2026-04-19 17:56:44.931 ,PASSED,traffic  NAC:0x8A1 TDU_LC bch_err=0 raw=0xF
2026-04-19 17:56:44.931 ,PASSED,traffic  NAC:0x8A1 TDU_LC bch_err=0 raw=?
2026-04-19 17:56:44.933 ,PASSED,traffic  NAC:0x8A1 TDU_LC bch_err=0 raw=0xF
2026-04-19 17:56:44.934 ,PASSED,traffic  NAC:0x8A1 TDU_LC bch_err=0 raw=?
2026-04-19 17:56:44.936 ,PASSED,traffic  NAC:0x8A1 TDU_LC bch_err=0 raw=0xF
2026-04-19 17:56:44.936 ,PASSED,traffic  NAC:0x8A1 TDU_LC bch_err=0 raw=?
2026-04-19 17:56:44.938 ,PASSED,traffic  NAC:0x8A1 TDU_LC bch_err=0 raw=0xF
2026-04-19 17:56:44.938 ,PASSED,traffic  NAC:0x8A1 TDU_LC bch_err=0 raw=?
2026-04-19 17:56:44.941 ,PASSED,traffic  NAC:0x8A1 TDU_LC bch_err=0 raw=0xF
2026-04-19 17:56:44.941 ,PASSED,traffic  NAC:0x8A1 TDU_LC bch_err=0 raw=?
2026-04-19 17:56:44.943 ,PASSED,traffic  NAC:0x8A1 TDU_LC bch_err=0 raw=0xF
2026-04-19 17:56:44.943 ,PASSED,traffic  NAC:0x8A1 TDU_LC bch_err=0 raw=?
2026-04-19 17:56:44.946 ,PASSED,traffic  NAC:0x8A1 TDU_LC bch_err=0 raw=0xF
2026-04-19 17:56:44.946 ,PASSED,traffic  NAC:0x8A1 TDU_LC bch_err=0 raw=?
2026-04-19 17:56:44.948 ,PASSED,traffic  NAC:0x8A1 TDU_LC bch_err=0 raw=0xF
2026-04-19 17:56:44.948 ,PASSED,traffic  NAC:0x8A1 TDU_LC bch_err=0 raw=?
2026-04-19 17:56:44.951 ,PASSED,traffic  NAC:0x8A1 TDU_LC bch_err=0 raw=0xF
2026-04-19 17:56:44.951 ,PASSED,traffic  NAC:0x8A1 TDU_LC bch_err=0 raw=?
2026-04-19 17:56:44.953 ,PASSED,traffic  NAC:0x8A1 TDU_LC bch_err=0 raw=0xF
2026-04-19 17:56:44.953 ,PASSED,traffic  NAC:0x8A1 TDU_LC bch_err=0 raw=?
2026-04-19 17:56:44.956 ,PASSED,traffic  NAC:0x8A1 TDU_LC bch_err=0 raw=0xF
2026-04-19 17:56:44.956 ,PASSED,traffic  NAC:0x8A1 TDU_LC bch_err=0 raw=?
2026-04-19 17:56:44.958 ,PASSED,traffic  NAC:0x8A1 TDU_LC bch_err=0 raw=0xF
2026-04-19 17:56:44.958 ,PASSED,traffic  NAC:0x8A1 TDU_LC bch_err=0 raw=?
2026-04-19 17:56:44.961 ,PASSED,traffic  NAC:0x8A1 TDU_LC bch_err=0 raw=0xF
2026-04-19 17:56:44.961 ,PASSED,traffic  NAC:0x8A1 TDU_LC bch_err=0 raw=?
2026-04-19 17:56:44.963 ,PASSED,traffic  NAC:0x8A1 TDU_LC bch_err=0 raw=0xF
2026-04-19 17:56:44.963 ,PASSED,traffic  NAC:0x8A1 TDU_LC bch_err=0 raw=?
2026-04-19 17:56:44.966 ,PASSED,traffic  NAC:0x8A1 TDU_LC bch_err=0 raw=0xF
2026-04-19 17:56:44.966 ,PASSED,traffic  NAC:0x8A1 TDU_LC bch_err=0 raw=?
2026-04-19 17:56:44.968 ,PASSED,traffic  NAC:0x8A1 TDU_LC bch_err=0 raw=0xF
2026-04-19 17:56:44.968 ,PASSED,traffic  NAC:0x8A1 TDU_LC bch_err=0 raw=?
2026-04-19 17:56:44.970 ,PASSED,traffic  NAC:0x8A1 TDU_LC bch_err=0 raw=0xF
2026-04-19 17:56:44.971 ,PASSED,traffic  NAC:0x8A1 TDU_LC bch_err=0 raw=?
2026-04-19 17:56:44.973 ,PASSED,traffic  NAC:0x8A1 TDU_LC bch_err=0 raw=0xF
2026-04-19 17:56:44.973 ,PASSED,traffic  NAC:0x8A1 TDU_LC bch_err=0 raw=?
2026-04-19 17:56:44.975 ,PASSED,traffic  NAC:0x8A1 TDU_LC bch_err=0 raw=0xF
2026-04-19 17:56:44.976 ,PASSED,traffic  NAC:0x8A1 TDU_LC bch_err=0 raw=?
2026-04-19 17:56:44.980 ,CORRECTED,traffic  NAC:0x8A1 TDU_LC bch_err=1 raw=0xF
2026-04-19 17:56:44.980 ,PASSED,traffic  NAC:0x8A1 TDU_LC bch_err=0 raw=?
2026-04-19 17:56:44.982 ,PASSED,traffic  NAC:0x8A1 TDU_LC bch_err=0 raw=0xF
2026-04-19 17:56:44.982 ,PASSED,traffic  NAC:0x8A1 TDU_LC bch_err=0 raw=?
2026-04-19 17:56:44.985 ,PASSED,traffic  NAC:0x8A1 TDU_LC bch_err=0 raw=0xF
2026-04-19 17:56:44.985 ,PASSED,traffic  NAC:0x8A1 TDU_LC bch_err=0 raw=?
2026-04-19 17:56:44.987 ,PASSED,traffic  NAC:0x8A1 TDU_LC bch_err=0 raw=0xF
2026-04-19 17:56:44.987 ,PASSED,traffic  NAC:0x8A1 TDU_LC bch_err=0 raw=?
2026-04-19 17:56:44.990 ,PASSED,traffic  NAC:0x8A1 TDU_LC bch_err=0 raw=0xF
2026-04-19 17:56:44.990 ,PASSED,traffic  NAC:0x8A1 TDU_LC bch_err=0 raw=?
2026-04-19 17:56:44.992 ,PASSED,traffic  NAC:0x8A1 TDU_LC bch_err=0 raw=0xF
2026-04-19 17:56:44.992 ,PASSED,traffic  NAC:0x8A1 TDU_LC bch_err=0 raw=?
2026-04-19 17:56:44.995 ,PASSED,traffic  NAC:0x8A1 TDU_LC bch_err=0 raw=0xF
2026-04-19 17:56:44.995 ,PASSED,traffic  NAC:0x8A1 TDU_LC bch_err=0 raw=?
2026-04-19 17:56:46.062 ,PASSED,control  NAC:0x8A1 TSDU bch_err=0 raw=0x7
2026-04-19 17:56:46.065 ,PASSED,control  NAC:0x8A1 TSDU bch_err=0 raw=0x7
2026-04-19 17:56:46.068 ,PASSED,control  NAC:0x8A1 TSDU bch_err=0 raw=0x7
2026-04-19 17:56:46.072 ,PASSED,control  NAC:0x8A1 TSDU bch_err=0 raw=0x7
2026-04-19 17:56:46.075 ,PASSED,control  NAC:0x8A1 TSDU bch_err=0 raw=0x7
2026-04-19 17:56:46.078 ,PASSED,control  NAC:0x8A1 TSDU bch_err=0 raw=0x7
2026-04-19 17:56:46.084 ,PASSED,control  NAC:0x8A1 TSDU bch_err=0 raw=0x7
2026-04-19 17:56:46.086 ,PASSED,control  NAC:0x8A1 TSDU bch_err=0 raw=0x7
2026-04-19 17:56:46.089 ,PASSED,control  NAC:0x8A1 TSDU bch_err=0 raw=0x7
2026-04-19 17:56:46.099 ,PASSED,control  NAC:0x8A1 TSDU bch_err=0 raw=0x7
2026-04-19 17:56:46.102 ,PASSED,control  NAC:0x8A1 TSDU bch_err=0 raw=0x7
2026-04-19 17:56:46.106 ,PASSED,control  NAC:0x8A1 TSDU bch_err=0 raw=0x7
2026-04-19 17:56:46.109 ,PASSED,control  NAC:0x8A1 TSDU bch_err=0 raw=0x7
2026-04-19 17:56:46.112 ,PASSED,control  NAC:0x8A1 TSDU bch_err=0 raw=0x7
2026-04-19 17:56:46.115 ,PASSED,control  NAC:0x8A1 TSDU bch_err=0 raw=0x7
2026-04-19 17:56:46.117 ,PASSED,control  NAC:0x8A1 TSDU bch_err=0 raw=0x7
2026-04-19 17:56:46.120 ,PASSED,control  NAC:0x8A1 TSDU bch_err=0 raw=0x7
2026-04-19 17:56:46.127 ,PASSED,control  NAC:0x8A1 TSDU bch_err=0 raw=0x7
2026-04-19 17:56:46.132 ,CORRECTED,control  NAC:0x8A1 TSDU bch_err=1 raw=0x3
2026-04-19 17:56:46.135 ,PASSED,control  NAC:0x8A1 TSDU bch_err=0 raw=0x7
2026-04-19 17:56:46.138 ,PASSED,control  NAC:0x8A1 TSDU bch_err=0 raw=0x7
2026-04-19 17:56:46.141 ,PASSED,control  NAC:0x8A1 TSDU bch_err=0 raw=0x7
2026-04-19 17:56:46.144 ,PASSED,control  NAC:0x8A1 TSDU bch_err=0 raw=0x7
2026-04-19 17:56:46.147 ,PASSED,control  NAC:0x8A1 TSDU bch_err=0 raw=0x7
2026-04-19 17:56:46.149 ,PASSED,control  NAC:0x8A1 TSDU bch_err=0 raw=0x7
2026-04-19 17:56:46.155 ,PASSED,control  NAC:0x8A1 TSDU bch_err=0 raw=0x7
2026-04-19 17:56:46.158 ,PASSED,control  NAC:0x8A1 TSDU bch_err=0 raw=0x7
2026-04-19 17:56:46.161 ,PASSED,control  NAC:0x8A1 TSDU bch_err=0 raw=0x7
2026-04-19 17:56:46.164 ,PASSED,control  NAC:0x8A1 TSDU bch_err=0 raw=0x7
2026-04-19 17:56:46.168 ,CORRECTED,control  NAC:0x8A1 TSDU bch_err=2 raw=0x7
2026-04-19 17:56:46.171 ,PASSED,control  NAC:0x8A1 TSDU bch_err=0 raw=0x7
2026-04-19 17:56:46.174 ,PASSED,control  NAC:0x8A1 TSDU bch_err=0 raw=0x7
2026-04-19 17:56:46.176 ,PASSED,control  NAC:0x8A1 TSDU bch_err=0 raw=0x7
2026-04-19 17:56:46.179 ,PASSED,control  NAC:0x8A1 TSDU bch_err=0 raw=0x7
2026-04-19 17:56:46.184 ,PASSED,control  NAC:0x8A1 TSDU bch_err=0 raw=0x7
2026-04-19 17:56:46.187 ,PASSED,control  NAC:0x8A1 TSDU bch_err=0 raw=0x7
2026-04-19 17:56:46.189 ,PASSED,control  NAC:0x8A1 TSDU bch_err=0 raw=0x7
2026-04-19 17:56:46.192 ,PASSED,control  NAC:0x8A1 TSDU bch_err=0 raw=0x7
2026-04-19 17:56:46.195 ,PASSED,control  NAC:0x8A1 TSDU bch_err=0 raw=0x7
2026-04-19 17:56:46.198 ,PASSED,control  NAC:0x8A1 TSDU bch_err=0 raw=0x7
2026-04-19 17:56:46.201 ,PASSED,control  NAC:0x8A1 TSDU bch_err=0 raw=0x7
2026-04-19 17:56:46.203 ,PASSED,control  NAC:0x8A1 TSDU bch_err=0 raw=0x7
2026-04-19 17:56:46.206 ,PASSED,control  NAC:0x8A1 TSDU bch_err=0 raw=0x7
2026-04-19 17:56:46.208 ,PASSED,control  NAC:0x8A1 TSDU bch_err=0 raw=0x7
2026-04-19 17:56:48.966 ,PASSED,traffic  NAC:0x8A1 TDU_LC bch_err=0 raw=0xF
2026-04-19 17:56:48.966 ,PASSED,traffic  NAC:0x8A1 TDU_LC bch_err=0 raw=?
2026-04-19 17:56:48.972 ,CORRECTED,traffic  NAC:0x8A1 TDU_LC bch_err=1 raw=0xF
2026-04-19 17:56:48.973 ,PASSED,traffic  NAC:0x8A1 TDU_LC bch_err=0 raw=?
2026-04-19 17:56:48.976 ,PASSED,traffic  NAC:0x8A1 TDU_LC bch_err=0 raw=0xF
2026-04-19 17:56:48.976 ,PASSED,traffic  NAC:0x8A1 TDU_LC bch_err=0 raw=?
2026-04-19 17:56:48.981 ,CORRECTED,traffic  NAC:0x8A1 TDU_LC bch_err=2 raw=0xF
2026-04-19 17:56:48.982 ,PASSED,traffic  NAC:0x8A1 TDU_LC bch_err=0 raw=?
2026-04-19 17:56:49.475 ,PASSED,control  NAC:0x8A1 TSDU bch_err=0 raw=0x7
2026-04-19 17:56:49.478 ,PASSED,control  NAC:0x8A1 TSDU bch_err=0 raw=0x7
2026-04-19 17:56:49.480 ,PASSED,control  NAC:0x8A1 TSDU bch_err=0 raw=0x7
2026-04-19 17:56:49.483 ,PASSED,control  NAC:0x8A1 TSDU bch_err=0 raw=0x7
2026-04-19 17:56:49.486 ,PASSED,control  NAC:0x8A1 TSDU bch_err=0 raw=0x7
2026-04-19 17:56:49.489 ,PASSED,control  NAC:0x8A1 TSDU bch_err=0 raw=0x7
2026-04-19 17:56:49.491 ,PASSED,control  NAC:0x8A1 TSDU bch_err=0 raw=0x7
2026-04-19 17:56:49.494 ,PASSED,control  NAC:0x8A1 TSDU bch_err=0 raw=0x7
2026-04-19 17:56:49.497 ,PASSED,control  NAC:0x8A1 TSDU bch_err=0 raw=0x7
2026-04-19 17:56:49.500 ,PASSED,control  NAC:0x8A1 TSDU bch_err=0 raw=0x7
2026-04-19 17:56:49.502 ,PASSED,control  NAC:0x8A1 TSDU bch_err=0 raw=0x7
2026-04-19 17:56:49.505 ,PASSED,control  NAC:0x8A1 TSDU bch_err=0 raw=0x7
2026-04-19 17:56:49.508 ,PASSED,control  NAC:0x8A1 TSDU bch_err=0 raw=0x7
2026-04-19 17:56:49.510 ,PASSED,control  NAC:0x8A1 TSDU bch_err=0 raw=0x7
2026-04-19 17:56:49.515 ,CORRECTED,control  NAC:0x8A1 TSDU bch_err=1 raw=0x7
2026-04-19 17:56:49.519 ,CORRECTED,control  NAC:0x8A1 TSDU bch_err=3 raw=0x6
2026-04-19 17:56:49.522 ,PASSED,control  NAC:0x8A1 TSDU bch_err=0 raw=0x7
2026-04-19 17:56:49.525 ,PASSED,control  NAC:0x8A1 TSDU bch_err=0 raw=0x7
2026-04-19 17:56:49.527 ,PASSED,control  NAC:0x8A1 TSDU bch_err=0 raw=0x7
2026-04-19 17:56:49.530 ,PASSED,control  NAC:0x8A1 TSDU bch_err=0 raw=0x7
2026-04-19 17:56:49.533 ,PASSED,control  NAC:0x8A1 TSDU bch_err=0 raw=0x7
2026-04-19 17:56:49.536 ,PASSED,control  NAC:0x8A1 TSDU bch_err=0 raw=0x7
2026-04-19 17:56:49.538 ,PASSED,control  NAC:0x8A1 TSDU bch_err=0 raw=0x7
2026-04-19 17:56:49.541 ,PASSED,control  NAC:0x8A1 TSDU bch_err=0 raw=0x7
2026-04-19 17:56:49.545 ,CORRECTED,control  NAC:0x8A1 TSDU bch_err=3 raw=0x7
2026-04-19 17:56:49.548 ,PASSED,control  NAC:0x8A1 TSDU bch_err=0 raw=0x7
2026-04-19 17:56:49.551 ,PASSED,control  NAC:0x8A1 TSDU bch_err=0 raw=0x7
2026-04-19 17:56:49.553 ,PASSED,control  NAC:0x8A1 TSDU bch_err=0 raw=0x7
2026-04-19 17:56:49.556 ,PASSED,control  NAC:0x8A1 TSDU bch_err=0 raw=0x7
2026-04-19 17:56:49.558 ,PASSED,control  NAC:0x8A1 TSDU bch_err=0 raw=0x7
2026-04-19 17:56:49.563 ,CORRECTED,control  NAC:0x8A1 TSDU bch_err=2 raw=0x6
2026-04-19 17:56:49.566 ,PASSED,control  NAC:0x8A1 TSDU bch_err=0 raw=0x7
2026-04-19 17:56:49.568 ,PASSED,control  NAC:0x8A1 TSDU bch_err=0 raw=0x7
2026-04-19 17:56:49.571 ,PASSED,control  NAC:0x8A1 TSDU bch_err=0 raw=0x7
2026-04-19 17:56:49.574 ,PASSED,control  NAC:0x8A1 TSDU bch_err=0 raw=0x7
2026-04-19 17:56:49.577 ,PASSED,control  NAC:0x8A1 TSDU bch_err=0 raw=0x7
2026-04-19 17:56:49.579 ,PASSED,control  NAC:0x8A1 TSDU bch_err=0 raw=0x7
2026-04-19 17:56:49.583 ,CORRECTED,control  NAC:0x8A1 TSDU bch_err=5 raw=0x7
2026-04-19 17:56:49.586 ,PASSED,control  NAC:0x8A1 TSDU bch_err=0 raw=0x7
2026-04-19 17:56:49.589 ,PASSED,control  NAC:0x8A1 TSDU bch_err=0 raw=0x7
2026-04-19 17:56:49.593 ,CORRECTED,control  NAC:0x8A1 TSDU bch_err=5 raw=0x7
2026-04-19 17:56:49.598 ,CORRECTED,control  NAC:0x8A1 TSDU bch_err=1 raw=0x7
2026-04-19 17:56:49.602 ,CORRECTED,control  NAC:0x8A1 TSDU bch_err=8 raw=0x2
2026-04-19 17:56:49.605 ,PASSED,control  NAC:0x8A1 TSDU bch_err=0 raw=0x7
2026-04-19 17:56:49.608 ,PASSED,control  NAC:0x8A1 TSDU bch_err=0 raw=0x7
2026-04-19 17:56:49.610 ,PASSED,control  NAC:0x8A1 TSDU bch_err=0 raw=0x7
2026-04-19 17:56:52.889 ,PASSED,control  NAC:0x8A1 TSDU bch_err=0 raw=0x7
2026-04-19 17:56:52.891 ,PASSED,control  NAC:0x8A1 TSDU bch_err=0 raw=0x7
2026-04-19 17:56:52.894 ,PASSED,control  NAC:0x8A1 TSDU bch_err=0 raw=0x7
2026-04-19 17:56:52.899 ,CORRECTED,control  NAC:0x8A1 TSDU bch_err=1 raw=0x7
2026-04-19 17:56:52.902 ,PASSED,control  NAC:0x8A1 TSDU bch_err=0 raw=0x7
2026-04-19 17:56:52.904 ,PASSED,control  NAC:0x8A1 TSDU bch_err=0 raw=0x7
2026-04-19 17:56:52.907 ,PASSED,control  NAC:0x8A1 TSDU bch_err=0 raw=0x7
2026-04-19 17:56:52.910 ,PASSED,control  NAC:0x8A1 TSDU bch_err=0 raw=0x7
2026-04-19 17:56:52.913 ,PASSED,control  NAC:0x8A1 TSDU bch_err=0 raw=0x7
2026-04-19 17:56:52.916 ,PASSED,control  NAC:0x8A1 TSDU bch_err=0 raw=0x7
2026-04-19 17:56:52.918 ,PASSED,control  NAC:0x8A1 TSDU bch_err=0 raw=0x7
2026-04-19 17:56:52.923 ,CORRECTED,control  NAC:0x8A1 TSDU bch_err=3 raw=0x3
2026-04-19 17:56:52.929 ,PASSED,control  NAC:0x8A1 TSDU bch_err=0 raw=0x7
2026-04-19 17:56:52.932 ,PASSED,control  NAC:0x8A1 TSDU bch_err=0 raw=0x7
2026-04-19 17:56:52.937 ,CORRECTED,control  NAC:0x8A1 TSDU bch_err=2 raw=0x7
2026-04-19 17:56:52.941 ,CORRECTED,control  NAC:0x8A1 TSDU bch_err=3 raw=0x7
2026-04-19 17:56:52.944 ,PASSED,control  NAC:0x8A1 TSDU bch_err=0 raw=0x7
2026-04-19 17:56:52.946 ,PASSED,control  NAC:0x8A1 TSDU bch_err=0 raw=0x7
2026-04-19 17:56:52.951 ,CORRECTED,control  NAC:0x8A1 TSDU bch_err=10 raw=0x7
2026-04-19 17:56:52.956 ,CORRECTED,control  NAC:0x8A1 TSDU bch_err=3 raw=0x6
2026-04-19 17:56:52.959 ,PASSED,control  NAC:0x8A1 TSDU bch_err=0 raw=0x7
2026-04-19 17:56:52.961 ,PASSED,control  NAC:0x8A1 TSDU bch_err=0 raw=0x7
2026-04-19 17:56:52.964 ,PASSED,control  NAC:0x8A1 TSDU bch_err=0 raw=0x7
2026-04-19 17:56:52.967 ,PASSED,control  NAC:0x8A1 TSDU bch_err=0 raw=0x7
2026-04-19 17:56:52.970 ,PASSED,control  NAC:0x8A1 TSDU bch_err=0 raw=0x7
2026-04-19 17:56:52.973 ,PASSED,control  NAC:0x8A1 TSDU bch_err=0 raw=0x7
2026-04-19 17:56:52.975 ,PASSED,control  NAC:0x8A1 TSDU bch_err=0 raw=0x7
2026-04-19 17:56:52.978 ,PASSED,control  NAC:0x8A1 TSDU bch_err=0 raw=0x7
2026-04-19 17:56:52.981 ,PASSED,control  NAC:0x8A1 TSDU bch_err=0 raw=0x7
2026-04-19 17:56:52.983 ,PASSED,control  NAC:0x8A1 TSDU bch_err=0 raw=0x7
2026-04-19 17:56:52.986 ,PASSED,control  NAC:0x8A1 TSDU bch_err=0 raw=0x7
2026-04-19 17:56:52.989 ,PASSED,control  NAC:0x8A1 TSDU bch_err=0 raw=0x7
2026-04-19 17:56:52.992 ,PASSED,control  NAC:0x8A1 TSDU bch_err=0 raw=0x7
2026-04-19 17:56:52.994 ,PASSED,control  NAC:0x8A1 TSDU bch_err=0 raw=0x7
2026-04-19 17:56:52.997 ,PASSED,control  NAC:0x8A1 TSDU bch_err=0 raw=0x7
2026-04-19 17:56:53.000 ,PASSED,control  NAC:0x8A1 TSDU bch_err=0 raw=0x7
2026-04-19 17:56:53.003 ,PASSED,control  NAC:0x8A1 TSDU bch_err=0 raw=0x7
2026-04-19 17:56:53.005 ,PASSED,control  NAC:0x8A1 TSDU bch_err=0 raw=0x7
2026-04-19 17:56:56.302 ,PASSED,control  NAC:0x8A1 TSDU bch_err=0 raw=0x7
2026-04-19 17:56:56.304 ,PASSED,control  NAC:0x8A1 TSDU bch_err=0 raw=0x7
2026-04-19 17:56:56.307 ,PASSED,control  NAC:0x8A1 TSDU bch_err=0 raw=0x7
2026-04-19 17:56:56.310 ,PASSED,control  NAC:0x8A1 TSDU bch_err=0 raw=0x7
2026-04-19 17:56:56.313 ,PASSED,control  NAC:0x8A1 TSDU bch_err=0 raw=0x7
2026-04-19 17:56:56.316 ,PASSED,control  NAC:0x8A1 TSDU bch_err=0 raw=0x7
2026-04-19 17:56:56.318 ,PASSED,control  NAC:0x8A1 TSDU bch_err=0 raw=0x7
2026-04-19 17:56:56.321 ,PASSED,control  NAC:0x8A1 TSDU bch_err=0 raw=0x7
2026-04-19 17:56:56.324 ,PASSED,control  NAC:0x8A1 TSDU bch_err=0 raw=0x7
2026-04-19 17:56:56.327 ,PASSED,control  NAC:0x8A1 TSDU bch_err=0 raw=0x7
2026-04-19 17:56:56.330 ,PASSED,control  NAC:0x8A1 TSDU bch_err=0 raw=0x7
2026-04-19 17:56:56.332 ,PASSED,control  NAC:0x8A1 TSDU bch_err=0 raw=0x7
2026-04-19 17:56:56.335 ,PASSED,control  NAC:0x8A1 TSDU bch_err=0 raw=0x7
2026-04-19 17:56:56.338 ,PASSED,control  NAC:0x8A1 TSDU bch_err=0 raw=0x7
2026-04-19 17:56:56.341 ,PASSED,control  NAC:0x8A1 TSDU bch_err=0 raw=0x7
2026-04-19 17:56:56.344 ,PASSED,control  NAC:0x8A1 TSDU bch_err=0 raw=0x7
2026-04-19 17:56:56.346 ,PASSED,control  NAC:0x8A1 TSDU bch_err=0 raw=0x7
2026-04-19 17:56:56.349 ,PASSED,control  NAC:0x8A1 TSDU bch_err=0 raw=0x7
2026-04-19 17:56:56.352 ,PASSED,control  NAC:0x8A1 TSDU bch_err=0 raw=0x7
2026-04-19 17:56:56.355 ,PASSED,control  NAC:0x8A1 TSDU bch_err=0 raw=0x7
2026-04-19 17:56:56.357 ,PASSED,control  NAC:0x8A1 TSDU bch_err=0 raw=0x7
2026-04-19 17:56:56.360 ,PASSED,control  NAC:0x8A1 TSDU bch_err=0 raw=0x7
2026-04-19 17:56:56.363 ,PASSED,control  NAC:0x8A1 TSDU bch_err=0 raw=0x7
2026-04-19 17:56:56.367 ,CORRECTED,control  NAC:0x8A1 TSDU bch_err=1 raw=0x6
2026-04-19 17:56:56.370 ,PASSED,control  NAC:0x8A1 TSDU bch_err=0 raw=0x7
2026-04-19 17:56:56.373 ,PASSED,control  NAC:0x8A1 TSDU bch_err=0 raw=0x7
2026-04-19 17:56:56.375 ,PASSED,control  NAC:0x8A1 TSDU bch_err=0 raw=0x7
2026-04-19 17:56:56.378 ,PASSED,control  NAC:0x8A1 TSDU bch_err=0 raw=0x7
2026-04-19 17:56:56.381 ,PASSED,control  NAC:0x8A1 TSDU bch_err=0 raw=0x7
2026-04-19 17:56:56.383 ,PASSED,control  NAC:0x8A1 TSDU bch_err=0 raw=0x7
2026-04-19 17:56:56.385 ,PASSED,control  NAC:0x8A1 TSDU bch_err=0 raw=0x7
2026-04-19 17:56:56.388 ,PASSED,control  NAC:0x8A1 TSDU bch_err=0 raw=0x7
2026-04-19 17:56:56.391 ,PASSED,control  NAC:0x8A1 TSDU bch_err=0 raw=0x7
2026-04-19 17:56:56.394 ,PASSED,control  NAC:0x8A1 TSDU bch_err=0 raw=0x7
2026-04-19 17:56:56.396 ,PASSED,control  NAC:0x8A1 TSDU bch_err=0 raw=0x7
2026-04-19 17:56:56.399 ,PASSED,control  NAC:0x8A1 TSDU bch_err=0 raw=0x7
2026-04-19 17:56:56.406 ,PASSED,control  NAC:0x8A1 TSDU bch_err=0 raw=0x7
2026-04-19 17:56:56.411 ,CORRECTED,control  NAC:0x8A1 TSDU bch_err=1 raw=0x6
2026-04-19 17:56:56.413 ,PASSED,control  NAC:0x8A1 TSDU bch_err=0 raw=0x7
2026-04-19 17:56:56.418 ,CORRECTED,control  NAC:0x8A1 TSDU bch_err=2 raw=0x6
2026-04-19 17:56:56.421 ,PASSED,control  NAC:0x8A1 TSDU bch_err=0 raw=0x7
2026-04-19 17:56:56.424 ,PASSED,control  NAC:0x8A1 TSDU bch_err=0 raw=0x7
2026-04-19 17:56:56.429 ,CORRECTED,control  NAC:0x8A1 TSDU bch_err=6 raw=0x6
2026-04-19 17:56:56.431 ,PASSED,control  NAC:0x8A1 TSDU bch_err=0 raw=0x7
2026-04-19 17:56:59.716 ,PASSED,control  NAC:0x8A1 TSDU bch_err=0 raw=0x7
2026-04-19 17:56:59.718 ,PASSED,control  NAC:0x8A1 TSDU bch_err=0 raw=0x7
2026-04-19 17:56:59.721 ,PASSED,control  NAC:0x8A1 TSDU bch_err=0 raw=0x7
2026-04-19 17:56:59.724 ,PASSED,control  NAC:0x8A1 TSDU bch_err=0 raw=0x7
2026-04-19 17:56:59.727 ,PASSED,control  NAC:0x8A1 TSDU bch_err=0 raw=0x7
2026-04-19 17:56:59.730 ,PASSED,control  NAC:0x8A1 TSDU bch_err=0 raw=0x7
2026-04-19 17:56:59.732 ,PASSED,control  NAC:0x8A1 TSDU bch_err=0 raw=0x7
2026-04-19 17:56:59.735 ,PASSED,control  NAC:0x8A1 TSDU bch_err=0 raw=0x7
2026-04-19 17:56:59.738 ,PASSED,control  NAC:0x8A1 TSDU bch_err=0 raw=0x7
2026-04-19 17:56:59.741 ,PASSED,control  NAC:0x8A1 TSDU bch_err=0 raw=0x7
2026-04-19 17:56:59.744 ,PASSED,control  NAC:0x8A1 TSDU bch_err=0 raw=0x7
2026-04-19 17:56:59.751 ,PASSED,control  NAC:0x8A1 TSDU bch_err=0 raw=0x7
2026-04-19 17:56:59.753 ,PASSED,control  NAC:0x8A1 TSDU bch_err=0 raw=0x7
2026-04-19 17:56:59.756 ,PASSED,control  NAC:0x8A1 TSDU bch_err=0 raw=0x7
2026-04-19 17:56:59.761 ,CORRECTED,control  NAC:0x8A1 TSDU bch_err=1 raw=0x6
2026-04-19 17:56:59.763 ,PASSED,control  NAC:0x8A1 TSDU bch_err=0 raw=0x7
2026-04-19 17:56:59.766 ,PASSED,control  NAC:0x8A1 TSDU bch_err=0 raw=0x7
2026-04-19 17:56:59.769 ,PASSED,control  NAC:0x8A1 TSDU bch_err=0 raw=0x7
2026-04-19 17:56:59.772 ,PASSED,control  NAC:0x8A1 TSDU bch_err=0 raw=0x7
2026-04-19 17:56:59.775 ,PASSED,control  NAC:0x8A1 TSDU bch_err=0 raw=0x7
2026-04-19 17:56:59.777 ,PASSED,control  NAC:0x8A1 TSDU bch_err=0 raw=0x7
2026-04-19 17:56:59.780 ,PASSED,control  NAC:0x8A1 TSDU bch_err=0 raw=0x7
2026-04-19 17:56:59.783 ,PASSED,control  NAC:0x8A1 TSDU bch_err=0 raw=0x7
2026-04-19 17:56:59.786 ,PASSED,control  NAC:0x8A1 TSDU bch_err=0 raw=0x7
2026-04-19 17:56:59.789 ,PASSED,control  NAC:0x8A1 TSDU bch_err=0 raw=0x7
2026-04-19 17:56:59.791 ,PASSED,control  NAC:0x8A1 TSDU bch_err=0 raw=0x7
2026-04-19 17:56:59.794 ,PASSED,control  NAC:0x8A1 TSDU bch_err=0 raw=0x7
2026-04-19 17:56:59.797 ,PASSED,control  NAC:0x8A1 TSDU bch_err=0 raw=0x7
2026-04-19 17:56:59.799 ,PASSED,control  NAC:0x8A1 TSDU bch_err=0 raw=0x7
2026-04-19 17:56:59.803 ,PASSED,control  NAC:0x8A1 TSDU bch_err=0 raw=0x7
2026-04-19 17:56:59.805 ,PASSED,control  NAC:0x8A1 TSDU bch_err=0 raw=0x7
2026-04-19 17:56:59.808 ,PASSED,control  NAC:0x8A1 TSDU bch_err=0 raw=0x7
2026-04-19 17:56:59.812 ,PASSED,control  NAC:0x8A1 TSDU bch_err=0 raw=0x7
2026-04-19 17:56:59.815 ,PASSED,control  NAC:0x8A1 TSDU bch_err=0 raw=0x7
2026-04-19 17:56:59.820 ,PASSED,control  NAC:0x8A1 TSDU bch_err=0 raw=0x7
2026-04-19 17:56:59.824 ,PASSED,control  NAC:0x8A1 TSDU bch_err=0 raw=0x7
2026-04-19 17:56:59.828 ,PASSED,control  NAC:0x8A1 TSDU bch_err=0 raw=0x7
2026-04-19 17:56:59.831 ,PASSED,control  NAC:0x8A1 TSDU bch_err=0 raw=0x7
2026-04-19 17:56:59.835 ,PASSED,control  NAC:0x8A1 TSDU bch_err=0 raw=0x7
2026-04-19 17:56:59.839 ,PASSED,control  NAC:0x8A1 TSDU bch_err=0 raw=0x7
2026-04-19 17:56:59.845 ,CORRECTED,control  NAC:0x8A1 TSDU bch_err=1 raw=0x6
2026-04-19 17:56:59.847 ,PASSED,control  NAC:0x8A1 TSDU bch_err=0 raw=0x7
2026-04-19 17:57:03.129 ,PASSED,control  NAC:0x8A1 TSDU bch_err=0 raw=0x7
2026-04-19 17:57:03.132 ,PASSED,control  NAC:0x8A1 TSDU bch_err=0 raw=0x7
2026-04-19 17:57:03.136 ,PASSED,control  NAC:0x8A1 TSDU bch_err=0 raw=0x7
2026-04-19 17:57:03.140 ,PASSED,control  NAC:0x8A1 TSDU bch_err=0 raw=0x7
2026-04-19 17:57:03.145 ,PASSED,control  NAC:0x8A1 TSDU bch_err=0 raw=0x7
2026-04-19 17:57:03.149 ,PASSED,control  NAC:0x8A1 TSDU bch_err=0 raw=0x7
2026-04-19 17:57:03.152 ,PASSED,control  NAC:0x8A1 TSDU bch_err=0 raw=0x7
2026-04-19 17:57:03.156 ,PASSED,control  NAC:0x8A1 TSDU bch_err=0 raw=0x7
2026-04-19 17:57:03.161 ,CORRECTED,control  NAC:0x8A1 TSDU bch_err=3 raw=0x3
2026-04-19 17:57:03.166 ,CORRECTED,control  NAC:0x8A1 TSDU bch_err=2 raw=0x7
2026-04-19 17:57:03.171 ,CORRECTED,control  NAC:0x8A1 TSDU bch_err=4 raw=0x7
2026-04-19 17:57:03.175 ,CORRECTED,control  NAC:0x8A1 TSDU bch_err=6 raw=0xF
2026-04-19 17:57:03.178 ,PASSED,control  NAC:0x8A1 TSDU bch_err=0 raw=0x7
2026-04-19 17:57:03.183 ,CORRECTED,control  NAC:0x8A1 TSDU bch_err=7 raw=0x7
2026-04-19 17:57:03.186 ,PASSED,control  NAC:0x8A1 TSDU bch_err=0 raw=0x7
2026-04-19 17:57:03.188 ,PASSED,control  NAC:0x8A1 TSDU bch_err=0 raw=0x7
2026-04-19 17:57:03.191 ,PASSED,control  NAC:0x8A1 TSDU bch_err=0 raw=0x7
2026-04-19 17:57:03.194 ,PASSED,control  NAC:0x8A1 TSDU bch_err=0 raw=0x7
2026-04-19 17:57:03.197 ,PASSED,control  NAC:0x8A1 TSDU bch_err=0 raw=0x7
2026-04-19 17:57:03.200 ,PASSED,control  NAC:0x8A1 TSDU bch_err=0 raw=0x7
2026-04-19 17:57:03.203 ,PASSED,control  NAC:0x8A1 TSDU bch_err=0 raw=0x7
2026-04-19 17:57:03.205 ,PASSED,control  NAC:0x8A1 TSDU bch_err=0 raw=0x7
2026-04-19 17:57:03.208 ,PASSED,control  NAC:0x8A1 TSDU bch_err=0 raw=0x7
2026-04-19 17:57:03.211 ,PASSED,control  NAC:0x8A1 TSDU bch_err=0 raw=0x7
2026-04-19 17:57:03.214 ,PASSED,control  NAC:0x8A1 TSDU bch_err=0 raw=0x7
2026-04-19 17:57:03.217 ,PASSED,control  NAC:0x8A1 TSDU bch_err=0 raw=0x7
2026-04-19 17:57:03.219 ,PASSED,control  NAC:0x8A1 TSDU bch_err=0 raw=0x7
2026-04-19 17:57:03.222 ,PASSED,control  NAC:0x8A1 TSDU bch_err=0 raw=0x7
2026-04-19 17:57:03.225 ,PASSED,control  NAC:0x8A1 TSDU bch_err=0 raw=0x7
2026-04-19 17:57:03.228 ,PASSED,control  NAC:0x8A1 TSDU bch_err=0 raw=0x7
2026-04-19 17:57:03.231 ,PASSED,control  NAC:0x8A1 TSDU bch_err=0 raw=0x7
2026-04-19 17:57:03.235 ,CORRECTED,control  NAC:0x8A1 TSDU bch_err=1 raw=0x6
2026-04-19 17:57:03.238 ,PASSED,control  NAC:0x8A1 TSDU bch_err=0 raw=0x7
2026-04-19 17:57:03.241 ,PASSED,control  NAC:0x8A1 TSDU bch_err=0 raw=0x7
2026-04-19 17:57:03.244 ,PASSED,control  NAC:0x8A1 TSDU bch_err=0 raw=0x7
2026-04-19 17:57:03.246 ,PASSED,control  NAC:0x8A1 TSDU bch_err=0 raw=0x7
2026-04-19 17:57:03.249 ,PASSED,control  NAC:0x8A1 TSDU bch_err=0 raw=0x7
2026-04-19 17:57:03.252 ,PASSED,control  NAC:0x8A1 TSDU bch_err=0 raw=0x7
2026-04-19 17:57:03.254 ,PASSED,control  NAC:0x8A1 TSDU bch_err=0 raw=0x7
2026-04-19 17:57:03.259 ,CORRECTED,control  NAC:0x8A1 TSDU bch_err=1 raw=0x7
2026-04-19 17:57:03.262 ,PASSED,control  NAC:0x8A1 TSDU bch_err=0 raw=0x7
2026-04-19 17:57:03.264 ,PASSED,control  NAC:0x8A1 TSDU bch_err=0 raw=0x7
2026-04-19 17:57:03.267 ,PASSED,control  NAC:0x8A1 TSDU bch_err=0 raw=0x7
2026-04-19 17:57:03.269 ,PASSED,control  NAC:0x8A1 TSDU bch_err=0 raw=0x7
2026-04-19 17:57:06.542 ,PASSED,control  NAC:0x8A1 TSDU bch_err=0 raw=0x7
2026-04-19 17:57:06.545 ,PASSED,control  NAC:0x8A1 TSDU bch_err=0 raw=0x7
2026-04-19 17:57:06.549 ,PASSED,control  NAC:0x8A1 TSDU bch_err=0 raw=0x7
2026-04-19 17:57:06.552 ,PASSED,control  NAC:0x8A1 TSDU bch_err=0 raw=0x7
2026-04-19 17:57:06.555 ,PASSED,control  NAC:0x8A1 TSDU bch_err=0 raw=0x7
2026-04-19 17:57:06.558 ,PASSED,control  NAC:0x8A1 TSDU bch_err=0 raw=0x7
2026-04-19 17:57:06.562 ,PASSED,control  NAC:0x8A1 TSDU bch_err=0 raw=0x7
2026-04-19 17:57:06.566 ,PASSED,control  NAC:0x8A1 TSDU bch_err=0 raw=0x7
2026-04-19 17:57:06.569 ,PASSED,control  NAC:0x8A1 TSDU bch_err=0 raw=0x7
2026-04-19 17:57:06.574 ,PASSED,control  NAC:0x8A1 TSDU bch_err=0 raw=0x7
2026-04-19 17:57:06.578 ,PASSED,control  NAC:0x8A1 TSDU bch_err=0 raw=0x7
2026-04-19 17:57:06.582 ,PASSED,control  NAC:0x8A1 TSDU bch_err=0 raw=0x7
2026-04-19 17:57:06.587 ,CORRECTED,control  NAC:0x8A1 TSDU bch_err=5 raw=0x7
2026-04-19 17:57:06.592 ,PASSED,control  NAC:0x8A1 TSDU bch_err=0 raw=0x7
2026-04-19 17:57:06.598 ,CORRECTED,control  NAC:0x8A1 TSDU bch_err=8 raw=0x1
2026-04-19 17:57:06.602 ,PASSED,control  NAC:0x8A1 TSDU bch_err=0 raw=0x7
2026-04-19 17:57:06.607 ,CORRECTED,control  NAC:0x8A1 TSDU bch_err=2 raw=0x7
2026-04-19 17:57:06.613 ,CORRECTED,control  NAC:0x8A1 TSDU bch_err=6 raw=0x7
2026-04-19 17:57:06.617 ,PASSED,control  NAC:0x8A1 TSDU bch_err=0 raw=0x7
2026-04-19 17:57:06.620 ,PASSED,control  NAC:0x8A1 TSDU bch_err=0 raw=0x7
2026-04-19 17:57:06.625 ,PASSED,control  NAC:0x8A1 TSDU bch_err=0 raw=0x7
2026-04-19 17:57:06.631 ,CORRECTED,control  NAC:0x8A1 TSDU bch_err=1 raw=0x6
2026-04-19 17:57:06.634 ,PASSED,control  NAC:0x8A1 TSDU bch_err=0 raw=0x7
2026-04-19 17:57:06.638 ,PASSED,control  NAC:0x8A1 TSDU bch_err=0 raw=0x7
2026-04-19 17:57:06.643 ,PASSED,control  NAC:0x8A1 TSDU bch_err=0 raw=0x7
2026-04-19 17:57:06.646 ,PASSED,control  NAC:0x8A1 TSDU bch_err=0 raw=0x7
2026-04-19 17:57:06.649 ,PASSED,control  NAC:0x8A1 TSDU bch_err=0 raw=0x7
2026-04-19 17:57:06.655 ,CORRECTED,control  NAC:0x8A1 TSDU bch_err=4 raw=0x7
2026-04-19 17:57:06.661 ,CORRECTED,control  NAC:0x8A1 TSDU bch_err=2 raw=0x7
2026-04-19 17:57:06.664 ,PASSED,control  NAC:0x8A1 TSDU bch_err=0 raw=0x7
2026-04-19 17:57:06.668 ,PASSED,control  NAC:0x8A1 TSDU bch_err=0 raw=0x7
2026-04-19 17:57:06.674 ,CORRECTED,control  NAC:0x8A1 TSDU bch_err=10 raw=0x7
2026-04-19 17:57:06.680 ,CORRECTED,control  NAC:0x8A1 TSDU bch_err=3 raw=0x7
2026-04-19 17:57:06.683 ,PASSED,control  NAC:0x8A1 TSDU bch_err=0 raw=0x7
2026-04-19 17:57:06.686 ,PASSED,control  NAC:0x8A1 TSDU bch_err=0 raw=0x7
2026-04-19 17:57:06.691 ,PASSED,control  NAC:0x8A1 TSDU bch_err=0 raw=0x7
2026-04-19 17:57:06.694 ,PASSED,control  NAC:0x8A1 TSDU bch_err=0 raw=0x7
2026-04-19 17:57:06.697 ,PASSED,control  NAC:0x8A1 TSDU bch_err=0 raw=0x7
2026-04-19 17:57:06.701 ,PASSED,control  NAC:0x8A1 TSDU bch_err=0 raw=0x7
2026-04-19 17:57:06.705 ,CORRECTED,control  NAC:0x8A1 TSDU bch_err=5 raw=0x7
2026-04-19 17:57:06.709 ,PASSED,control  NAC:0x8A1 TSDU bch_err=0 raw=0x7
2026-04-19 17:57:09.956 ,PASSED,control  NAC:0x8A1 TSDU bch_err=0 raw=0x7
2026-04-19 17:57:09.962 ,PASSED,control  NAC:0x8A1 TSDU bch_err=0 raw=0x7
2026-04-19 17:57:09.966 ,PASSED,control  NAC:0x8A1 TSDU bch_err=0 raw=0x7
2026-04-19 17:57:09.969 ,PASSED,control  NAC:0x8A1 TSDU bch_err=0 raw=0x7
2026-04-19 17:57:09.974 ,PASSED,control  NAC:0x8A1 TSDU bch_err=0 raw=0x7
2026-04-19 17:57:09.979 ,PASSED,control  NAC:0x8A1 TSDU bch_err=0 raw=0x7
2026-04-19 17:57:09.983 ,PASSED,control  NAC:0x8A1 TSDU bch_err=0 raw=0x7
2026-04-19 17:57:09.988 ,PASSED,control  NAC:0x8A1 TSDU bch_err=0 raw=0x7
2026-04-19 17:57:09.992 ,PASSED,control  NAC:0x8A1 TSDU bch_err=0 raw=0x7
2026-04-19 17:57:09.996 ,PASSED,control  NAC:0x8A1 TSDU bch_err=0 raw=0x7
2026-04-19 17:57:10.000 ,PASSED,control  NAC:0x8A1 TSDU bch_err=0 raw=0x7
2026-04-19 17:57:10.006 ,PASSED,control  NAC:0x8A1 TSDU bch_err=0 raw=0x7
2026-04-19 17:57:10.010 ,PASSED,control  NAC:0x8A1 TSDU bch_err=0 raw=0x7
2026-04-19 17:57:10.014 ,PASSED,control  NAC:0x8A1 TSDU bch_err=0 raw=0x7
2026-04-19 17:57:10.018 ,PASSED,control  NAC:0x8A1 TSDU bch_err=0 raw=0x7
2026-04-19 17:57:10.021 ,PASSED,control  NAC:0x8A1 TSDU bch_err=0 raw=0x7
2026-04-19 17:57:10.028 ,CORRECTED,control  NAC:0x8A1 TSDU bch_err=7 raw=0x7
2026-04-19 17:57:10.032 ,PASSED,control  NAC:0x8A1 TSDU bch_err=0 raw=0x7
2026-04-19 17:57:10.038 ,CORRECTED,control  NAC:0x8A1 TSDU bch_err=1 raw=0x7
2026-04-19 17:57:10.042 ,PASSED,control  NAC:0x8A1 TSDU bch_err=0 raw=0x7
2026-04-19 17:57:10.045 ,PASSED,control  NAC:0x8A1 TSDU bch_err=0 raw=0x7
2026-04-19 17:57:10.049 ,PASSED,control  NAC:0x8A1 TSDU bch_err=0 raw=0x7
2026-04-19 17:57:10.054 ,CORRECTED,control  NAC:0x8A1 TSDU bch_err=1 raw=0x7
2026-04-19 17:57:10.062 ,CORRECTED,control  NAC:0x8A1 TSDU bch_err=5 raw=0x7
2026-04-19 17:57:10.065 ,PASSED,control  NAC:0x8A1 TSDU bch_err=0 raw=0x7
2026-04-19 17:57:10.070 ,CORRECTED,control  NAC:0x8A1 TSDU bch_err=11 raw=0x4
2026-04-19 17:57:10.074 ,PASSED,control  NAC:0x8A1 TSDU bch_err=0 raw=0x7
2026-04-19 17:57:10.080 ,CORRECTED,control  NAC:0x8A1 TSDU bch_err=1 raw=0x7
2026-04-19 17:57:10.086 ,CORRECTED,control  NAC:0x8A1 TSDU bch_err=4 raw=0x2
2026-04-19 17:57:10.090 ,PASSED,control  NAC:0x8A1 TSDU bch_err=0 raw=0x7
2026-04-19 17:57:10.094 ,PASSED,control  NAC:0x8A1 TSDU bch_err=0 raw=0x7
2026-04-19 17:57:10.099 ,CORRECTED,control  NAC:0x8A1 TSDU bch_err=1 raw=0x7
2026-04-19 17:57:10.103 ,PASSED,control  NAC:0x8A1 TSDU bch_err=0 raw=0x7
2026-04-19 17:57:10.106 ,PASSED,control  NAC:0x8A1 TSDU bch_err=0 raw=0x7
2026-04-19 17:57:10.110 ,PASSED,control  NAC:0x8A1 TSDU bch_err=0 raw=0x7
2026-04-19 17:57:10.116 ,CORRECTED,control  NAC:0x8A1 TSDU bch_err=3 raw=0x7
2026-04-19 17:57:10.124 ,PASSED,control  NAC:0x8A1 TSDU bch_err=0 raw=0x7
2026-04-19 17:57:10.127 ,PASSED,control  NAC:0x8A1 TSDU bch_err=0 raw=0x7
2026-04-19 17:57:10.131 ,PASSED,control  NAC:0x8A1 TSDU bch_err=0 raw=0x7
2026-04-19 17:57:10.135 ,PASSED,control  NAC:0x8A1 TSDU bch_err=0 raw=0x7
2026-04-19 17:57:10.138 ,PASSED,control  NAC:0x8A1 TSDU bch_err=0 raw=0x7
2026-04-19 17:57:13.368 ,PASSED,control  NAC:0x8A1 TSDU bch_err=0 raw=0x7
2026-04-19 17:57:13.371 ,PASSED,control  NAC:0x8A1 TSDU bch_err=0 raw=0x7
2026-04-19 17:57:13.374 ,PASSED,control  NAC:0x8A1 TSDU bch_err=0 raw=0x7
2026-04-19 17:57:13.377 ,PASSED,control  NAC:0x8A1 TSDU bch_err=0 raw=0x7
2026-04-19 17:57:13.381 ,PASSED,control  NAC:0x8A1 TSDU bch_err=0 raw=0x7
2026-04-19 17:57:13.384 ,PASSED,control  NAC:0x8A1 TSDU bch_err=0 raw=0x7
2026-04-19 17:57:13.388 ,PASSED,control  NAC:0x8A1 TSDU bch_err=0 raw=0x7
2026-04-19 17:57:13.395 ,CORRECTED,control  NAC:0x8A1 TSDU bch_err=1 raw=0x7
2026-04-19 17:57:13.399 ,PASSED,control  NAC:0x8A1 TSDU bch_err=0 raw=0x7
2026-04-19 17:57:13.402 ,PASSED,control  NAC:0x8A1 TSDU bch_err=0 raw=0x7
2026-04-19 17:57:13.405 ,PASSED,control  NAC:0x8A1 TSDU bch_err=0 raw=0x7
2026-04-19 17:57:13.408 ,PASSED,control  NAC:0x8A1 TSDU bch_err=0 raw=0x7
2026-04-19 17:57:13.410 ,PASSED,control  NAC:0x8A1 TSDU bch_err=0 raw=0x7
2026-04-19 17:57:13.415 ,CORRECTED,control  NAC:0x8A1 TSDU bch_err=1 raw=0x7
2026-04-19 17:57:13.419 ,CORRECTED,control  NAC:0x8A1 TSDU bch_err=11 raw=0x8
2026-04-19 17:57:13.422 ,PASSED,control  NAC:0x8A1 TSDU bch_err=0 raw=0x7
2026-04-19 17:57:13.425 ,PASSED,control  NAC:0x8A1 TSDU bch_err=0 raw=0x7
2026-04-19 17:57:13.429 ,CORRECTED,control  NAC:0x8A1 TSDU bch_err=10 raw=0x1
2026-04-19 17:57:13.433 ,PASSED,control  NAC:0x8A1 TSDU bch_err=0 raw=0x7
2026-04-19 17:57:13.438 ,CORRECTED,control  NAC:0x8A1 TSDU bch_err=2 raw=0x6
2026-04-19 17:57:13.441 ,PASSED,control  NAC:0x8A1 TSDU bch_err=0 raw=0x7
2026-04-19 17:57:13.444 ,PASSED,control  NAC:0x8A1 TSDU bch_err=0 raw=0x7
2026-04-19 17:57:13.447 ,PASSED,control  NAC:0x8A1 TSDU bch_err=0 raw=0x7
2026-04-19 17:57:13.452 ,CORRECTED,control  NAC:0x8A1 TSDU bch_err=5 raw=0x7
2026-04-19 17:57:13.455 ,PASSED,control  NAC:0x8A1 TSDU bch_err=0 raw=0x7
2026-04-19 17:57:13.459 ,PASSED,control  NAC:0x8A1 TSDU bch_err=0 raw=0x7
2026-04-19 17:57:13.464 ,CORRECTED,control  NAC:0x8A1 TSDU bch_err=1 raw=0x7
2026-04-19 17:57:13.467 ,PASSED,control  NAC:0x8A1 TSDU bch_err=0 raw=0x7
2026-04-19 17:57:13.469 ,PASSED,control  NAC:0x8A1 TSDU bch_err=0 raw=0x7
2026-04-19 17:57:13.474 ,CORRECTED,control  NAC:0x8A1 TSDU bch_err=1 raw=0x7
2026-04-19 17:57:13.477 ,PASSED,control  NAC:0x8A1 TSDU bch_err=0 raw=0x7
2026-04-19 17:57:13.479 ,PASSED,control  NAC:0x8A1 TSDU bch_err=0 raw=0x7
2026-04-19 17:57:13.482 ,PASSED,control  NAC:0x8A1 TSDU bch_err=0 raw=0x7
2026-04-19 17:57:13.485 ,PASSED,control  NAC:0x8A1 TSDU bch_err=0 raw=0x7
2026-04-19 17:57:13.488 ,PASSED,control  NAC:0x8A1 TSDU bch_err=0 raw=0x7
2026-04-19 17:57:13.491 ,PASSED,control  NAC:0x8A1 TSDU bch_err=0 raw=0x7
2026-04-19 17:57:13.493 ,PASSED,control  NAC:0x8A1 TSDU bch_err=0 raw=0x7
2026-04-19 17:57:13.496 ,PASSED,control  NAC:0x8A1 TSDU bch_err=0 raw=0x7
2026-04-19 17:57:13.499 ,PASSED,control  NAC:0x8A1 TSDU bch_err=0 raw=0x7
2026-04-19 17:57:13.502 ,PASSED,control  NAC:0x8A1 TSDU bch_err=0 raw=0x7
2026-04-19 17:57:13.505 ,PASSED,control  NAC:0x8A1 TSDU bch_err=0 raw=0x7
2026-04-19 17:57:13.507 ,PASSED,control  NAC:0x8A1 TSDU bch_err=0 raw=0x7
2026-04-19 17:57:16.782 ,PASSED,control  NAC:0x8A1 TSDU bch_err=0 raw=0x7
2026-04-19 17:57:16.785 ,PASSED,control  NAC:0x8A1 TSDU bch_err=0 raw=0x7
2026-04-19 17:57:16.787 ,PASSED,control  NAC:0x8A1 TSDU bch_err=0 raw=0x7
2026-04-19 17:57:16.790 ,PASSED,control  NAC:0x8A1 TSDU bch_err=0 raw=0x7
2026-04-19 17:57:16.795 ,CORRECTED,control  NAC:0x8A1 TSDU bch_err=1 raw=0x7
2026-04-19 17:57:16.797 ,PASSED,control  NAC:0x8A1 TSDU bch_err=0 raw=0x7
2026-04-19 17:57:16.802 ,CORRECTED,control  NAC:0x8A1 TSDU bch_err=1 raw=0x7
2026-04-19 17:57:16.805 ,PASSED,control  NAC:0x8A1 TSDU bch_err=0 raw=0x7
2026-04-19 17:57:16.808 ,PASSED,control  NAC:0x8A1 TSDU bch_err=0 raw=0x7
2026-04-19 17:57:16.811 ,PASSED,control  NAC:0x8A1 TSDU bch_err=0 raw=0x7
2026-04-19 17:57:16.813 ,PASSED,control  NAC:0x8A1 TSDU bch_err=0 raw=0x7
2026-04-19 17:57:16.816 ,PASSED,control  NAC:0x8A1 TSDU bch_err=0 raw=0x7
2026-04-19 17:57:16.820 ,CORRECTED,control  NAC:0x8A1 TSDU bch_err=4 raw=0x6
2026-04-19 17:57:16.823 ,PASSED,control  NAC:0x8A1 TSDU bch_err=0 raw=0x7
2026-04-19 17:57:16.826 ,PASSED,control  NAC:0x8A1 TSDU bch_err=0 raw=0x7
2026-04-19 17:57:16.828 ,PASSED,control  NAC:0x8A1 TSDU bch_err=0 raw=0x7
2026-04-19 17:57:16.831 ,PASSED,control  NAC:0x8A1 TSDU bch_err=0 raw=0x7
2026-04-19 17:57:16.834 ,PASSED,control  NAC:0x8A1 TSDU bch_err=0 raw=0x7
2026-04-19 17:57:16.836 ,PASSED,control  NAC:0x8A1 TSDU bch_err=0 raw=0x7
2026-04-19 17:57:16.839 ,PASSED,control  NAC:0x8A1 TSDU bch_err=0 raw=0x7
2026-04-19 17:57:16.842 ,PASSED,control  NAC:0x8A1 TSDU bch_err=0 raw=0x7
2026-04-19 17:57:16.844 ,PASSED,control  NAC:0x8A1 TSDU bch_err=0 raw=0x7
2026-04-19 17:57:16.847 ,PASSED,control  NAC:0x8A1 TSDU bch_err=0 raw=0x7
2026-04-19 17:57:16.850 ,PASSED,control  NAC:0x8A1 TSDU bch_err=0 raw=0x7
2026-04-19 17:57:16.852 ,PASSED,control  NAC:0x8A1 TSDU bch_err=0 raw=0x7
2026-04-19 17:57:16.855 ,PASSED,control  NAC:0x8A1 TSDU bch_err=0 raw=0x7
2026-04-19 17:57:16.862 ,PASSED,control  NAC:0x8A1 TSDU bch_err=0 raw=0x7
2026-04-19 17:57:16.864 ,PASSED,control  NAC:0x8A1 TSDU bch_err=0 raw=0x7
2026-04-19 17:57:16.869 ,CORRECTED,control  NAC:0x8A1 TSDU bch_err=1 raw=0x7
2026-04-19 17:57:16.872 ,PASSED,control  NAC:0x8A1 TSDU bch_err=0 raw=0x7
2026-04-19 17:57:16.875 ,PASSED,control  NAC:0x8A1 TSDU bch_err=0 raw=0x7
2026-04-19 17:57:16.877 ,PASSED,control  NAC:0x8A1 TSDU bch_err=0 raw=0x7
2026-04-19 17:57:16.880 ,PASSED,control  NAC:0x8A1 TSDU bch_err=0 raw=0x7
2026-04-19 17:57:16.883 ,PASSED,control  NAC:0x8A1 TSDU bch_err=0 raw=0x7
2026-04-19 17:57:16.885 ,PASSED,control  NAC:0x8A1 TSDU bch_err=0 raw=0x7
2026-04-19 17:57:16.888 ,PASSED,control  NAC:0x8A1 TSDU bch_err=0 raw=0x7
2026-04-19 17:57:16.891 ,PASSED,control  NAC:0x8A1 TSDU bch_err=0 raw=0x7
2026-04-19 17:57:16.893 ,PASSED,control  NAC:0x8A1 TSDU bch_err=0 raw=0x7
2026-04-19 17:57:16.896 ,PASSED,control  NAC:0x8A1 TSDU bch_err=0 raw=0x7
2026-04-19 17:57:20.195 ,PASSED,control  NAC:0x8A1 TSDU bch_err=0 raw=0x7
2026-04-19 17:57:20.198 ,PASSED,control  NAC:0x8A1 TSDU bch_err=0 raw=0x7
2026-04-19 17:57:20.200 ,PASSED,control  NAC:0x8A1 TSDU bch_err=0 raw=0x7
2026-04-19 17:57:20.203 ,PASSED,control  NAC:0x8A1 TSDU bch_err=0 raw=0x7
2026-04-19 17:57:20.206 ,PASSED,control  NAC:0x8A1 TSDU bch_err=0 raw=0x7
2026-04-19 17:57:20.208 ,PASSED,control  NAC:0x8A1 TSDU bch_err=0 raw=0x7
2026-04-19 17:57:20.211 ,PASSED,control  NAC:0x8A1 TSDU bch_err=0 raw=0x7
2026-04-19 17:57:20.214 ,PASSED,control  NAC:0x8A1 TSDU bch_err=0 raw=0x7
2026-04-19 17:57:20.217 ,PASSED,control  NAC:0x8A1 TSDU bch_err=0 raw=0x7
2026-04-19 17:57:20.219 ,PASSED,control  NAC:0x8A1 TSDU bch_err=0 raw=0x7
2026-04-19 17:57:20.222 ,PASSED,control  NAC:0x8A1 TSDU bch_err=0 raw=0x7
2026-04-19 17:57:20.224 ,PASSED,control  NAC:0x8A1 TSDU bch_err=0 raw=0x7
2026-04-19 17:57:20.229 ,CORRECTED,control  NAC:0x8A1 TSDU bch_err=5 raw=0x3
2026-04-19 17:57:20.232 ,PASSED,control  NAC:0x8A1 TSDU bch_err=0 raw=0x7
2026-04-19 17:57:20.234 ,PASSED,control  NAC:0x8A1 TSDU bch_err=0 raw=0x7
2026-04-19 17:57:20.237 ,PASSED,control  NAC:0x8A1 TSDU bch_err=0 raw=0x7
2026-04-19 17:57:20.239 ,PASSED,control  NAC:0x8A1 TSDU bch_err=0 raw=0x7
2026-04-19 17:57:20.244 ,CORRECTED,control  NAC:0x8A1 TSDU bch_err=11 raw=0x7
2026-04-19 17:57:20.247 ,PASSED,control  NAC:0x8A1 TSDU bch_err=0 raw=0x7
2026-04-19 17:57:20.249 ,PASSED,control  NAC:0x8A1 TSDU bch_err=0 raw=0x7
2026-04-19 17:57:20.252 ,PASSED,control  NAC:0x8A1 TSDU bch_err=0 raw=0x7
2026-04-19 17:57:20.255 ,PASSED,control  NAC:0x8A1 TSDU bch_err=0 raw=0x7
2026-04-19 17:57:20.258 ,PASSED,control  NAC:0x8A1 TSDU bch_err=0 raw=0x7
2026-04-19 17:57:20.262 ,PASSED,control  NAC:0x8A1 TSDU bch_err=0 raw=0x7
2026-04-19 17:57:20.265 ,PASSED,control  NAC:0x8A1 TSDU bch_err=0 raw=0x7
2026-04-19 17:57:20.268 ,PASSED,control  NAC:0x8A1 TSDU bch_err=0 raw=0x7
2026-04-19 17:57:20.275 ,CORRECTED,control  NAC:0x8A1 TSDU bch_err=4 raw=0x6
2026-04-19 17:57:20.280 ,CORRECTED,control  NAC:0x8A1 TSDU bch_err=2 raw=0x3
2026-04-19 17:57:20.283 ,PASSED,control  NAC:0x8A1 TSDU bch_err=0 raw=0x7
2026-04-19 17:57:20.289 ,CORRECTED,control  NAC:0x8A1 TSDU bch_err=1 raw=0x7
2026-04-19 17:57:20.292 ,PASSED,control  NAC:0x8A1 TSDU bch_err=0 raw=0x7
2026-04-19 17:57:20.295 ,PASSED,control  NAC:0x8A1 TSDU bch_err=0 raw=0x7
2026-04-19 17:57:20.301 ,CORRECTED,control  NAC:0x8A1 TSDU bch_err=7 raw=0x7
2026-04-19 17:57:20.305 ,PASSED,control  NAC:0x8A1 TSDU bch_err=0 raw=0x7
2026-04-19 17:57:20.309 ,PASSED,control  NAC:0x8A1 TSDU bch_err=0 raw=0x7
2026-04-19 17:57:20.314 ,CORRECTED,control  NAC:0x8A1 TSDU bch_err=2 raw=0x7
2026-04-19 17:57:20.317 ,PASSED,control  NAC:0x8A1 TSDU bch_err=0 raw=0x7
2026-04-19 17:57:20.321 ,PASSED,control  NAC:0x8A1 TSDU bch_err=0 raw=0x7
2026-04-19 17:57:20.323 ,PASSED,control  NAC:0x8A1 TSDU bch_err=0 raw=0x7
2026-04-19 17:57:20.326 ,PASSED,control  NAC:0x8A1 TSDU bch_err=0 raw=0x7
2026-04-19 17:57:20.329 ,PASSED,control  NAC:0x8A1 TSDU bch_err=0 raw=0x7
2026-04-19 17:57:20.332 ,PASSED,control  NAC:0x8A1 TSDU bch_err=0 raw=0x7
2026-04-19 17:57:20.334 ,PASSED,control  NAC:0x8A1 TSDU bch_err=0 raw=0x7
2026-04-19 17:57:23.612 ,CORRECTED,control  NAC:0x8A1 TSDU bch_err=10 raw=0x7
2026-04-19 17:57:23.615 ,PASSED,control  NAC:0x8A1 TSDU bch_err=0 raw=0x7
2026-04-19 17:57:23.620 ,PASSED,control  NAC:0x8A1 TSDU bch_err=0 raw=0x7
2026-04-19 17:57:23.624 ,PASSED,control  NAC:0x8A1 TSDU bch_err=0 raw=0x7
2026-04-19 17:57:23.627 ,PASSED,control  NAC:0x8A1 TSDU bch_err=0 raw=0x7
2026-04-19 17:57:23.632 ,PASSED,control  NAC:0x8A1 TSDU bch_err=0 raw=0x7
2026-04-19 17:57:23.638 ,CORRECTED,control  NAC:0x8A1 TSDU bch_err=8 raw=0x3
2026-04-19 17:57:23.642 ,PASSED,control  NAC:0x8A1 TSDU bch_err=0 raw=0x7
2026-04-19 17:57:23.646 ,PASSED,control  NAC:0x8A1 TSDU bch_err=0 raw=0x7
2026-04-19 17:57:23.649 ,PASSED,control  NAC:0x8A1 TSDU bch_err=0 raw=0x7
2026-04-19 17:57:23.652 ,PASSED,control  NAC:0x8A1 TSDU bch_err=0 raw=0x7
2026-04-19 17:57:23.655 ,PASSED,control  NAC:0x8A1 TSDU bch_err=0 raw=0x7
2026-04-19 17:57:23.659 ,CORRECTED,control  NAC:0x8A1 TSDU bch_err=2 raw=0x7
2026-04-19 17:57:23.662 ,PASSED,control  NAC:0x8A1 TSDU bch_err=0 raw=0x7
2026-04-19 17:57:23.665 ,PASSED,control  NAC:0x8A1 TSDU bch_err=0 raw=0x7
2026-04-19 17:57:23.667 ,PASSED,control  NAC:0x8A1 TSDU bch_err=0 raw=0x7
2026-04-19 17:57:23.670 ,PASSED,control  NAC:0x8A1 TSDU bch_err=0 raw=0x7
2026-04-19 17:57:23.673 ,PASSED,control  NAC:0x8A1 TSDU bch_err=0 raw=0x7
2026-04-19 17:57:23.675 ,PASSED,control  NAC:0x8A1 TSDU bch_err=0 raw=0x7
2026-04-19 17:57:23.682 ,PASSED,control  NAC:0x8A1 TSDU bch_err=0 raw=0x7
2026-04-19 17:57:23.685 ,PASSED,control  NAC:0x8A1 TSDU bch_err=0 raw=0x7
2026-04-19 17:57:23.690 ,CORRECTED,control  NAC:0x8A1 TSDU bch_err=2 raw=0x7
2026-04-19 17:57:23.696 ,PASSED,control  NAC:0x8A1 TSDU bch_err=0 raw=0x7
2026-04-19 17:57:23.701 ,CORRECTED,control  NAC:0x8A1 TSDU bch_err=2 raw=0x7
2026-04-19 17:57:23.706 ,CORRECTED,control  NAC:0x8A1 TSDU bch_err=1 raw=0x7
2026-04-19 17:57:23.708 ,PASSED,control  NAC:0x8A1 TSDU bch_err=0 raw=0x7
2026-04-19 17:57:23.711 ,PASSED,control  NAC:0x8A1 TSDU bch_err=0 raw=0x7
2026-04-19 17:57:23.714 ,PASSED,control  NAC:0x8A1 TSDU bch_err=0 raw=0x7
2026-04-19 17:57:23.717 ,PASSED,control  NAC:0x8A1 TSDU bch_err=0 raw=0x7
2026-04-19 17:57:23.719 ,PASSED,control  NAC:0x8A1 TSDU bch_err=0 raw=0x7
2026-04-19 17:57:23.722 ,PASSED,control  NAC:0x8A1 TSDU bch_err=0 raw=0x7
2026-04-19 17:57:23.726 ,CORRECTED,control  NAC:0x8A1 TSDU bch_err=1 raw=0x6
2026-04-19 17:57:23.729 ,PASSED,control  NAC:0x8A1 TSDU bch_err=0 raw=0x7
2026-04-19 17:57:23.732 ,PASSED,control  NAC:0x8A1 TSDU bch_err=0 raw=0x7
2026-04-19 17:57:23.735 ,PASSED,control  NAC:0x8A1 TSDU bch_err=0 raw=0x7
2026-04-19 17:57:23.739 ,CORRECTED,control  NAC:0x8A1 TSDU bch_err=4 raw=0x7
2026-04-19 17:57:23.742 ,PASSED,control  NAC:0x8A1 TSDU bch_err=0 raw=0x7
2026-04-19 17:57:23.744 ,PASSED,control  NAC:0x8A1 TSDU bch_err=0 raw=0x7
2026-04-19 17:57:23.747 ,PASSED,control  NAC:0x8A1 TSDU bch_err=0 raw=0x7
2026-04-19 17:57:23.750 ,PASSED,control  NAC:0x8A1 TSDU bch_err=0 raw=0x7
2026-04-19 17:57:23.753 ,PASSED,control  NAC:0x8A1 TSDU bch_err=0 raw=0x7
2026-04-19 17:57:23.757 ,CORRECTED,control  NAC:0x8A1 TSDU bch_err=3 raw=0x7
2026-04-19 17:57:27.021 ,PASSED,control  NAC:0x8A1 TSDU bch_err=0 raw=0x7
2026-04-19 17:57:27.024 ,PASSED,control  NAC:0x8A1 TSDU bch_err=0 raw=0x7
2026-04-19 17:57:27.027 ,PASSED,control  NAC:0x8A1 TSDU bch_err=0 raw=0x7
2026-04-19 17:57:27.029 ,PASSED,control  NAC:0x8A1 TSDU bch_err=0 raw=0x7
2026-04-19 17:57:27.032 ,PASSED,control  NAC:0x8A1 TSDU bch_err=0 raw=0x7
2026-04-19 17:57:27.035 ,PASSED,control  NAC:0x8A1 TSDU bch_err=0 raw=0x7
2026-04-19 17:57:27.038 ,PASSED,control  NAC:0x8A1 TSDU bch_err=0 raw=0x7
2026-04-19 17:57:27.042 ,CORRECTED,control  NAC:0x8A1 TSDU bch_err=2 raw=0x7
2026-04-19 17:57:27.047 ,CORRECTED,control  NAC:0x8A1 TSDU bch_err=1 raw=0x3
2026-04-19 17:57:27.052 ,CORRECTED,control  NAC:0x8A1 TSDU bch_err=5 raw=0x7
2026-04-19 17:57:27.055 ,PASSED,control  NAC:0x8A1 TSDU bch_err=0 raw=0x7
2026-04-19 17:57:27.059 ,CORRECTED,control  NAC:0x8A1 TSDU bch_err=1 raw=0x7
2026-04-19 17:57:27.062 ,PASSED,control  NAC:0x8A1 TSDU bch_err=0 raw=0x7
2026-04-19 17:57:27.067 ,CORRECTED,control  NAC:0x8A1 TSDU bch_err=3 raw=0x7
2026-04-19 17:57:27.070 ,PASSED,control  NAC:0x8A1 TSDU bch_err=0 raw=0x7
2026-04-19 17:57:27.072 ,PASSED,control  NAC:0x8A1 TSDU bch_err=0 raw=0x7
2026-04-19 17:57:27.075 ,PASSED,control  NAC:0x8A1 TSDU bch_err=0 raw=0x7
2026-04-19 17:57:27.078 ,PASSED,control  NAC:0x8A1 TSDU bch_err=0 raw=0x7
2026-04-19 17:57:27.081 ,PASSED,control  NAC:0x8A1 TSDU bch_err=0 raw=0x7
2026-04-19 17:57:27.083 ,PASSED,control  NAC:0x8A1 TSDU bch_err=0 raw=0x7
2026-04-19 17:57:27.086 ,PASSED,control  NAC:0x8A1 TSDU bch_err=0 raw=0x7
2026-04-19 17:57:27.089 ,PASSED,control  NAC:0x8A1 TSDU bch_err=0 raw=0x7
2026-04-19 17:57:27.091 ,PASSED,control  NAC:0x8A1 TSDU bch_err=0 raw=0x7
2026-04-19 17:57:27.094 ,PASSED,control  NAC:0x8A1 TSDU bch_err=0 raw=0x7
2026-04-19 17:57:27.097 ,PASSED,control  NAC:0x8A1 TSDU bch_err=0 raw=0x7
2026-04-19 17:57:27.099 ,PASSED,control  NAC:0x8A1 TSDU bch_err=0 raw=0x7
2026-04-19 17:57:27.102 ,PASSED,control  NAC:0x8A1 TSDU bch_err=0 raw=0x7
2026-04-19 17:57:27.107 ,CORRECTED,control  NAC:0x8A1 TSDU bch_err=2 raw=0x7
2026-04-19 17:57:27.114 ,PASSED,control  NAC:0x8A1 TSDU bch_err=0 raw=0x7
2026-04-19 17:57:27.116 ,PASSED,control  NAC:0x8A1 TSDU bch_err=0 raw=0x7
2026-04-19 17:57:27.121 ,CORRECTED,control  NAC:0x8A1 TSDU bch_err=4 raw=0x7
2026-04-19 17:57:27.126 ,CORRECTED,control  NAC:0x8A1 TSDU bch_err=2 raw=0x7
2026-04-19 17:57:27.128 ,PASSED,control  NAC:0x8A1 TSDU bch_err=0 raw=0x7
2026-04-19 17:57:27.131 ,PASSED,control  NAC:0x8A1 TSDU bch_err=0 raw=0x7
2026-04-19 17:57:27.134 ,PASSED,control  NAC:0x8A1 TSDU bch_err=0 raw=0x7
2026-04-19 17:57:27.137 ,PASSED,control  NAC:0x8A1 TSDU bch_err=0 raw=0x7
2026-04-19 17:57:27.139 ,PASSED,control  NAC:0x8A1 TSDU bch_err=0 raw=0x7
2026-04-19 17:57:27.142 ,PASSED,control  NAC:0x8A1 TSDU bch_err=0 raw=0x7
2026-04-19 17:57:27.145 ,PASSED,control  NAC:0x8A1 TSDU bch_err=0 raw=0x7
2026-04-19 17:57:27.148 ,PASSED,control  NAC:0x8A1 TSDU bch_err=0 raw=0x7
2026-04-19 17:57:27.151 ,PASSED,control  NAC:0x8A1 TSDU bch_err=0 raw=0x7
2026-04-19 17:57:27.153 ,PASSED,control  NAC:0x8A1 TSDU bch_err=0 raw=0x7
2026-04-19 17:57:27.156 ,PASSED,control  NAC:0x8A1 TSDU bch_err=0 raw=0x7
2026-04-19 17:57:27.159 ,PASSED,control  NAC:0x8A1 TSDU bch_err=0 raw=0x7
2026-04-19 17:57:30.435 ,PASSED,control  NAC:0x8A1 TSDU bch_err=0 raw=0x7
2026-04-19 17:57:30.438 ,PASSED,control  NAC:0x8A1 TSDU bch_err=0 raw=0x7
2026-04-19 17:57:30.442 ,PASSED,control  NAC:0x8A1 TSDU bch_err=0 raw=0x7
2026-04-19 17:57:30.448 ,PASSED,control  NAC:0x8A1 TSDU bch_err=0 raw=0x7
2026-04-19 17:57:30.452 ,PASSED,control  NAC:0x8A1 TSDU bch_err=0 raw=0x7
2026-04-19 17:57:30.456 ,PASSED,control  NAC:0x8A1 TSDU bch_err=0 raw=0x7
2026-04-19 17:57:30.460 ,PASSED,control  NAC:0x8A1 TSDU bch_err=0 raw=0x7
2026-04-19 17:57:30.464 ,PASSED,control  NAC:0x8A1 TSDU bch_err=0 raw=0x7
2026-04-19 17:57:30.468 ,PASSED,control  NAC:0x8A1 TSDU bch_err=0 raw=0x7
2026-04-19 17:57:30.473 ,PASSED,control  NAC:0x8A1 TSDU bch_err=0 raw=0x7
2026-04-19 17:57:30.476 ,PASSED,control  NAC:0x8A1 TSDU bch_err=0 raw=0x7
2026-04-19 17:57:30.481 ,PASSED,control  NAC:0x8A1 TSDU bch_err=0 raw=0x7
2026-04-19 17:57:30.484 ,PASSED,control  NAC:0x8A1 TSDU bch_err=0 raw=0x7
2026-04-19 17:57:30.489 ,PASSED,control  NAC:0x8A1 TSDU bch_err=0 raw=0x7
2026-04-19 17:57:30.492 ,PASSED,control  NAC:0x8A1 TSDU bch_err=0 raw=0x7
2026-04-19 17:57:30.495 ,PASSED,control  NAC:0x8A1 TSDU bch_err=0 raw=0x7
2026-04-19 17:57:30.501 ,PASSED,control  NAC:0x8A1 TSDU bch_err=0 raw=0x7
2026-04-19 17:57:30.504 ,PASSED,control  NAC:0x8A1 TSDU bch_err=0 raw=0x7
2026-04-19 17:57:30.508 ,PASSED,control  NAC:0x8A1 TSDU bch_err=0 raw=0x7
2026-04-19 17:57:30.512 ,PASSED,control  NAC:0x8A1 TSDU bch_err=0 raw=0x7
2026-04-19 17:57:30.516 ,PASSED,control  NAC:0x8A1 TSDU bch_err=0 raw=0x7
2026-04-19 17:57:30.520 ,PASSED,control  NAC:0x8A1 TSDU bch_err=0 raw=0x7
2026-04-19 17:57:30.523 ,PASSED,control  NAC:0x8A1 TSDU bch_err=0 raw=0x7
2026-04-19 17:57:30.528 ,PASSED,control  NAC:0x8A1 TSDU bch_err=0 raw=0x7
2026-04-19 17:57:30.532 ,PASSED,control  NAC:0x8A1 TSDU bch_err=0 raw=0x7
2026-04-19 17:57:30.535 ,PASSED,control  NAC:0x8A1 TSDU bch_err=0 raw=0x7
2026-04-19 17:57:30.539 ,PASSED,control  NAC:0x8A1 TSDU bch_err=0 raw=0x7
2026-04-19 17:57:30.543 ,PASSED,control  NAC:0x8A1 TSDU bch_err=0 raw=0x7
2026-04-19 17:57:30.549 ,CORRECTED,control  NAC:0x8A1 TSDU bch_err=2 raw=0x3
2026-04-19 17:57:30.552 ,PASSED,control  NAC:0x8A1 TSDU bch_err=0 raw=0x7
2026-04-19 17:57:30.558 ,PASSED,control  NAC:0x8A1 TSDU bch_err=0 raw=0x7
2026-04-19 17:57:30.562 ,PASSED,control  NAC:0x8A1 TSDU bch_err=0 raw=0x7
2026-04-19 17:57:30.566 ,PASSED,control  NAC:0x8A1 TSDU bch_err=0 raw=0x7
2026-04-19 17:57:30.569 ,PASSED,control  NAC:0x8A1 TSDU bch_err=0 raw=0x7
2026-04-19 17:57:30.573 ,PASSED,control  NAC:0x8A1 TSDU bch_err=0 raw=0x7
2026-04-19 17:57:30.577 ,PASSED,control  NAC:0x8A1 TSDU bch_err=0 raw=0x7
2026-04-19 17:57:30.584 ,CORRECTED,control  NAC:0x8A1 TSDU bch_err=3 raw=0x7
2026-04-19 17:57:30.587 ,PASSED,control  NAC:0x8A1 TSDU bch_err=0 raw=0x7
2026-04-19 17:57:30.591 ,PASSED,control  NAC:0x8A1 TSDU bch_err=0 raw=0x7
2026-04-19 17:57:30.595 ,PASSED,control  NAC:0x8A1 TSDU bch_err=0 raw=0x7
2026-04-19 17:57:30.599 ,PASSED,control  NAC:0x8A1 TSDU bch_err=0 raw=0x7
2026-04-19 17:57:30.604 ,CORRECTED,control  NAC:0x8A1 TSDU bch_err=2 raw=0x7
2026-04-19 17:57:30.608 ,PASSED,control  NAC:0x8A1 TSDU bch_err=0 raw=0x7
2026-04-19 17:57:30.613 ,PASSED,control  NAC:0x8A1 TSDU bch_err=0 raw=0x7
2026-04-19 17:57:33.849 ,PASSED,control  NAC:0x8A1 TSDU bch_err=0 raw=0x7
2026-04-19 17:57:33.854 ,PASSED,control  NAC:0x8A1 TSDU bch_err=0 raw=0x7
2026-04-19 17:57:33.858 ,PASSED,control  NAC:0x8A1 TSDU bch_err=0 raw=0x7
2026-04-19 17:57:33.862 ,PASSED,control  NAC:0x8A1 TSDU bch_err=0 raw=0x7
2026-04-19 17:57:33.867 ,PASSED,control  NAC:0x8A1 TSDU bch_err=0 raw=0x7
2026-04-19 17:57:33.870 ,PASSED,control  NAC:0x8A1 TSDU bch_err=0 raw=0x7
2026-04-19 17:57:33.874 ,PASSED,control  NAC:0x8A1 TSDU bch_err=0 raw=0x7
2026-04-19 17:57:33.879 ,PASSED,control  NAC:0x8A1 TSDU bch_err=0 raw=0x7
2026-04-19 17:57:33.883 ,PASSED,control  NAC:0x8A1 TSDU bch_err=0 raw=0x7
2026-04-19 17:57:33.887 ,PASSED,control  NAC:0x8A1 TSDU bch_err=0 raw=0x7
2026-04-19 17:57:33.891 ,PASSED,control  NAC:0x8A1 TSDU bch_err=0 raw=0x7
2026-04-19 17:57:33.895 ,PASSED,control  NAC:0x8A1 TSDU bch_err=0 raw=0x7
2026-04-19 17:57:33.899 ,PASSED,control  NAC:0x8A1 TSDU bch_err=0 raw=0x7
2026-04-19 17:57:33.903 ,PASSED,control  NAC:0x8A1 TSDU bch_err=0 raw=0x7
2026-04-19 17:57:33.907 ,PASSED,control  NAC:0x8A1 TSDU bch_err=0 raw=0x7
2026-04-19 17:57:33.911 ,PASSED,control  NAC:0x8A1 TSDU bch_err=0 raw=0x7
2026-04-19 17:57:33.915 ,PASSED,control  NAC:0x8A1 TSDU bch_err=0 raw=0x7
2026-04-19 17:57:33.918 ,PASSED,control  NAC:0x8A1 TSDU bch_err=0 raw=0x7
2026-04-19 17:57:33.923 ,PASSED,control  NAC:0x8A1 TSDU bch_err=0 raw=0x7
2026-04-19 17:57:33.926 ,PASSED,control  NAC:0x8A1 TSDU bch_err=0 raw=0x7
2026-04-19 17:57:33.930 ,PASSED,control  NAC:0x8A1 TSDU bch_err=0 raw=0x7
2026-04-19 17:57:33.934 ,PASSED,control  NAC:0x8A1 TSDU bch_err=0 raw=0x7
2026-04-19 17:57:33.937 ,PASSED,control  NAC:0x8A1 TSDU bch_err=0 raw=0x7
2026-04-19 17:57:33.942 ,PASSED,control  NAC:0x8A1 TSDU bch_err=0 raw=0x7
2026-04-19 17:57:33.946 ,PASSED,control  NAC:0x8A1 TSDU bch_err=0 raw=0x7
2026-04-19 17:57:33.949 ,PASSED,control  NAC:0x8A1 TSDU bch_err=0 raw=0x7
2026-04-19 17:57:33.953 ,PASSED,control  NAC:0x8A1 TSDU bch_err=0 raw=0x7
2026-04-19 17:57:33.959 ,CORRECTED,control  NAC:0x8A1 TSDU bch_err=1 raw=0x3
2026-04-19 17:57:33.962 ,PASSED,control  NAC:0x8A1 TSDU bch_err=0 raw=0x7
2026-04-19 17:57:33.967 ,PASSED,control  NAC:0x8A1 TSDU bch_err=0 raw=0x7
2026-04-19 17:57:33.971 ,PASSED,control  NAC:0x8A1 TSDU bch_err=0 raw=0x7
2026-04-19 17:57:33.975 ,PASSED,control  NAC:0x8A1 TSDU bch_err=0 raw=0x7
2026-04-19 17:57:33.978 ,PASSED,control  NAC:0x8A1 TSDU bch_err=0 raw=0x7
2026-04-19 17:57:33.982 ,PASSED,control  NAC:0x8A1 TSDU bch_err=0 raw=0x7
2026-04-19 17:57:33.986 ,PASSED,control  NAC:0x8A1 TSDU bch_err=0 raw=0x7
2026-04-19 17:57:33.990 ,PASSED,control  NAC:0x8A1 TSDU bch_err=0 raw=0x7
2026-04-19 17:57:33.994 ,PASSED,control  NAC:0x8A1 TSDU bch_err=0 raw=0x7
2026-04-19 17:57:33.998 ,PASSED,control  NAC:0x8A1 TSDU bch_err=0 raw=0x7
2026-04-19 17:57:34.002 ,PASSED,control  NAC:0x8A1 TSDU bch_err=0 raw=0x7
2026-04-19 17:57:34.006 ,PASSED,control  NAC:0x8A1 TSDU bch_err=0 raw=0x7
2026-04-19 17:57:34.010 ,PASSED,control  NAC:0x8A1 TSDU bch_err=0 raw=0x7
2026-04-19 17:57:34.014 ,PASSED,control  NAC:0x8A1 TSDU bch_err=0 raw=0x7
2026-04-19 17:57:34.017 ,PASSED,control  NAC:0x8A1 TSDU bch_err=0 raw=0x7
2026-04-19 17:57:37.262 ,PASSED,control  NAC:0x8A1 TSDU bch_err=0 raw=0x7
2026-04-19 17:57:37.266 ,PASSED,control  NAC:0x8A1 TSDU bch_err=0 raw=0x7
2026-04-19 17:57:37.269 ,PASSED,control  NAC:0x8A1 TSDU bch_err=0 raw=0x7
2026-04-19 17:57:37.272 ,PASSED,control  NAC:0x8A1 TSDU bch_err=0 raw=0x7
2026-04-19 17:57:37.276 ,PASSED,control  NAC:0x8A1 TSDU bch_err=0 raw=0x7
2026-04-19 17:57:37.279 ,PASSED,control  NAC:0x8A1 TSDU bch_err=0 raw=0x7
2026-04-19 17:57:37.283 ,PASSED,control  NAC:0x8A1 TSDU bch_err=0 raw=0x7
2026-04-19 17:57:37.287 ,PASSED,control  NAC:0x8A1 TSDU bch_err=0 raw=0x7
2026-04-19 17:57:37.290 ,PASSED,control  NAC:0x8A1 TSDU bch_err=0 raw=0x7
2026-04-19 17:57:37.294 ,PASSED,control  NAC:0x8A1 TSDU bch_err=0 raw=0x7
2026-04-19 17:57:37.299 ,PASSED,control  NAC:0x8A1 TSDU bch_err=0 raw=0x7
2026-04-19 17:57:37.303 ,PASSED,control  NAC:0x8A1 TSDU bch_err=0 raw=0x7
2026-04-19 17:57:37.306 ,PASSED,control  NAC:0x8A1 TSDU bch_err=0 raw=0x7
2026-04-19 17:57:37.309 ,PASSED,control  NAC:0x8A1 TSDU bch_err=0 raw=0x7
2026-04-19 17:57:37.311 ,PASSED,control  NAC:0x8A1 TSDU bch_err=0 raw=0x7
2026-04-19 17:57:37.314 ,PASSED,control  NAC:0x8A1 TSDU bch_err=0 raw=0x7
2026-04-19 17:57:37.317 ,PASSED,control  NAC:0x8A1 TSDU bch_err=0 raw=0x7
2026-04-19 17:57:37.320 ,PASSED,control  NAC:0x8A1 TSDU bch_err=0 raw=0x7
2026-04-19 17:57:37.323 ,PASSED,control  NAC:0x8A1 TSDU bch_err=0 raw=0x7
2026-04-19 17:57:37.325 ,PASSED,control  NAC:0x8A1 TSDU bch_err=0 raw=0x7
2026-04-19 17:57:37.328 ,PASSED,control  NAC:0x8A1 TSDU bch_err=0 raw=0x7
2026-04-19 17:57:37.331 ,PASSED,control  NAC:0x8A1 TSDU bch_err=0 raw=0x7
2026-04-19 17:57:37.334 ,PASSED,control  NAC:0x8A1 TSDU bch_err=0 raw=0x7
2026-04-19 17:57:37.336 ,PASSED,control  NAC:0x8A1 TSDU bch_err=0 raw=0x7
2026-04-19 17:57:37.339 ,PASSED,control  NAC:0x8A1 TSDU bch_err=0 raw=0x7
2026-04-19 17:57:37.342 ,PASSED,control  NAC:0x8A1 TSDU bch_err=0 raw=0x7
2026-04-19 17:57:37.344 ,PASSED,control  NAC:0x8A1 TSDU bch_err=0 raw=0x7
2026-04-19 17:57:37.347 ,PASSED,control  NAC:0x8A1 TSDU bch_err=0 raw=0x7
2026-04-19 17:57:37.349 ,PASSED,control  NAC:0x8A1 TSDU bch_err=0 raw=0x7
2026-04-19 17:57:37.352 ,PASSED,control  NAC:0x8A1 TSDU bch_err=0 raw=0x7
2026-04-19 17:57:37.355 ,PASSED,control  NAC:0x8A1 TSDU bch_err=0 raw=0x7
2026-04-19 17:57:37.358 ,PASSED,control  NAC:0x8A1 TSDU bch_err=0 raw=0x7
2026-04-19 17:57:37.360 ,PASSED,control  NAC:0x8A1 TSDU bch_err=0 raw=0x7
2026-04-19 17:57:37.363 ,PASSED,control  NAC:0x8A1 TSDU bch_err=0 raw=0x7
2026-04-19 17:57:37.366 ,PASSED,control  NAC:0x8A1 TSDU bch_err=0 raw=0x7
2026-04-19 17:57:37.369 ,PASSED,control  NAC:0x8A1 TSDU bch_err=0 raw=0x7
2026-04-19 17:57:37.371 ,PASSED,control  NAC:0x8A1 TSDU bch_err=0 raw=0x7
2026-04-19 17:57:37.374 ,PASSED,control  NAC:0x8A1 TSDU bch_err=0 raw=0x7
2026-04-19 17:57:37.377 ,PASSED,control  NAC:0x8A1 TSDU bch_err=0 raw=0x7
2026-04-19 17:57:37.379 ,PASSED,control  NAC:0x8A1 TSDU bch_err=0 raw=0x7
2026-04-19 17:57:37.382 ,PASSED,control  NAC:0x8A1 TSDU bch_err=0 raw=0x7
2026-04-19 17:57:37.385 ,PASSED,control  NAC:0x8A1 TSDU bch_err=0 raw=0x7
2026-04-19 17:57:37.388 ,PASSED,control  NAC:0x8A1 TSDU bch_err=0 raw=0x7
2026-04-19 17:57:37.392 ,CORRECTED,control  NAC:0x8A1 TSDU bch_err=10 raw=0x7
2026-04-19 17:57:40.675 ,PASSED,control  NAC:0x8A1 TSDU bch_err=0 raw=0x7
2026-04-19 17:57:40.677 ,PASSED,control  NAC:0x8A1 TSDU bch_err=0 raw=0x7
2026-04-19 17:57:40.680 ,PASSED,control  NAC:0x8A1 TSDU bch_err=0 raw=0x7
2026-04-19 17:57:40.683 ,PASSED,control  NAC:0x8A1 TSDU bch_err=0 raw=0x7
2026-04-19 17:57:40.685 ,PASSED,control  NAC:0x8A1 TSDU bch_err=0 raw=0x7
2026-04-19 17:57:40.690 ,CORRECTED,control  NAC:0x8A1 TSDU bch_err=5 raw=0x6
2026-04-19 17:57:40.693 ,PASSED,control  NAC:0x8A1 TSDU bch_err=0 raw=0x7
2026-04-19 17:57:40.695 ,PASSED,control  NAC:0x8A1 TSDU bch_err=0 raw=0x7
2026-04-19 17:57:40.700 ,CORRECTED,control  NAC:0x8A1 TSDU bch_err=1 raw=0x7
2026-04-19 17:57:40.703 ,PASSED,control  NAC:0x8A1 TSDU bch_err=0 raw=0x7
2026-04-19 17:57:40.705 ,PASSED,control  NAC:0x8A1 TSDU bch_err=0 raw=0x7
2026-04-19 17:57:40.710 ,CORRECTED,control  NAC:0x8A1 TSDU bch_err=7 raw=0x7
2026-04-19 17:57:40.713 ,PASSED,control  NAC:0x8A1 TSDU bch_err=0 raw=0x7
2026-04-19 17:57:40.717 ,CORRECTED,control  NAC:0x8A1 TSDU bch_err=2 raw=0x7
2026-04-19 17:57:40.721 ,CORRECTED,control  NAC:0x8A1 TSDU bch_err=10 raw=0x2
2026-04-19 17:57:40.724 ,PASSED,control  NAC:0x8A1 TSDU bch_err=0 raw=0x7
2026-04-19 17:57:40.727 ,PASSED,control  NAC:0x8A1 TSDU bch_err=0 raw=0x7
2026-04-19 17:57:40.729 ,PASSED,control  NAC:0x8A1 TSDU bch_err=0 raw=0x7
2026-04-19 17:57:40.732 ,PASSED,control  NAC:0x8A1 TSDU bch_err=0 raw=0x7
2026-04-19 17:57:40.734 ,PASSED,control  NAC:0x8A1 TSDU bch_err=0 raw=0x7
2026-04-19 17:57:40.739 ,CORRECTED,control  NAC:0x8A1 TSDU bch_err=6 raw=0x6
2026-04-19 17:57:40.745 ,CORRECTED,control  NAC:0x8A1 TSDU bch_err=8 raw=0x7
2026-04-19 17:57:40.750 ,CORRECTED,control  NAC:0x8A1 TSDU bch_err=3 raw=0x7
2026-04-19 17:57:40.757 ,CORRECTED,control  NAC:0x8A1 TSDU bch_err=1 raw=0x7
2026-04-19 17:57:40.761 ,PASSED,control  NAC:0x8A1 TSDU bch_err=0 raw=0x7
2026-04-19 17:57:40.765 ,PASSED,control  NAC:0x8A1 TSDU bch_err=0 raw=0x7
2026-04-19 17:57:40.769 ,PASSED,control  NAC:0x8A1 TSDU bch_err=0 raw=0x7
2026-04-19 17:57:40.773 ,PASSED,control  NAC:0x8A1 TSDU bch_err=0 raw=0x7
2026-04-19 17:57:40.777 ,PASSED,control  NAC:0x8A1 TSDU bch_err=0 raw=0x7
2026-04-19 17:57:40.780 ,PASSED,control  NAC:0x8A1 TSDU bch_err=0 raw=0x7
2026-04-19 17:57:40.783 ,PASSED,control  NAC:0x8A1 TSDU bch_err=0 raw=0x7
2026-04-19 17:57:40.787 ,PASSED,control  NAC:0x8A1 TSDU bch_err=0 raw=0x7
2026-04-19 17:57:40.792 ,CORRECTED,control  NAC:0x8A1 TSDU bch_err=5 raw=0x2
2026-04-19 17:57:40.797 ,CORRECTED,control  NAC:0x8A1 TSDU bch_err=3 raw=0xF
2026-04-19 17:57:40.800 ,PASSED,control  NAC:0x8A1 TSDU bch_err=0 raw=0x7
2026-04-19 17:57:40.803 ,PASSED,control  NAC:0x8A1 TSDU bch_err=0 raw=0x7
2026-04-19 17:57:40.807 ,PASSED,control  NAC:0x8A1 TSDU bch_err=0 raw=0x7
2026-04-19 17:57:40.811 ,PASSED,control  NAC:0x8A1 TSDU bch_err=0 raw=0x7
2026-04-19 17:57:40.815 ,PASSED,control  NAC:0x8A1 TSDU bch_err=0 raw=0x7
2026-04-19 17:57:40.818 ,PASSED,control  NAC:0x8A1 TSDU bch_err=0 raw=0x7
2026-04-19 17:57:40.821 ,PASSED,control  NAC:0x8A1 TSDU bch_err=0 raw=0x7
2026-04-19 17:57:40.824 ,PASSED,control  NAC:0x8A1 TSDU bch_err=0 raw=0x7
2026-04-19 17:57:44.088 ,PASSED,control  NAC:0x8A1 TSDU bch_err=0 raw=0x7
2026-04-19 17:57:44.091 ,PASSED,control  NAC:0x8A1 TSDU bch_err=0 raw=0x7
2026-04-19 17:57:44.095 ,CORRECTED,control  NAC:0x8A1 TSDU bch_err=1 raw=0x7
2026-04-19 17:57:44.098 ,PASSED,control  NAC:0x8A1 TSDU bch_err=0 raw=0x7
2026-04-19 17:57:44.101 ,PASSED,control  NAC:0x8A1 TSDU bch_err=0 raw=0x7
2026-04-19 17:57:44.104 ,PASSED,control  NAC:0x8A1 TSDU bch_err=0 raw=0x7
2026-04-19 17:57:44.112 ,PASSED,control  NAC:0x8A1 TSDU bch_err=0 raw=0x7
2026-04-19 17:57:44.116 ,PASSED,control  NAC:0x8A1 TSDU bch_err=0 raw=0x7
2026-04-19 17:57:44.119 ,PASSED,control  NAC:0x8A1 TSDU bch_err=0 raw=0x7
2026-04-19 17:57:44.122 ,PASSED,control  NAC:0x8A1 TSDU bch_err=0 raw=0x7
2026-04-19 17:57:44.126 ,PASSED,control  NAC:0x8A1 TSDU bch_err=0 raw=0x7
2026-04-19 17:57:44.129 ,PASSED,control  NAC:0x8A1 TSDU bch_err=0 raw=0x7
2026-04-19 17:57:44.134 ,PASSED,control  NAC:0x8A1 TSDU bch_err=0 raw=0x7
2026-04-19 17:57:44.136 ,PASSED,control  NAC:0x8A1 TSDU bch_err=0 raw=0x7
2026-04-19 17:57:44.142 ,CORRECTED,control  NAC:0x8A1 TSDU bch_err=1 raw=0x3
2026-04-19 17:57:44.148 ,CORRECTED,control  NAC:0x8A1 TSDU bch_err=1 raw=0x7
2026-04-19 17:57:44.152 ,PASSED,control  NAC:0x8A1 TSDU bch_err=0 raw=0x7
2026-04-19 17:57:44.158 ,CORRECTED,control  NAC:0x8A1 TSDU bch_err=2 raw=0x6
2026-04-19 17:57:44.161 ,PASSED,control  NAC:0x8A1 TSDU bch_err=0 raw=0x7
2026-04-19 17:57:44.165 ,PASSED,control  NAC:0x8A1 TSDU bch_err=0 raw=0x7
2026-04-19 17:57:44.168 ,PASSED,control  NAC:0x8A1 TSDU bch_err=0 raw=0x7
2026-04-19 17:57:44.171 ,PASSED,control  NAC:0x8A1 TSDU bch_err=0 raw=0x7
2026-04-19 17:57:44.174 ,PASSED,control  NAC:0x8A1 TSDU bch_err=0 raw=0x7
2026-04-19 17:57:44.176 ,PASSED,control  NAC:0x8A1 TSDU bch_err=0 raw=0x7
2026-04-19 17:57:44.179 ,PASSED,control  NAC:0x8A1 TSDU bch_err=0 raw=0x7
2026-04-19 17:57:44.182 ,PASSED,control  NAC:0x8A1 TSDU bch_err=0 raw=0x7
2026-04-19 17:57:44.184 ,PASSED,control  NAC:0x8A1 TSDU bch_err=0 raw=0x7
2026-04-19 17:57:44.189 ,CORRECTED,control  NAC:0x8A1 TSDU bch_err=2 raw=0x7
2026-04-19 17:57:44.192 ,PASSED,control  NAC:0x8A1 TSDU bch_err=0 raw=0x7
2026-04-19 17:57:44.195 ,PASSED,control  NAC:0x8A1 TSDU bch_err=0 raw=0x7
2026-04-19 17:57:44.197 ,PASSED,control  NAC:0x8A1 TSDU bch_err=0 raw=0x7
2026-04-19 17:57:44.200 ,PASSED,control  NAC:0x8A1 TSDU bch_err=0 raw=0x7
2026-04-19 17:57:44.202 ,PASSED,control  NAC:0x8A1 TSDU bch_err=0 raw=0x7
2026-04-19 17:57:44.206 ,PASSED,control  NAC:0x8A1 TSDU bch_err=0 raw=0x7
2026-04-19 17:57:44.210 ,CORRECTED,control  NAC:0x8A1 TSDU bch_err=8 raw=0x7
2026-04-19 17:57:44.213 ,PASSED,control  NAC:0x8A1 TSDU bch_err=0 raw=0x7
2026-04-19 17:57:44.215 ,PASSED,control  NAC:0x8A1 TSDU bch_err=0 raw=0x7
2026-04-19 17:57:44.220 ,CORRECTED,control  NAC:0x8A1 TSDU bch_err=2 raw=0x7
2026-04-19 17:57:44.223 ,PASSED,control  NAC:0x8A1 TSDU bch_err=0 raw=0x7
2026-04-19 17:57:44.225 ,PASSED,control  NAC:0x8A1 TSDU bch_err=0 raw=0x7
2026-04-19 17:57:44.228 ,PASSED,control  NAC:0x8A1 TSDU bch_err=0 raw=0x7
2026-04-19 17:57:44.231 ,PASSED,control  NAC:0x8A1 TSDU bch_err=0 raw=0x7
2026-04-19 17:57:44.236 ,CORRECTED,control  NAC:0x8A1 TSDU bch_err=3 raw=0x7
2026-04-19 17:57:47.503 ,CORRECTED,control  NAC:0x8A1 TSDU bch_err=1 raw=0x3
2026-04-19 17:57:47.506 ,PASSED,control  NAC:0x8A1 TSDU bch_err=0 raw=0x7
2026-04-19 17:57:47.508 ,PASSED,control  NAC:0x8A1 TSDU bch_err=0 raw=0x7
2026-04-19 17:57:47.511 ,PASSED,control  NAC:0x8A1 TSDU bch_err=0 raw=0x7
2026-04-19 17:57:47.514 ,PASSED,control  NAC:0x8A1 TSDU bch_err=0 raw=0x7
2026-04-19 17:57:47.517 ,PASSED,control  NAC:0x8A1 TSDU bch_err=0 raw=0x7
2026-04-19 17:57:47.525 ,CORRECTED,control  NAC:0x8A1 TSDU bch_err=2 raw=0x7
2026-04-19 17:57:47.528 ,PASSED,control  NAC:0x8A1 TSDU bch_err=0 raw=0x7
2026-04-19 17:57:47.531 ,PASSED,control  NAC:0x8A1 TSDU bch_err=0 raw=0x7
2026-04-19 17:57:47.533 ,PASSED,control  NAC:0x8A1 TSDU bch_err=0 raw=0x7
2026-04-19 17:57:47.536 ,PASSED,control  NAC:0x8A1 TSDU bch_err=0 raw=0x7
2026-04-19 17:57:47.539 ,PASSED,control  NAC:0x8A1 TSDU bch_err=0 raw=0x7
2026-04-19 17:57:47.541 ,PASSED,control  NAC:0x8A1 TSDU bch_err=0 raw=0x7
2026-04-19 17:57:47.544 ,PASSED,control  NAC:0x8A1 TSDU bch_err=0 raw=0x7
2026-04-19 17:57:47.547 ,PASSED,control  NAC:0x8A1 TSDU bch_err=0 raw=0x7
2026-04-19 17:57:47.549 ,PASSED,control  NAC:0x8A1 TSDU bch_err=0 raw=0x7
2026-04-19 17:57:47.556 ,PASSED,control  NAC:0x8A1 TSDU bch_err=0 raw=0x7
2026-04-19 17:57:47.558 ,PASSED,control  NAC:0x8A1 TSDU bch_err=0 raw=0x7
2026-04-19 17:57:47.561 ,PASSED,control  NAC:0x8A1 TSDU bch_err=0 raw=0x7
2026-04-19 17:57:47.564 ,PASSED,control  NAC:0x8A1 TSDU bch_err=0 raw=0x7
2026-04-19 17:57:47.566 ,PASSED,control  NAC:0x8A1 TSDU bch_err=0 raw=0x7
2026-04-19 17:57:47.573 ,PASSED,control  NAC:0x8A1 TSDU bch_err=0 raw=0x7
2026-04-19 17:57:47.576 ,PASSED,control  NAC:0x8A1 TSDU bch_err=0 raw=0x7
2026-04-19 17:57:47.581 ,CORRECTED,control  NAC:0x8A1 TSDU bch_err=5 raw=0x7
2026-04-19 17:57:47.583 ,PASSED,control  NAC:0x8A1 TSDU bch_err=0 raw=0x7
2026-04-19 17:57:47.588 ,CORRECTED,control  NAC:0x8A1 TSDU bch_err=2 raw=0x7
2026-04-19 17:57:47.590 ,PASSED,control  NAC:0x8A1 TSDU bch_err=0 raw=0x7
2026-04-19 17:57:47.593 ,PASSED,control  NAC:0x8A1 TSDU bch_err=0 raw=0x7
2026-04-19 17:57:47.596 ,PASSED,control  NAC:0x8A1 TSDU bch_err=0 raw=0x7
2026-04-19 17:57:47.598 ,PASSED,control  NAC:0x8A1 TSDU bch_err=0 raw=0x7
2026-04-19 17:57:47.601 ,PASSED,control  NAC:0x8A1 TSDU bch_err=0 raw=0x7
2026-04-19 17:57:47.604 ,PASSED,control  NAC:0x8A1 TSDU bch_err=0 raw=0x7
2026-04-19 17:57:47.606 ,PASSED,control  NAC:0x8A1 TSDU bch_err=0 raw=0x7
2026-04-19 17:57:47.609 ,PASSED,control  NAC:0x8A1 TSDU bch_err=0 raw=0x7
2026-04-19 17:57:47.612 ,PASSED,control  NAC:0x8A1 TSDU bch_err=0 raw=0x7
2026-04-19 17:57:47.614 ,PASSED,control  NAC:0x8A1 TSDU bch_err=0 raw=0x7
2026-04-19 17:57:47.617 ,PASSED,control  NAC:0x8A1 TSDU bch_err=0 raw=0x7
2026-04-19 17:57:47.620 ,PASSED,control  NAC:0x8A1 TSDU bch_err=0 raw=0x7
2026-04-19 17:57:50.915 ,PASSED,control  NAC:0x8A1 TSDU bch_err=0 raw=0x7
2026-04-19 17:57:50.917 ,PASSED,control  NAC:0x8A1 TSDU bch_err=0 raw=0x7
2026-04-19 17:57:50.920 ,PASSED,control  NAC:0x8A1 TSDU bch_err=0 raw=0x7
2026-04-19 17:57:50.923 ,PASSED,control  NAC:0x8A1 TSDU bch_err=0 raw=0x7
2026-04-19 17:57:50.927 ,CORRECTED,control  NAC:0x8A1 TSDU bch_err=4 raw=0x7
2026-04-19 17:57:50.931 ,CORRECTED,control  NAC:0x8A1 TSDU bch_err=3 raw=0x3
2026-04-19 17:57:50.934 ,PASSED,control  NAC:0x8A1 TSDU bch_err=0 raw=0x7
2026-04-19 17:57:50.937 ,PASSED,control  NAC:0x8A1 TSDU bch_err=0 raw=0x7
2026-04-19 17:57:50.942 ,CORRECTED,control  NAC:0x8A1 TSDU bch_err=1 raw=0x7
2026-04-19 17:57:50.944 ,PASSED,control  NAC:0x8A1 TSDU bch_err=0 raw=0x7
2026-04-19 17:57:50.947 ,PASSED,control  NAC:0x8A1 TSDU bch_err=0 raw=0x7
2026-04-19 17:57:50.950 ,PASSED,control  NAC:0x8A1 TSDU bch_err=0 raw=0x7
2026-04-19 17:57:50.953 ,PASSED,control  NAC:0x8A1 TSDU bch_err=0 raw=0x7
2026-04-19 17:57:50.955 ,PASSED,control  NAC:0x8A1 TSDU bch_err=0 raw=0x7
2026-04-19 17:57:50.958 ,PASSED,control  NAC:0x8A1 TSDU bch_err=0 raw=0x7
2026-04-19 17:57:50.960 ,PASSED,control  NAC:0x8A1 TSDU bch_err=0 raw=0x7
2026-04-19 17:57:50.963 ,PASSED,control  NAC:0x8A1 TSDU bch_err=0 raw=0x7
2026-04-19 17:57:50.966 ,PASSED,control  NAC:0x8A1 TSDU bch_err=0 raw=0x7
2026-04-19 17:57:50.969 ,PASSED,control  NAC:0x8A1 TSDU bch_err=0 raw=0x7
2026-04-19 17:57:50.973 ,CORRECTED,control  NAC:0x8A1 TSDU bch_err=4 raw=0x3
2026-04-19 17:57:50.976 ,PASSED,control  NAC:0x8A1 TSDU bch_err=0 raw=0x7
2026-04-19 17:57:50.979 ,PASSED,control  NAC:0x8A1 TSDU bch_err=0 raw=0x7
2026-04-19 17:57:50.981 ,PASSED,control  NAC:0x8A1 TSDU bch_err=0 raw=0x7
2026-04-19 17:57:50.984 ,PASSED,control  NAC:0x8A1 TSDU bch_err=0 raw=0x7
2026-04-19 17:57:50.987 ,PASSED,control  NAC:0x8A1 TSDU bch_err=0 raw=0x7
2026-04-19 17:57:50.989 ,PASSED,control  NAC:0x8A1 TSDU bch_err=0 raw=0x7
2026-04-19 17:57:50.992 ,PASSED,control  NAC:0x8A1 TSDU bch_err=0 raw=0x7
2026-04-19 17:57:50.995 ,PASSED,control  NAC:0x8A1 TSDU bch_err=0 raw=0x7
2026-04-19 17:57:50.999 ,CORRECTED,control  NAC:0x8A1 TSDU bch_err=1 raw=0x7
2026-04-19 17:57:51.002 ,PASSED,control  NAC:0x8A1 TSDU bch_err=0 raw=0x7
2026-04-19 17:57:51.005 ,PASSED,control  NAC:0x8A1 TSDU bch_err=0 raw=0x7
2026-04-19 17:57:51.007 ,PASSED,control  NAC:0x8A1 TSDU bch_err=0 raw=0x7
2026-04-19 17:57:51.010 ,PASSED,control  NAC:0x8A1 TSDU bch_err=0 raw=0x7
2026-04-19 17:57:51.013 ,PASSED,control  NAC:0x8A1 TSDU bch_err=0 raw=0x7
2026-04-19 17:57:51.016 ,PASSED,control  NAC:0x8A1 TSDU bch_err=0 raw=0x7
2026-04-19 17:57:51.018 ,PASSED,control  NAC:0x8A1 TSDU bch_err=0 raw=0x7
2026-04-19 17:57:51.021 ,PASSED,control  NAC:0x8A1 TSDU bch_err=0 raw=0x7
2026-04-19 17:57:51.024 ,PASSED,control  NAC:0x8A1 TSDU bch_err=0 raw=0x7
2026-04-19 17:57:51.026 ,PASSED,control  NAC:0x8A1 TSDU bch_err=0 raw=0x7
2026-04-19 17:57:51.029 ,PASSED,control  NAC:0x8A1 TSDU bch_err=0 raw=0x7
2026-04-19 17:57:51.032 ,PASSED,control  NAC:0x8A1 TSDU bch_err=0 raw=0x7
2026-04-19 17:57:51.035 ,PASSED,control  NAC:0x8A1 TSDU bch_err=0 raw=0x7
2026-04-19 17:57:51.038 ,PASSED,control  NAC:0x8A1 TSDU bch_err=0 raw=0x7
2026-04-19 17:57:54.328 ,PASSED,control  NAC:0x8A1 TSDU bch_err=0 raw=0x7
2026-04-19 17:57:54.332 ,PASSED,control  NAC:0x8A1 TSDU bch_err=0 raw=0x7
2026-04-19 17:57:54.335 ,PASSED,control  NAC:0x8A1 TSDU bch_err=0 raw=0x7
2026-04-19 17:57:54.339 ,PASSED,control  NAC:0x8A1 TSDU bch_err=0 raw=0x7
2026-04-19 17:57:54.343 ,PASSED,control  NAC:0x8A1 TSDU bch_err=0 raw=0x7
2026-04-19 17:57:54.346 ,PASSED,control  NAC:0x8A1 TSDU bch_err=0 raw=0x7
2026-04-19 17:57:54.350 ,PASSED,control  NAC:0x8A1 TSDU bch_err=0 raw=0x7
2026-04-19 17:57:54.354 ,PASSED,control  NAC:0x8A1 TSDU bch_err=0 raw=0x7
2026-04-19 17:57:54.357 ,PASSED,control  NAC:0x8A1 TSDU bch_err=0 raw=0x7
2026-04-19 17:57:54.361 ,PASSED,control  NAC:0x8A1 TSDU bch_err=0 raw=0x7
2026-04-19 17:57:54.364 ,PASSED,control  NAC:0x8A1 TSDU bch_err=0 raw=0x7
2026-04-19 17:57:54.368 ,PASSED,control  NAC:0x8A1 TSDU bch_err=0 raw=0x7
2026-04-19 17:57:54.372 ,PASSED,control  NAC:0x8A1 TSDU bch_err=0 raw=0x7
2026-04-19 17:57:54.378 ,CORRECTED,control  NAC:0x8A1 TSDU bch_err=6 raw=0x7
2026-04-19 17:57:54.382 ,PASSED,control  NAC:0x8A1 TSDU bch_err=0 raw=0x7
2026-04-19 17:57:54.384 ,PASSED,control  NAC:0x8A1 TSDU bch_err=0 raw=0x7
2026-04-19 17:57:54.388 ,PASSED,control  NAC:0x8A1 TSDU bch_err=0 raw=0x7
2026-04-19 17:57:54.391 ,PASSED,control  NAC:0x8A1 TSDU bch_err=0 raw=0x7
2026-04-19 17:57:54.395 ,PASSED,control  NAC:0x8A1 TSDU bch_err=0 raw=0x7
2026-04-19 17:57:54.398 ,PASSED,control  NAC:0x8A1 TSDU bch_err=0 raw=0x7
2026-04-19 17:57:54.402 ,PASSED,control  NAC:0x8A1 TSDU bch_err=0 raw=0x7
2026-04-19 17:57:54.406 ,PASSED,control  NAC:0x8A1 TSDU bch_err=0 raw=0x7
2026-04-19 17:57:54.409 ,PASSED,control  NAC:0x8A1 TSDU bch_err=0 raw=0x7
2026-04-19 17:57:54.412 ,PASSED,control  NAC:0x8A1 TSDU bch_err=0 raw=0x7
2026-04-19 17:57:54.416 ,PASSED,control  NAC:0x8A1 TSDU bch_err=0 raw=0x7
2026-04-19 17:57:54.420 ,PASSED,control  NAC:0x8A1 TSDU bch_err=0 raw=0x7
2026-04-19 17:57:54.424 ,PASSED,control  NAC:0x8A1 TSDU bch_err=0 raw=0x7
2026-04-19 17:57:54.428 ,PASSED,control  NAC:0x8A1 TSDU bch_err=0 raw=0x7
2026-04-19 17:57:54.432 ,PASSED,control  NAC:0x8A1 TSDU bch_err=0 raw=0x7
2026-04-19 17:57:54.436 ,PASSED,control  NAC:0x8A1 TSDU bch_err=0 raw=0x7
2026-04-19 17:57:54.439 ,PASSED,control  NAC:0x8A1 TSDU bch_err=0 raw=0x7
2026-04-19 17:57:54.443 ,PASSED,control  NAC:0x8A1 TSDU bch_err=0 raw=0x7
2026-04-19 17:57:54.446 ,PASSED,control  NAC:0x8A1 TSDU bch_err=0 raw=0x7
2026-04-19 17:57:54.450 ,PASSED,control  NAC:0x8A1 TSDU bch_err=0 raw=0x7
2026-04-19 17:57:54.453 ,PASSED,control  NAC:0x8A1 TSDU bch_err=0 raw=0x7
2026-04-19 17:57:54.457 ,PASSED,control  NAC:0x8A1 TSDU bch_err=0 raw=0x7
2026-04-19 17:57:54.461 ,PASSED,control  NAC:0x8A1 TSDU bch_err=0 raw=0x7
2026-04-19 17:57:54.465 ,PASSED,control  NAC:0x8A1 TSDU bch_err=0 raw=0x7
2026-04-19 17:57:54.468 ,PASSED,control  NAC:0x8A1 TSDU bch_err=0 raw=0x7
2026-04-19 17:57:54.472 ,PASSED,control  NAC:0x8A1 TSDU bch_err=0 raw=0x7
2026-04-19 17:57:54.475 ,PASSED,control  NAC:0x8A1 TSDU bch_err=0 raw=0x7
2026-04-19 17:57:54.479 ,PASSED,control  NAC:0x8A1 TSDU bch_err=0 raw=0x7
2026-04-19 17:57:54.483 ,PASSED,control  NAC:0x8A1 TSDU bch_err=0 raw=0x7
2026-04-19 17:57:54.486 ,PASSED,control  NAC:0x8A1 TSDU bch_err=0 raw=0x7
2026-04-19 17:57:57.742 ,PASSED,control  NAC:0x8A1 TSDU bch_err=0 raw=0x7
2026-04-19 17:57:57.748 ,CORRECTED,control  NAC:0x8A1 TSDU bch_err=3 raw=0x2
2026-04-19 17:57:57.752 ,PASSED,control  NAC:0x8A1 TSDU bch_err=0 raw=0x7
2026-04-19 17:57:57.758 ,CORRECTED,control  NAC:0x8A1 TSDU bch_err=1 raw=0x7
2026-04-19 17:57:57.762 ,PASSED,control  NAC:0x8A1 TSDU bch_err=0 raw=0x7
2026-04-19 17:57:57.766 ,PASSED,control  NAC:0x8A1 TSDU bch_err=0 raw=0x7
2026-04-19 17:57:57.769 ,PASSED,control  NAC:0x8A1 TSDU bch_err=0 raw=0x7
2026-04-19 17:57:57.774 ,PASSED,control  NAC:0x8A1 TSDU bch_err=0 raw=0x7
2026-04-19 17:57:57.777 ,PASSED,control  NAC:0x8A1 TSDU bch_err=0 raw=0x7
2026-04-19 17:57:57.781 ,PASSED,control  NAC:0x8A1 TSDU bch_err=0 raw=0x7
2026-04-19 17:57:57.786 ,PASSED,control  NAC:0x8A1 TSDU bch_err=0 raw=0x7
2026-04-19 17:57:57.791 ,PASSED,control  NAC:0x8A1 TSDU bch_err=0 raw=0x7
2026-04-19 17:57:57.795 ,PASSED,control  NAC:0x8A1 TSDU bch_err=0 raw=0x7
2026-04-19 17:57:57.800 ,CORRECTED,control  NAC:0x8A1 TSDU bch_err=1 raw=0x6
2026-04-19 17:57:57.804 ,PASSED,control  NAC:0x8A1 TSDU bch_err=0 raw=0x7
2026-04-19 17:57:57.808 ,PASSED,control  NAC:0x8A1 TSDU bch_err=0 raw=0x7
2026-04-19 17:57:57.811 ,PASSED,control  NAC:0x8A1 TSDU bch_err=0 raw=0x7
2026-04-19 17:57:57.815 ,PASSED,control  NAC:0x8A1 TSDU bch_err=0 raw=0x7
2026-04-19 17:57:57.818 ,PASSED,control  NAC:0x8A1 TSDU bch_err=0 raw=0x7
2026-04-19 17:57:57.824 ,PASSED,control  NAC:0x8A1 TSDU bch_err=0 raw=0x7
2026-04-19 17:57:57.827 ,PASSED,control  NAC:0x8A1 TSDU bch_err=0 raw=0x7
2026-04-19 17:57:57.831 ,PASSED,control  NAC:0x8A1 TSDU bch_err=0 raw=0x7
2026-04-19 17:57:57.833 ,PASSED,control  NAC:0x8A1 TSDU bch_err=0 raw=0x7
2026-04-19 17:57:57.838 ,PASSED,control  NAC:0x8A1 TSDU bch_err=0 raw=0x7
2026-04-19 17:57:57.841 ,PASSED,control  NAC:0x8A1 TSDU bch_err=0 raw=0x7
2026-04-19 17:57:57.846 ,PASSED,control  NAC:0x8A1 TSDU bch_err=0 raw=0x7
2026-04-19 17:57:57.850 ,PASSED,control  NAC:0x8A1 TSDU bch_err=0 raw=0x7
2026-04-19 17:57:57.853 ,PASSED,control  NAC:0x8A1 TSDU bch_err=0 raw=0x7
2026-04-19 17:57:57.859 ,PASSED,control  NAC:0x8A1 TSDU bch_err=0 raw=0x7
2026-04-19 17:57:57.862 ,PASSED,control  NAC:0x8A1 TSDU bch_err=0 raw=0x7
2026-04-19 17:57:57.866 ,PASSED,control  NAC:0x8A1 TSDU bch_err=0 raw=0x7
2026-04-19 17:57:57.871 ,PASSED,control  NAC:0x8A1 TSDU bch_err=0 raw=0x7
2026-04-19 17:57:57.874 ,PASSED,control  NAC:0x8A1 TSDU bch_err=0 raw=0x7
2026-04-19 17:57:57.878 ,PASSED,control  NAC:0x8A1 TSDU bch_err=0 raw=0x7
2026-04-19 17:57:57.881 ,PASSED,control  NAC:0x8A1 TSDU bch_err=0 raw=0x7
2026-04-19 17:57:57.886 ,PASSED,control  NAC:0x8A1 TSDU bch_err=0 raw=0x7
2026-04-19 17:57:57.890 ,PASSED,control  NAC:0x8A1 TSDU bch_err=0 raw=0x7
2026-04-19 17:57:57.893 ,PASSED,control  NAC:0x8A1 TSDU bch_err=0 raw=0x7
2026-04-19 17:57:57.897 ,PASSED,control  NAC:0x8A1 TSDU bch_err=0 raw=0x7
2026-04-19 17:57:57.903 ,CORRECTED,control  NAC:0x8A1 TSDU bch_err=10 raw=0x7
2026-04-19 17:57:57.908 ,PASSED,control  NAC:0x8A1 TSDU bch_err=0 raw=0x7
2026-04-19 17:57:57.911 ,PASSED,control  NAC:0x8A1 TSDU bch_err=0 raw=0x7
2026-04-19 17:57:57.916 ,CORRECTED,control  NAC:0x8A1 TSDU bch_err=7 raw=0x7
2026-04-19 17:58:01.157 ,CORRECTED,control  NAC:0x8A1 TSDU bch_err=2 raw=0x3
2026-04-19 17:58:01.163 ,CORRECTED,control  NAC:0x8A1 TSDU bch_err=5 raw=0x7
2026-04-19 17:58:01.168 ,CORRECTED,control  NAC:0x8A1 TSDU bch_err=4 raw=0x7
2026-04-19 17:58:01.171 ,PASSED,control  NAC:0x8A1 TSDU bch_err=0 raw=0x7
2026-04-19 17:58:01.174 ,PASSED,control  NAC:0x8A1 TSDU bch_err=0 raw=0x7
2026-04-19 17:58:01.178 ,PASSED,control  NAC:0x8A1 TSDU bch_err=0 raw=0x7
2026-04-19 17:58:01.181 ,PASSED,control  NAC:0x8A1 TSDU bch_err=0 raw=0x7
2026-04-19 17:58:01.185 ,PASSED,control  NAC:0x8A1 TSDU bch_err=0 raw=0x7
2026-04-19 17:58:01.188 ,PASSED,control  NAC:0x8A1 TSDU bch_err=0 raw=0x7
2026-04-19 17:58:01.192 ,PASSED,control  NAC:0x8A1 TSDU bch_err=0 raw=0x7
2026-04-19 17:58:01.195 ,PASSED,control  NAC:0x8A1 TSDU bch_err=0 raw=0x7
2026-04-19 17:58:01.198 ,PASSED,control  NAC:0x8A1 TSDU bch_err=0 raw=0x7
2026-04-19 17:58:01.202 ,PASSED,control  NAC:0x8A1 TSDU bch_err=0 raw=0x7
2026-04-19 17:58:01.207 ,CORRECTED,control  NAC:0x8A1 TSDU bch_err=2 raw=0x7
2026-04-19 17:58:01.212 ,PASSED,control  NAC:0x8A1 TSDU bch_err=0 raw=0x7
2026-04-19 17:58:01.216 ,PASSED,control  NAC:0x8A1 TSDU bch_err=0 raw=0x7
2026-04-19 17:58:01.219 ,PASSED,control  NAC:0x8A1 TSDU bch_err=0 raw=0x7
2026-04-19 17:58:01.223 ,PASSED,control  NAC:0x8A1 TSDU bch_err=0 raw=0x7
2026-04-19 17:58:01.227 ,CORRECTED,control  NAC:0x8A1 TSDU bch_err=2 raw=0x7
2026-04-19 17:58:01.232 ,CORRECTED,control  NAC:0x8A1 TSDU bch_err=2 raw=0x3
2026-04-19 17:58:01.234 ,PASSED,control  NAC:0x8A1 TSDU bch_err=0 raw=0x7
2026-04-19 17:58:01.237 ,PASSED,control  NAC:0x8A1 TSDU bch_err=0 raw=0x7
2026-04-19 17:58:01.240 ,PASSED,control  NAC:0x8A1 TSDU bch_err=0 raw=0x7
2026-04-19 17:58:01.243 ,PASSED,control  NAC:0x8A1 TSDU bch_err=0 raw=0x7
2026-04-19 17:58:01.246 ,PASSED,control  NAC:0x8A1 TSDU bch_err=0 raw=0x7
2026-04-19 17:58:01.250 ,CORRECTED,control  NAC:0x8A1 TSDU bch_err=1 raw=0x7
2026-04-19 17:58:01.257 ,PASSED,control  NAC:0x8A1 TSDU bch_err=0 raw=0x7
2026-04-19 17:58:01.260 ,PASSED,control  NAC:0x8A1 TSDU bch_err=0 raw=0x7
2026-04-19 17:58:01.263 ,PASSED,control  NAC:0x8A1 TSDU bch_err=0 raw=0x7
2026-04-19 17:58:01.265 ,PASSED,control  NAC:0x8A1 TSDU bch_err=0 raw=0x7
2026-04-19 17:58:01.271 ,CORRECTED,control  NAC:0x8A1 TSDU bch_err=2 raw=0x3
2026-04-19 17:58:01.275 ,PASSED,control  NAC:0x8A1 TSDU bch_err=0 raw=0x7
2026-04-19 17:58:01.279 ,PASSED,control  NAC:0x8A1 TSDU bch_err=0 raw=0x7
2026-04-19 17:58:01.283 ,PASSED,control  NAC:0x8A1 TSDU bch_err=0 raw=0x7
2026-04-19 17:58:01.287 ,PASSED,control  NAC:0x8A1 TSDU bch_err=0 raw=0x7
2026-04-19 17:58:01.291 ,PASSED,control  NAC:0x8A1 TSDU bch_err=0 raw=0x7
2026-04-19 17:58:01.297 ,CORRECTED,control  NAC:0x8A1 TSDU bch_err=1 raw=0x7
2026-04-19 17:58:01.304 ,CORRECTED,control  NAC:0x8A1 TSDU bch_err=1 raw=0x7
2026-04-19 17:58:01.308 ,PASSED,control  NAC:0x8A1 TSDU bch_err=0 raw=0x7
2026-04-19 17:58:01.312 ,PASSED,control  NAC:0x8A1 TSDU bch_err=0 raw=0x7
2026-04-19 17:58:01.316 ,PASSED,control  NAC:0x8A1 TSDU bch_err=0 raw=0x7
2026-04-19 17:58:01.320 ,PASSED,control  NAC:0x8A1 TSDU bch_err=0 raw=0x7
2026-04-19 17:58:01.324 ,PASSED,control  NAC:0x8A1 TSDU bch_err=0 raw=0x7
2026-04-19 17:58:04.568 ,PASSED,control  NAC:0x8A1 TSDU bch_err=0 raw=0x7
2026-04-19 17:58:04.571 ,PASSED,control  NAC:0x8A1 TSDU bch_err=0 raw=0x7
2026-04-19 17:58:04.573 ,PASSED,control  NAC:0x8A1 TSDU bch_err=0 raw=0x7
2026-04-19 17:58:04.576 ,PASSED,control  NAC:0x8A1 TSDU bch_err=0 raw=0x7
2026-04-19 17:58:04.579 ,PASSED,control  NAC:0x8A1 TSDU bch_err=0 raw=0x7
2026-04-19 17:58:04.582 ,PASSED,control  NAC:0x8A1 TSDU bch_err=0 raw=0x7
2026-04-19 17:58:04.584 ,PASSED,control  NAC:0x8A1 TSDU bch_err=0 raw=0x7
2026-04-19 17:58:04.587 ,PASSED,control  NAC:0x8A1 TSDU bch_err=0 raw=0x7
2026-04-19 17:58:04.590 ,PASSED,control  NAC:0x8A1 TSDU bch_err=0 raw=0x7
2026-04-19 17:58:04.595 ,PASSED,control  NAC:0x8A1 TSDU bch_err=0 raw=0x7
2026-04-19 17:58:04.599 ,PASSED,control  NAC:0x8A1 TSDU bch_err=0 raw=0x7
2026-04-19 17:58:04.603 ,PASSED,control  NAC:0x8A1 TSDU bch_err=0 raw=0x7
2026-04-19 17:58:04.606 ,PASSED,control  NAC:0x8A1 TSDU bch_err=0 raw=0x7
2026-04-19 17:58:04.613 ,CORRECTED,control  NAC:0x8A1 TSDU bch_err=4 raw=0x2
2026-04-19 17:58:04.616 ,PASSED,control  NAC:0x8A1 TSDU bch_err=0 raw=0x7
2026-04-19 17:58:04.629 ,PASSED,control  NAC:0x8A1 TSDU bch_err=0 raw=0x7
2026-04-19 17:58:04.632 ,PASSED,control  NAC:0x8A1 TSDU bch_err=0 raw=0x7
2026-04-19 17:58:04.635 ,PASSED,control  NAC:0x8A1 TSDU bch_err=0 raw=0x7
2026-04-19 17:58:04.640 ,CORRECTED,control  NAC:0x8A1 TSDU bch_err=11 raw=0x7
2026-04-19 17:58:04.644 ,PASSED,control  NAC:0x8A1 TSDU bch_err=0 raw=0x7
2026-04-19 17:58:04.649 ,CORRECTED,control  NAC:0x8A1 TSDU bch_err=4 raw=0xB
2026-04-19 17:58:04.652 ,PASSED,control  NAC:0x8A1 TSDU bch_err=0 raw=0x7
2026-04-19 17:58:04.655 ,PASSED,control  NAC:0x8A1 TSDU bch_err=0 raw=0x7
2026-04-19 17:58:04.657 ,PASSED,control  NAC:0x8A1 TSDU bch_err=0 raw=0x7
2026-04-19 17:58:04.660 ,PASSED,control  NAC:0x8A1 TSDU bch_err=0 raw=0x7
2026-04-19 17:58:04.662 ,PASSED,control  NAC:0x8A1 TSDU bch_err=0 raw=0x7
2026-04-19 17:58:04.667 ,CORRECTED,control  NAC:0x8A1 TSDU bch_err=1 raw=0x7
2026-04-19 17:58:04.669 ,PASSED,control  NAC:0x8A1 TSDU bch_err=0 raw=0x7
2026-04-19 17:58:04.672 ,PASSED,control  NAC:0x8A1 TSDU bch_err=0 raw=0x7
2026-04-19 17:58:04.675 ,PASSED,control  NAC:0x8A1 TSDU bch_err=0 raw=0x7
2026-04-19 17:58:04.678 ,PASSED,control  NAC:0x8A1 TSDU bch_err=0 raw=0x7
2026-04-19 17:58:04.680 ,PASSED,control  NAC:0x8A1 TSDU bch_err=0 raw=0x7
2026-04-19 17:58:04.683 ,PASSED,control  NAC:0x8A1 TSDU bch_err=0 raw=0x7
2026-04-19 17:58:04.686 ,PASSED,control  NAC:0x8A1 TSDU bch_err=0 raw=0x7
2026-04-19 17:58:04.690 ,CORRECTED,control  NAC:0x8A1 TSDU bch_err=3 raw=0x7
2026-04-19 17:58:04.693 ,PASSED,control  NAC:0x8A1 TSDU bch_err=0 raw=0x7
2026-04-19 17:58:04.696 ,PASSED,control  NAC:0x8A1 TSDU bch_err=0 raw=0x7
2026-04-19 17:58:04.699 ,PASSED,control  NAC:0x8A1 TSDU bch_err=0 raw=0x7
2026-04-19 17:58:04.701 ,PASSED,control  NAC:0x8A1 TSDU bch_err=0 raw=0x7
2026-04-19 17:58:04.704 ,PASSED,control  NAC:0x8A1 TSDU bch_err=0 raw=0x7
2026-04-19 17:58:04.707 ,PASSED,control  NAC:0x8A1 TSDU bch_err=0 raw=0x7
2026-04-19 17:58:04.709 ,PASSED,control  NAC:0x8A1 TSDU bch_err=0 raw=0x7
2026-04-19 17:58:04.712 ,PASSED,control  NAC:0x8A1 TSDU bch_err=0 raw=0x7
2026-04-19 17:58:07.981 ,PASSED,control  NAC:0x8A1 TSDU bch_err=0 raw=0x7
2026-04-19 17:58:07.985 ,CORRECTED,control  NAC:0x8A1 TSDU bch_err=3 raw=0x6
2026-04-19 17:58:07.990 ,CORRECTED,control  NAC:0x8A1 TSDU bch_err=1 raw=0x7
2026-04-19 17:58:07.996 ,PASSED,control  NAC:0x8A1 TSDU bch_err=0 raw=0x7
2026-04-19 17:58:07.999 ,PASSED,control  NAC:0x8A1 TSDU bch_err=0 raw=0x7
2026-04-19 17:58:08.002 ,PASSED,control  NAC:0x8A1 TSDU bch_err=0 raw=0x7
2026-04-19 17:58:08.005 ,PASSED,control  NAC:0x8A1 TSDU bch_err=0 raw=0x7
2026-04-19 17:58:08.007 ,PASSED,control  NAC:0x8A1 TSDU bch_err=0 raw=0x7
2026-04-19 17:58:08.010 ,PASSED,control  NAC:0x8A1 TSDU bch_err=0 raw=0x7
2026-04-19 17:58:08.013 ,PASSED,control  NAC:0x8A1 TSDU bch_err=0 raw=0x7
2026-04-19 17:58:08.015 ,PASSED,control  NAC:0x8A1 TSDU bch_err=0 raw=0x7
2026-04-19 17:58:08.020 ,CORRECTED,control  NAC:0x8A1 TSDU bch_err=1 raw=0x6
2026-04-19 17:58:08.023 ,PASSED,control  NAC:0x8A1 TSDU bch_err=0 raw=0x7
2026-04-19 17:58:08.025 ,PASSED,control  NAC:0x8A1 TSDU bch_err=0 raw=0x7
2026-04-19 17:58:08.028 ,PASSED,control  NAC:0x8A1 TSDU bch_err=0 raw=0x7
2026-04-19 17:58:08.031 ,PASSED,control  NAC:0x8A1 TSDU bch_err=0 raw=0x7
2026-04-19 17:58:08.034 ,PASSED,control  NAC:0x8A1 TSDU bch_err=0 raw=0x7
2026-04-19 17:58:08.036 ,PASSED,control  NAC:0x8A1 TSDU bch_err=0 raw=0x7
2026-04-19 17:58:08.039 ,PASSED,control  NAC:0x8A1 TSDU bch_err=0 raw=0x7
2026-04-19 17:58:08.042 ,PASSED,control  NAC:0x8A1 TSDU bch_err=0 raw=0x7
2026-04-19 17:58:08.045 ,PASSED,control  NAC:0x8A1 TSDU bch_err=0 raw=0x7
2026-04-19 17:58:08.047 ,PASSED,control  NAC:0x8A1 TSDU bch_err=0 raw=0x7
2026-04-19 17:58:08.050 ,PASSED,control  NAC:0x8A1 TSDU bch_err=0 raw=0x7
2026-04-19 17:58:08.053 ,PASSED,control  NAC:0x8A1 TSDU bch_err=0 raw=0x7
2026-04-19 17:58:08.057 ,PASSED,control  NAC:0x8A1 TSDU bch_err=0 raw=0x7
2026-04-19 17:58:08.061 ,PASSED,control  NAC:0x8A1 TSDU bch_err=0 raw=0x7
2026-04-19 17:58:08.064 ,PASSED,control  NAC:0x8A1 TSDU bch_err=0 raw=0x7
2026-04-19 17:58:08.067 ,PASSED,control  NAC:0x8A1 TSDU bch_err=0 raw=0x7
2026-04-19 17:58:08.069 ,PASSED,control  NAC:0x8A1 TSDU bch_err=0 raw=0x7
2026-04-19 17:58:08.072 ,PASSED,control  NAC:0x8A1 TSDU bch_err=0 raw=0x7
2026-04-19 17:58:08.075 ,PASSED,control  NAC:0x8A1 TSDU bch_err=0 raw=0x7
2026-04-19 17:58:08.078 ,PASSED,control  NAC:0x8A1 TSDU bch_err=0 raw=0x7
2026-04-19 17:58:08.080 ,PASSED,control  NAC:0x8A1 TSDU bch_err=0 raw=0x7
2026-04-19 17:58:08.083 ,PASSED,control  NAC:0x8A1 TSDU bch_err=0 raw=0x7
2026-04-19 17:58:08.086 ,PASSED,control  NAC:0x8A1 TSDU bch_err=0 raw=0x7
2026-04-19 17:58:08.088 ,PASSED,control  NAC:0x8A1 TSDU bch_err=0 raw=0x7
2026-04-19 17:58:08.091 ,PASSED,control  NAC:0x8A1 TSDU bch_err=0 raw=0x7
2026-04-19 17:58:08.094 ,PASSED,control  NAC:0x8A1 TSDU bch_err=0 raw=0x7
2026-04-19 17:58:08.096 ,PASSED,control  NAC:0x8A1 TSDU bch_err=0 raw=0x7
2026-04-19 17:58:08.099 ,PASSED,control  NAC:0x8A1 TSDU bch_err=0 raw=0x7
2026-04-19 17:58:08.103 ,CORRECTED,control  NAC:0x8A1 TSDU bch_err=3 raw=0x7
2026-04-19 17:58:11.394 ,PASSED,control  NAC:0x8A1 TSDU bch_err=0 raw=0x7
2026-04-19 17:58:11.397 ,PASSED,control  NAC:0x8A1 TSDU bch_err=0 raw=0x7
2026-04-19 17:58:11.402 ,CORRECTED,control  NAC:0x8A1 TSDU bch_err=3 raw=0x3
2026-04-19 17:58:11.404 ,PASSED,control  NAC:0x8A1 TSDU bch_err=0 raw=0x7
2026-04-19 17:58:11.407 ,PASSED,control  NAC:0x8A1 TSDU bch_err=0 raw=0x7
2026-04-19 17:58:11.412 ,CORRECTED,control  NAC:0x8A1 TSDU bch_err=2 raw=0x3
2026-04-19 17:58:11.414 ,PASSED,control  NAC:0x8A1 TSDU bch_err=0 raw=0x7
2026-04-19 17:58:11.417 ,PASSED,control  NAC:0x8A1 TSDU bch_err=0 raw=0x7
2026-04-19 17:58:11.424 ,PASSED,control  NAC:0x8A1 TSDU bch_err=0 raw=0x7
2026-04-19 17:58:11.426 ,PASSED,control  NAC:0x8A1 TSDU bch_err=0 raw=0x7
2026-04-19 17:58:11.429 ,PASSED,control  NAC:0x8A1 TSDU bch_err=0 raw=0x7
2026-04-19 17:58:11.432 ,PASSED,control  NAC:0x8A1 TSDU bch_err=0 raw=0x7
2026-04-19 17:58:11.434 ,PASSED,control  NAC:0x8A1 TSDU bch_err=0 raw=0x7
2026-04-19 17:58:11.437 ,PASSED,control  NAC:0x8A1 TSDU bch_err=0 raw=0x7
2026-04-19 17:58:11.440 ,PASSED,control  NAC:0x8A1 TSDU bch_err=0 raw=0x7
2026-04-19 17:58:11.443 ,PASSED,control  NAC:0x8A1 TSDU bch_err=0 raw=0x7
2026-04-19 17:58:11.446 ,PASSED,control  NAC:0x8A1 TSDU bch_err=0 raw=0x7
2026-04-19 17:58:11.448 ,PASSED,control  NAC:0x8A1 TSDU bch_err=0 raw=0x7
2026-04-19 17:58:11.451 ,PASSED,control  NAC:0x8A1 TSDU bch_err=0 raw=0x7
2026-04-19 17:58:11.454 ,PASSED,control  NAC:0x8A1 TSDU bch_err=0 raw=0x7
2026-04-19 17:58:11.456 ,PASSED,control  NAC:0x8A1 TSDU bch_err=0 raw=0x7
2026-04-19 17:58:11.459 ,PASSED,control  NAC:0x8A1 TSDU bch_err=0 raw=0x7
2026-04-19 17:58:11.462 ,PASSED,control  NAC:0x8A1 TSDU bch_err=0 raw=0x7
2026-04-19 17:58:11.465 ,PASSED,control  NAC:0x8A1 TSDU bch_err=0 raw=0x7
2026-04-19 17:58:11.468 ,PASSED,control  NAC:0x8A1 TSDU bch_err=0 raw=0x7
2026-04-19 17:58:11.471 ,PASSED,control  NAC:0x8A1 TSDU bch_err=0 raw=0x7
2026-04-19 17:58:11.473 ,PASSED,control  NAC:0x8A1 TSDU bch_err=0 raw=0x7
2026-04-19 17:58:11.476 ,PASSED,control  NAC:0x8A1 TSDU bch_err=0 raw=0x7
2026-04-19 17:58:11.479 ,PASSED,control  NAC:0x8A1 TSDU bch_err=0 raw=0x7
2026-04-19 17:58:11.482 ,PASSED,control  NAC:0x8A1 TSDU bch_err=0 raw=0x7
2026-04-19 17:58:11.484 ,PASSED,control  NAC:0x8A1 TSDU bch_err=0 raw=0x7
2026-04-19 17:58:11.487 ,PASSED,control  NAC:0x8A1 TSDU bch_err=0 raw=0x7
2026-04-19 17:58:11.490 ,PASSED,control  NAC:0x8A1 TSDU bch_err=0 raw=0x7
2026-04-19 17:58:11.493 ,PASSED,control  NAC:0x8A1 TSDU bch_err=0 raw=0x7
2026-04-19 17:58:11.495 ,PASSED,control  NAC:0x8A1 TSDU bch_err=0 raw=0x7
2026-04-19 17:58:11.498 ,PASSED,control  NAC:0x8A1 TSDU bch_err=0 raw=0x7
2026-04-19 17:58:11.503 ,CORRECTED,control  NAC:0x8A1 TSDU bch_err=5 raw=0x2
2026-04-19 17:58:11.505 ,PASSED,control  NAC:0x8A1 TSDU bch_err=0 raw=0x7
2026-04-19 17:58:11.508 ,PASSED,control  NAC:0x8A1 TSDU bch_err=0 raw=0x7
2026-04-19 17:58:11.511 ,PASSED,control  NAC:0x8A1 TSDU bch_err=0 raw=0x7
2026-04-19 17:58:11.514 ,PASSED,control  NAC:0x8A1 TSDU bch_err=0 raw=0x7
2026-04-19 17:58:11.517 ,PASSED,control  NAC:0x8A1 TSDU bch_err=0 raw=0x7
2026-04-19 17:58:11.519 ,PASSED,control  NAC:0x8A1 TSDU bch_err=0 raw=0x7
2026-04-19 17:58:11.522 ,PASSED,control  NAC:0x8A1 TSDU bch_err=0 raw=0x7
2026-04-19 17:58:14.807 ,PASSED,control  NAC:0x8A1 TSDU bch_err=0 raw=0x7
2026-04-19 17:58:14.812 ,CORRECTED,control  NAC:0x8A1 TSDU bch_err=2 raw=0x6
2026-04-19 17:58:14.815 ,PASSED,control  NAC:0x8A1 TSDU bch_err=0 raw=0x7
2026-04-19 17:58:14.817 ,PASSED,control  NAC:0x8A1 TSDU bch_err=0 raw=0x7
2026-04-19 17:58:14.822 ,CORRECTED,control  NAC:0x8A1 TSDU bch_err=2 raw=0x6
2026-04-19 17:58:14.825 ,PASSED,control  NAC:0x8A1 TSDU bch_err=0 raw=0x7
2026-04-19 17:58:14.828 ,PASSED,control  NAC:0x8A1 TSDU bch_err=0 raw=0x7
2026-04-19 17:58:14.830 ,PASSED,control  NAC:0x8A1 TSDU bch_err=0 raw=0x7
2026-04-19 17:58:14.833 ,PASSED,control  NAC:0x8A1 TSDU bch_err=0 raw=0x7
2026-04-19 17:58:14.838 ,CORRECTED,control  NAC:0x8A1 TSDU bch_err=6 raw=0x7
2026-04-19 17:58:14.840 ,PASSED,control  NAC:0x8A1 TSDU bch_err=0 raw=0x7
2026-04-19 17:58:14.843 ,PASSED,control  NAC:0x8A1 TSDU bch_err=0 raw=0x7
2026-04-19 17:58:14.847 ,CORRECTED,control  NAC:0x8A1 TSDU bch_err=4 raw=0x6
2026-04-19 17:58:14.850 ,PASSED,control  NAC:0x8A1 TSDU bch_err=0 raw=0x7
2026-04-19 17:58:14.853 ,PASSED,control  NAC:0x8A1 TSDU bch_err=0 raw=0x7
2026-04-19 17:58:14.855 ,PASSED,control  NAC:0x8A1 TSDU bch_err=0 raw=0x7
2026-04-19 17:58:14.858 ,PASSED,control  NAC:0x8A1 TSDU bch_err=0 raw=0x7
2026-04-19 17:58:14.861 ,PASSED,control  NAC:0x8A1 TSDU bch_err=0 raw=0x7
2026-04-19 17:58:14.864 ,PASSED,control  NAC:0x8A1 TSDU bch_err=0 raw=0x7
2026-04-19 17:58:14.868 ,CORRECTED,control  NAC:0x8A1 TSDU bch_err=1 raw=0x6
2026-04-19 17:58:14.871 ,PASSED,control  NAC:0x8A1 TSDU bch_err=0 raw=0x7
2026-04-19 17:58:14.874 ,PASSED,control  NAC:0x8A1 TSDU bch_err=0 raw=0x7
2026-04-19 17:58:14.876 ,PASSED,control  NAC:0x8A1 TSDU bch_err=0 raw=0x7
2026-04-19 17:58:14.879 ,PASSED,control  NAC:0x8A1 TSDU bch_err=0 raw=0x7
2026-04-19 17:58:14.882 ,PASSED,control  NAC:0x8A1 TSDU bch_err=0 raw=0x7
2026-04-19 17:58:14.885 ,PASSED,control  NAC:0x8A1 TSDU bch_err=0 raw=0x7
2026-04-19 17:58:14.887 ,PASSED,control  NAC:0x8A1 TSDU bch_err=0 raw=0x7
2026-04-19 17:58:14.892 ,CORRECTED,control  NAC:0x8A1 TSDU bch_err=2 raw=0x6
2026-04-19 17:58:14.895 ,PASSED,control  NAC:0x8A1 TSDU bch_err=0 raw=0x7
2026-04-19 17:58:14.897 ,PASSED,control  NAC:0x8A1 TSDU bch_err=0 raw=0x7
2026-04-19 17:58:14.902 ,CORRECTED,control  NAC:0x8A1 TSDU bch_err=1 raw=0x3
2026-04-19 17:58:14.904 ,PASSED,control  NAC:0x8A1 TSDU bch_err=0 raw=0x7
2026-04-19 17:58:14.907 ,PASSED,control  NAC:0x8A1 TSDU bch_err=0 raw=0x7
2026-04-19 17:58:14.910 ,PASSED,control  NAC:0x8A1 TSDU bch_err=0 raw=0x7
2026-04-19 17:58:14.912 ,PASSED,control  NAC:0x8A1 TSDU bch_err=0 raw=0x7
2026-04-19 17:58:14.917 ,CORRECTED,control  NAC:0x8A1 TSDU bch_err=3 raw=0x7
2026-04-19 17:58:14.920 ,PASSED,control  NAC:0x8A1 TSDU bch_err=0 raw=0x7
2026-04-19 17:58:14.923 ,PASSED,control  NAC:0x8A1 TSDU bch_err=0 raw=0x7
2026-04-19 17:58:14.925 ,PASSED,control  NAC:0x8A1 TSDU bch_err=0 raw=0x7
2026-04-19 17:58:14.928 ,PASSED,control  NAC:0x8A1 TSDU bch_err=0 raw=0x7
2026-04-19 17:58:14.933 ,CORRECTED,control  NAC:0x8A1 TSDU bch_err=1 raw=0x6
2026-04-19 17:58:18.221 ,PASSED,control  NAC:0x8A1 TSDU bch_err=0 raw=0x7
2026-04-19 17:58:18.225 ,PASSED,control  NAC:0x8A1 TSDU bch_err=0 raw=0x7
2026-04-19 17:58:18.229 ,PASSED,control  NAC:0x8A1 TSDU bch_err=0 raw=0x7
2026-04-19 17:58:18.233 ,PASSED,control  NAC:0x8A1 TSDU bch_err=0 raw=0x7
2026-04-19 17:58:18.236 ,PASSED,control  NAC:0x8A1 TSDU bch_err=0 raw=0x7
2026-04-19 17:58:18.240 ,PASSED,control  NAC:0x8A1 TSDU bch_err=0 raw=0x7
2026-04-19 17:58:18.244 ,PASSED,control  NAC:0x8A1 TSDU bch_err=0 raw=0x7
2026-04-19 17:58:18.248 ,PASSED,control  NAC:0x8A1 TSDU bch_err=0 raw=0x7
2026-04-19 17:58:18.251 ,PASSED,control  NAC:0x8A1 TSDU bch_err=0 raw=0x7
2026-04-19 17:58:18.255 ,PASSED,control  NAC:0x8A1 TSDU bch_err=0 raw=0x7
2026-04-19 17:58:18.258 ,PASSED,control  NAC:0x8A1 TSDU bch_err=0 raw=0x7
2026-04-19 17:58:18.263 ,CORRECTED,control  NAC:0x8A1 TSDU bch_err=7 raw=0x7
2026-04-19 17:58:18.268 ,CORRECTED,control  NAC:0x8A1 TSDU bch_err=3 raw=0x7
2026-04-19 17:58:18.272 ,PASSED,control  NAC:0x8A1 TSDU bch_err=0 raw=0x7
2026-04-19 17:58:18.278 ,CORRECTED,control  NAC:0x8A1 TSDU bch_err=2 raw=0x2
2026-04-19 17:58:18.283 ,CORRECTED,control  NAC:0x8A1 TSDU bch_err=4 raw=0x3
2026-04-19 17:58:18.287 ,PASSED,control  NAC:0x8A1 TSDU bch_err=0 raw=0x7
2026-04-19 17:58:18.293 ,CORRECTED,control  NAC:0x8A1 TSDU bch_err=2 raw=0x7
2026-04-19 17:58:18.295 ,PASSED,control  NAC:0x8A1 TSDU bch_err=0 raw=0x7
2026-04-19 17:58:18.299 ,PASSED,control  NAC:0x8A1 TSDU bch_err=0 raw=0x7
2026-04-19 17:58:18.303 ,PASSED,control  NAC:0x8A1 TSDU bch_err=0 raw=0x7
2026-04-19 17:58:18.308 ,CORRECTED,control  NAC:0x8A1 TSDU bch_err=2 raw=0x3
2026-04-19 17:58:18.312 ,PASSED,control  NAC:0x8A1 TSDU bch_err=0 raw=0x7
2026-04-19 17:58:18.318 ,CORRECTED,control  NAC:0x8A1 TSDU bch_err=6 raw=0x7
2026-04-19 17:58:18.321 ,PASSED,control  NAC:0x8A1 TSDU bch_err=0 raw=0x7
2026-04-19 17:58:18.325 ,PASSED,control  NAC:0x8A1 TSDU bch_err=0 raw=0x7
2026-04-19 17:58:18.330 ,CORRECTED,control  NAC:0x8A1 TSDU bch_err=1 raw=0x7
2026-04-19 17:58:18.334 ,PASSED,control  NAC:0x8A1 TSDU bch_err=0 raw=0x7
2026-04-19 17:58:18.338 ,PASSED,control  NAC:0x8A1 TSDU bch_err=0 raw=0x7
2026-04-19 17:58:18.342 ,PASSED,control  NAC:0x8A1 TSDU bch_err=0 raw=0x7
2026-04-19 17:58:18.345 ,PASSED,control  NAC:0x8A1 TSDU bch_err=0 raw=0x7
2026-04-19 17:58:18.349 ,PASSED,control  NAC:0x8A1 TSDU bch_err=0 raw=0x7
2026-04-19 17:58:18.353 ,PASSED,control  NAC:0x8A1 TSDU bch_err=0 raw=0x7
2026-04-19 17:58:18.357 ,PASSED,control  NAC:0x8A1 TSDU bch_err=0 raw=0x7
2026-04-19 17:58:18.361 ,PASSED,control  NAC:0x8A1 TSDU bch_err=0 raw=0x7
2026-04-19 17:58:18.365 ,PASSED,control  NAC:0x8A1 TSDU bch_err=0 raw=0x7
2026-04-19 17:58:18.369 ,PASSED,control  NAC:0x8A1 TSDU bch_err=0 raw=0x7
2026-04-19 17:58:18.373 ,PASSED,control  NAC:0x8A1 TSDU bch_err=0 raw=0x7
2026-04-19 17:58:18.377 ,PASSED,control  NAC:0x8A1 TSDU bch_err=0 raw=0x7
2026-04-19 17:58:18.381 ,PASSED,control  NAC:0x8A1 TSDU bch_err=0 raw=0x7
2026-04-19 17:58:18.384 ,PASSED,control  NAC:0x8A1 TSDU bch_err=0 raw=0x7
2026-04-19 17:58:18.388 ,PASSED,control  NAC:0x8A1 TSDU bch_err=0 raw=0x7
2026-04-19 17:58:18.393 ,PASSED,control  NAC:0x8A1 TSDU bch_err=0 raw=0x7
2026-04-19 17:58:21.634 ,PASSED,control  NAC:0x8A1 TSDU bch_err=0 raw=0x7
2026-04-19 17:58:21.637 ,PASSED,control  NAC:0x8A1 TSDU bch_err=0 raw=0x7
2026-04-19 17:58:21.641 ,PASSED,control  NAC:0x8A1 TSDU bch_err=0 raw=0x7
2026-04-19 17:58:21.645 ,PASSED,control  NAC:0x8A1 TSDU bch_err=0 raw=0x7
2026-04-19 17:58:21.649 ,PASSED,control  NAC:0x8A1 TSDU bch_err=0 raw=0x7
2026-04-19 17:58:21.652 ,PASSED,control  NAC:0x8A1 TSDU bch_err=0 raw=0x7
2026-04-19 17:58:21.656 ,PASSED,control  NAC:0x8A1 TSDU bch_err=0 raw=0x7
2026-04-19 17:58:21.659 ,PASSED,control  NAC:0x8A1 TSDU bch_err=0 raw=0x7
2026-04-19 17:58:21.663 ,PASSED,control  NAC:0x8A1 TSDU bch_err=0 raw=0x7
2026-04-19 17:58:21.666 ,PASSED,control  NAC:0x8A1 TSDU bch_err=0 raw=0x7
2026-04-19 17:58:21.671 ,PASSED,control  NAC:0x8A1 TSDU bch_err=0 raw=0x7
2026-04-19 17:58:21.675 ,PASSED,control  NAC:0x8A1 TSDU bch_err=0 raw=0x7
2026-04-19 17:58:21.678 ,PASSED,control  NAC:0x8A1 TSDU bch_err=0 raw=0x7
2026-04-19 17:58:21.682 ,PASSED,control  NAC:0x8A1 TSDU bch_err=0 raw=0x7
2026-04-19 17:58:21.686 ,PASSED,control  NAC:0x8A1 TSDU bch_err=0 raw=0x7
2026-04-19 17:58:21.692 ,CORRECTED,control  NAC:0x8A1 TSDU bch_err=3 raw=0x7
2026-04-19 17:58:21.696 ,PASSED,control  NAC:0x8A1 TSDU bch_err=0 raw=0x7
2026-04-19 17:58:21.700 ,PASSED,control  NAC:0x8A1 TSDU bch_err=0 raw=0x7
2026-04-19 17:58:21.704 ,PASSED,control  NAC:0x8A1 TSDU bch_err=0 raw=0x7
2026-04-19 17:58:21.707 ,PASSED,control  NAC:0x8A1 TSDU bch_err=0 raw=0x7
2026-04-19 17:58:21.711 ,PASSED,control  NAC:0x8A1 TSDU bch_err=0 raw=0x7
2026-04-19 17:58:21.722 ,PASSED,control  NAC:0x8A1 TSDU bch_err=0 raw=0x7
2026-04-19 17:58:21.731 ,PASSED,control  NAC:0x8A1 TSDU bch_err=0 raw=0x7
2026-04-19 17:58:21.734 ,PASSED,control  NAC:0x8A1 TSDU bch_err=0 raw=0x7
2026-04-19 17:58:21.738 ,PASSED,control  NAC:0x8A1 TSDU bch_err=0 raw=0x7
2026-04-19 17:58:21.743 ,PASSED,control  NAC:0x8A1 TSDU bch_err=0 raw=0x7
2026-04-19 17:58:21.746 ,PASSED,control  NAC:0x8A1 TSDU bch_err=0 raw=0x7
2026-04-19 17:58:21.750 ,PASSED,control  NAC:0x8A1 TSDU bch_err=0 raw=0x7
2026-04-19 17:58:21.756 ,CORRECTED,control  NAC:0x8A1 TSDU bch_err=2 raw=0x6
2026-04-19 17:58:21.759 ,PASSED,control  NAC:0x8A1 TSDU bch_err=0 raw=0x7
2026-04-19 17:58:21.763 ,PASSED,control  NAC:0x8A1 TSDU bch_err=0 raw=0x7
2026-04-19 17:58:21.770 ,CORRECTED,control  NAC:0x8A1 TSDU bch_err=4 raw=0x3
2026-04-19 17:58:21.774 ,PASSED,control  NAC:0x8A1 TSDU bch_err=0 raw=0x7
2026-04-19 17:58:21.778 ,PASSED,control  NAC:0x8A1 TSDU bch_err=0 raw=0x7
2026-04-19 17:58:21.782 ,PASSED,control  NAC:0x8A1 TSDU bch_err=0 raw=0x7
2026-04-19 17:58:21.786 ,PASSED,control  NAC:0x8A1 TSDU bch_err=0 raw=0x7
2026-04-19 17:58:21.790 ,PASSED,control  NAC:0x8A1 TSDU bch_err=0 raw=0x7
2026-04-19 17:58:21.794 ,PASSED,control  NAC:0x8A1 TSDU bch_err=0 raw=0x7
2026-04-19 17:58:21.799 ,PASSED,control  NAC:0x8A1 TSDU bch_err=0 raw=0x7
2026-04-19 17:58:21.802 ,PASSED,control  NAC:0x8A1 TSDU bch_err=0 raw=0x7
2026-04-19 17:58:21.806 ,PASSED,control  NAC:0x8A1 TSDU bch_err=0 raw=0x7
2026-04-19 17:58:21.809 ,PASSED,control  NAC:0x8A1 TSDU bch_err=0 raw=0x7
2026-04-19 17:58:21.814 ,PASSED,control  NAC:0x8A1 TSDU bch_err=0 raw=0x7
2026-04-19 17:58:21.817 ,PASSED,control  NAC:0x8A1 TSDU bch_err=0 raw=0x7
2026-04-19 17:58:21.823 ,CORRECTED,control  NAC:0x8A1 TSDU bch_err=1 raw=0x6
2026-04-19 17:58:25.048 ,PASSED,control  NAC:0x8A1 TSDU bch_err=0 raw=0x7
2026-04-19 17:58:25.051 ,PASSED,control  NAC:0x8A1 TSDU bch_err=0 raw=0x7
2026-04-19 17:58:25.055 ,PASSED,control  NAC:0x8A1 TSDU bch_err=0 raw=0x7
2026-04-19 17:58:25.059 ,PASSED,control  NAC:0x8A1 TSDU bch_err=0 raw=0x7
2026-04-19 17:58:25.062 ,PASSED,control  NAC:0x8A1 TSDU bch_err=0 raw=0x7
2026-04-19 17:58:25.065 ,PASSED,control  NAC:0x8A1 TSDU bch_err=0 raw=0x7
2026-04-19 17:58:25.070 ,PASSED,control  NAC:0x8A1 TSDU bch_err=0 raw=0x7
2026-04-19 17:58:25.074 ,PASSED,control  NAC:0x8A1 TSDU bch_err=0 raw=0x7
2026-04-19 17:58:25.077 ,PASSED,control  NAC:0x8A1 TSDU bch_err=0 raw=0x7
2026-04-19 17:58:25.081 ,PASSED,control  NAC:0x8A1 TSDU bch_err=0 raw=0x7
2026-04-19 17:58:25.088 ,CORRECTED,control  NAC:0x8A1 TSDU bch_err=1 raw=0x6
2026-04-19 17:58:25.091 ,PASSED,control  NAC:0x8A1 TSDU bch_err=0 raw=0x7
2026-04-19 17:58:25.101 ,CORRECTED,control  NAC:0x8A1 TSDU bch_err=2 raw=0x7
2026-04-19 17:58:25.108 ,CORRECTED,control  NAC:0x8A1 TSDU bch_err=2 raw=0x7
2026-04-19 17:58:25.113 ,CORRECTED,control  NAC:0x8A1 TSDU bch_err=4 raw=0x6
2026-04-19 17:58:25.120 ,CORRECTED,control  NAC:0x8A1 TSDU bch_err=3 raw=0x6
2026-04-19 17:58:25.123 ,PASSED,control  NAC:0x8A1 TSDU bch_err=0 raw=0x7
2026-04-19 17:58:25.127 ,PASSED,control  NAC:0x8A1 TSDU bch_err=0 raw=0x7
2026-04-19 17:58:25.130 ,PASSED,control  NAC:0x8A1 TSDU bch_err=0 raw=0x7
2026-04-19 17:58:25.136 ,CORRECTED,control  NAC:0x8A1 TSDU bch_err=5 raw=0x7
2026-04-19 17:58:25.138 ,PASSED,control  NAC:0x8A1 TSDU bch_err=0 raw=0x7
2026-04-19 17:58:25.143 ,PASSED,control  NAC:0x8A1 TSDU bch_err=0 raw=0x7
2026-04-19 17:58:25.146 ,PASSED,control  NAC:0x8A1 TSDU bch_err=0 raw=0x7
2026-04-19 17:58:25.150 ,PASSED,control  NAC:0x8A1 TSDU bch_err=0 raw=0x7
2026-04-19 17:58:25.153 ,PASSED,control  NAC:0x8A1 TSDU bch_err=0 raw=0x7
2026-04-19 17:58:25.156 ,PASSED,control  NAC:0x8A1 TSDU bch_err=0 raw=0x7
2026-04-19 17:58:25.161 ,CORRECTED,control  NAC:0x8A1 TSDU bch_err=7 raw=0x3
2026-04-19 17:58:25.165 ,PASSED,control  NAC:0x8A1 TSDU bch_err=0 raw=0x7
2026-04-19 17:58:25.168 ,PASSED,control  NAC:0x8A1 TSDU bch_err=0 raw=0x7
2026-04-19 17:58:25.173 ,PASSED,control  NAC:0x8A1 TSDU bch_err=0 raw=0x7
2026-04-19 17:58:25.178 ,CORRECTED,control  NAC:0x8A1 TSDU bch_err=1 raw=0x7
2026-04-19 17:58:25.182 ,PASSED,control  NAC:0x8A1 TSDU bch_err=0 raw=0x7
2026-04-19 17:58:25.186 ,PASSED,control  NAC:0x8A1 TSDU bch_err=0 raw=0x7
2026-04-19 17:58:25.190 ,PASSED,control  NAC:0x8A1 TSDU bch_err=0 raw=0x7
2026-04-19 17:58:25.193 ,PASSED,control  NAC:0x8A1 TSDU bch_err=0 raw=0x7
2026-04-19 17:58:25.197 ,PASSED,control  NAC:0x8A1 TSDU bch_err=0 raw=0x7
2026-04-19 17:58:25.201 ,PASSED,control  NAC:0x8A1 TSDU bch_err=0 raw=0x7
2026-04-19 17:58:25.206 ,CORRECTED,control  NAC:0x8A1 TSDU bch_err=3 raw=0x3
2026-04-19 17:58:25.210 ,PASSED,control  NAC:0x8A1 TSDU bch_err=0 raw=0x7
2026-04-19 17:58:28.465 ,PASSED,control  NAC:0x8A1 TSDU bch_err=0 raw=0x7
2026-04-19 17:58:28.467 ,PASSED,control  NAC:0x8A1 TSDU bch_err=0 raw=0x7
2026-04-19 17:58:28.470 ,PASSED,control  NAC:0x8A1 TSDU bch_err=0 raw=0x7
2026-04-19 17:58:28.473 ,PASSED,control  NAC:0x8A1 TSDU bch_err=0 raw=0x7
2026-04-19 17:58:28.476 ,PASSED,control  NAC:0x8A1 TSDU bch_err=0 raw=0x7
2026-04-19 17:58:28.480 ,CORRECTED,control  NAC:0x8A1 TSDU bch_err=4 raw=0x7
2026-04-19 17:58:28.483 ,PASSED,control  NAC:0x8A1 TSDU bch_err=0 raw=0x7
2026-04-19 17:58:28.487 ,PASSED,control  NAC:0x8A1 TSDU bch_err=0 raw=0x7
2026-04-19 17:58:28.491 ,PASSED,control  NAC:0x8A1 TSDU bch_err=0 raw=0x7
2026-04-19 17:58:28.495 ,PASSED,control  NAC:0x8A1 TSDU bch_err=0 raw=0x7
2026-04-19 17:58:28.499 ,PASSED,control  NAC:0x8A1 TSDU bch_err=0 raw=0x7
2026-04-19 17:58:28.502 ,PASSED,control  NAC:0x8A1 TSDU bch_err=0 raw=0x7
2026-04-19 17:58:28.506 ,PASSED,control  NAC:0x8A1 TSDU bch_err=0 raw=0x7
2026-04-19 17:58:28.510 ,PASSED,control  NAC:0x8A1 TSDU bch_err=0 raw=0x7
2026-04-19 17:58:28.514 ,PASSED,control  NAC:0x8A1 TSDU bch_err=0 raw=0x7
2026-04-19 17:58:28.517 ,PASSED,control  NAC:0x8A1 TSDU bch_err=0 raw=0x7
2026-04-19 17:58:28.521 ,PASSED,control  NAC:0x8A1 TSDU bch_err=0 raw=0x7
2026-04-19 17:58:28.526 ,PASSED,control  NAC:0x8A1 TSDU bch_err=0 raw=0x7
2026-04-19 17:58:28.532 ,CORRECTED,control  NAC:0x8A1 TSDU bch_err=2 raw=0x6
2026-04-19 17:58:28.535 ,PASSED,control  NAC:0x8A1 TSDU bch_err=0 raw=0x7
2026-04-19 17:58:28.540 ,PASSED,control  NAC:0x8A1 TSDU bch_err=0 raw=0x7
2026-04-19 17:58:28.544 ,PASSED,control  NAC:0x8A1 TSDU bch_err=0 raw=0x7
2026-04-19 17:58:28.547 ,PASSED,control  NAC:0x8A1 TSDU bch_err=0 raw=0x7
2026-04-19 17:58:28.549 ,PASSED,control  NAC:0x8A1 TSDU bch_err=0 raw=0x7
2026-04-19 17:58:28.552 ,PASSED,control  NAC:0x8A1 TSDU bch_err=0 raw=0x7
2026-04-19 17:58:28.557 ,CORRECTED,control  NAC:0x8A1 TSDU bch_err=1 raw=0x7
2026-04-19 17:58:28.560 ,PASSED,control  NAC:0x8A1 TSDU bch_err=0 raw=0x7
2026-04-19 17:58:28.562 ,PASSED,control  NAC:0x8A1 TSDU bch_err=0 raw=0x7
2026-04-19 17:58:28.565 ,PASSED,control  NAC:0x8A1 TSDU bch_err=0 raw=0x7
2026-04-19 17:58:28.568 ,PASSED,control  NAC:0x8A1 TSDU bch_err=0 raw=0x7
2026-04-19 17:58:28.570 ,PASSED,control  NAC:0x8A1 TSDU bch_err=0 raw=0x7
2026-04-19 17:58:28.575 ,CORRECTED,control  NAC:0x8A1 TSDU bch_err=1 raw=0x7
2026-04-19 17:58:28.579 ,CORRECTED,control  NAC:0x8A1 TSDU bch_err=1 raw=0x7
2026-04-19 17:58:28.582 ,PASSED,control  NAC:0x8A1 TSDU bch_err=0 raw=0x7
2026-04-19 17:58:28.585 ,PASSED,control  NAC:0x8A1 TSDU bch_err=0 raw=0x7
2026-04-19 17:58:28.587 ,PASSED,control  NAC:0x8A1 TSDU bch_err=0 raw=0x7
2026-04-19 17:58:28.590 ,PASSED,control  NAC:0x8A1 TSDU bch_err=0 raw=0x7
2026-04-19 17:58:28.593 ,PASSED,control  NAC:0x8A1 TSDU bch_err=0 raw=0x7
2026-04-19 17:58:28.596 ,PASSED,control  NAC:0x8A1 TSDU bch_err=0 raw=0x7
2026-04-19 17:58:28.600 ,CORRECTED,control  NAC:0x8A1 TSDU bch_err=1 raw=0x7
2026-04-19 17:58:28.603 ,PASSED,control  NAC:0x8A1 TSDU bch_err=0 raw=0x7
2026-04-19 17:58:28.606 ,PASSED,control  NAC:0x8A1 TSDU bch_err=0 raw=0x7
2026-04-19 17:58:28.608 ,PASSED,control  NAC:0x8A1 TSDU bch_err=0 raw=0x7
2026-04-19 17:58:28.611 ,PASSED,control  NAC:0x8A1 TSDU bch_err=0 raw=0x7
2026-04-19 17:58:31.874 ,PASSED,control  NAC:0x8A1 TSDU bch_err=0 raw=0x7
2026-04-19 17:58:31.879 ,CORRECTED,control  NAC:0x8A1 TSDU bch_err=1 raw=0x7
2026-04-19 17:58:31.881 ,PASSED,control  NAC:0x8A1 TSDU bch_err=0 raw=0x7
2026-04-19 17:58:31.884 ,PASSED,control  NAC:0x8A1 TSDU bch_err=0 raw=0x7
2026-04-19 17:58:31.887 ,PASSED,control  NAC:0x8A1 TSDU bch_err=0 raw=0x7
2026-04-19 17:58:31.889 ,PASSED,control  NAC:0x8A1 TSDU bch_err=0 raw=0x7
2026-04-19 17:58:31.892 ,PASSED,control  NAC:0x8A1 TSDU bch_err=0 raw=0x7
2026-04-19 17:58:31.895 ,PASSED,control  NAC:0x8A1 TSDU bch_err=0 raw=0x7
2026-04-19 17:58:31.898 ,PASSED,control  NAC:0x8A1 TSDU bch_err=0 raw=0x7
2026-04-19 17:58:31.900 ,PASSED,control  NAC:0x8A1 TSDU bch_err=0 raw=0x7
2026-04-19 17:58:31.903 ,PASSED,control  NAC:0x8A1 TSDU bch_err=0 raw=0x7
2026-04-19 17:58:31.906 ,PASSED,control  NAC:0x8A1 TSDU bch_err=0 raw=0x7
2026-04-19 17:58:31.908 ,PASSED,control  NAC:0x8A1 TSDU bch_err=0 raw=0x7
2026-04-19 17:58:31.911 ,PASSED,control  NAC:0x8A1 TSDU bch_err=0 raw=0x7
2026-04-19 17:58:31.916 ,CORRECTED,control  NAC:0x8A1 TSDU bch_err=10 raw=0x6
2026-04-19 17:58:31.920 ,CORRECTED,control  NAC:0x8A1 TSDU bch_err=1 raw=0x7
2026-04-19 17:58:31.923 ,PASSED,control  NAC:0x8A1 TSDU bch_err=0 raw=0x7
2026-04-19 17:58:31.926 ,PASSED,control  NAC:0x8A1 TSDU bch_err=0 raw=0x7
2026-04-19 17:58:31.929 ,PASSED,control  NAC:0x8A1 TSDU bch_err=0 raw=0x7
2026-04-19 17:58:31.931 ,PASSED,control  NAC:0x8A1 TSDU bch_err=0 raw=0x7
2026-04-19 17:58:31.934 ,PASSED,control  NAC:0x8A1 TSDU bch_err=0 raw=0x7
2026-04-19 17:58:31.938 ,CORRECTED,control  NAC:0x8A1 TSDU bch_err=2 raw=0x6
2026-04-19 17:58:31.941 ,PASSED,control  NAC:0x8A1 TSDU bch_err=0 raw=0x7
2026-04-19 17:58:31.944 ,PASSED,control  NAC:0x8A1 TSDU bch_err=0 raw=0x7
2026-04-19 17:58:31.947 ,PASSED,control  NAC:0x8A1 TSDU bch_err=0 raw=0x7
2026-04-19 17:58:31.951 ,CORRECTED,control  NAC:0x8A1 TSDU bch_err=3 raw=0x7
2026-04-19 17:58:31.956 ,CORRECTED,control  NAC:0x8A1 TSDU bch_err=1 raw=0x7
2026-04-19 17:58:31.959 ,PASSED,control  NAC:0x8A1 TSDU bch_err=0 raw=0x7
2026-04-19 17:58:31.961 ,PASSED,control  NAC:0x8A1 TSDU bch_err=0 raw=0x7
2026-04-19 17:58:31.966 ,CORRECTED,control  NAC:0x8A1 TSDU bch_err=2 raw=0x6
2026-04-19 17:58:31.969 ,PASSED,control  NAC:0x8A1 TSDU bch_err=0 raw=0x7
2026-04-19 17:58:31.971 ,PASSED,control  NAC:0x8A1 TSDU bch_err=0 raw=0x7
2026-04-19 17:58:31.974 ,PASSED,control  NAC:0x8A1 TSDU bch_err=0 raw=0x7
2026-04-19 17:58:31.979 ,CORRECTED,control  NAC:0x8A1 TSDU bch_err=1 raw=0x7
2026-04-19 17:58:31.981 ,PASSED,control  NAC:0x8A1 TSDU bch_err=0 raw=0x7
2026-04-19 17:58:31.984 ,PASSED,control  NAC:0x8A1 TSDU bch_err=0 raw=0x7
2026-04-19 17:58:31.987 ,PASSED,control  NAC:0x8A1 TSDU bch_err=0 raw=0x7
2026-04-19 17:58:31.989 ,PASSED,control  NAC:0x8A1 TSDU bch_err=0 raw=0x7
2026-04-19 17:58:31.992 ,PASSED,control  NAC:0x8A1 TSDU bch_err=0 raw=0x7
2026-04-19 17:58:31.995 ,PASSED,control  NAC:0x8A1 TSDU bch_err=0 raw=0x7
2026-04-19 17:58:31.997 ,PASSED,control  NAC:0x8A1 TSDU bch_err=0 raw=0x7
2026-04-19 17:58:32.000 ,PASSED,control  NAC:0x8A1 TSDU bch_err=0 raw=0x7
2026-04-19 17:58:35.289 ,CORRECTED,control  NAC:0x9A5 PDU bch_err=11 raw=0x6
2026-04-19 17:58:35.293 ,CORRECTED,control  NAC:0x8A1 TSDU bch_err=3 raw=0x6
2026-04-19 17:58:35.296 ,PASSED,control  NAC:0x8A1 TSDU bch_err=0 raw=0x7
2026-04-19 17:58:35.299 ,PASSED,control  NAC:0x8A1 TSDU bch_err=0 raw=0x7
2026-04-19 17:58:35.301 ,PASSED,control  NAC:0x8A1 TSDU bch_err=0 raw=0x7
2026-04-19 17:58:35.304 ,PASSED,control  NAC:0x8A1 TSDU bch_err=0 raw=0x7
2026-04-19 17:58:35.307 ,PASSED,control  NAC:0x8A1 TSDU bch_err=0 raw=0x7
2026-04-19 17:58:35.309 ,PASSED,control  NAC:0x8A1 TSDU bch_err=0 raw=0x7
2026-04-19 17:58:35.312 ,PASSED,control  NAC:0x8A1 TSDU bch_err=0 raw=0x7
2026-04-19 17:58:35.315 ,PASSED,control  NAC:0x8A1 TSDU bch_err=0 raw=0x7
2026-04-19 17:58:35.319 ,CORRECTED,control  NAC:0x8A1 TSDU bch_err=1 raw=0x7
2026-04-19 17:58:35.322 ,PASSED,control  NAC:0x8A1 TSDU bch_err=0 raw=0x7
2026-04-19 17:58:35.325 ,PASSED,control  NAC:0x8A1 TSDU bch_err=0 raw=0x7
2026-04-19 17:58:35.328 ,PASSED,control  NAC:0x8A1 TSDU bch_err=0 raw=0x7
2026-04-19 17:58:35.330 ,PASSED,control  NAC:0x8A1 TSDU bch_err=0 raw=0x7
2026-04-19 17:58:35.333 ,PASSED,control  NAC:0x8A1 TSDU bch_err=0 raw=0x7
2026-04-19 17:58:35.337 ,CORRECTED,control  NAC:0x8A1 TSDU bch_err=1 raw=0x7
2026-04-19 17:58:35.340 ,PASSED,control  NAC:0x8A1 TSDU bch_err=0 raw=0x7
2026-04-19 17:58:35.345 ,CORRECTED,control  NAC:0x8A1 TSDU bch_err=1 raw=0x7
2026-04-19 17:58:35.347 ,PASSED,control  NAC:0x8A1 TSDU bch_err=0 raw=0x7
2026-04-19 17:58:35.350 ,PASSED,control  NAC:0x8A1 TSDU bch_err=0 raw=0x7
2026-04-19 17:58:35.352 ,PASSED,control  NAC:0x8A1 TSDU bch_err=0 raw=0x7
2026-04-19 17:58:35.355 ,PASSED,control  NAC:0x8A1 TSDU bch_err=0 raw=0x7
2026-04-19 17:58:35.358 ,PASSED,control  NAC:0x8A1 TSDU bch_err=0 raw=0x7
2026-04-19 17:58:35.361 ,PASSED,control  NAC:0x8A1 TSDU bch_err=0 raw=0x7
2026-04-19 17:58:35.364 ,PASSED,control  NAC:0x8A1 TSDU bch_err=0 raw=0x7
2026-04-19 17:58:35.367 ,PASSED,control  NAC:0x8A1 TSDU bch_err=0 raw=0x7
2026-04-19 17:58:35.370 ,PASSED,control  NAC:0x8A1 TSDU bch_err=0 raw=0x7
2026-04-19 17:58:35.374 ,PASSED,control  NAC:0x8A1 TSDU bch_err=0 raw=0x7
2026-04-19 17:58:35.377 ,PASSED,control  NAC:0x8A1 TSDU bch_err=0 raw=0x7
2026-04-19 17:58:35.380 ,PASSED,control  NAC:0x8A1 TSDU bch_err=0 raw=0x7
2026-04-19 17:58:35.383 ,PASSED,control  NAC:0x8A1 TSDU bch_err=0 raw=0x7
2026-04-19 17:58:35.386 ,PASSED,control  NAC:0x8A1 TSDU bch_err=0 raw=0x7
2026-04-19 17:58:35.390 ,CORRECTED,control  NAC:0x8A1 TSDU bch_err=1 raw=0x3
2026-04-19 17:58:35.393 ,PASSED,control  NAC:0x8A1 TSDU bch_err=0 raw=0x7
2026-04-19 17:58:35.396 ,PASSED,control  NAC:0x8A1 TSDU bch_err=0 raw=0x7
2026-04-19 17:58:35.399 ,PASSED,control  NAC:0x8A1 TSDU bch_err=0 raw=0x7
2026-04-19 17:58:35.401 ,PASSED,control  NAC:0x8A1 TSDU bch_err=0 raw=0x7
2026-04-19 17:58:35.404 ,PASSED,control  NAC:0x8A1 TSDU bch_err=0 raw=0x7
2026-04-19 17:58:35.406 ,PASSED,control  NAC:0x8A1 TSDU bch_err=0 raw=0x7
2026-04-19 17:58:35.409 ,PASSED,control  NAC:0x8A1 TSDU bch_err=0 raw=0x7
2026-04-19 17:58:35.412 ,PASSED,control  NAC:0x8A1 TSDU bch_err=0 raw=0x7
2026-04-19 17:58:35.414 ,PASSED,control  NAC:0x8A1 TSDU bch_err=0 raw=0x7
2026-04-19 17:58:38.700 ,PASSED,control  NAC:0x8A1 TSDU bch_err=0 raw=0x7
2026-04-19 17:58:38.703 ,PASSED,control  NAC:0x8A1 TSDU bch_err=0 raw=0x7
2026-04-19 17:58:38.706 ,PASSED,control  NAC:0x8A1 TSDU bch_err=0 raw=0x7
2026-04-19 17:58:38.708 ,PASSED,control  NAC:0x8A1 TSDU bch_err=0 raw=0x7
2026-04-19 17:58:38.711 ,PASSED,control  NAC:0x8A1 TSDU bch_err=0 raw=0x7
2026-04-19 17:58:38.716 ,CORRECTED,control  NAC:0x8A1 TSDU bch_err=8 raw=0x6
2026-04-19 17:58:38.720 ,CORRECTED,control  NAC:0x8A1 TSDU bch_err=3 raw=0x7
2026-04-19 17:58:38.725 ,CORRECTED,control  NAC:0x8A1 TSDU bch_err=3 raw=0x3
2026-04-19 17:58:38.727 ,PASSED,control  NAC:0x8A1 TSDU bch_err=0 raw=0x7
2026-04-19 17:58:38.730 ,PASSED,control  NAC:0x8A1 TSDU bch_err=0 raw=0x7
2026-04-19 17:58:38.733 ,PASSED,control  NAC:0x8A1 TSDU bch_err=0 raw=0x7
2026-04-19 17:58:38.736 ,PASSED,control  NAC:0x8A1 TSDU bch_err=0 raw=0x7
2026-04-19 17:58:38.738 ,PASSED,control  NAC:0x8A1 TSDU bch_err=0 raw=0x7
2026-04-19 17:58:38.741 ,PASSED,control  NAC:0x8A1 TSDU bch_err=0 raw=0x7
2026-04-19 17:58:38.744 ,PASSED,control  NAC:0x8A1 TSDU bch_err=0 raw=0x7
2026-04-19 17:58:38.746 ,PASSED,control  NAC:0x8A1 TSDU bch_err=0 raw=0x7
2026-04-19 17:58:38.749 ,PASSED,control  NAC:0x8A1 TSDU bch_err=0 raw=0x7
2026-04-19 17:58:38.752 ,PASSED,control  NAC:0x8A1 TSDU bch_err=0 raw=0x7
2026-04-19 17:58:38.754 ,PASSED,control  NAC:0x8A1 TSDU bch_err=0 raw=0x7
2026-04-19 17:58:38.757 ,PASSED,control  NAC:0x8A1 TSDU bch_err=0 raw=0x7
2026-04-19 17:58:38.760 ,PASSED,control  NAC:0x8A1 TSDU bch_err=0 raw=0x7
2026-04-19 17:58:38.763 ,PASSED,control  NAC:0x8A1 TSDU bch_err=0 raw=0x7
2026-04-19 17:58:38.765 ,PASSED,control  NAC:0x8A1 TSDU bch_err=0 raw=0x7
2026-04-19 17:58:38.770 ,CORRECTED,control  NAC:0x8A1 TSDU bch_err=1 raw=0x7
2026-04-19 17:58:38.773 ,PASSED,control  NAC:0x8A1 TSDU bch_err=0 raw=0x7
2026-04-19 17:58:38.775 ,PASSED,control  NAC:0x8A1 TSDU bch_err=0 raw=0x7
2026-04-19 17:58:38.778 ,PASSED,control  NAC:0x8A1 TSDU bch_err=0 raw=0x7
2026-04-19 17:58:38.781 ,PASSED,control  NAC:0x8A1 TSDU bch_err=0 raw=0x7
2026-04-19 17:58:38.783 ,PASSED,control  NAC:0x8A1 TSDU bch_err=0 raw=0x7
2026-04-19 17:58:38.786 ,PASSED,control  NAC:0x8A1 TSDU bch_err=0 raw=0x7
2026-04-19 17:58:38.789 ,PASSED,control  NAC:0x8A1 TSDU bch_err=0 raw=0x7
2026-04-19 17:58:38.792 ,PASSED,control  NAC:0x8A1 TSDU bch_err=0 raw=0x7
2026-04-19 17:58:38.796 ,CORRECTED,control  NAC:0x8A1 TSDU bch_err=2 raw=0x6
2026-04-19 17:58:38.799 ,PASSED,control  NAC:0x8A1 TSDU bch_err=0 raw=0x7
2026-04-19 17:58:38.802 ,PASSED,control  NAC:0x8A1 TSDU bch_err=0 raw=0x7
2026-04-19 17:58:38.805 ,PASSED,control  NAC:0x8A1 TSDU bch_err=0 raw=0x7
2026-04-19 17:58:38.807 ,PASSED,control  NAC:0x8A1 TSDU bch_err=0 raw=0x7
2026-04-19 17:58:38.810 ,PASSED,control  NAC:0x8A1 TSDU bch_err=0 raw=0x7
2026-04-19 17:58:38.813 ,PASSED,control  NAC:0x8A1 TSDU bch_err=0 raw=0x7
2026-04-19 17:58:38.815 ,PASSED,control  NAC:0x8A1 TSDU bch_err=0 raw=0x7
2026-04-19 17:58:38.818 ,PASSED,control  NAC:0x8A1 TSDU bch_err=0 raw=0x7
2026-04-19 17:58:42.115 ,CORRECTED,control  NAC:0x8A1 TSDU bch_err=3 raw=0x7
2026-04-19 17:58:42.118 ,PASSED,control  NAC:0x8A1 TSDU bch_err=0 raw=0x7
2026-04-19 17:58:42.121 ,PASSED,control  NAC:0x8A1 TSDU bch_err=0 raw=0x7
2026-04-19 17:58:42.123 ,PASSED,control  NAC:0x8A1 TSDU bch_err=0 raw=0x7
2026-04-19 17:58:42.126 ,PASSED,control  NAC:0x8A1 TSDU bch_err=0 raw=0x7
2026-04-19 17:58:42.130 ,CORRECTED,control  NAC:0x8A1 TSDU bch_err=2 raw=0x3
2026-04-19 17:58:42.133 ,PASSED,control  NAC:0x8A1 TSDU bch_err=0 raw=0x7
2026-04-19 17:58:42.136 ,PASSED,control  NAC:0x8A1 TSDU bch_err=0 raw=0x7
2026-04-19 17:58:42.138 ,PASSED,control  NAC:0x8A1 TSDU bch_err=0 raw=0x7
2026-04-19 17:58:42.141 ,PASSED,control  NAC:0x8A1 TSDU bch_err=0 raw=0x7
2026-04-19 17:58:42.144 ,PASSED,control  NAC:0x8A1 TSDU bch_err=0 raw=0x7
2026-04-19 17:58:42.146 ,PASSED,control  NAC:0x8A1 TSDU bch_err=0 raw=0x7
2026-04-19 17:58:42.149 ,PASSED,control  NAC:0x8A1 TSDU bch_err=0 raw=0x7
2026-04-19 17:58:42.154 ,CORRECTED,control  NAC:0x8A1 TSDU bch_err=10 raw=0x7
2026-04-19 17:58:42.156 ,PASSED,control  NAC:0x8A1 TSDU bch_err=0 raw=0x7
2026-04-19 17:58:42.159 ,PASSED,control  NAC:0x8A1 TSDU bch_err=0 raw=0x7
2026-04-19 17:58:42.162 ,PASSED,control  NAC:0x8A1 TSDU bch_err=0 raw=0x7
2026-04-19 17:58:42.165 ,PASSED,control  NAC:0x8A1 TSDU bch_err=0 raw=0x7
2026-04-19 17:58:42.167 ,PASSED,control  NAC:0x8A1 TSDU bch_err=0 raw=0x7
2026-04-19 17:58:42.170 ,PASSED,control  NAC:0x8A1 TSDU bch_err=0 raw=0x7
2026-04-19 17:58:42.173 ,PASSED,control  NAC:0x8A1 TSDU bch_err=0 raw=0x7
2026-04-19 17:58:42.175 ,PASSED,control  NAC:0x8A1 TSDU bch_err=0 raw=0x7
2026-04-19 17:58:42.178 ,PASSED,control  NAC:0x8A1 TSDU bch_err=0 raw=0x7
2026-04-19 17:58:42.181 ,PASSED,control  NAC:0x8A1 TSDU bch_err=0 raw=0x7
2026-04-19 17:58:42.183 ,PASSED,control  NAC:0x8A1 TSDU bch_err=0 raw=0x7
2026-04-19 17:58:42.186 ,PASSED,control  NAC:0x8A1 TSDU bch_err=0 raw=0x7
2026-04-19 17:58:42.189 ,PASSED,control  NAC:0x8A1 TSDU bch_err=0 raw=0x7
2026-04-19 17:58:42.191 ,PASSED,control  NAC:0x8A1 TSDU bch_err=0 raw=0x7
2026-04-19 17:58:42.196 ,CORRECTED,control  NAC:0x8A1 TSDU bch_err=2 raw=0x6
2026-04-19 17:58:42.199 ,PASSED,control  NAC:0x8A1 TSDU bch_err=0 raw=0x7
2026-04-19 17:58:42.203 ,PASSED,control  NAC:0x8A1 TSDU bch_err=0 raw=0x7
2026-04-19 17:58:42.206 ,PASSED,control  NAC:0x8A1 TSDU bch_err=0 raw=0x7
2026-04-19 17:58:42.211 ,CORRECTED,control  NAC:0x8A1 TSDU bch_err=9 raw=0x1
2026-04-19 17:58:42.214 ,PASSED,control  NAC:0x8A1 TSDU bch_err=0 raw=0x7
2026-04-19 17:58:42.221 ,PASSED,control  NAC:0x8A1 TSDU bch_err=0 raw=0x7
2026-04-19 17:58:42.224 ,PASSED,control  NAC:0x8A1 TSDU bch_err=0 raw=0x7
2026-04-19 17:58:42.227 ,PASSED,control  NAC:0x8A1 TSDU bch_err=0 raw=0x7
2026-04-19 17:58:42.230 ,PASSED,control  NAC:0x8A1 TSDU bch_err=0 raw=0x7
2026-04-19 17:58:42.233 ,PASSED,control  NAC:0x8A1 TSDU bch_err=0 raw=0x7
2026-04-19 17:58:42.236 ,PASSED,control  NAC:0x8A1 TSDU bch_err=0 raw=0x7
2026-04-19 17:58:42.239 ,PASSED,control  NAC:0x8A1 TSDU bch_err=0 raw=0x7
2026-04-19 17:58:42.243 ,PASSED,control  NAC:0x8A1 TSDU bch_err=0 raw=0x7
2026-04-19 17:58:45.528 ,PASSED,control  NAC:0x8A1 TSDU bch_err=0 raw=0x7
2026-04-19 17:58:45.531 ,PASSED,control  NAC:0x8A1 TSDU bch_err=0 raw=0x7
2026-04-19 17:58:45.536 ,CORRECTED,control  NAC:0x8A1 TSDU bch_err=9 raw=0x7
2026-04-19 17:58:45.542 ,CORRECTED,control  NAC:0x8A1 TSDU bch_err=11 raw=0x7
2026-04-19 17:58:45.546 ,PASSED,control  NAC:0x8A1 TSDU bch_err=0 raw=0x7
2026-04-19 17:58:45.549 ,PASSED,control  NAC:0x8A1 TSDU bch_err=0 raw=0x7
2026-04-19 17:58:45.553 ,PASSED,control  NAC:0x8A1 TSDU bch_err=0 raw=0x7
2026-04-19 17:58:45.557 ,PASSED,control  NAC:0x8A1 TSDU bch_err=0 raw=0x7
2026-04-19 17:58:45.560 ,PASSED,control  NAC:0x8A1 TSDU bch_err=0 raw=0x7
2026-04-19 17:58:45.565 ,PASSED,control  NAC:0x8A1 TSDU bch_err=0 raw=0x7
2026-04-19 17:58:45.568 ,PASSED,control  NAC:0x8A1 TSDU bch_err=0 raw=0x7
2026-04-19 17:58:45.573 ,PASSED,control  NAC:0x8A1 TSDU bch_err=0 raw=0x7
2026-04-19 17:58:45.578 ,CORRECTED,control  NAC:0x8A1 TSDU bch_err=1 raw=0x7
2026-04-19 17:58:45.581 ,PASSED,control  NAC:0x8A1 TSDU bch_err=0 raw=0x7
2026-04-19 17:58:45.586 ,PASSED,control  NAC:0x8A1 TSDU bch_err=0 raw=0x7
2026-04-19 17:58:45.590 ,PASSED,control  NAC:0x8A1 TSDU bch_err=0 raw=0x7
2026-04-19 17:58:45.596 ,CORRECTED,control  NAC:0x8A1 TSDU bch_err=2 raw=0x7
2026-04-19 17:58:45.599 ,PASSED,control  NAC:0x8A1 TSDU bch_err=0 raw=0x7
2026-04-19 17:58:45.604 ,PASSED,control  NAC:0x8A1 TSDU bch_err=0 raw=0x7
2026-04-19 17:58:45.621 ,PASSED,control  NAC:0x8A1 TSDU bch_err=0 raw=0x7
2026-04-19 17:58:45.624 ,PASSED,control  NAC:0x8A1 TSDU bch_err=0 raw=0x7
2026-04-19 17:58:45.629 ,PASSED,control  NAC:0x8A1 TSDU bch_err=0 raw=0x7
2026-04-19 17:58:45.633 ,PASSED,control  NAC:0x8A1 TSDU bch_err=0 raw=0x7
2026-04-19 17:58:45.638 ,CORRECTED,control  NAC:0x8A1 TSDU bch_err=3 raw=0x7
2026-04-19 17:58:45.642 ,PASSED,control  NAC:0x8A1 TSDU bch_err=0 raw=0x7
2026-04-19 17:58:45.645 ,PASSED,control  NAC:0x8A1 TSDU bch_err=0 raw=0x7
2026-04-19 17:58:45.651 ,CORRECTED,control  NAC:0x8A1 TSDU bch_err=5 raw=0x6
2026-04-19 17:58:45.655 ,PASSED,control  NAC:0x8A1 TSDU bch_err=0 raw=0x7
2026-04-19 17:58:45.658 ,PASSED,control  NAC:0x8A1 TSDU bch_err=0 raw=0x7
2026-04-19 17:58:45.661 ,PASSED,control  NAC:0x8A1 TSDU bch_err=0 raw=0x7
2026-04-19 17:58:45.664 ,PASSED,control  NAC:0x8A1 TSDU bch_err=0 raw=0x7
2026-04-19 17:58:45.668 ,PASSED,control  NAC:0x8A1 TSDU bch_err=0 raw=0x7
2026-04-19 17:58:45.672 ,PASSED,control  NAC:0x8A1 TSDU bch_err=0 raw=0x7
2026-04-19 17:58:45.676 ,PASSED,control  NAC:0x8A1 TSDU bch_err=0 raw=0x7
2026-04-19 17:58:45.680 ,PASSED,control  NAC:0x8A1 TSDU bch_err=0 raw=0x7
2026-04-19 17:58:45.684 ,PASSED,control  NAC:0x8A1 TSDU bch_err=0 raw=0x7
2026-04-19 17:58:45.690 ,CORRECTED,control  NAC:0x8A1 TSDU bch_err=1 raw=0x7
2026-04-19 17:58:45.694 ,PASSED,control  NAC:0x8A1 TSDU bch_err=0 raw=0x7
2026-04-19 17:58:45.698 ,PASSED,control  NAC:0x8A1 TSDU bch_err=0 raw=0x7
2026-04-19 17:58:45.702 ,PASSED,control  NAC:0x8A1 TSDU bch_err=0 raw=0x7
2026-04-19 17:58:45.706 ,PASSED,control  NAC:0x8A1 TSDU bch_err=0 raw=0x7
2026-04-19 17:58:45.710 ,PASSED,control  NAC:0x8A1 TSDU bch_err=0 raw=0x7
2026-04-19 17:58:45.713 ,PASSED,control  NAC:0x8A1 TSDU bch_err=0 raw=0x7
2026-04-19 17:58:45.717 ,PASSED,control  NAC:0x8A1 TSDU bch_err=0 raw=0x7
2026-04-19 17:58:48.940 ,PASSED,control  NAC:0x8A1 TSDU bch_err=0 raw=0x7
2026-04-19 17:58:48.944 ,PASSED,control  NAC:0x8A1 TSDU bch_err=0 raw=0x7
2026-04-19 17:58:48.948 ,PASSED,control  NAC:0x8A1 TSDU bch_err=0 raw=0x7
2026-04-19 17:58:48.952 ,PASSED,control  NAC:0x8A1 TSDU bch_err=0 raw=0x7
2026-04-19 17:58:48.957 ,PASSED,control  NAC:0x8A1 TSDU bch_err=0 raw=0x7
2026-04-19 17:58:48.963 ,PASSED,control  NAC:0x8A1 TSDU bch_err=0 raw=0x7
2026-04-19 17:58:48.966 ,PASSED,control  NAC:0x8A1 TSDU bch_err=0 raw=0x7
2026-04-19 17:58:48.977 ,PASSED,control  NAC:0x8A1 TSDU bch_err=0 raw=0x7
2026-04-19 17:58:48.981 ,PASSED,control  NAC:0x8A1 TSDU bch_err=0 raw=0x7
2026-04-19 17:58:48.987 ,PASSED,control  NAC:0x8A1 TSDU bch_err=0 raw=0x7
2026-04-19 17:58:48.990 ,PASSED,control  NAC:0x8A1 TSDU bch_err=0 raw=0x7
2026-04-19 17:58:48.997 ,PASSED,control  NAC:0x8A1 TSDU bch_err=0 raw=0x7
2026-04-19 17:58:49.004 ,PASSED,control  NAC:0x8A1 TSDU bch_err=0 raw=0x7
2026-04-19 17:58:49.015 ,PASSED,control  NAC:0x8A1 TSDU bch_err=0 raw=0x7
2026-04-19 17:58:49.022 ,PASSED,control  NAC:0x8A1 TSDU bch_err=0 raw=0x7
2026-04-19 17:58:49.028 ,CORRECTED,control  NAC:0x8A1 TSDU bch_err=3 raw=0x7
2026-04-19 17:58:49.037 ,PASSED,control  NAC:0x8A1 TSDU bch_err=0 raw=0x7
2026-04-19 17:58:49.041 ,PASSED,control  NAC:0x8A1 TSDU bch_err=0 raw=0x7
2026-04-19 17:58:49.046 ,PASSED,control  NAC:0x8A1 TSDU bch_err=0 raw=0x7
2026-04-19 17:58:49.050 ,PASSED,control  NAC:0x8A1 TSDU bch_err=0 raw=0x7
2026-04-19 17:58:49.054 ,PASSED,control  NAC:0x8A1 TSDU bch_err=0 raw=0x7
2026-04-19 17:58:49.058 ,PASSED,control  NAC:0x8A1 TSDU bch_err=0 raw=0x7
2026-04-19 17:58:49.074 ,PASSED,control  NAC:0x8A1 TSDU bch_err=0 raw=0x7
2026-04-19 17:58:49.077 ,PASSED,control  NAC:0x8A1 TSDU bch_err=0 raw=0x7
2026-04-19 17:58:49.080 ,PASSED,control  NAC:0x8A1 TSDU bch_err=0 raw=0x7
2026-04-19 17:58:49.084 ,PASSED,control  NAC:0x8A1 TSDU bch_err=0 raw=0x7
2026-04-19 17:58:49.088 ,PASSED,control  NAC:0x8A1 TSDU bch_err=0 raw=0x7
2026-04-19 17:58:49.091 ,PASSED,control  NAC:0x8A1 TSDU bch_err=0 raw=0x7
2026-04-19 17:58:49.095 ,PASSED,control  NAC:0x8A1 TSDU bch_err=0 raw=0x7
2026-04-19 17:58:49.098 ,PASSED,control  NAC:0x8A1 TSDU bch_err=0 raw=0x7
2026-04-19 17:58:49.102 ,PASSED,control  NAC:0x8A1 TSDU bch_err=0 raw=0x7
2026-04-19 17:58:49.105 ,PASSED,control  NAC:0x8A1 TSDU bch_err=0 raw=0x7
2026-04-19 17:58:49.110 ,CORRECTED,control  NAC:0x8A1 TSDU bch_err=1 raw=0x6
2026-04-19 17:58:49.114 ,PASSED,control  NAC:0x8A1 TSDU bch_err=0 raw=0x7
2026-04-19 17:58:49.117 ,PASSED,control  NAC:0x8A1 TSDU bch_err=0 raw=0x7
2026-04-19 17:58:49.120 ,PASSED,control  NAC:0x8A1 TSDU bch_err=0 raw=0x7
2026-04-19 17:58:49.124 ,PASSED,control  NAC:0x8A1 TSDU bch_err=0 raw=0x7
2026-04-19 17:58:49.126 ,PASSED,control  NAC:0x8A1 TSDU bch_err=0 raw=0x7
2026-04-19 17:58:49.130 ,PASSED,control  NAC:0x8A1 TSDU bch_err=0 raw=0x7
2026-04-19 17:58:49.134 ,PASSED,control  NAC:0x8A1 TSDU bch_err=0 raw=0x7
2026-04-19 17:58:49.137 ,PASSED,control  NAC:0x8A1 TSDU bch_err=0 raw=0x7
2026-04-19 17:58:49.141 ,PASSED,control  NAC:0x8A1 TSDU bch_err=0 raw=0x7
2026-04-19 17:58:49.144 ,PASSED,control  NAC:0x8A1 TSDU bch_err=0 raw=0x7
2026-04-19 17:58:49.148 ,PASSED,control  NAC:0x8A1 TSDU bch_err=0 raw=0x7
2026-04-19 17:58:52.354 ,PASSED,control  NAC:0x8A1 TSDU bch_err=0 raw=0x7
2026-04-19 17:58:52.357 ,PASSED,control  NAC:0x8A1 TSDU bch_err=0 raw=0x7
2026-04-19 17:58:52.360 ,PASSED,control  NAC:0x8A1 TSDU bch_err=0 raw=0x7
2026-04-19 17:58:52.365 ,PASSED,control  NAC:0x8A1 TSDU bch_err=0 raw=0x7
2026-04-19 17:58:52.371 ,CORRECTED,control  NAC:0x8A1 TSDU bch_err=1 raw=0x7
2026-04-19 17:58:52.374 ,PASSED,control  NAC:0x8A1 TSDU bch_err=0 raw=0x7
2026-04-19 17:58:52.377 ,PASSED,control  NAC:0x8A1 TSDU bch_err=0 raw=0x7
2026-04-19 17:58:52.381 ,CORRECTED,control  NAC:0x8A1 TSDU bch_err=5 raw=0x7
2026-04-19 17:58:52.386 ,CORRECTED,control  NAC:0x8A1 TSDU bch_err=2 raw=0x3
2026-04-19 17:58:52.389 ,PASSED,control  NAC:0x8A1 TSDU bch_err=0 raw=0x7
2026-04-19 17:58:52.391 ,PASSED,control  NAC:0x8A1 TSDU bch_err=0 raw=0x7
2026-04-19 17:58:52.394 ,PASSED,control  NAC:0x8A1 TSDU bch_err=0 raw=0x7
2026-04-19 17:58:52.398 ,CORRECTED,control  NAC:0x8A1 TSDU bch_err=6 raw=0x7
2026-04-19 17:58:52.401 ,PASSED,control  NAC:0x8A1 TSDU bch_err=0 raw=0x7
2026-04-19 17:58:52.406 ,CORRECTED,control  NAC:0x8A1 TSDU bch_err=7 raw=0x7
2026-04-19 17:58:52.410 ,CORRECTED,control  NAC:0x8A1 TSDU bch_err=3 raw=0x7
2026-04-19 17:58:52.413 ,PASSED,control  NAC:0x8A1 TSDU bch_err=0 raw=0x7
2026-04-19 17:58:52.415 ,PASSED,control  NAC:0x8A1 TSDU bch_err=0 raw=0x7
2026-04-19 17:58:52.420 ,CORRECTED,control  NAC:0x8A1 TSDU bch_err=1 raw=0x7
2026-04-19 17:58:52.424 ,CORRECTED,control  NAC:0x8A1 TSDU bch_err=1 raw=0x7
2026-04-19 17:58:52.427 ,PASSED,control  NAC:0x8A1 TSDU bch_err=0 raw=0x7
2026-04-19 17:58:52.432 ,CORRECTED,control  NAC:0x8A1 TSDU bch_err=10 raw=0x3
2026-04-19 17:58:52.434 ,PASSED,control  NAC:0x8A1 TSDU bch_err=0 raw=0x7
2026-04-19 17:58:52.437 ,PASSED,control  NAC:0x8A1 TSDU bch_err=0 raw=0x7
2026-04-19 17:58:52.440 ,PASSED,control  NAC:0x8A1 TSDU bch_err=0 raw=0x7
2026-04-19 17:58:52.443 ,PASSED,control  NAC:0x8A1 TSDU bch_err=0 raw=0x7
2026-04-19 17:58:52.445 ,PASSED,control  NAC:0x8A1 TSDU bch_err=0 raw=0x7
2026-04-19 17:58:52.448 ,PASSED,control  NAC:0x8A1 TSDU bch_err=0 raw=0x7
2026-04-19 17:58:52.451 ,PASSED,control  NAC:0x8A1 TSDU bch_err=0 raw=0x7
2026-04-19 17:58:52.453 ,PASSED,control  NAC:0x8A1 TSDU bch_err=0 raw=0x7
2026-04-19 17:58:52.456 ,PASSED,control  NAC:0x8A1 TSDU bch_err=0 raw=0x7
2026-04-19 17:58:52.459 ,PASSED,control  NAC:0x8A1 TSDU bch_err=0 raw=0x7
2026-04-19 17:58:52.463 ,CORRECTED,control  NAC:0x8A1 TSDU bch_err=1 raw=0x7
2026-04-19 17:58:52.466 ,PASSED,control  NAC:0x8A1 TSDU bch_err=0 raw=0x7
2026-04-19 17:58:52.469 ,PASSED,control  NAC:0x8A1 TSDU bch_err=0 raw=0x7
2026-04-19 17:58:52.472 ,PASSED,control  NAC:0x8A1 TSDU bch_err=0 raw=0x7
2026-04-19 17:58:52.474 ,PASSED,control  NAC:0x8A1 TSDU bch_err=0 raw=0x7
2026-04-19 17:58:52.477 ,PASSED,control  NAC:0x8A1 TSDU bch_err=0 raw=0x7
2026-04-19 17:58:52.482 ,CORRECTED,control  NAC:0x8A1 TSDU bch_err=1 raw=0x7
2026-04-19 17:58:52.484 ,PASSED,control  NAC:0x8A1 TSDU bch_err=0 raw=0x7
2026-04-19 17:58:52.487 ,PASSED,control  NAC:0x8A1 TSDU bch_err=0 raw=0x7
2026-04-19 17:58:55.767 ,PASSED,control  NAC:0x8A1 TSDU bch_err=0 raw=0x7
2026-04-19 17:58:55.769 ,PASSED,control  NAC:0x8A1 TSDU bch_err=0 raw=0x7
2026-04-19 17:58:55.772 ,PASSED,control  NAC:0x8A1 TSDU bch_err=0 raw=0x7
2026-04-19 17:58:55.775 ,PASSED,control  NAC:0x8A1 TSDU bch_err=0 raw=0x7
2026-04-19 17:58:55.778 ,PASSED,control  NAC:0x8A1 TSDU bch_err=0 raw=0x7
2026-04-19 17:58:55.780 ,PASSED,control  NAC:0x8A1 TSDU bch_err=0 raw=0x7
2026-04-19 17:58:55.783 ,PASSED,control  NAC:0x8A1 TSDU bch_err=0 raw=0x7
2026-04-19 17:58:55.786 ,PASSED,control  NAC:0x8A1 TSDU bch_err=0 raw=0x7
2026-04-19 17:58:55.789 ,PASSED,control  NAC:0x8A1 TSDU bch_err=0 raw=0x7
2026-04-19 17:58:55.792 ,PASSED,control  NAC:0x8A1 TSDU bch_err=0 raw=0x7
2026-04-19 17:58:55.794 ,PASSED,control  NAC:0x8A1 TSDU bch_err=0 raw=0x7
2026-04-19 17:58:55.799 ,CORRECTED,control  NAC:0x8A1 TSDU bch_err=3 raw=0x7
2026-04-19 17:58:55.801 ,PASSED,control  NAC:0x8A1 TSDU bch_err=0 raw=0x7
2026-04-19 17:58:55.804 ,PASSED,control  NAC:0x8A1 TSDU bch_err=0 raw=0x7
2026-04-19 17:58:55.807 ,PASSED,control  NAC:0x8A1 TSDU bch_err=0 raw=0x7
2026-04-19 17:58:55.810 ,PASSED,control  NAC:0x8A1 TSDU bch_err=0 raw=0x7
2026-04-19 17:58:55.812 ,PASSED,control  NAC:0x8A1 TSDU bch_err=0 raw=0x7
2026-04-19 17:58:55.815 ,PASSED,control  NAC:0x8A1 TSDU bch_err=0 raw=0x7
2026-04-19 17:58:55.819 ,CORRECTED,control  NAC:0x8A1 TSDU bch_err=10 raw=0x7
2026-04-19 17:58:55.822 ,PASSED,control  NAC:0x8A1 TSDU bch_err=0 raw=0x7
2026-04-19 17:58:55.825 ,PASSED,control  NAC:0x8A1 TSDU bch_err=0 raw=0x7
2026-04-19 17:58:55.829 ,CORRECTED,control  NAC:0x8A1 TSDU bch_err=4 raw=0x7
2026-04-19 17:58:55.832 ,PASSED,control  NAC:0x8A1 TSDU bch_err=0 raw=0x7
2026-04-19 17:58:55.835 ,PASSED,control  NAC:0x8A1 TSDU bch_err=0 raw=0x7
2026-04-19 17:58:55.839 ,CORRECTED,control  NAC:0x8A1 TSDU bch_err=11 raw=0x0
2026-04-19 17:58:55.841 ,PASSED,control  NAC:0x8A1 TSDU bch_err=0 raw=0x7
2026-04-19 17:58:55.844 ,PASSED,control  NAC:0x8A1 TSDU bch_err=0 raw=0x7
2026-04-19 17:58:55.847 ,PASSED,control  NAC:0x8A1 TSDU bch_err=0 raw=0x7
2026-04-19 17:58:55.850 ,PASSED,control  NAC:0x8A1 TSDU bch_err=0 raw=0x7
2026-04-19 17:58:55.852 ,PASSED,control  NAC:0x8A1 TSDU bch_err=0 raw=0x7
2026-04-19 17:58:55.855 ,PASSED,control  NAC:0x8A1 TSDU bch_err=0 raw=0x7
2026-04-19 17:58:55.858 ,PASSED,control  NAC:0x8A1 TSDU bch_err=0 raw=0x7
2026-04-19 17:58:55.861 ,PASSED,control  NAC:0x8A1 TSDU bch_err=0 raw=0x7
2026-04-19 17:58:55.865 ,CORRECTED,control  NAC:0x8A1 TSDU bch_err=1 raw=0x6
2026-04-19 17:58:55.868 ,PASSED,control  NAC:0x8A1 TSDU bch_err=0 raw=0x7
2026-04-19 17:58:55.872 ,CORRECTED,control  NAC:0x8A1 TSDU bch_err=4 raw=0x6
2026-04-19 17:58:55.875 ,PASSED,control  NAC:0x8A1 TSDU bch_err=0 raw=0x7
2026-04-19 17:58:55.879 ,CORRECTED,control  NAC:0x8A1 TSDU bch_err=1 raw=0x6
2026-04-19 17:58:55.882 ,PASSED,control  NAC:0x8A1 TSDU bch_err=0 raw=0x7
2026-04-19 17:58:55.887 ,CORRECTED,control  NAC:0x8A1 TSDU bch_err=2 raw=0x6
2026-04-19 17:58:55.891 ,CORRECTED,control  NAC:0x8A1 TSDU bch_err=4 raw=0x6
2026-04-19 17:58:55.894 ,PASSED,control  NAC:0x8A1 TSDU bch_err=0 raw=0x7
2026-04-19 17:58:55.898 ,CORRECTED,control  NAC:0x8A1 TSDU bch_err=1 raw=0x6
2026-04-19 17:58:55.901 ,PASSED,control  NAC:0x8A1 TSDU bch_err=0 raw=0x7
2026-04-19 17:58:59.180 ,PASSED,control  NAC:0x8A1 TSDU bch_err=0 raw=0x7
2026-04-19 17:58:59.183 ,PASSED,control  NAC:0x8A1 TSDU bch_err=0 raw=0x7
2026-04-19 17:58:59.186 ,PASSED,control  NAC:0x8A1 TSDU bch_err=0 raw=0x7
2026-04-19 17:58:59.188 ,PASSED,control  NAC:0x8A1 TSDU bch_err=0 raw=0x7
2026-04-19 17:58:59.193 ,CORRECTED,control  NAC:0x8A1 TSDU bch_err=2 raw=0x6
2026-04-19 17:58:59.197 ,CORRECTED,control  NAC:0x8A1 TSDU bch_err=9 raw=0x3
2026-04-19 17:58:59.200 ,PASSED,control  NAC:0x8A1 TSDU bch_err=0 raw=0x7
2026-04-19 17:58:59.203 ,PASSED,control  NAC:0x8A1 TSDU bch_err=0 raw=0x7
2026-04-19 17:58:59.206 ,PASSED,control  NAC:0x8A1 TSDU bch_err=0 raw=0x7
2026-04-19 17:58:59.208 ,PASSED,control  NAC:0x8A1 TSDU bch_err=0 raw=0x7
2026-04-19 17:58:59.211 ,PASSED,control  NAC:0x8A1 TSDU bch_err=0 raw=0x7
2026-04-19 17:58:59.216 ,CORRECTED,control  NAC:0x8A1 TSDU bch_err=3 raw=0x7
2026-04-19 17:58:59.219 ,PASSED,control  NAC:0x8A1 TSDU bch_err=0 raw=0x7
2026-04-19 17:58:59.221 ,PASSED,control  NAC:0x8A1 TSDU bch_err=0 raw=0x7
2026-04-19 17:58:59.224 ,PASSED,control  NAC:0x8A1 TSDU bch_err=0 raw=0x7
2026-04-19 17:58:59.227 ,PASSED,control  NAC:0x8A1 TSDU bch_err=0 raw=0x7
2026-04-19 17:58:59.231 ,CORRECTED,control  NAC:0x8A1 TSDU bch_err=5 raw=0x3
2026-04-19 17:58:59.236 ,CORRECTED,control  NAC:0x8A1 TSDU bch_err=5 raw=0x7
2026-04-19 17:58:59.238 ,PASSED,control  NAC:0x8A1 TSDU bch_err=0 raw=0x7
2026-04-19 17:58:59.241 ,PASSED,control  NAC:0x8A1 TSDU bch_err=0 raw=0x7
2026-04-19 17:58:59.244 ,PASSED,control  NAC:0x8A1 TSDU bch_err=0 raw=0x7
2026-04-19 17:58:59.246 ,PASSED,control  NAC:0x8A1 TSDU bch_err=0 raw=0x7
2026-04-19 17:58:59.249 ,PASSED,control  NAC:0x8A1 TSDU bch_err=0 raw=0x7
2026-04-19 17:58:59.252 ,PASSED,control  NAC:0x8A1 TSDU bch_err=0 raw=0x7
2026-04-19 17:58:59.255 ,PASSED,control  NAC:0x8A1 TSDU bch_err=0 raw=0x7
2026-04-19 17:58:59.258 ,PASSED,control  NAC:0x8A1 TSDU bch_err=0 raw=0x7
2026-04-19 17:58:59.261 ,PASSED,control  NAC:0x8A1 TSDU bch_err=0 raw=0x7
2026-04-19 17:58:59.263 ,PASSED,control  NAC:0x8A1 TSDU bch_err=0 raw=0x7
2026-04-19 17:58:59.266 ,PASSED,control  NAC:0x8A1 TSDU bch_err=0 raw=0x7
2026-04-19 17:58:59.269 ,PASSED,control  NAC:0x8A1 TSDU bch_err=0 raw=0x7
2026-04-19 17:58:59.272 ,PASSED,control  NAC:0x8A1 TSDU bch_err=0 raw=0x7
2026-04-19 17:58:59.274 ,PASSED,control  NAC:0x8A1 TSDU bch_err=0 raw=0x7
2026-04-19 17:58:59.277 ,PASSED,control  NAC:0x8A1 TSDU bch_err=0 raw=0x7
2026-04-19 17:58:59.280 ,PASSED,control  NAC:0x8A1 TSDU bch_err=0 raw=0x7
2026-04-19 17:58:59.285 ,CORRECTED,control  NAC:0x8A1 TSDU bch_err=1 raw=0x6
2026-04-19 17:58:59.287 ,PASSED,control  NAC:0x8A1 TSDU bch_err=0 raw=0x7
2026-04-19 17:58:59.290 ,PASSED,control  NAC:0x8A1 TSDU bch_err=0 raw=0x7
2026-04-19 17:58:59.293 ,PASSED,control  NAC:0x8A1 TSDU bch_err=0 raw=0x7
2026-04-19 17:58:59.296 ,PASSED,control  NAC:0x8A1 TSDU bch_err=0 raw=0x7
2026-04-19 17:58:59.299 ,PASSED,control  NAC:0x8A1 TSDU bch_err=0 raw=0x7
2026-04-19 17:58:59.301 ,PASSED,control  NAC:0x8A1 TSDU bch_err=0 raw=0x7
2026-04-19 17:59:02.593 ,PASSED,control  NAC:0x8A1 TSDU bch_err=0 raw=0x7
2026-04-19 17:59:02.596 ,PASSED,control  NAC:0x8A1 TSDU bch_err=0 raw=0x7
2026-04-19 17:59:02.599 ,PASSED,control  NAC:0x8A1 TSDU bch_err=0 raw=0x7
2026-04-19 17:59:02.603 ,CORRECTED,control  NAC:0x8A1 TSDU bch_err=2 raw=0x7
2026-04-19 17:59:02.606 ,PASSED,control  NAC:0x8A1 TSDU bch_err=0 raw=0x7
2026-04-19 17:59:02.609 ,PASSED,control  NAC:0x8A1 TSDU bch_err=0 raw=0x7
2026-04-19 17:59:02.611 ,PASSED,control  NAC:0x8A1 TSDU bch_err=0 raw=0x7
2026-04-19 17:59:02.618 ,PASSED,control  NAC:0x8A1 TSDU bch_err=0 raw=0x7
2026-04-19 17:59:02.621 ,PASSED,control  NAC:0x8A1 TSDU bch_err=0 raw=0x7
2026-04-19 17:59:02.624 ,PASSED,control  NAC:0x8A1 TSDU bch_err=0 raw=0x7
2026-04-19 17:59:02.626 ,PASSED,control  NAC:0x8A1 TSDU bch_err=0 raw=0x7
2026-04-19 17:59:02.629 ,PASSED,control  NAC:0x8A1 TSDU bch_err=0 raw=0x7
2026-04-19 17:59:02.632 ,PASSED,control  NAC:0x8A1 TSDU bch_err=0 raw=0x7
2026-04-19 17:59:02.634 ,PASSED,control  NAC:0x8A1 TSDU bch_err=0 raw=0x7
2026-04-19 17:59:02.637 ,PASSED,control  NAC:0x8A1 TSDU bch_err=0 raw=0x7
2026-04-19 17:59:02.640 ,PASSED,control  NAC:0x8A1 TSDU bch_err=0 raw=0x7
2026-04-19 17:59:02.643 ,PASSED,control  NAC:0x8A1 TSDU bch_err=0 raw=0x7
2026-04-19 17:59:02.646 ,PASSED,control  NAC:0x8A1 TSDU bch_err=0 raw=0x7
2026-04-19 17:59:02.648 ,PASSED,control  NAC:0x8A1 TSDU bch_err=0 raw=0x7
2026-04-19 17:59:02.651 ,PASSED,control  NAC:0x8A1 TSDU bch_err=0 raw=0x7
2026-04-19 17:59:02.654 ,PASSED,control  NAC:0x8A1 TSDU bch_err=0 raw=0x7
2026-04-19 17:59:02.656 ,PASSED,control  NAC:0x8A1 TSDU bch_err=0 raw=0x7
2026-04-19 17:59:02.659 ,PASSED,control  NAC:0x8A1 TSDU bch_err=0 raw=0x7
2026-04-19 17:59:02.662 ,PASSED,control  NAC:0x8A1 TSDU bch_err=0 raw=0x7
2026-04-19 17:59:02.665 ,PASSED,control  NAC:0x8A1 TSDU bch_err=0 raw=0x7
2026-04-19 17:59:02.667 ,PASSED,control  NAC:0x8A1 TSDU bch_err=0 raw=0x7
2026-04-19 17:59:02.670 ,PASSED,control  NAC:0x8A1 TSDU bch_err=0 raw=0x7
2026-04-19 17:59:02.673 ,PASSED,control  NAC:0x8A1 TSDU bch_err=0 raw=0x7
2026-04-19 17:59:02.677 ,PASSED,control  NAC:0x8A1 TSDU bch_err=0 raw=0x7
2026-04-19 17:59:02.680 ,PASSED,control  NAC:0x8A1 TSDU bch_err=0 raw=0x7
2026-04-19 17:59:02.684 ,PASSED,control  NAC:0x8A1 TSDU bch_err=0 raw=0x7
2026-04-19 17:59:02.686 ,PASSED,control  NAC:0x8A1 TSDU bch_err=0 raw=0x7
2026-04-19 17:59:02.689 ,PASSED,control  NAC:0x8A1 TSDU bch_err=0 raw=0x7
2026-04-19 17:59:02.692 ,PASSED,control  NAC:0x8A1 TSDU bch_err=0 raw=0x7
2026-04-19 17:59:02.695 ,PASSED,control  NAC:0x8A1 TSDU bch_err=0 raw=0x7
2026-04-19 17:59:02.698 ,PASSED,control  NAC:0x8A1 TSDU bch_err=0 raw=0x7
2026-04-19 17:59:02.700 ,PASSED,control  NAC:0x8A1 TSDU bch_err=0 raw=0x7
2026-04-19 17:59:02.705 ,CORRECTED,control  NAC:0x8A1 TSDU bch_err=1 raw=0x7
2026-04-19 17:59:02.708 ,PASSED,control  NAC:0x8A1 TSDU bch_err=0 raw=0x7
2026-04-19 17:59:02.711 ,PASSED,control  NAC:0x8A1 TSDU bch_err=0 raw=0x7
2026-04-19 17:59:02.713 ,PASSED,control  NAC:0x8A1 TSDU bch_err=0 raw=0x7
2026-04-19 17:59:02.716 ,PASSED,control  NAC:0x8A1 TSDU bch_err=0 raw=0x7
2026-04-19 17:59:02.719 ,PASSED,control  NAC:0x8A1 TSDU bch_err=0 raw=0x7
2026-04-19 17:59:06.007 ,PASSED,control  NAC:0x8A1 TSDU bch_err=0 raw=0x7
2026-04-19 17:59:06.010 ,PASSED,control  NAC:0x8A1 TSDU bch_err=0 raw=0x7
2026-04-19 17:59:06.013 ,PASSED,control  NAC:0x8A1 TSDU bch_err=0 raw=0x7
2026-04-19 17:59:06.016 ,PASSED,control  NAC:0x8A1 TSDU bch_err=0 raw=0x7
2026-04-19 17:59:06.018 ,PASSED,control  NAC:0x8A1 TSDU bch_err=0 raw=0x7
2026-04-19 17:59:06.021 ,PASSED,control  NAC:0x8A1 TSDU bch_err=0 raw=0x7
2026-04-19 17:59:06.024 ,PASSED,control  NAC:0x8A1 TSDU bch_err=0 raw=0x7
2026-04-19 17:59:06.027 ,PASSED,control  NAC:0x8A1 TSDU bch_err=0 raw=0x7
2026-04-19 17:59:06.029 ,PASSED,control  NAC:0x8A1 TSDU bch_err=0 raw=0x7
2026-04-19 17:59:06.032 ,PASSED,control  NAC:0x8A1 TSDU bch_err=0 raw=0x7
2026-04-19 17:59:06.035 ,PASSED,control  NAC:0x8A1 TSDU bch_err=0 raw=0x7
2026-04-19 17:59:06.038 ,PASSED,control  NAC:0x8A1 TSDU bch_err=0 raw=0x7
2026-04-19 17:59:06.040 ,PASSED,control  NAC:0x8A1 TSDU bch_err=0 raw=0x7
2026-04-19 17:59:06.043 ,PASSED,control  NAC:0x8A1 TSDU bch_err=0 raw=0x7
2026-04-19 17:59:06.046 ,PASSED,control  NAC:0x8A1 TSDU bch_err=0 raw=0x7
2026-04-19 17:59:06.050 ,CORRECTED,control  NAC:0x8A1 TSDU bch_err=1 raw=0x7
2026-04-19 17:59:06.053 ,PASSED,control  NAC:0x8A1 TSDU bch_err=0 raw=0x7
2026-04-19 17:59:06.056 ,PASSED,control  NAC:0x8A1 TSDU bch_err=0 raw=0x7
2026-04-19 17:59:06.058 ,PASSED,control  NAC:0x8A1 TSDU bch_err=0 raw=0x7
2026-04-19 17:59:06.061 ,PASSED,control  NAC:0x8A1 TSDU bch_err=0 raw=0x7
2026-04-19 17:59:06.064 ,PASSED,control  NAC:0x8A1 TSDU bch_err=0 raw=0x7
2026-04-19 17:59:06.067 ,PASSED,control  NAC:0x8A1 TSDU bch_err=0 raw=0x7
2026-04-19 17:59:06.069 ,PASSED,control  NAC:0x8A1 TSDU bch_err=0 raw=0x7
2026-04-19 17:59:06.072 ,PASSED,control  NAC:0x8A1 TSDU bch_err=0 raw=0x7
2026-04-19 17:59:06.075 ,PASSED,control  NAC:0x8A1 TSDU bch_err=0 raw=0x7
2026-04-19 17:59:06.078 ,PASSED,control  NAC:0x8A1 TSDU bch_err=0 raw=0x7
2026-04-19 17:59:06.081 ,PASSED,control  NAC:0x8A1 TSDU bch_err=0 raw=0x7
2026-04-19 17:59:06.083 ,PASSED,control  NAC:0x8A1 TSDU bch_err=0 raw=0x7
2026-04-19 17:59:06.086 ,PASSED,control  NAC:0x8A1 TSDU bch_err=0 raw=0x7
2026-04-19 17:59:06.089 ,PASSED,control  NAC:0x8A1 TSDU bch_err=0 raw=0x7
2026-04-19 17:59:06.092 ,PASSED,control  NAC:0x8A1 TSDU bch_err=0 raw=0x7
2026-04-19 17:59:06.094 ,PASSED,control  NAC:0x8A1 TSDU bch_err=0 raw=0x7
2026-04-19 17:59:06.097 ,PASSED,control  NAC:0x8A1 TSDU bch_err=0 raw=0x7
2026-04-19 17:59:06.100 ,PASSED,control  NAC:0x8A1 TSDU bch_err=0 raw=0x7
2026-04-19 17:59:06.103 ,PASSED,control  NAC:0x8A1 TSDU bch_err=0 raw=0x7
2026-04-19 17:59:06.106 ,PASSED,control  NAC:0x8A1 TSDU bch_err=0 raw=0x7
2026-04-19 17:59:06.109 ,PASSED,control  NAC:0x8A1 TSDU bch_err=0 raw=0x7
2026-04-19 17:59:06.112 ,PASSED,control  NAC:0x8A1 TSDU bch_err=0 raw=0x7
2026-04-19 17:59:06.117 ,PASSED,control  NAC:0x8A1 TSDU bch_err=0 raw=0x7
2026-04-19 17:59:06.120 ,PASSED,control  NAC:0x8A1 TSDU bch_err=0 raw=0x7
2026-04-19 17:59:06.124 ,PASSED,control  NAC:0x8A1 TSDU bch_err=0 raw=0x7
2026-04-19 17:59:06.128 ,PASSED,control  NAC:0x8A1 TSDU bch_err=0 raw=0x7
2026-04-19 17:59:06.132 ,PASSED,control  NAC:0x8A1 TSDU bch_err=0 raw=0x7
2026-04-19 17:59:06.135 ,PASSED,control  NAC:0x8A1 TSDU bch_err=0 raw=0x7
2026-04-19 17:59:06.139 ,PASSED,control  NAC:0x8A1 TSDU bch_err=0 raw=0x7
2026-04-19 17:59:09.420 ,PASSED,control  NAC:0x8A1 TSDU bch_err=0 raw=0x7
2026-04-19 17:59:09.424 ,PASSED,control  NAC:0x8A1 TSDU bch_err=0 raw=0x7
2026-04-19 17:59:09.429 ,PASSED,control  NAC:0x8A1 TSDU bch_err=0 raw=0x7
2026-04-19 17:59:09.438 ,PASSED,control  NAC:0x8A1 TSDU bch_err=0 raw=0x7
2026-04-19 17:59:09.442 ,PASSED,control  NAC:0x8A1 TSDU bch_err=0 raw=0x7
2026-04-19 17:59:09.450 ,PASSED,control  NAC:0x8A1 TSDU bch_err=0 raw=0x7
2026-04-19 17:59:09.454 ,PASSED,control  NAC:0x8A1 TSDU bch_err=0 raw=0x7
2026-04-19 17:59:09.461 ,PASSED,control  NAC:0x8A1 TSDU bch_err=0 raw=0x7
2026-04-19 17:59:09.465 ,PASSED,control  NAC:0x8A1 TSDU bch_err=0 raw=0x7
2026-04-19 17:59:09.470 ,PASSED,control  NAC:0x8A1 TSDU bch_err=0 raw=0x7
2026-04-19 17:59:09.481 ,PASSED,control  NAC:0x8A1 TSDU bch_err=0 raw=0x7
2026-04-19 17:59:09.486 ,CORRECTED,control  NAC:0x8A1 TSDU bch_err=1 raw=0x6
2026-04-19 17:59:09.490 ,PASSED,control  NAC:0x8A1 TSDU bch_err=0 raw=0x7
2026-04-19 17:59:09.494 ,PASSED,control  NAC:0x8A1 TSDU bch_err=0 raw=0x7
2026-04-19 17:59:09.499 ,PASSED,control  NAC:0x8A1 TSDU bch_err=0 raw=0x7
2026-04-19 17:59:09.503 ,PASSED,control  NAC:0x8A1 TSDU bch_err=0 raw=0x7
2026-04-19 17:59:09.509 ,PASSED,control  NAC:0x8A1 TSDU bch_err=0 raw=0x7
2026-04-19 17:59:09.513 ,PASSED,control  NAC:0x8A1 TSDU bch_err=0 raw=0x7
2026-04-19 17:59:09.517 ,PASSED,control  NAC:0x8A1 TSDU bch_err=0 raw=0x7
2026-04-19 17:59:09.522 ,PASSED,control  NAC:0x8A1 TSDU bch_err=0 raw=0x7
2026-04-19 17:59:09.525 ,PASSED,control  NAC:0x8A1 TSDU bch_err=0 raw=0x7
2026-04-19 17:59:09.529 ,PASSED,control  NAC:0x8A1 TSDU bch_err=0 raw=0x7
2026-04-19 17:59:09.533 ,PASSED,control  NAC:0x8A1 TSDU bch_err=0 raw=0x7
2026-04-19 17:59:09.539 ,PASSED,control  NAC:0x8A1 TSDU bch_err=0 raw=0x7
2026-04-19 17:59:09.543 ,PASSED,control  NAC:0x8A1 TSDU bch_err=0 raw=0x7
2026-04-19 17:59:09.551 ,PASSED,control  NAC:0x8A1 TSDU bch_err=0 raw=0x7
2026-04-19 17:59:09.556 ,PASSED,control  NAC:0x8A1 TSDU bch_err=0 raw=0x7
2026-04-19 17:59:09.559 ,PASSED,control  NAC:0x8A1 TSDU bch_err=0 raw=0x7
2026-04-19 17:59:09.563 ,PASSED,control  NAC:0x8A1 TSDU bch_err=0 raw=0x7
2026-04-19 17:59:09.567 ,PASSED,control  NAC:0x8A1 TSDU bch_err=0 raw=0x7
2026-04-19 17:59:09.571 ,PASSED,control  NAC:0x8A1 TSDU bch_err=0 raw=0x7
2026-04-19 17:59:09.577 ,CORRECTED,control  NAC:0x8A1 TSDU bch_err=1 raw=0x6
2026-04-19 17:59:09.581 ,PASSED,control  NAC:0x8A1 TSDU bch_err=0 raw=0x7
2026-04-19 17:59:09.585 ,PASSED,control  NAC:0x8A1 TSDU bch_err=0 raw=0x7
2026-04-19 17:59:09.588 ,PASSED,control  NAC:0x8A1 TSDU bch_err=0 raw=0x7
2026-04-19 17:59:09.594 ,CORRECTED,control  NAC:0x8A1 TSDU bch_err=2 raw=0x6
2026-04-19 17:59:09.598 ,PASSED,control  NAC:0x8A1 TSDU bch_err=0 raw=0x7
2026-04-19 17:59:09.602 ,PASSED,control  NAC:0x8A1 TSDU bch_err=0 raw=0x7
2026-04-19 17:59:09.606 ,PASSED,control  NAC:0x8A1 TSDU bch_err=0 raw=0x7
2026-04-19 17:59:09.609 ,PASSED,control  NAC:0x8A1 TSDU bch_err=0 raw=0x7
2026-04-19 17:59:09.613 ,PASSED,control  NAC:0x8A1 TSDU bch_err=0 raw=0x7
2026-04-19 17:59:09.617 ,PASSED,control  NAC:0x8A1 TSDU bch_err=0 raw=0x7
2026-04-19 17:59:09.621 ,PASSED,control  NAC:0x8A1 TSDU bch_err=0 raw=0x7
2026-04-19 17:59:09.625 ,PASSED,control  NAC:0x8A1 TSDU bch_err=0 raw=0x7
2026-04-19 17:59:09.629 ,PASSED,control  NAC:0x8A1 TSDU bch_err=0 raw=0x7
2026-04-19 17:59:12.834 ,PASSED,control  NAC:0x8A1 TSDU bch_err=0 raw=0x7
2026-04-19 17:59:12.837 ,PASSED,control  NAC:0x8A1 TSDU bch_err=0 raw=0x7
2026-04-19 17:59:12.840 ,PASSED,control  NAC:0x8A1 TSDU bch_err=0 raw=0x7
2026-04-19 17:59:12.845 ,PASSED,control  NAC:0x8A1 TSDU bch_err=0 raw=0x7
2026-04-19 17:59:12.851 ,PASSED,control  NAC:0x8A1 TSDU bch_err=0 raw=0x7
2026-04-19 17:59:12.859 ,PASSED,control  NAC:0x8A1 TSDU bch_err=0 raw=0x7
2026-04-19 17:59:12.862 ,PASSED,control  NAC:0x8A1 TSDU bch_err=0 raw=0x7
2026-04-19 17:59:12.869 ,PASSED,control  NAC:0x8A1 TSDU bch_err=0 raw=0x7
2026-04-19 17:59:12.873 ,PASSED,control  NAC:0x8A1 TSDU bch_err=0 raw=0x7
2026-04-19 17:59:12.877 ,PASSED,control  NAC:0x8A1 TSDU bch_err=0 raw=0x7
2026-04-19 17:59:12.880 ,PASSED,control  NAC:0x8A1 TSDU bch_err=0 raw=0x7
2026-04-19 17:59:12.884 ,PASSED,control  NAC:0x8A1 TSDU bch_err=0 raw=0x7
2026-04-19 17:59:12.890 ,CORRECTED,control  NAC:0x8A1 TSDU bch_err=2 raw=0x6
2026-04-19 17:59:12.894 ,PASSED,control  NAC:0x8A1 TSDU bch_err=0 raw=0x7
2026-04-19 17:59:12.898 ,PASSED,control  NAC:0x8A1 TSDU bch_err=0 raw=0x7
2026-04-19 17:59:12.904 ,PASSED,control  NAC:0x8A1 TSDU bch_err=0 raw=0x7
2026-04-19 17:59:12.908 ,PASSED,control  NAC:0x8A1 TSDU bch_err=0 raw=0x7
2026-04-19 17:59:12.912 ,PASSED,control  NAC:0x8A1 TSDU bch_err=0 raw=0x7
2026-04-19 17:59:12.915 ,PASSED,control  NAC:0x8A1 TSDU bch_err=0 raw=0x7
2026-04-19 17:59:12.925 ,PASSED,control  NAC:0x8A1 TSDU bch_err=0 raw=0x7
2026-04-19 17:59:12.928 ,PASSED,control  NAC:0x8A1 TSDU bch_err=0 raw=0x7
2026-04-19 17:59:12.933 ,PASSED,control  NAC:0x8A1 TSDU bch_err=0 raw=0x7
2026-04-19 17:59:12.937 ,PASSED,control  NAC:0x8A1 TSDU bch_err=0 raw=0x7
2026-04-19 17:59:12.941 ,PASSED,control  NAC:0x8A1 TSDU bch_err=0 raw=0x7
2026-04-19 17:59:12.944 ,PASSED,control  NAC:0x8A1 TSDU bch_err=0 raw=0x7
2026-04-19 17:59:12.948 ,PASSED,control  NAC:0x8A1 TSDU bch_err=0 raw=0x7
2026-04-19 17:59:12.952 ,PASSED,control  NAC:0x8A1 TSDU bch_err=0 raw=0x7
2026-04-19 17:59:12.955 ,PASSED,control  NAC:0x8A1 TSDU bch_err=0 raw=0x7
2026-04-19 17:59:12.959 ,PASSED,control  NAC:0x8A1 TSDU bch_err=0 raw=0x7
2026-04-19 17:59:12.964 ,PASSED,control  NAC:0x8A1 TSDU bch_err=0 raw=0x7
2026-04-19 17:59:12.968 ,PASSED,control  NAC:0x8A1 TSDU bch_err=0 raw=0x7
2026-04-19 17:59:12.972 ,PASSED,control  NAC:0x8A1 TSDU bch_err=0 raw=0x7
2026-04-19 17:59:12.976 ,PASSED,control  NAC:0x8A1 TSDU bch_err=0 raw=0x7
2026-04-19 17:59:12.980 ,PASSED,control  NAC:0x8A1 TSDU bch_err=0 raw=0x7
2026-04-19 17:59:12.984 ,PASSED,control  NAC:0x8A1 TSDU bch_err=0 raw=0x7
2026-04-19 17:59:12.988 ,PASSED,control  NAC:0x8A1 TSDU bch_err=0 raw=0x7
2026-04-19 17:59:12.992 ,PASSED,control  NAC:0x8A1 TSDU bch_err=0 raw=0x7
2026-04-19 17:59:12.995 ,PASSED,control  NAC:0x8A1 TSDU bch_err=0 raw=0x7
2026-04-19 17:59:13.001 ,PASSED,control  NAC:0x8A1 TSDU bch_err=0 raw=0x7
2026-04-19 17:59:13.004 ,PASSED,control  NAC:0x8A1 TSDU bch_err=0 raw=0x7
2026-04-19 17:59:13.010 ,CORRECTED,control  NAC:0x8A1 TSDU bch_err=1 raw=0x7
2026-04-19 17:59:13.014 ,PASSED,control  NAC:0x8A1 TSDU bch_err=0 raw=0x7
2026-04-19 17:59:13.017 ,PASSED,control  NAC:0x8A1 TSDU bch_err=0 raw=0x7
2026-04-19 17:59:13.020 ,PASSED,control  NAC:0x8A1 TSDU bch_err=0 raw=0x7
2026-04-19 17:59:16.246 ,PASSED,control  NAC:0x8A1 TSDU bch_err=0 raw=0x7
2026-04-19 17:59:16.249 ,PASSED,control  NAC:0x8A1 TSDU bch_err=0 raw=0x7
2026-04-19 17:59:16.252 ,PASSED,control  NAC:0x8A1 TSDU bch_err=0 raw=0x7
2026-04-19 17:59:16.255 ,PASSED,control  NAC:0x8A1 TSDU bch_err=0 raw=0x7
2026-04-19 17:59:16.257 ,PASSED,control  NAC:0x8A1 TSDU bch_err=0 raw=0x7
2026-04-19 17:59:16.260 ,PASSED,control  NAC:0x8A1 TSDU bch_err=0 raw=0x7
2026-04-19 17:59:16.263 ,PASSED,control  NAC:0x8A1 TSDU bch_err=0 raw=0x7
2026-04-19 17:59:16.265 ,PASSED,control  NAC:0x8A1 TSDU bch_err=0 raw=0x7
2026-04-19 17:59:16.268 ,PASSED,control  NAC:0x8A1 TSDU bch_err=0 raw=0x7
2026-04-19 17:59:16.271 ,PASSED,control  NAC:0x8A1 TSDU bch_err=0 raw=0x7
2026-04-19 17:59:16.274 ,PASSED,control  NAC:0x8A1 TSDU bch_err=0 raw=0x7
2026-04-19 17:59:16.277 ,PASSED,control  NAC:0x8A1 TSDU bch_err=0 raw=0x7
2026-04-19 17:59:16.279 ,PASSED,control  NAC:0x8A1 TSDU bch_err=0 raw=0x7
2026-04-19 17:59:16.283 ,CORRECTED,control  NAC:0x8A1 TSDU bch_err=10 raw=0x3
2026-04-19 17:59:16.286 ,PASSED,control  NAC:0x8A1 TSDU bch_err=0 raw=0x7
2026-04-19 17:59:16.289 ,PASSED,control  NAC:0x8A1 TSDU bch_err=0 raw=0x7
2026-04-19 17:59:16.291 ,PASSED,control  NAC:0x8A1 TSDU bch_err=0 raw=0x7
2026-04-19 17:59:16.294 ,PASSED,control  NAC:0x8A1 TSDU bch_err=0 raw=0x7
2026-04-19 17:59:16.297 ,PASSED,control  NAC:0x8A1 TSDU bch_err=0 raw=0x7
2026-04-19 17:59:16.300 ,PASSED,control  NAC:0x8A1 TSDU bch_err=0 raw=0x7
2026-04-19 17:59:16.302 ,PASSED,control  NAC:0x8A1 TSDU bch_err=0 raw=0x7
2026-04-19 17:59:16.305 ,PASSED,control  NAC:0x8A1 TSDU bch_err=0 raw=0x7
2026-04-19 17:59:16.307 ,PASSED,control  NAC:0x8A1 TSDU bch_err=0 raw=0x7
2026-04-19 17:59:16.310 ,PASSED,control  NAC:0x8A1 TSDU bch_err=0 raw=0x7
2026-04-19 17:59:16.313 ,PASSED,control  NAC:0x8A1 TSDU bch_err=0 raw=0x7
2026-04-19 17:59:16.316 ,PASSED,control  NAC:0x8A1 TSDU bch_err=0 raw=0x7
2026-04-19 17:59:16.318 ,PASSED,control  NAC:0x8A1 TSDU bch_err=0 raw=0x7
2026-04-19 17:59:16.321 ,PASSED,control  NAC:0x8A1 TSDU bch_err=0 raw=0x7
2026-04-19 17:59:16.324 ,PASSED,control  NAC:0x8A1 TSDU bch_err=0 raw=0x7
2026-04-19 17:59:16.327 ,PASSED,control  NAC:0x8A1 TSDU bch_err=0 raw=0x7
2026-04-19 17:59:16.329 ,PASSED,control  NAC:0x8A1 TSDU bch_err=0 raw=0x7
2026-04-19 17:59:16.332 ,PASSED,control  NAC:0x8A1 TSDU bch_err=0 raw=0x7
2026-04-19 17:59:16.335 ,PASSED,control  NAC:0x8A1 TSDU bch_err=0 raw=0x7
2026-04-19 17:59:16.338 ,PASSED,control  NAC:0x8A1 TSDU bch_err=0 raw=0x7
2026-04-19 17:59:16.340 ,PASSED,control  NAC:0x8A1 TSDU bch_err=0 raw=0x7
2026-04-19 17:59:16.345 ,CORRECTED,control  NAC:0x8A1 TSDU bch_err=3 raw=0x6
2026-04-19 17:59:16.347 ,PASSED,control  NAC:0x8A1 TSDU bch_err=0 raw=0x7
2026-04-19 17:59:16.350 ,PASSED,control  NAC:0x8A1 TSDU bch_err=0 raw=0x7
2026-04-19 17:59:16.353 ,PASSED,control  NAC:0x8A1 TSDU bch_err=0 raw=0x7
2026-04-19 17:59:16.356 ,PASSED,control  NAC:0x8A1 TSDU bch_err=0 raw=0x7
2026-04-19 17:59:16.358 ,PASSED,control  NAC:0x8A1 TSDU bch_err=0 raw=0x7
2026-04-19 17:59:16.361 ,PASSED,control  NAC:0x8A1 TSDU bch_err=0 raw=0x7
2026-04-19 17:59:16.364 ,PASSED,control  NAC:0x8A1 TSDU bch_err=0 raw=0x7
2026-04-19 17:59:19.660 ,PASSED,control  NAC:0x8A1 TSDU bch_err=0 raw=0x7
2026-04-19 17:59:19.663 ,PASSED,control  NAC:0x8A1 TSDU bch_err=0 raw=0x7
2026-04-19 17:59:19.666 ,PASSED,control  NAC:0x8A1 TSDU bch_err=0 raw=0x7
2026-04-19 17:59:19.668 ,PASSED,control  NAC:0x8A1 TSDU bch_err=0 raw=0x7
2026-04-19 17:59:19.671 ,PASSED,control  NAC:0x8A1 TSDU bch_err=0 raw=0x7
2026-04-19 17:59:19.674 ,PASSED,control  NAC:0x8A1 TSDU bch_err=0 raw=0x7
2026-04-19 17:59:19.677 ,PASSED,control  NAC:0x8A1 TSDU bch_err=0 raw=0x7
2026-04-19 17:59:19.680 ,PASSED,control  NAC:0x8A1 TSDU bch_err=0 raw=0x7
2026-04-19 17:59:19.682 ,PASSED,control  NAC:0x8A1 TSDU bch_err=0 raw=0x7
2026-04-19 17:59:19.685 ,PASSED,control  NAC:0x8A1 TSDU bch_err=0 raw=0x7
2026-04-19 17:59:19.688 ,PASSED,control  NAC:0x8A1 TSDU bch_err=0 raw=0x7
2026-04-19 17:59:19.691 ,PASSED,control  NAC:0x8A1 TSDU bch_err=0 raw=0x7
2026-04-19 17:59:19.694 ,PASSED,control  NAC:0x8A1 TSDU bch_err=0 raw=0x7
2026-04-19 17:59:19.696 ,PASSED,control  NAC:0x8A1 TSDU bch_err=0 raw=0x7
2026-04-19 17:59:19.699 ,PASSED,control  NAC:0x8A1 TSDU bch_err=0 raw=0x7
2026-04-19 17:59:19.702 ,PASSED,control  NAC:0x8A1 TSDU bch_err=0 raw=0x7
2026-04-19 17:59:19.707 ,CORRECTED,control  NAC:0x8A1 TSDU bch_err=1 raw=0x7
2026-04-19 17:59:19.710 ,PASSED,control  NAC:0x8A1 TSDU bch_err=0 raw=0x7
2026-04-19 17:59:19.714 ,CORRECTED,control  NAC:0x8A1 TSDU bch_err=3 raw=0x7
2026-04-19 17:59:19.717 ,PASSED,control  NAC:0x8A1 TSDU bch_err=0 raw=0x7
2026-04-19 17:59:19.720 ,PASSED,control  NAC:0x8A1 TSDU bch_err=0 raw=0x7
2026-04-19 17:59:19.723 ,PASSED,control  NAC:0x8A1 TSDU bch_err=0 raw=0x7
2026-04-19 17:59:19.727 ,CORRECTED,control  NAC:0x8A1 TSDU bch_err=1 raw=0x3
2026-04-19 17:59:19.730 ,PASSED,control  NAC:0x8A1 TSDU bch_err=0 raw=0x7
2026-04-19 17:59:19.733 ,PASSED,control  NAC:0x8A1 TSDU bch_err=0 raw=0x7
2026-04-19 17:59:19.735 ,PASSED,control  NAC:0x8A1 TSDU bch_err=0 raw=0x7
2026-04-19 17:59:19.738 ,PASSED,control  NAC:0x8A1 TSDU bch_err=0 raw=0x7
2026-04-19 17:59:19.742 ,CORRECTED,control  NAC:0x8A1 TSDU bch_err=1 raw=0x6
2026-04-19 17:59:19.745 ,PASSED,control  NAC:0x8A1 TSDU bch_err=0 raw=0x7
2026-04-19 17:59:19.750 ,CORRECTED,control  NAC:0x8A1 TSDU bch_err=1 raw=0x6
2026-04-19 17:59:19.753 ,PASSED,control  NAC:0x8A1 TSDU bch_err=0 raw=0x7
2026-04-19 17:59:19.756 ,PASSED,control  NAC:0x8A1 TSDU bch_err=0 raw=0x7
2026-04-19 17:59:19.758 ,PASSED,control  NAC:0x8A1 TSDU bch_err=0 raw=0x7
2026-04-19 17:59:19.763 ,CORRECTED,control  NAC:0x8A1 TSDU bch_err=2 raw=0x7
2026-04-19 17:59:19.766 ,PASSED,control  NAC:0x8A1 TSDU bch_err=0 raw=0x7
2026-04-19 17:59:19.769 ,PASSED,control  NAC:0x8A1 TSDU bch_err=0 raw=0x7
2026-04-19 17:59:19.773 ,CORRECTED,control  NAC:0x8A1 TSDU bch_err=1 raw=0x6
2026-04-19 17:59:19.776 ,PASSED,control  NAC:0x8A1 TSDU bch_err=0 raw=0x7
2026-04-19 17:59:19.780 ,CORRECTED,control  NAC:0x8A1 TSDU bch_err=9 raw=0x7
2026-04-19 17:59:19.783 ,PASSED,control  NAC:0x8A1 TSDU bch_err=0 raw=0x7
2026-04-19 17:59:23.073 ,PASSED,control  NAC:0x8A1 TSDU bch_err=0 raw=0x7
2026-04-19 17:59:23.075 ,PASSED,control  NAC:0x8A1 TSDU bch_err=0 raw=0x7
2026-04-19 17:59:23.078 ,PASSED,control  NAC:0x8A1 TSDU bch_err=0 raw=0x7
2026-04-19 17:59:23.081 ,PASSED,control  NAC:0x8A1 TSDU bch_err=0 raw=0x7
2026-04-19 17:59:23.083 ,PASSED,control  NAC:0x8A1 TSDU bch_err=0 raw=0x7
2026-04-19 17:59:23.086 ,PASSED,control  NAC:0x8A1 TSDU bch_err=0 raw=0x7
2026-04-19 17:59:23.089 ,PASSED,control  NAC:0x8A1 TSDU bch_err=0 raw=0x7
2026-04-19 17:59:23.092 ,PASSED,control  NAC:0x8A1 TSDU bch_err=0 raw=0x7
2026-04-19 17:59:23.094 ,PASSED,control  NAC:0x8A1 TSDU bch_err=0 raw=0x7
2026-04-19 17:59:23.097 ,PASSED,control  NAC:0x8A1 TSDU bch_err=0 raw=0x7
2026-04-19 17:59:23.100 ,PASSED,control  NAC:0x8A1 TSDU bch_err=0 raw=0x7
2026-04-19 17:59:23.104 ,CORRECTED,control  NAC:0x8A1 TSDU bch_err=2 raw=0x7
2026-04-19 17:59:23.107 ,PASSED,control  NAC:0x8A1 TSDU bch_err=0 raw=0x7
2026-04-19 17:59:23.110 ,PASSED,control  NAC:0x8A1 TSDU bch_err=0 raw=0x7
2026-04-19 17:59:23.112 ,PASSED,control  NAC:0x8A1 TSDU bch_err=0 raw=0x7
2026-04-19 17:59:23.115 ,PASSED,control  NAC:0x8A1 TSDU bch_err=0 raw=0x7
2026-04-19 17:59:23.118 ,PASSED,control  NAC:0x8A1 TSDU bch_err=0 raw=0x7
2026-04-19 17:59:23.120 ,PASSED,control  NAC:0x8A1 TSDU bch_err=0 raw=0x7
2026-04-19 17:59:23.123 ,PASSED,control  NAC:0x8A1 TSDU bch_err=0 raw=0x7
2026-04-19 17:59:23.130 ,PASSED,control  NAC:0x8A1 TSDU bch_err=0 raw=0x7
2026-04-19 17:59:23.132 ,PASSED,control  NAC:0x8A1 TSDU bch_err=0 raw=0x7
2026-04-19 17:59:23.135 ,PASSED,control  NAC:0x8A1 TSDU bch_err=0 raw=0x7
2026-04-19 17:59:23.138 ,PASSED,control  NAC:0x8A1 TSDU bch_err=0 raw=0x7
2026-04-19 17:59:23.141 ,PASSED,control  NAC:0x8A1 TSDU bch_err=0 raw=0x7
2026-04-19 17:59:23.143 ,PASSED,control  NAC:0x8A1 TSDU bch_err=0 raw=0x7
2026-04-19 17:59:23.146 ,PASSED,control  NAC:0x8A1 TSDU bch_err=0 raw=0x7
2026-04-19 17:59:23.149 ,PASSED,control  NAC:0x8A1 TSDU bch_err=0 raw=0x7
2026-04-19 17:59:23.151 ,PASSED,control  NAC:0x8A1 TSDU bch_err=0 raw=0x7
2026-04-19 17:59:23.154 ,PASSED,control  NAC:0x8A1 TSDU bch_err=0 raw=0x7
2026-04-19 17:59:23.157 ,PASSED,control  NAC:0x8A1 TSDU bch_err=0 raw=0x7
2026-04-19 17:59:23.159 ,PASSED,control  NAC:0x8A1 TSDU bch_err=0 raw=0x7
2026-04-19 17:59:23.162 ,PASSED,control  NAC:0x8A1 TSDU bch_err=0 raw=0x7
2026-04-19 17:59:23.165 ,PASSED,control  NAC:0x8A1 TSDU bch_err=0 raw=0x7
2026-04-19 17:59:23.168 ,PASSED,control  NAC:0x8A1 TSDU bch_err=0 raw=0x7
2026-04-19 17:59:23.171 ,PASSED,control  NAC:0x8A1 TSDU bch_err=0 raw=0x7
2026-04-19 17:59:23.173 ,PASSED,control  NAC:0x8A1 TSDU bch_err=0 raw=0x7
2026-04-19 17:59:23.176 ,PASSED,control  NAC:0x8A1 TSDU bch_err=0 raw=0x7
2026-04-19 17:59:23.179 ,PASSED,control  NAC:0x8A1 TSDU bch_err=0 raw=0x7
2026-04-19 17:59:23.182 ,PASSED,control  NAC:0x8A1 TSDU bch_err=0 raw=0x7
2026-04-19 17:59:23.185 ,PASSED,control  NAC:0x8A1 TSDU bch_err=0 raw=0x7
2026-04-19 17:59:23.187 ,PASSED,control  NAC:0x8A1 TSDU bch_err=0 raw=0x7
2026-04-19 17:59:23.190 ,PASSED,control  NAC:0x8A1 TSDU bch_err=0 raw=0x7
2026-04-19 17:59:23.193 ,PASSED,control  NAC:0x8A1 TSDU bch_err=0 raw=0x7
2026-04-19 17:59:23.196 ,PASSED,control  NAC:0x8A1 TSDU bch_err=0 raw=0x7
2026-04-19 17:59:26.487 ,PASSED,control  NAC:0x8A1 TSDU bch_err=0 raw=0x7
2026-04-19 17:59:26.489 ,PASSED,control  NAC:0x8A1 TSDU bch_err=0 raw=0x7
2026-04-19 17:59:26.492 ,PASSED,control  NAC:0x8A1 TSDU bch_err=0 raw=0x7
2026-04-19 17:59:26.495 ,PASSED,control  NAC:0x8A1 TSDU bch_err=0 raw=0x7
2026-04-19 17:59:26.498 ,PASSED,control  NAC:0x8A1 TSDU bch_err=0 raw=0x7
2026-04-19 17:59:26.500 ,PASSED,control  NAC:0x8A1 TSDU bch_err=0 raw=0x7
2026-04-19 17:59:26.503 ,PASSED,control  NAC:0x8A1 TSDU bch_err=0 raw=0x7
2026-04-19 17:59:26.506 ,PASSED,control  NAC:0x8A1 TSDU bch_err=0 raw=0x7
2026-04-19 17:59:26.510 ,CORRECTED,control  NAC:0x8A1 TSDU bch_err=1 raw=0x6
2026-04-19 17:59:26.513 ,PASSED,control  NAC:0x8A1 TSDU bch_err=0 raw=0x7
2026-04-19 17:59:26.516 ,PASSED,control  NAC:0x8A1 TSDU bch_err=0 raw=0x7
2026-04-19 17:59:26.521 ,CORRECTED,control  NAC:0x8A1 TSDU bch_err=1 raw=0x7
2026-04-19 17:59:26.524 ,PASSED,control  NAC:0x8A1 TSDU bch_err=0 raw=0x7
2026-04-19 17:59:26.527 ,PASSED,control  NAC:0x8A1 TSDU bch_err=0 raw=0x7
2026-04-19 17:59:26.529 ,PASSED,control  NAC:0x8A1 TSDU bch_err=0 raw=0x7
2026-04-19 17:59:26.532 ,PASSED,control  NAC:0x8A1 TSDU bch_err=0 raw=0x7
2026-04-19 17:59:26.535 ,PASSED,control  NAC:0x8A1 TSDU bch_err=0 raw=0x7
2026-04-19 17:59:26.538 ,PASSED,control  NAC:0x8A1 TSDU bch_err=0 raw=0x7
2026-04-19 17:59:26.541 ,PASSED,control  NAC:0x8A1 TSDU bch_err=0 raw=0x7
2026-04-19 17:59:26.543 ,PASSED,control  NAC:0x8A1 TSDU bch_err=0 raw=0x7
2026-04-19 17:59:26.548 ,CORRECTED,control  NAC:0x8A1 TSDU bch_err=1 raw=0x6
2026-04-19 17:59:26.550 ,PASSED,control  NAC:0x8A1 TSDU bch_err=0 raw=0x7
2026-04-19 17:59:26.553 ,PASSED,control  NAC:0x8A1 TSDU bch_err=0 raw=0x7
2026-04-19 17:59:26.556 ,PASSED,control  NAC:0x8A1 TSDU bch_err=0 raw=0x7
2026-04-19 17:59:26.559 ,PASSED,control  NAC:0x8A1 TSDU bch_err=0 raw=0x7
2026-04-19 17:59:26.562 ,PASSED,control  NAC:0x8A1 TSDU bch_err=0 raw=0x7
2026-04-19 17:59:26.565 ,PASSED,control  NAC:0x8A1 TSDU bch_err=0 raw=0x7
2026-04-19 17:59:26.567 ,PASSED,control  NAC:0x8A1 TSDU bch_err=0 raw=0x7
2026-04-19 17:59:26.570 ,PASSED,control  NAC:0x8A1 TSDU bch_err=0 raw=0x7
2026-04-19 17:59:26.573 ,PASSED,control  NAC:0x8A1 TSDU bch_err=0 raw=0x7
2026-04-19 17:59:26.575 ,PASSED,control  NAC:0x8A1 TSDU bch_err=0 raw=0x7
2026-04-19 17:59:26.578 ,PASSED,control  NAC:0x8A1 TSDU bch_err=0 raw=0x7
2026-04-19 17:59:26.581 ,PASSED,control  NAC:0x8A1 TSDU bch_err=0 raw=0x7
2026-04-19 17:59:26.584 ,PASSED,control  NAC:0x8A1 TSDU bch_err=0 raw=0x7
2026-04-19 17:59:26.587 ,PASSED,control  NAC:0x8A1 TSDU bch_err=0 raw=0x7
2026-04-19 17:59:26.590 ,PASSED,control  NAC:0x8A1 TSDU bch_err=0 raw=0x7
2026-04-19 17:59:26.592 ,PASSED,control  NAC:0x8A1 TSDU bch_err=0 raw=0x7
2026-04-19 17:59:26.595 ,PASSED,control  NAC:0x8A1 TSDU bch_err=0 raw=0x7
2026-04-19 17:59:26.598 ,PASSED,control  NAC:0x8A1 TSDU bch_err=0 raw=0x7
2026-04-19 17:59:26.601 ,PASSED,control  NAC:0x8A1 TSDU bch_err=0 raw=0x7
2026-04-19 17:59:26.604 ,PASSED,control  NAC:0x8A1 TSDU bch_err=0 raw=0x7
2026-04-19 17:59:26.606 ,PASSED,control  NAC:0x8A1 TSDU bch_err=0 raw=0x7
2026-04-19 17:59:26.609 ,PASSED,control  NAC:0x8A1 TSDU bch_err=0 raw=0x7
2026-04-19 17:59:26.612 ,PASSED,control  NAC:0x8A1 TSDU bch_err=0 raw=0x7
2026-04-19 17:59:29.899 ,PASSED,control  NAC:0x8A1 TSDU bch_err=0 raw=0x7
2026-04-19 17:59:29.902 ,PASSED,control  NAC:0x8A1 TSDU bch_err=0 raw=0x7
2026-04-19 17:59:29.905 ,PASSED,control  NAC:0x8A1 TSDU bch_err=0 raw=0x7
2026-04-19 17:59:29.908 ,PASSED,control  NAC:0x8A1 TSDU bch_err=0 raw=0x7
2026-04-19 17:59:29.911 ,PASSED,control  NAC:0x8A1 TSDU bch_err=0 raw=0x7
2026-04-19 17:59:29.914 ,PASSED,control  NAC:0x8A1 TSDU bch_err=0 raw=0x7
2026-04-19 17:59:29.916 ,PASSED,control  NAC:0x8A1 TSDU bch_err=0 raw=0x7
2026-04-19 17:59:29.919 ,PASSED,control  NAC:0x8A1 TSDU bch_err=0 raw=0x7
2026-04-19 17:59:29.922 ,PASSED,control  NAC:0x8A1 TSDU bch_err=0 raw=0x7
2026-04-19 17:59:29.924 ,PASSED,control  NAC:0x8A1 TSDU bch_err=0 raw=0x7
2026-04-19 17:59:29.927 ,PASSED,control  NAC:0x8A1 TSDU bch_err=0 raw=0x7
2026-04-19 17:59:29.930 ,PASSED,control  NAC:0x8A1 TSDU bch_err=0 raw=0x7
2026-04-19 17:59:29.932 ,PASSED,control  NAC:0x8A1 TSDU bch_err=0 raw=0x7
2026-04-19 17:59:29.937 ,CORRECTED,control  NAC:0x8A1 TSDU bch_err=1 raw=0x6
2026-04-19 17:59:29.940 ,PASSED,control  NAC:0x8A1 TSDU bch_err=0 raw=0x7
2026-04-19 17:59:29.942 ,PASSED,control  NAC:0x8A1 TSDU bch_err=0 raw=0x7
2026-04-19 17:59:29.947 ,CORRECTED,control  NAC:0x8A1 TSDU bch_err=1 raw=0x3
2026-04-19 17:59:29.951 ,PASSED,control  NAC:0x8A1 TSDU bch_err=0 raw=0x7
2026-04-19 17:59:29.955 ,PASSED,control  NAC:0x8A1 TSDU bch_err=0 raw=0x7
2026-04-19 17:59:29.959 ,PASSED,control  NAC:0x8A1 TSDU bch_err=0 raw=0x7
2026-04-19 17:59:29.962 ,PASSED,control  NAC:0x8A1 TSDU bch_err=0 raw=0x7
2026-04-19 17:59:29.966 ,PASSED,control  NAC:0x8A1 TSDU bch_err=0 raw=0x7
2026-04-19 17:59:29.969 ,PASSED,control  NAC:0x8A1 TSDU bch_err=0 raw=0x7
2026-04-19 17:59:29.973 ,PASSED,control  NAC:0x8A1 TSDU bch_err=0 raw=0x7
2026-04-19 17:59:29.977 ,PASSED,control  NAC:0x8A1 TSDU bch_err=0 raw=0x7
2026-04-19 17:59:29.980 ,PASSED,control  NAC:0x8A1 TSDU bch_err=0 raw=0x7
2026-04-19 17:59:29.985 ,PASSED,control  NAC:0x8A1 TSDU bch_err=0 raw=0x7
2026-04-19 17:59:29.989 ,PASSED,control  NAC:0x8A1 TSDU bch_err=0 raw=0x7
2026-04-19 17:59:29.993 ,PASSED,control  NAC:0x8A1 TSDU bch_err=0 raw=0x7
2026-04-19 17:59:29.997 ,PASSED,control  NAC:0x8A1 TSDU bch_err=0 raw=0x7
2026-04-19 17:59:30.000 ,PASSED,control  NAC:0x8A1 TSDU bch_err=0 raw=0x7
2026-04-19 17:59:30.004 ,PASSED,control  NAC:0x8A1 TSDU bch_err=0 raw=0x7
2026-04-19 17:59:30.008 ,PASSED,control  NAC:0x8A1 TSDU bch_err=0 raw=0x7
2026-04-19 17:59:30.012 ,PASSED,control  NAC:0x8A1 TSDU bch_err=0 raw=0x7
2026-04-19 17:59:30.019 ,PASSED,control  NAC:0x8A1 TSDU bch_err=0 raw=0x7
2026-04-19 17:59:30.023 ,PASSED,control  NAC:0x8A1 TSDU bch_err=0 raw=0x7
2026-04-19 17:59:30.026 ,PASSED,control  NAC:0x8A1 TSDU bch_err=0 raw=0x7
2026-04-19 17:59:30.028 ,PASSED,control  NAC:0x8A1 TSDU bch_err=0 raw=0x7
2026-04-19 17:59:30.031 ,PASSED,control  NAC:0x8A1 TSDU bch_err=0 raw=0x7
2026-04-19 17:59:30.034 ,PASSED,control  NAC:0x8A1 TSDU bch_err=0 raw=0x7
2026-04-19 17:59:30.037 ,PASSED,control  NAC:0x8A1 TSDU bch_err=0 raw=0x7
2026-04-19 17:59:30.040 ,PASSED,control  NAC:0x8A1 TSDU bch_err=0 raw=0x7
2026-04-19 17:59:30.042 ,PASSED,control  NAC:0x8A1 TSDU bch_err=0 raw=0x7
2026-04-19 17:59:30.047 ,CORRECTED,control  NAC:0x8A1 TSDU bch_err=1 raw=0x6
2026-04-19 17:59:30.050 ,PASSED,control  NAC:0x8A1 TSDU bch_err=0 raw=0x7
2026-04-19 17:59:30.053 ,PASSED,control  NAC:0x8A1 TSDU bch_err=0 raw=0x7
2026-04-19 17:59:33.296 ,CORRECTED,traffic  NAC:0x8A1 TDU_LC bch_err=7 raw=0xD
2026-04-19 17:59:33.296 ,PASSED,traffic  NAC:0x8A1 TDU_LC bch_err=0 raw=?
2026-04-19 17:59:33.301 ,CORRECTED,traffic  NAC:0x8A1 TDU_LC bch_err=6 raw=0xB
2026-04-19 17:59:33.302 ,PASSED,traffic  NAC:0x8A1 TDU_LC bch_err=0 raw=?
2026-04-19 17:59:33.308 ,CORRECTED,traffic  NAC:0x8A1 TDU_LC bch_err=3 raw=0xF
2026-04-19 17:59:33.308 ,PASSED,traffic  NAC:0x8A1 TDU_LC bch_err=0 raw=?
2026-04-19 17:59:33.314 ,PASSED,control  NAC:0x8A1 TSDU bch_err=0 raw=0x7
2026-04-19 17:59:33.317 ,PASSED,control  NAC:0x8A1 TSDU bch_err=0 raw=0x7
2026-04-19 17:59:33.323 ,PASSED,traffic  NAC:0x8A1 TDU_LC bch_err=0 raw=0xF
2026-04-19 17:59:33.323 ,PASSED,traffic  NAC:0x8A1 TDU_LC bch_err=0 raw=?
2026-04-19 17:59:33.328 ,CORRECTED,traffic  NAC:0x8A1 TDU_LC bch_err=1 raw=0xF
2026-04-19 17:59:33.328 ,PASSED,traffic  NAC:0x8A1 TDU_LC bch_err=0 raw=?
2026-04-19 17:59:33.320 ,PASSED,control  NAC:0x8A1 TSDU bch_err=0 raw=0x7
2026-04-19 17:59:33.335 ,PASSED,control  NAC:0x8A1 TSDU bch_err=0 raw=0x7
2026-04-19 17:59:33.335 ,CORRECTED,traffic  NAC:0x8A1 TDU_LC bch_err=2 raw=0xF
2026-04-19 17:59:33.338 ,PASSED,control  NAC:0x8A1 TSDU bch_err=0 raw=0x7
2026-04-19 17:59:33.341 ,PASSED,control  NAC:0x8A1 TSDU bch_err=0 raw=0x7
2026-04-19 17:59:33.344 ,PASSED,control  NAC:0x8A1 TSDU bch_err=0 raw=0x7
2026-04-19 17:59:33.347 ,PASSED,control  NAC:0x8A1 TSDU bch_err=0 raw=0x7
2026-04-19 17:59:33.351 ,PASSED,control  NAC:0x8A1 TSDU bch_err=0 raw=0x7
2026-04-19 17:59:33.355 ,PASSED,control  NAC:0x8A1 TSDU bch_err=0 raw=0x7
2026-04-19 17:59:33.360 ,PASSED,control  NAC:0x8A1 TSDU bch_err=0 raw=0x7
2026-04-19 17:59:33.363 ,PASSED,control  NAC:0x8A1 TSDU bch_err=0 raw=0x7
2026-04-19 17:59:33.367 ,PASSED,control  NAC:0x8A1 TSDU bch_err=0 raw=0x7
2026-04-19 17:59:33.372 ,PASSED,control  NAC:0x8A1 TSDU bch_err=0 raw=0x7
2026-04-19 17:59:33.375 ,PASSED,control  NAC:0x8A1 TSDU bch_err=0 raw=0x7
2026-04-19 17:59:33.379 ,PASSED,control  NAC:0x8A1 TSDU bch_err=0 raw=0x7
2026-04-19 17:59:33.383 ,PASSED,control  NAC:0x8A1 TSDU bch_err=0 raw=0x7
2026-04-19 17:59:33.387 ,PASSED,control  NAC:0x8A1 TSDU bch_err=0 raw=0x7
2026-04-19 17:59:33.391 ,PASSED,control  NAC:0x8A1 TSDU bch_err=0 raw=0x7
2026-04-19 17:59:33.395 ,PASSED,control  NAC:0x8A1 TSDU bch_err=0 raw=0x7
2026-04-19 17:59:33.399 ,PASSED,control  NAC:0x8A1 TSDU bch_err=0 raw=0x7
2026-04-19 17:59:33.403 ,PASSED,control  NAC:0x8A1 TSDU bch_err=0 raw=0x7
2026-04-19 17:59:33.408 ,PASSED,control  NAC:0x8A1 TSDU bch_err=0 raw=0x7
2026-04-19 17:59:33.412 ,PASSED,control  NAC:0x8A1 TSDU bch_err=0 raw=0x7
2026-04-19 17:59:33.416 ,PASSED,control  NAC:0x8A1 TSDU bch_err=0 raw=0x7
2026-04-19 17:59:33.419 ,PASSED,control  NAC:0x8A1 TSDU bch_err=0 raw=0x7
2026-04-19 17:59:33.423 ,PASSED,control  NAC:0x8A1 TSDU bch_err=0 raw=0x7
2026-04-19 17:59:33.428 ,PASSED,control  NAC:0x8A1 TSDU bch_err=0 raw=0x7
2026-04-19 17:59:33.432 ,PASSED,control  NAC:0x8A1 TSDU bch_err=0 raw=0x7
2026-04-19 17:59:33.436 ,PASSED,control  NAC:0x8A1 TSDU bch_err=0 raw=0x7
2026-04-19 17:59:33.440 ,PASSED,control  NAC:0x8A1 TSDU bch_err=0 raw=0x7
2026-04-19 17:59:33.445 ,PASSED,control  NAC:0x8A1 TSDU bch_err=0 raw=0x7
2026-04-19 17:59:33.450 ,PASSED,control  NAC:0x8A1 TSDU bch_err=0 raw=0x7
2026-04-19 17:59:33.454 ,PASSED,control  NAC:0x8A1 TSDU bch_err=0 raw=0x7
2026-04-19 17:59:33.459 ,PASSED,control  NAC:0x8A1 TSDU bch_err=0 raw=0x7
2026-04-19 17:59:33.462 ,PASSED,control  NAC:0x8A1 TSDU bch_err=0 raw=0x7
2026-04-19 17:59:33.466 ,PASSED,control  NAC:0x8A1 TSDU bch_err=0 raw=0x7
2026-04-19 17:59:33.470 ,PASSED,control  NAC:0x8A1 TSDU bch_err=0 raw=0x7
2026-04-19 17:59:33.474 ,PASSED,control  NAC:0x8A1 TSDU bch_err=0 raw=0x7
2026-04-19 17:59:33.479 ,PASSED,control  NAC:0x8A1 TSDU bch_err=0 raw=0x7
2026-04-19 17:59:33.482 ,PASSED,control  NAC:0x8A1 TSDU bch_err=0 raw=0x7
2026-04-19 17:59:33.486 ,PASSED,control  NAC:0x8A1 TSDU bch_err=0 raw=0x7
2026-04-19 17:59:33.491 ,PASSED,control  NAC:0x8A1 TSDU bch_err=0 raw=0x7
2026-04-19 17:59:33.495 ,PASSED,control  NAC:0x8A1 TSDU bch_err=0 raw=0x7
2026-04-19 17:59:33.499 ,PASSED,control  NAC:0x8A1 TSDU bch_err=0 raw=0x7
2026-04-19 17:59:36.701 ,PASSED,traffic  NAC:0x8A1 TDU_LC bch_err=0 raw=?
2026-04-19 17:59:36.706 ,CORRECTED,traffic  NAC:0x8A1 TDU_LC bch_err=4 raw=0xF
2026-04-19 17:59:36.706 ,PASSED,traffic  NAC:0x8A1 TDU_LC bch_err=0 raw=?
2026-04-19 17:59:36.716 ,CORRECTED,traffic  NAC:0x8A1 TDU bch_err=4 raw=0x3
2026-04-19 17:59:36.716 ,PASSED,traffic  NAC:0x8A1 TDU bch_err=0 raw=?
2026-04-19 17:59:36.720 ,CORRECTED,traffic  NAC:0x8A1 TDU_LC bch_err=3 raw=0xB
2026-04-19 17:59:36.720 ,PASSED,traffic  NAC:0x8A1 TDU_LC bch_err=0 raw=?
2026-04-19 17:59:36.727 ,PASSED,control  NAC:0x8A1 TSDU bch_err=0 raw=0x7
2026-04-19 17:59:36.730 ,PASSED,control  NAC:0x8A1 TSDU bch_err=0 raw=0x7
2026-04-19 17:59:36.736 ,PASSED,control  NAC:0x8A1 TSDU bch_err=0 raw=0x7
2026-04-19 17:59:36.739 ,PASSED,control  NAC:0x8A1 TSDU bch_err=0 raw=0x7
2026-04-19 17:59:36.733 ,CORRECTED,traffic  NAC:0x8A1 TDU_LC bch_err=4 raw=0xF
2026-04-19 17:59:36.741 ,PASSED,traffic  NAC:0x8A1 TDU_LC bch_err=0 raw=?
2026-04-19 17:59:36.747 ,CORRECTED,traffic  NAC:0x8A1 TDU_LC bch_err=1 raw=0xF
2026-04-19 17:59:36.748 ,PASSED,traffic  NAC:0x8A1 TDU_LC bch_err=0 raw=?
2026-04-19 17:59:36.752 ,PASSED,control  NAC:0x8A1 TSDU bch_err=0 raw=0x7
2026-04-19 17:59:36.755 ,PASSED,control  NAC:0x8A1 TSDU bch_err=0 raw=0x7
2026-04-19 17:59:36.758 ,PASSED,control  NAC:0x8A1 TSDU bch_err=0 raw=0x7
2026-04-19 17:59:36.763 ,CORRECTED,traffic  NAC:0x8A1 TDU_LC bch_err=1 raw=0x7
2026-04-19 17:59:36.763 ,PASSED,traffic  NAC:0x8A1 TDU_LC bch_err=0 raw=?
2026-04-19 17:59:36.765 ,PASSED,traffic  NAC:0x8A1 TDU_LC bch_err=0 raw=0xF
2026-04-19 17:59:36.766 ,PASSED,traffic  NAC:0x8A1 TDU_LC bch_err=0 raw=?
2026-04-19 17:59:36.768 ,PASSED,traffic  NAC:0x8A1 TDU_LC bch_err=0 raw=0xF
2026-04-19 17:59:36.768 ,PASSED,traffic  NAC:0x8A1 TDU_LC bch_err=0 raw=?
2026-04-19 17:59:36.771 ,PASSED,control  NAC:0x8A1 TSDU bch_err=0 raw=0x7
2026-04-19 17:59:36.774 ,PASSED,control  NAC:0x8A1 TSDU bch_err=0 raw=0x7
2026-04-19 17:59:36.777 ,PASSED,control  NAC:0x8A1 TSDU bch_err=0 raw=0x7
2026-04-19 17:59:36.780 ,PASSED,control  NAC:0x8A1 TSDU bch_err=0 raw=0x7
2026-04-19 17:59:36.781 ,PASSED,traffic  NAC:0x8A1 TDU_LC bch_err=0 raw=0xF
2026-04-19 17:59:36.781 ,PASSED,traffic  NAC:0x8A1 TDU_LC bch_err=0 raw=?
2026-04-19 17:59:36.784 ,PASSED,traffic  NAC:0x8A1 TDU_LC bch_err=0 raw=0xF
2026-04-19 17:59:36.784 ,PASSED,traffic  NAC:0x8A1 TDU_LC bch_err=0 raw=?
2026-04-19 17:59:36.789 ,CORRECTED,traffic  NAC:0x8A1 TDU_LC bch_err=1 raw=0xF
2026-04-19 17:59:36.789 ,PASSED,traffic  NAC:0x8A1 TDU_LC bch_err=0 raw=?
2026-04-19 17:59:36.793 ,PASSED,control  NAC:0x8A1 TSDU bch_err=0 raw=0x7
2026-04-19 17:59:36.796 ,PASSED,control  NAC:0x8A1 TSDU bch_err=0 raw=0x7
2026-04-19 17:59:36.799 ,PASSED,control  NAC:0x8A1 TSDU bch_err=0 raw=0x7
2026-04-19 17:59:36.804 ,CORRECTED,traffic  NAC:0x8A1 TDU_LC bch_err=1 raw=0xF
2026-04-19 17:59:36.804 ,PASSED,traffic  NAC:0x8A1 TDU_LC bch_err=0 raw=?
2026-04-19 17:59:36.806 ,PASSED,traffic  NAC:0x8A1 TDU_LC bch_err=0 raw=0xF
2026-04-19 17:59:36.807 ,PASSED,traffic  NAC:0x8A1 TDU_LC bch_err=0 raw=?
2026-04-19 17:59:36.809 ,PASSED,traffic  NAC:0x8A1 TDU_LC bch_err=0 raw=0xF
2026-04-19 17:59:36.809 ,PASSED,traffic  NAC:0x8A1 TDU_LC bch_err=0 raw=?
2026-04-19 17:59:36.812 ,PASSED,control  NAC:0x8A1 TSDU bch_err=0 raw=0x7
2026-04-19 17:59:36.815 ,PASSED,control  NAC:0x8A1 TSDU bch_err=0 raw=0x7
2026-04-19 17:59:36.818 ,PASSED,control  NAC:0x8A1 TSDU bch_err=0 raw=0x7
2026-04-19 17:59:36.822 ,PASSED,traffic  NAC:0x8A1 TDU_LC bch_err=0 raw=0xF
2026-04-19 17:59:36.822 ,PASSED,traffic  NAC:0x8A1 TDU_LC bch_err=0 raw=?
2026-04-19 17:59:36.825 ,PASSED,traffic  NAC:0x8A1 TDU_LC bch_err=0 raw=0xF
2026-04-19 17:59:36.825 ,PASSED,traffic  NAC:0x8A1 TDU_LC bch_err=0 raw=?
2026-04-19 17:59:36.828 ,PASSED,traffic  NAC:0x8A1 TDU_LC bch_err=0 raw=0xF
2026-04-19 17:59:36.828 ,PASSED,traffic  NAC:0x8A1 TDU_LC bch_err=0 raw=?
2026-04-19 17:59:36.831 ,PASSED,control  NAC:0x8A1 TSDU bch_err=0 raw=0x7
2026-04-19 17:59:36.834 ,PASSED,control  NAC:0x8A1 TSDU bch_err=0 raw=0x7
2026-04-19 17:59:36.837 ,PASSED,control  NAC:0x8A1 TSDU bch_err=0 raw=0x7
2026-04-19 17:59:36.841 ,PASSED,traffic  NAC:0x8A1 TDU_LC bch_err=0 raw=0xF
2026-04-19 17:59:36.841 ,PASSED,traffic  NAC:0x8A1 TDU_LC bch_err=0 raw=?
2026-04-19 17:59:36.845 ,CORRECTED,traffic  NAC:0x8A1 TDU_LC bch_err=1 raw=0xF
2026-04-19 17:59:36.846 ,PASSED,traffic  NAC:0x8A1 TDU_LC bch_err=0 raw=?
2026-04-19 17:59:36.848 ,PASSED,traffic  NAC:0x8A1 TDU_LC bch_err=0 raw=0xF
2026-04-19 17:59:36.849 ,PASSED,traffic  NAC:0x8A1 TDU_LC bch_err=0 raw=?
2026-04-19 17:59:36.850 ,PASSED,control  NAC:0x8A1 TSDU bch_err=0 raw=0x7
2026-04-19 17:59:36.854 ,PASSED,control  NAC:0x8A1 TSDU bch_err=0 raw=0x7
2026-04-19 17:59:36.856 ,PASSED,control  NAC:0x8A1 TSDU bch_err=0 raw=0x7
2026-04-19 17:59:36.859 ,PASSED,control  NAC:0x8A1 TSDU bch_err=0 raw=0x7
2026-04-19 17:59:36.861 ,PASSED,traffic  NAC:0x8A1 TDU_LC bch_err=0 raw=0xF
2026-04-19 17:59:36.862 ,PASSED,traffic  NAC:0x8A1 TDU_LC bch_err=0 raw=?
2026-04-19 17:59:36.864 ,PASSED,traffic  NAC:0x8A1 TDU_LC bch_err=0 raw=0xF
2026-04-19 17:59:36.864 ,PASSED,traffic  NAC:0x8A1 TDU_LC bch_err=0 raw=?
2026-04-19 17:59:36.869 ,CORRECTED,traffic  NAC:0x8A1 TDU_LC bch_err=1 raw=0xF
2026-04-19 17:59:36.869 ,PASSED,traffic  NAC:0x8A1 TDU_LC bch_err=0 raw=?
2026-04-19 17:59:36.872 ,PASSED,control  NAC:0x8A1 TSDU bch_err=0 raw=0x7
2026-04-19 17:59:36.875 ,PASSED,control  NAC:0x8A1 TSDU bch_err=0 raw=0x7
2026-04-19 17:59:36.878 ,PASSED,control  NAC:0x8A1 TSDU bch_err=0 raw=0x7
2026-04-19 17:59:36.882 ,PASSED,traffic  NAC:0x8A1 TDU_LC bch_err=0 raw=0xF
2026-04-19 17:59:36.882 ,PASSED,traffic  NAC:0x8A1 TDU_LC bch_err=0 raw=?
2026-04-19 17:59:36.884 ,PASSED,traffic  NAC:0x8A1 TDU_LC bch_err=0 raw=0xF
2026-04-19 17:59:36.885 ,PASSED,traffic  NAC:0x8A1 TDU_LC bch_err=0 raw=?
2026-04-19 17:59:36.887 ,PASSED,traffic  NAC:0x8A1 TDU_LC bch_err=0 raw=0xF
2026-04-19 17:59:36.887 ,PASSED,traffic  NAC:0x8A1 TDU_LC bch_err=0 raw=?
2026-04-19 17:59:36.890 ,PASSED,traffic  NAC:0x8A1 TDU_LC bch_err=0 raw=0xF
2026-04-19 17:59:36.890 ,PASSED,traffic  NAC:0x8A1 TDU_LC bch_err=0 raw=?
2026-04-19 17:59:36.891 ,PASSED,control  NAC:0x8A1 TSDU bch_err=0 raw=0x7
2026-04-19 17:59:36.895 ,PASSED,control  NAC:0x8A1 TSDU bch_err=0 raw=0x7
2026-04-19 17:59:36.898 ,PASSED,control  NAC:0x8A1 TSDU bch_err=0 raw=0x7
2026-04-19 17:59:36.903 ,PASSED,traffic  NAC:0x8A1 TDU_LC bch_err=0 raw=0xF
2026-04-19 17:59:36.903 ,PASSED,traffic  NAC:0x8A1 TDU_LC bch_err=0 raw=?
2026-04-19 17:59:36.906 ,PASSED,traffic  NAC:0x8A1 TDU_LC bch_err=0 raw=0xF
2026-04-19 17:59:36.906 ,PASSED,traffic  NAC:0x8A1 TDU_LC bch_err=0 raw=?
2026-04-19 17:59:36.909 ,PASSED,traffic  NAC:0x8A1 TDU_LC bch_err=0 raw=0xF
2026-04-19 17:59:36.909 ,PASSED,traffic  NAC:0x8A1 TDU_LC bch_err=0 raw=?
2026-04-19 17:59:36.911 ,PASSED,control  NAC:0x8A1 TSDU bch_err=0 raw=0x7
2026-04-19 17:59:36.914 ,PASSED,control  NAC:0x8A1 TSDU bch_err=0 raw=0x7
2026-04-19 17:59:36.917 ,PASSED,control  NAC:0x8A1 TSDU bch_err=0 raw=0x7
2026-04-19 17:59:36.920 ,PASSED,control  NAC:0x8A1 TSDU bch_err=0 raw=0x7
2026-04-19 17:59:36.923 ,CORRECTED,traffic  NAC:0x8A1 TDU_LC bch_err=2 raw=0xF
2026-04-19 17:59:36.924 ,PASSED,traffic  NAC:0x8A1 TDU_LC bch_err=0 raw=?
2026-04-19 17:59:36.926 ,PASSED,traffic  NAC:0x8A1 TDU_LC bch_err=0 raw=0xF
2026-04-19 17:59:36.926 ,PASSED,traffic  NAC:0x8A1 TDU_LC bch_err=0 raw=?
2026-04-19 17:59:36.929 ,PASSED,control  NAC:0x8A1 TSDU bch_err=0 raw=0x7
2026-04-19 17:59:36.933 ,PASSED,control  NAC:0x8A1 TSDU bch_err=0 raw=0x7
2026-04-19 17:59:36.936 ,PASSED,control  NAC:0x8A1 TSDU bch_err=0 raw=0x7
2026-04-19 17:59:36.939 ,PASSED,control  NAC:0x8A1 TSDU bch_err=0 raw=0x7
2026-04-19 17:59:36.954 ,PASSED,control  NAC:0x8A1 TSDU bch_err=0 raw=0x7
2026-04-19 17:59:36.957 ,PASSED,control  NAC:0x8A1 TSDU bch_err=0 raw=0x7
2026-04-19 17:59:36.960 ,PASSED,control  NAC:0x8A1 TSDU bch_err=0 raw=0x7
2026-04-19 17:59:36.964 ,PASSED,control  NAC:0x8A1 TSDU bch_err=0 raw=0x7
2026-04-19 17:59:40.140 ,PASSED,control  NAC:0x8A1 TSDU bch_err=0 raw=0x7
2026-04-19 17:59:40.143 ,PASSED,control  NAC:0x8A1 TSDU bch_err=0 raw=0x7
2026-04-19 17:59:40.145 ,PASSED,control  NAC:0x8A1 TSDU bch_err=0 raw=0x7
2026-04-19 17:59:40.148 ,PASSED,control  NAC:0x8A1 TSDU bch_err=0 raw=0x7
2026-04-19 17:59:40.151 ,PASSED,control  NAC:0x8A1 TSDU bch_err=0 raw=0x7
2026-04-19 17:59:40.154 ,PASSED,control  NAC:0x8A1 TSDU bch_err=0 raw=0x7
2026-04-19 17:59:40.157 ,PASSED,control  NAC:0x8A1 TSDU bch_err=0 raw=0x7
2026-04-19 17:59:40.160 ,PASSED,control  NAC:0x8A1 TSDU bch_err=0 raw=0x7
2026-04-19 17:59:40.162 ,PASSED,control  NAC:0x8A1 TSDU bch_err=0 raw=0x7
2026-04-19 17:59:40.167 ,CORRECTED,control  NAC:0x8A1 TSDU bch_err=1 raw=0x7
2026-04-19 17:59:40.170 ,PASSED,control  NAC:0x8A1 TSDU bch_err=0 raw=0x7
2026-04-19 17:59:40.173 ,PASSED,control  NAC:0x8A1 TSDU bch_err=0 raw=0x7
2026-04-19 17:59:40.175 ,PASSED,control  NAC:0x8A1 TSDU bch_err=0 raw=0x7
2026-04-19 17:59:40.178 ,PASSED,control  NAC:0x8A1 TSDU bch_err=0 raw=0x7
2026-04-19 17:59:40.181 ,PASSED,control  NAC:0x8A1 TSDU bch_err=0 raw=0x7
2026-04-19 17:59:40.184 ,PASSED,control  NAC:0x8A1 TSDU bch_err=0 raw=0x7
2026-04-19 17:59:40.186 ,PASSED,control  NAC:0x8A1 TSDU bch_err=0 raw=0x7
2026-04-19 17:59:40.189 ,PASSED,control  NAC:0x8A1 TSDU bch_err=0 raw=0x7
2026-04-19 17:59:40.192 ,PASSED,control  NAC:0x8A1 TSDU bch_err=0 raw=0x7
2026-04-19 17:59:40.195 ,PASSED,control  NAC:0x8A1 TSDU bch_err=0 raw=0x7
2026-04-19 17:59:40.198 ,PASSED,control  NAC:0x8A1 TSDU bch_err=0 raw=0x7
2026-04-19 17:59:40.200 ,PASSED,control  NAC:0x8A1 TSDU bch_err=0 raw=0x7
2026-04-19 17:59:40.203 ,PASSED,control  NAC:0x8A1 TSDU bch_err=0 raw=0x7
2026-04-19 17:59:40.206 ,PASSED,control  NAC:0x8A1 TSDU bch_err=0 raw=0x7
2026-04-19 17:59:40.209 ,PASSED,control  NAC:0x8A1 TSDU bch_err=0 raw=0x7
2026-04-19 17:59:40.212 ,PASSED,control  NAC:0x8A1 TSDU bch_err=0 raw=0x7
2026-04-19 17:59:40.215 ,PASSED,control  NAC:0x8A1 TSDU bch_err=0 raw=0x7
2026-04-19 17:59:40.217 ,PASSED,control  NAC:0x8A1 TSDU bch_err=0 raw=0x7
2026-04-19 17:59:40.220 ,PASSED,control  NAC:0x8A1 TSDU bch_err=0 raw=0x7
2026-04-19 17:59:40.223 ,PASSED,control  NAC:0x8A1 TSDU bch_err=0 raw=0x7
2026-04-19 17:59:40.226 ,PASSED,control  NAC:0x8A1 TSDU bch_err=0 raw=0x7
2026-04-19 17:59:40.229 ,PASSED,control  NAC:0x8A1 TSDU bch_err=0 raw=0x7
2026-04-19 17:59:40.231 ,PASSED,control  NAC:0x8A1 TSDU bch_err=0 raw=0x7
2026-04-19 17:59:40.234 ,PASSED,control  NAC:0x8A1 TSDU bch_err=0 raw=0x7
2026-04-19 17:59:40.237 ,PASSED,control  NAC:0x8A1 TSDU bch_err=0 raw=0x7
2026-04-19 17:59:40.240 ,PASSED,control  NAC:0x8A1 TSDU bch_err=0 raw=0x7
2026-04-19 17:59:40.243 ,PASSED,control  NAC:0x8A1 TSDU bch_err=0 raw=0x7
2026-04-19 17:59:40.245 ,PASSED,control  NAC:0x8A1 TSDU bch_err=0 raw=0x7
2026-04-19 17:59:40.248 ,PASSED,control  NAC:0x8A1 TSDU bch_err=0 raw=0x7
2026-04-19 17:59:40.251 ,PASSED,control  NAC:0x8A1 TSDU bch_err=0 raw=0x7
2026-04-19 17:59:40.254 ,PASSED,control  NAC:0x8A1 TSDU bch_err=0 raw=0x7
2026-04-19 17:59:40.256 ,PASSED,control  NAC:0x8A1 TSDU bch_err=0 raw=0x7
2026-04-19 17:59:40.259 ,PASSED,control  NAC:0x8A1 TSDU bch_err=0 raw=0x7
2026-04-19 17:59:40.262 ,PASSED,control  NAC:0x8A1 TSDU bch_err=0 raw=0x7
2026-04-19 17:59:43.553 ,PASSED,control  NAC:0x8A1 TSDU bch_err=0 raw=0x7
2026-04-19 17:59:43.556 ,PASSED,control  NAC:0x8A1 TSDU bch_err=0 raw=0x7
2026-04-19 17:59:43.559 ,PASSED,control  NAC:0x8A1 TSDU bch_err=0 raw=0x7
2026-04-19 17:59:43.561 ,PASSED,control  NAC:0x8A1 TSDU bch_err=0 raw=0x7
2026-04-19 17:59:43.564 ,PASSED,control  NAC:0x8A1 TSDU bch_err=0 raw=0x7
2026-04-19 17:59:43.567 ,PASSED,control  NAC:0x8A1 TSDU bch_err=0 raw=0x7
2026-04-19 17:59:43.570 ,PASSED,control  NAC:0x8A1 TSDU bch_err=0 raw=0x7
2026-04-19 17:59:43.573 ,PASSED,control  NAC:0x8A1 TSDU bch_err=0 raw=0x7
2026-04-19 17:59:43.577 ,CORRECTED,control  NAC:0x8A1 TSDU bch_err=1 raw=0x7
2026-04-19 17:59:43.580 ,PASSED,control  NAC:0x8A1 TSDU bch_err=0 raw=0x7
2026-04-19 17:59:43.583 ,PASSED,control  NAC:0x8A1 TSDU bch_err=0 raw=0x7
2026-04-19 17:59:43.586 ,PASSED,control  NAC:0x8A1 TSDU bch_err=0 raw=0x7
2026-04-19 17:59:43.589 ,PASSED,control  NAC:0x8A1 TSDU bch_err=0 raw=0x7
2026-04-19 17:59:43.591 ,PASSED,control  NAC:0x8A1 TSDU bch_err=0 raw=0x7
2026-04-19 17:59:43.594 ,PASSED,control  NAC:0x8A1 TSDU bch_err=0 raw=0x7
2026-04-19 17:59:43.597 ,PASSED,control  NAC:0x8A1 TSDU bch_err=0 raw=0x7
2026-04-19 17:59:43.600 ,PASSED,control  NAC:0x8A1 TSDU bch_err=0 raw=0x7
2026-04-19 17:59:43.603 ,PASSED,control  NAC:0x8A1 TSDU bch_err=0 raw=0x7
2026-04-19 17:59:43.605 ,PASSED,control  NAC:0x8A1 TSDU bch_err=0 raw=0x7
2026-04-19 17:59:43.608 ,PASSED,control  NAC:0x8A1 TSDU bch_err=0 raw=0x7
2026-04-19 17:59:43.611 ,PASSED,control  NAC:0x8A1 TSDU bch_err=0 raw=0x7
2026-04-19 17:59:43.614 ,PASSED,control  NAC:0x8A1 TSDU bch_err=0 raw=0x7
2026-04-19 17:59:43.617 ,PASSED,control  NAC:0x8A1 TSDU bch_err=0 raw=0x7
2026-04-19 17:59:43.619 ,PASSED,control  NAC:0x8A1 TSDU bch_err=0 raw=0x7
2026-04-19 17:59:43.622 ,PASSED,control  NAC:0x8A1 TSDU bch_err=0 raw=0x7
2026-04-19 17:59:43.626 ,CORRECTED,control  NAC:0x8A1 TSDU bch_err=2 raw=0x3
2026-04-19 17:59:43.629 ,PASSED,control  NAC:0x8A1 TSDU bch_err=0 raw=0x7
2026-04-19 17:59:43.632 ,PASSED,control  NAC:0x8A1 TSDU bch_err=0 raw=0x7
2026-04-19 17:59:43.635 ,PASSED,control  NAC:0x8A1 TSDU bch_err=0 raw=0x7
2026-04-19 17:59:43.638 ,PASSED,control  NAC:0x8A1 TSDU bch_err=0 raw=0x7
2026-04-19 17:59:43.641 ,PASSED,control  NAC:0x8A1 TSDU bch_err=0 raw=0x7
2026-04-19 17:59:43.643 ,PASSED,control  NAC:0x8A1 TSDU bch_err=0 raw=0x7
2026-04-19 17:59:43.648 ,CORRECTED,control  NAC:0x8A1 TSDU bch_err=5 raw=0x7
2026-04-19 17:59:43.651 ,PASSED,control  NAC:0x8A1 TSDU bch_err=0 raw=0x7
2026-04-19 17:59:43.654 ,PASSED,control  NAC:0x8A1 TSDU bch_err=0 raw=0x7
2026-04-19 17:59:43.656 ,PASSED,control  NAC:0x8A1 TSDU bch_err=0 raw=0x7
2026-04-19 17:59:43.659 ,PASSED,control  NAC:0x8A1 TSDU bch_err=0 raw=0x7
2026-04-19 17:59:43.662 ,PASSED,control  NAC:0x8A1 TSDU bch_err=0 raw=0x7
2026-04-19 17:59:43.665 ,PASSED,control  NAC:0x8A1 TSDU bch_err=0 raw=0x7
2026-04-19 17:59:43.667 ,PASSED,control  NAC:0x8A1 TSDU bch_err=0 raw=0x7
2026-04-19 17:59:43.670 ,PASSED,control  NAC:0x8A1 TSDU bch_err=0 raw=0x7
2026-04-19 17:59:43.673 ,PASSED,control  NAC:0x8A1 TSDU bch_err=0 raw=0x7
2026-04-19 17:59:43.676 ,PASSED,control  NAC:0x8A1 TSDU bch_err=0 raw=0x7
2026-04-19 17:59:43.679 ,PASSED,control  NAC:0x8A1 TSDU bch_err=0 raw=0x7
2026-04-19 17:59:46.966 ,PASSED,control  NAC:0x8A1 TSDU bch_err=0 raw=0x7
2026-04-19 17:59:46.969 ,PASSED,control  NAC:0x8A1 TSDU bch_err=0 raw=0x7
2026-04-19 17:59:46.972 ,PASSED,control  NAC:0x8A1 TSDU bch_err=0 raw=0x7
2026-04-19 17:59:46.975 ,PASSED,control  NAC:0x8A1 TSDU bch_err=0 raw=0x7
2026-04-19 17:59:46.978 ,PASSED,control  NAC:0x8A1 TSDU bch_err=0 raw=0x7
2026-04-19 17:59:46.980 ,PASSED,control  NAC:0x8A1 TSDU bch_err=0 raw=0x7
2026-04-19 17:59:46.983 ,PASSED,control  NAC:0x8A1 TSDU bch_err=0 raw=0x7
2026-04-19 17:59:46.986 ,PASSED,control  NAC:0x8A1 TSDU bch_err=0 raw=0x7
2026-04-19 17:59:46.989 ,PASSED,control  NAC:0x8A1 TSDU bch_err=0 raw=0x7
2026-04-19 17:59:46.992 ,PASSED,control  NAC:0x8A1 TSDU bch_err=0 raw=0x7
2026-04-19 17:59:46.996 ,CORRECTED,control  NAC:0x8A1 TSDU bch_err=1 raw=0x7
2026-04-19 17:59:46.999 ,PASSED,control  NAC:0x8A1 TSDU bch_err=0 raw=0x7
2026-04-19 17:59:47.002 ,PASSED,control  NAC:0x8A1 TSDU bch_err=0 raw=0x7
2026-04-19 17:59:47.004 ,PASSED,control  NAC:0x8A1 TSDU bch_err=0 raw=0x7
2026-04-19 17:59:47.007 ,PASSED,control  NAC:0x8A1 TSDU bch_err=0 raw=0x7
2026-04-19 17:59:47.010 ,PASSED,control  NAC:0x8A1 TSDU bch_err=0 raw=0x7
2026-04-19 17:59:47.013 ,PASSED,control  NAC:0x8A1 TSDU bch_err=0 raw=0x7
2026-04-19 17:59:47.016 ,PASSED,control  NAC:0x8A1 TSDU bch_err=0 raw=0x7
2026-04-19 17:59:47.018 ,PASSED,control  NAC:0x8A1 TSDU bch_err=0 raw=0x7
2026-04-19 17:59:47.021 ,PASSED,control  NAC:0x8A1 TSDU bch_err=0 raw=0x7
2026-04-19 17:59:47.024 ,PASSED,control  NAC:0x8A1 TSDU bch_err=0 raw=0x7
2026-04-19 17:59:47.026 ,PASSED,control  NAC:0x8A1 TSDU bch_err=0 raw=0x7
2026-04-19 17:59:47.031 ,CORRECTED,control  NAC:0x8A1 TSDU bch_err=3 raw=0x7
2026-04-19 17:59:47.033 ,PASSED,control  NAC:0x8A1 TSDU bch_err=0 raw=0x7
2026-04-19 17:59:47.036 ,PASSED,control  NAC:0x8A1 TSDU bch_err=0 raw=0x7
2026-04-19 17:59:47.039 ,PASSED,control  NAC:0x8A1 TSDU bch_err=0 raw=0x7
2026-04-19 17:59:47.043 ,CORRECTED,control  NAC:0x8A1 TSDU bch_err=4 raw=0x7
2026-04-19 17:59:47.046 ,PASSED,control  NAC:0x8A1 TSDU bch_err=0 raw=0x7
2026-04-19 17:59:47.048 ,PASSED,control  NAC:0x8A1 TSDU bch_err=0 raw=0x7
2026-04-19 17:59:47.053 ,CORRECTED,control  NAC:0x8A1 TSDU bch_err=2 raw=0x6
2026-04-19 17:59:47.058 ,CORRECTED,control  NAC:0x8A1 TSDU bch_err=1 raw=0x7
2026-04-19 17:59:47.060 ,PASSED,control  NAC:0x8A1 TSDU bch_err=0 raw=0x7
2026-04-19 17:59:47.063 ,PASSED,control  NAC:0x8A1 TSDU bch_err=0 raw=0x7
2026-04-19 17:59:47.066 ,PASSED,control  NAC:0x8A1 TSDU bch_err=0 raw=0x7
2026-04-19 17:59:47.068 ,PASSED,control  NAC:0x8A1 TSDU bch_err=0 raw=0x7
2026-04-19 17:59:47.071 ,PASSED,control  NAC:0x8A1 TSDU bch_err=0 raw=0x7
2026-04-19 17:59:47.077 ,CORRECTED,control  NAC:0x8A1 TSDU bch_err=8 raw=0x2
2026-04-19 17:59:47.081 ,PASSED,control  NAC:0x8A1 TSDU bch_err=0 raw=0x7
2026-04-19 17:59:47.085 ,PASSED,control  NAC:0x8A1 TSDU bch_err=0 raw=0x7
2026-04-19 17:59:47.088 ,PASSED,control  NAC:0x8A1 TSDU bch_err=0 raw=0x7
2026-04-19 17:59:47.092 ,PASSED,control  NAC:0x8A1 TSDU bch_err=0 raw=0x7
2026-04-19 17:59:47.096 ,PASSED,control  NAC:0x8A1 TSDU bch_err=0 raw=0x7
2026-04-19 17:59:47.100 ,PASSED,control  NAC:0x8A1 TSDU bch_err=0 raw=0x7
2026-04-19 17:59:47.110 ,CORRECTED,control  NAC:0x8A1 TSDU bch_err=1 raw=0x7
2026-04-19 17:59:50.380 ,PASSED,control  NAC:0x8A1 TSDU bch_err=0 raw=0x7
2026-04-19 17:59:50.383 ,PASSED,control  NAC:0x8A1 TSDU bch_err=0 raw=0x7
2026-04-19 17:59:50.385 ,PASSED,control  NAC:0x8A1 TSDU bch_err=0 raw=0x7
2026-04-19 17:59:50.389 ,CORRECTED,control  NAC:0x8A1 TSDU bch_err=1 raw=0x7
2026-04-19 17:59:50.394 ,CORRECTED,control  NAC:0x8A1 TSDU bch_err=2 raw=0x6
2026-04-19 17:59:50.397 ,PASSED,control  NAC:0x8A1 TSDU bch_err=0 raw=0x7
2026-04-19 17:59:50.402 ,CORRECTED,control  NAC:0x8A1 TSDU bch_err=4 raw=0x3
2026-04-19 17:59:50.405 ,PASSED,control  NAC:0x8A1 TSDU bch_err=0 raw=0x7
2026-04-19 17:59:50.408 ,PASSED,control  NAC:0x8A1 TSDU bch_err=0 raw=0x7
2026-04-19 17:59:50.411 ,PASSED,control  NAC:0x8A1 TSDU bch_err=0 raw=0x7
2026-04-19 17:59:50.414 ,PASSED,control  NAC:0x8A1 TSDU bch_err=0 raw=0x7
2026-04-19 17:59:50.419 ,CORRECTED,control  NAC:0x8A1 TSDU bch_err=3 raw=0x7
2026-04-19 17:59:50.422 ,PASSED,control  NAC:0x8A1 TSDU bch_err=0 raw=0x7
2026-04-19 17:59:50.427 ,CORRECTED,control  NAC:0x8A1 TSDU bch_err=8 raw=0x5
2026-04-19 17:59:50.431 ,PASSED,control  NAC:0x8A1 TSDU bch_err=0 raw=0x7
2026-04-19 17:59:50.438 ,CORRECTED,control  NAC:0x8A1 TSDU bch_err=2 raw=0x3
2026-04-19 17:59:50.442 ,PASSED,control  NAC:0x8A1 TSDU bch_err=0 raw=0x7
2026-04-19 17:59:50.445 ,PASSED,control  NAC:0x8A1 TSDU bch_err=0 raw=0x7
2026-04-19 17:59:50.449 ,PASSED,control  NAC:0x8A1 TSDU bch_err=0 raw=0x7
2026-04-19 17:59:50.453 ,PASSED,control  NAC:0x8A1 TSDU bch_err=0 raw=0x7
2026-04-19 17:59:50.456 ,PASSED,control  NAC:0x8A1 TSDU bch_err=0 raw=0x7
2026-04-19 17:59:50.460 ,PASSED,control  NAC:0x8A1 TSDU bch_err=0 raw=0x7
2026-04-19 17:59:50.464 ,PASSED,control  NAC:0x8A1 TSDU bch_err=0 raw=0x7
2026-04-19 17:59:50.470 ,CORRECTED,control  NAC:0x8A1 TSDU bch_err=10 raw=0x7
2026-04-19 17:59:50.473 ,PASSED,control  NAC:0x8A1 TSDU bch_err=0 raw=0x7
2026-04-19 17:59:50.476 ,PASSED,control  NAC:0x8A1 TSDU bch_err=0 raw=0x7
2026-04-19 17:59:50.480 ,CORRECTED,control  NAC:0x8A1 TSDU bch_err=1 raw=0x7
2026-04-19 17:59:50.483 ,PASSED,control  NAC:0x8A1 TSDU bch_err=0 raw=0x7
2026-04-19 17:59:50.487 ,CORRECTED,control  NAC:0x8A1 TSDU bch_err=2 raw=0x7
2026-04-19 17:59:50.490 ,PASSED,control  NAC:0x8A1 TSDU bch_err=0 raw=0x7
2026-04-19 17:59:50.493 ,PASSED,control  NAC:0x8A1 TSDU bch_err=0 raw=0x7
2026-04-19 17:59:50.496 ,PASSED,control  NAC:0x8A1 TSDU bch_err=0 raw=0x7
2026-04-19 17:59:50.499 ,PASSED,control  NAC:0x8A1 TSDU bch_err=0 raw=0x7
2026-04-19 17:59:50.501 ,PASSED,control  NAC:0x8A1 TSDU bch_err=0 raw=0x7
2026-04-19 17:59:50.504 ,PASSED,control  NAC:0x8A1 TSDU bch_err=0 raw=0x7
2026-04-19 17:59:50.507 ,PASSED,control  NAC:0x8A1 TSDU bch_err=0 raw=0x7
2026-04-19 17:59:50.510 ,PASSED,control  NAC:0x8A1 TSDU bch_err=0 raw=0x7
2026-04-19 17:59:50.512 ,PASSED,control  NAC:0x8A1 TSDU bch_err=0 raw=0x7
2026-04-19 17:59:50.516 ,CORRECTED,control  NAC:0x8A1 TSDU bch_err=4 raw=0x7
2026-04-19 17:59:50.519 ,PASSED,control  NAC:0x8A1 TSDU bch_err=0 raw=0x7
2026-04-19 17:59:50.524 ,CORRECTED,control  NAC:0x8A1 TSDU bch_err=1 raw=0x7
2026-04-19 17:59:50.527 ,PASSED,control  NAC:0x8A1 TSDU bch_err=0 raw=0x7
2026-04-19 17:59:50.529 ,PASSED,control  NAC:0x8A1 TSDU bch_err=0 raw=0x7
2026-04-19 17:59:50.532 ,PASSED,control  NAC:0x8A1 TSDU bch_err=0 raw=0x7
2026-04-19 17:59:53.795 ,CORRECTED,control  NAC:0x8A1 TSDU bch_err=1 raw=0x7
2026-04-19 17:59:53.798 ,PASSED,control  NAC:0x8A1 TSDU bch_err=0 raw=0x7
2026-04-19 17:59:53.800 ,PASSED,control  NAC:0x8A1 TSDU bch_err=0 raw=0x7
2026-04-19 17:59:53.805 ,CORRECTED,control  NAC:0x8A1 TSDU bch_err=4 raw=0x7
2026-04-19 17:59:53.808 ,PASSED,control  NAC:0x8A1 TSDU bch_err=0 raw=0x7
2026-04-19 17:59:53.810 ,PASSED,control  NAC:0x8A1 TSDU bch_err=0 raw=0x7
2026-04-19 17:59:53.814 ,CORRECTED,control  NAC:0x8A1 TSDU bch_err=2 raw=0x6
2026-04-19 17:59:53.817 ,PASSED,control  NAC:0x8A1 TSDU bch_err=0 raw=0x7
2026-04-19 17:59:53.822 ,CORRECTED,control  NAC:0x8A1 TSDU bch_err=2 raw=0x6
2026-04-19 17:59:53.825 ,PASSED,control  NAC:0x8A1 TSDU bch_err=0 raw=0x7
2026-04-19 17:59:53.827 ,PASSED,control  NAC:0x8A1 TSDU bch_err=0 raw=0x7
2026-04-19 17:59:53.830 ,PASSED,control  NAC:0x8A1 TSDU bch_err=0 raw=0x7
2026-04-19 17:59:53.833 ,PASSED,control  NAC:0x8A1 TSDU bch_err=0 raw=0x7
2026-04-19 17:59:53.836 ,PASSED,control  NAC:0x8A1 TSDU bch_err=0 raw=0x7
2026-04-19 17:59:53.839 ,PASSED,control  NAC:0x8A1 TSDU bch_err=0 raw=0x7
2026-04-19 17:59:53.841 ,PASSED,control  NAC:0x8A1 TSDU bch_err=0 raw=0x7
2026-04-19 17:59:53.844 ,PASSED,control  NAC:0x8A1 TSDU bch_err=0 raw=0x7
2026-04-19 17:59:53.847 ,PASSED,control  NAC:0x8A1 TSDU bch_err=0 raw=0x7
2026-04-19 17:59:53.849 ,PASSED,control  NAC:0x8A1 TSDU bch_err=0 raw=0x7
2026-04-19 17:59:53.852 ,PASSED,control  NAC:0x8A1 TSDU bch_err=0 raw=0x7
2026-04-19 17:59:53.855 ,PASSED,control  NAC:0x8A1 TSDU bch_err=0 raw=0x7
2026-04-19 17:59:53.858 ,PASSED,control  NAC:0x8A1 TSDU bch_err=0 raw=0x7
2026-04-19 17:59:53.860 ,PASSED,control  NAC:0x8A1 TSDU bch_err=0 raw=0x7
2026-04-19 17:59:53.863 ,PASSED,control  NAC:0x8A1 TSDU bch_err=0 raw=0x7
2026-04-19 17:59:53.866 ,PASSED,control  NAC:0x8A1 TSDU bch_err=0 raw=0x7
2026-04-19 17:59:53.869 ,PASSED,control  NAC:0x8A1 TSDU bch_err=0 raw=0x7
2026-04-19 17:59:53.871 ,PASSED,control  NAC:0x8A1 TSDU bch_err=0 raw=0x7
2026-04-19 17:59:53.874 ,PASSED,control  NAC:0x8A1 TSDU bch_err=0 raw=0x7
2026-04-19 17:59:53.877 ,PASSED,control  NAC:0x8A1 TSDU bch_err=0 raw=0x7
2026-04-19 17:59:53.880 ,PASSED,control  NAC:0x8A1 TSDU bch_err=0 raw=0x7
2026-04-19 17:59:53.882 ,PASSED,control  NAC:0x8A1 TSDU bch_err=0 raw=0x7
2026-04-19 17:59:53.885 ,PASSED,control  NAC:0x8A1 TSDU bch_err=0 raw=0x7
2026-04-19 17:59:53.887 ,PASSED,control  NAC:0x8A1 TSDU bch_err=0 raw=0x7
2026-04-19 17:59:53.890 ,PASSED,control  NAC:0x8A1 TSDU bch_err=0 raw=0x7
2026-04-19 17:59:53.892 ,PASSED,control  NAC:0x8A1 TSDU bch_err=0 raw=0x7
2026-04-19 17:59:53.895 ,PASSED,control  NAC:0x8A1 TSDU bch_err=0 raw=0x7
2026-04-19 17:59:53.898 ,PASSED,control  NAC:0x8A1 TSDU bch_err=0 raw=0x7
2026-04-19 17:59:53.901 ,PASSED,control  NAC:0x8A1 TSDU bch_err=0 raw=0x7
2026-04-19 17:59:53.903 ,PASSED,control  NAC:0x8A1 TSDU bch_err=0 raw=0x7
2026-04-19 17:59:53.906 ,PASSED,control  NAC:0x8A1 TSDU bch_err=0 raw=0x7
2026-04-19 17:59:53.909 ,PASSED,control  NAC:0x8A1 TSDU bch_err=0 raw=0x7
2026-04-19 17:59:53.911 ,PASSED,control  NAC:0x8A1 TSDU bch_err=0 raw=0x7
2026-04-19 17:59:53.914 ,PASSED,control  NAC:0x8A1 TSDU bch_err=0 raw=0x7
2026-04-19 17:59:57.207 ,PASSED,control  NAC:0x8A1 TSDU bch_err=0 raw=0x7
2026-04-19 17:59:57.209 ,PASSED,control  NAC:0x8A1 TSDU bch_err=0 raw=0x7
2026-04-19 17:59:57.214 ,PASSED,control  NAC:0x8A1 TSDU bch_err=0 raw=0x7
2026-04-19 17:59:57.221 ,CORRECTED,control  NAC:0x8A1 TSDU bch_err=3 raw=0x7
2026-04-19 17:59:57.225 ,PASSED,control  NAC:0x8A1 TSDU bch_err=0 raw=0x7
2026-04-19 17:59:57.229 ,PASSED,control  NAC:0x8A1 TSDU bch_err=0 raw=0x7
2026-04-19 17:59:57.233 ,PASSED,control  NAC:0x8A1 TSDU bch_err=0 raw=0x7
2026-04-19 17:59:57.237 ,PASSED,control  NAC:0x8A1 TSDU bch_err=0 raw=0x7
2026-04-19 17:59:57.242 ,PASSED,control  NAC:0x8A1 TSDU bch_err=0 raw=0x7
2026-04-19 17:59:57.246 ,PASSED,control  NAC:0x8A1 TSDU bch_err=0 raw=0x7
2026-04-19 17:59:57.250 ,PASSED,control  NAC:0x8A1 TSDU bch_err=0 raw=0x7
2026-04-19 17:59:57.254 ,PASSED,control  NAC:0x8A1 TSDU bch_err=0 raw=0x7
2026-04-19 17:59:57.258 ,PASSED,control  NAC:0x8A1 TSDU bch_err=0 raw=0x7
2026-04-19 17:59:57.261 ,PASSED,control  NAC:0x8A1 TSDU bch_err=0 raw=0x7
2026-04-19 17:59:57.264 ,PASSED,control  NAC:0x8A1 TSDU bch_err=0 raw=0x7
2026-04-19 17:59:57.268 ,PASSED,control  NAC:0x8A1 TSDU bch_err=0 raw=0x7
2026-04-19 17:59:57.274 ,PASSED,control  NAC:0x8A1 TSDU bch_err=0 raw=0x7
2026-04-19 17:59:57.277 ,PASSED,control  NAC:0x8A1 TSDU bch_err=0 raw=0x7
2026-04-19 17:59:57.281 ,PASSED,control  NAC:0x8A1 TSDU bch_err=0 raw=0x7
2026-04-19 17:59:57.287 ,CORRECTED,control  NAC:0x8A1 TSDU bch_err=1 raw=0x6
2026-04-19 17:59:57.290 ,PASSED,control  NAC:0x8A1 TSDU bch_err=0 raw=0x7
2026-04-19 17:59:57.293 ,PASSED,control  NAC:0x8A1 TSDU bch_err=0 raw=0x7
2026-04-19 17:59:57.297 ,PASSED,control  NAC:0x8A1 TSDU bch_err=0 raw=0x7
2026-04-19 17:59:57.303 ,CORRECTED,control  NAC:0x8A1 TSDU bch_err=3 raw=0x6
2026-04-19 17:59:57.307 ,PASSED,control  NAC:0x8A1 TSDU bch_err=0 raw=0x7
2026-04-19 17:59:57.311 ,PASSED,control  NAC:0x8A1 TSDU bch_err=0 raw=0x7
2026-04-19 17:59:57.315 ,PASSED,control  NAC:0x8A1 TSDU bch_err=0 raw=0x7
2026-04-19 17:59:57.318 ,PASSED,control  NAC:0x8A1 TSDU bch_err=0 raw=0x7
2026-04-19 17:59:57.322 ,PASSED,control  NAC:0x8A1 TSDU bch_err=0 raw=0x7
2026-04-19 17:59:57.328 ,PASSED,control  NAC:0x8A1 TSDU bch_err=0 raw=0x7
2026-04-19 17:59:57.332 ,PASSED,control  NAC:0x8A1 TSDU bch_err=0 raw=0x7
2026-04-19 17:59:57.337 ,PASSED,control  NAC:0x8A1 TSDU bch_err=0 raw=0x7
2026-04-19 17:59:57.341 ,PASSED,control  NAC:0x8A1 TSDU bch_err=0 raw=0x7
2026-04-19 17:59:57.347 ,CORRECTED,control  NAC:0x8A1 TSDU bch_err=4 raw=0x3
2026-04-19 17:59:57.353 ,CORRECTED,control  NAC:0x8A1 TSDU bch_err=11 raw=0x7
2026-04-19 17:59:57.356 ,PASSED,control  NAC:0x8A1 TSDU bch_err=0 raw=0x7
2026-04-19 17:59:57.359 ,PASSED,control  NAC:0x8A1 TSDU bch_err=0 raw=0x7
2026-04-19 17:59:57.364 ,PASSED,control  NAC:0x8A1 TSDU bch_err=0 raw=0x7
2026-04-19 17:59:57.370 ,CORRECTED,control  NAC:0x8A1 TSDU bch_err=5 raw=0x7
2026-04-19 17:59:57.374 ,PASSED,control  NAC:0x8A1 TSDU bch_err=0 raw=0x7
2026-04-19 18:00:00.620 ,PASSED,control  NAC:0x8A1 TSDU bch_err=0 raw=0x7
2026-04-19 18:00:00.624 ,PASSED,control  NAC:0x8A1 TSDU bch_err=0 raw=0x7
2026-04-19 18:00:00.631 ,CORRECTED,control  NAC:0x8A1 TSDU bch_err=1 raw=0x6
2026-04-19 18:00:00.634 ,PASSED,control  NAC:0x8A1 TSDU bch_err=0 raw=0x7
2026-04-19 18:00:00.637 ,PASSED,control  NAC:0x8A1 TSDU bch_err=0 raw=0x7
2026-04-19 18:00:00.640 ,PASSED,control  NAC:0x8A1 TSDU bch_err=0 raw=0x7
2026-04-19 18:00:00.643 ,PASSED,control  NAC:0x8A1 TSDU bch_err=0 raw=0x7
2026-04-19 18:00:00.647 ,PASSED,control  NAC:0x8A1 TSDU bch_err=0 raw=0x7
2026-04-19 18:00:00.650 ,PASSED,control  NAC:0x8A1 TSDU bch_err=0 raw=0x7
2026-04-19 18:00:00.653 ,PASSED,control  NAC:0x8A1 TSDU bch_err=0 raw=0x7
2026-04-19 18:00:00.657 ,PASSED,control  NAC:0x8A1 TSDU bch_err=0 raw=0x7
2026-04-19 18:00:00.660 ,PASSED,control  NAC:0x8A1 TSDU bch_err=0 raw=0x7
2026-04-19 18:00:00.663 ,PASSED,control  NAC:0x8A1 TSDU bch_err=0 raw=0x7
2026-04-19 18:00:00.666 ,PASSED,control  NAC:0x8A1 TSDU bch_err=0 raw=0x7
2026-04-19 18:00:00.671 ,CORRECTED,control  NAC:0x8A1 TSDU bch_err=1 raw=0x6
2026-04-19 18:00:00.674 ,PASSED,control  NAC:0x8A1 TSDU bch_err=0 raw=0x7
2026-04-19 18:00:00.678 ,PASSED,control  NAC:0x8A1 TSDU bch_err=0 raw=0x7
2026-04-19 18:00:00.681 ,PASSED,control  NAC:0x8A1 TSDU bch_err=0 raw=0x7
2026-04-19 18:00:00.684 ,PASSED,control  NAC:0x8A1 TSDU bch_err=0 raw=0x7
2026-04-19 18:00:00.687 ,PASSED,control  NAC:0x8A1 TSDU bch_err=0 raw=0x7
2026-04-19 18:00:00.691 ,PASSED,control  NAC:0x8A1 TSDU bch_err=0 raw=0x7
2026-04-19 18:00:00.694 ,PASSED,control  NAC:0x8A1 TSDU bch_err=0 raw=0x7
2026-04-19 18:00:00.699 ,CORRECTED,control  NAC:0x8A1 TSDU bch_err=6 raw=0x2
2026-04-19 18:00:00.702 ,PASSED,control  NAC:0x8A1 TSDU bch_err=0 raw=0x7
2026-04-19 18:00:00.705 ,PASSED,control  NAC:0x8A1 TSDU bch_err=0 raw=0x7
2026-04-19 18:00:00.708 ,PASSED,control  NAC:0x8A1 TSDU bch_err=0 raw=0x7
2026-04-19 18:00:00.712 ,PASSED,control  NAC:0x8A1 TSDU bch_err=0 raw=0x7
2026-04-19 18:00:00.715 ,PASSED,control  NAC:0x8A1 TSDU bch_err=0 raw=0x7
2026-04-19 18:00:00.718 ,PASSED,control  NAC:0x8A1 TSDU bch_err=0 raw=0x7
2026-04-19 18:00:00.721 ,PASSED,control  NAC:0x8A1 TSDU bch_err=0 raw=0x7
2026-04-19 18:00:00.724 ,PASSED,control  NAC:0x8A1 TSDU bch_err=0 raw=0x7
2026-04-19 18:00:00.727 ,PASSED,control  NAC:0x8A1 TSDU bch_err=0 raw=0x7
2026-04-19 18:00:00.731 ,PASSED,control  NAC:0x8A1 TSDU bch_err=0 raw=0x7
2026-04-19 18:00:00.734 ,PASSED,control  NAC:0x8A1 TSDU bch_err=0 raw=0x7
2026-04-19 18:00:00.737 ,PASSED,control  NAC:0x8A1 TSDU bch_err=0 raw=0x7
2026-04-19 18:00:00.740 ,PASSED,control  NAC:0x8A1 TSDU bch_err=0 raw=0x7
2026-04-19 18:00:00.744 ,PASSED,control  NAC:0x8A1 TSDU bch_err=0 raw=0x7
2026-04-19 18:00:00.747 ,PASSED,control  NAC:0x8A1 TSDU bch_err=0 raw=0x7
2026-04-19 18:00:00.750 ,PASSED,control  NAC:0x8A1 TSDU bch_err=0 raw=0x7
2026-04-19 18:00:00.754 ,PASSED,control  NAC:0x8A1 TSDU bch_err=0 raw=0x7
2026-04-19 18:00:00.756 ,PASSED,control  NAC:0x8A1 TSDU bch_err=0 raw=0x7
2026-04-19 18:00:00.759 ,PASSED,control  NAC:0x8A1 TSDU bch_err=0 raw=0x7
2026-04-19 18:00:00.763 ,PASSED,control  NAC:0x8A1 TSDU bch_err=0 raw=0x7
2026-04-19 18:00:00.767 ,PASSED,control  NAC:0x8A1 TSDU bch_err=0 raw=0x7
2026-04-19 18:00:00.770 ,PASSED,control  NAC:0x8A1 TSDU bch_err=0 raw=0x7
2026-04-19 18:00:04.035 ,CORRECTED,control  NAC:0x8A1 TSDU bch_err=2 raw=0x7
2026-04-19 18:00:04.038 ,PASSED,control  NAC:0x8A1 TSDU bch_err=0 raw=0x7
2026-04-19 18:00:04.043 ,CORRECTED,control  NAC:0x8A1 TSDU bch_err=5 raw=0x6
2026-04-19 18:00:04.046 ,PASSED,control  NAC:0x8A1 TSDU bch_err=0 raw=0x7
2026-04-19 18:00:04.050 ,PASSED,control  NAC:0x8A1 TSDU bch_err=0 raw=0x7
2026-04-19 18:00:04.053 ,PASSED,control  NAC:0x8A1 TSDU bch_err=0 raw=0x7
2026-04-19 18:00:04.057 ,PASSED,control  NAC:0x8A1 TSDU bch_err=0 raw=0x7
2026-04-19 18:00:04.062 ,CORRECTED,control  NAC:0x8A1 TSDU bch_err=1 raw=0x6
2026-04-19 18:00:04.067 ,PASSED,control  NAC:0x8A1 TSDU bch_err=0 raw=0x7
2026-04-19 18:00:04.074 ,CORRECTED,control  NAC:0x8A1 TSDU bch_err=7 raw=0x7
2026-04-19 18:00:04.079 ,CORRECTED,control  NAC:0x8A1 TSDU bch_err=2 raw=0x7
2026-04-19 18:00:04.082 ,PASSED,control  NAC:0x8A1 TSDU bch_err=0 raw=0x7
2026-04-19 18:00:04.085 ,PASSED,control  NAC:0x8A1 TSDU bch_err=0 raw=0x7
2026-04-19 18:00:04.088 ,PASSED,control  NAC:0x8A1 TSDU bch_err=0 raw=0x7
2026-04-19 18:00:04.092 ,CORRECTED,control  NAC:0x8A1 TSDU bch_err=2 raw=0x2
2026-04-19 18:00:04.095 ,PASSED,control  NAC:0x8A1 TSDU bch_err=0 raw=0x7
2026-04-19 18:00:04.098 ,PASSED,control  NAC:0x8A1 TSDU bch_err=0 raw=0x7
2026-04-19 18:00:04.101 ,PASSED,control  NAC:0x8A1 TSDU bch_err=0 raw=0x7
2026-04-19 18:00:04.103 ,PASSED,control  NAC:0x8A1 TSDU bch_err=0 raw=0x7
2026-04-19 18:00:04.106 ,PASSED,control  NAC:0x8A1 TSDU bch_err=0 raw=0x7
2026-04-19 18:00:04.111 ,CORRECTED,control  NAC:0x8A1 TSDU bch_err=4 raw=0x3
2026-04-19 18:00:04.113 ,PASSED,control  NAC:0x8A1 TSDU bch_err=0 raw=0x7
2026-04-19 18:00:04.116 ,PASSED,control  NAC:0x8A1 TSDU bch_err=0 raw=0x7
2026-04-19 18:00:04.119 ,PASSED,control  NAC:0x8A1 TSDU bch_err=0 raw=0x7
2026-04-19 18:00:04.122 ,PASSED,control  NAC:0x8A1 TSDU bch_err=0 raw=0x7
2026-04-19 18:00:04.124 ,PASSED,control  NAC:0x8A1 TSDU bch_err=0 raw=0x7
2026-04-19 18:00:04.127 ,PASSED,control  NAC:0x8A1 TSDU bch_err=0 raw=0x7
2026-04-19 18:00:04.130 ,PASSED,control  NAC:0x8A1 TSDU bch_err=0 raw=0x7
2026-04-19 18:00:04.133 ,PASSED,control  NAC:0x8A1 TSDU bch_err=0 raw=0x7
2026-04-19 18:00:04.135 ,PASSED,control  NAC:0x8A1 TSDU bch_err=0 raw=0x7
2026-04-19 18:00:04.140 ,CORRECTED,control  NAC:0x8A1 TSDU bch_err=1 raw=0x6
2026-04-19 18:00:04.143 ,PASSED,control  NAC:0x8A1 TSDU bch_err=0 raw=0x7
2026-04-19 18:00:04.145 ,PASSED,control  NAC:0x8A1 TSDU bch_err=0 raw=0x7
2026-04-19 18:00:04.148 ,PASSED,control  NAC:0x8A1 TSDU bch_err=0 raw=0x7
2026-04-19 18:00:04.151 ,PASSED,control  NAC:0x8A1 TSDU bch_err=0 raw=0x7
2026-04-19 18:00:04.154 ,PASSED,control  NAC:0x8A1 TSDU bch_err=0 raw=0x7
2026-04-19 18:00:04.158 ,CORRECTED,control  NAC:0x8A1 TSDU bch_err=9 raw=0x6
2026-04-19 18:00:04.161 ,PASSED,control  NAC:0x8A1 TSDU bch_err=0 raw=0x7
2026-04-19 18:00:04.163 ,PASSED,control  NAC:0x8A1 TSDU bch_err=0 raw=0x7
2026-04-19 18:00:04.166 ,PASSED,control  NAC:0x8A1 TSDU bch_err=0 raw=0x7
2026-04-19 18:00:04.169 ,PASSED,control  NAC:0x8A1 TSDU bch_err=0 raw=0x7
2026-04-19 18:00:04.172 ,PASSED,control  NAC:0x8A1 TSDU bch_err=0 raw=0x7
2026-04-19 18:00:04.174 ,PASSED,control  NAC:0x8A1 TSDU bch_err=0 raw=0x7
2026-04-19 18:00:07.446 ,PASSED,control  NAC:0x8A1 TSDU bch_err=0 raw=0x7
2026-04-19 18:00:07.449 ,PASSED,control  NAC:0x8A1 TSDU bch_err=0 raw=0x7
2026-04-19 18:00:07.452 ,PASSED,control  NAC:0x8A1 TSDU bch_err=0 raw=0x7
2026-04-19 18:00:07.455 ,PASSED,control  NAC:0x8A1 TSDU bch_err=0 raw=0x7
2026-04-19 18:00:07.457 ,PASSED,control  NAC:0x8A1 TSDU bch_err=0 raw=0x7
2026-04-19 18:00:07.460 ,PASSED,control  NAC:0x8A1 TSDU bch_err=0 raw=0x7
2026-04-19 18:00:07.464 ,PASSED,control  NAC:0x8A1 TSDU bch_err=0 raw=0x7
2026-04-19 18:00:07.468 ,PASSED,control  NAC:0x8A1 TSDU bch_err=0 raw=0x7
2026-04-19 18:00:07.471 ,PASSED,control  NAC:0x8A1 TSDU bch_err=0 raw=0x7
2026-04-19 18:00:07.474 ,PASSED,control  NAC:0x8A1 TSDU bch_err=0 raw=0x7
2026-04-19 18:00:07.476 ,PASSED,control  NAC:0x8A1 TSDU bch_err=0 raw=0x7
2026-04-19 18:00:07.479 ,PASSED,control  NAC:0x8A1 TSDU bch_err=0 raw=0x7
2026-04-19 18:00:07.482 ,PASSED,control  NAC:0x8A1 TSDU bch_err=0 raw=0x7
2026-04-19 18:00:07.484 ,PASSED,control  NAC:0x8A1 TSDU bch_err=0 raw=0x7
2026-04-19 18:00:07.487 ,PASSED,control  NAC:0x8A1 TSDU bch_err=0 raw=0x7
2026-04-19 18:00:07.490 ,PASSED,control  NAC:0x8A1 TSDU bch_err=0 raw=0x7
2026-04-19 18:00:07.493 ,PASSED,control  NAC:0x8A1 TSDU bch_err=0 raw=0x7
2026-04-19 18:00:07.495 ,PASSED,control  NAC:0x8A1 TSDU bch_err=0 raw=0x7
2026-04-19 18:00:07.498 ,PASSED,control  NAC:0x8A1 TSDU bch_err=0 raw=0x7
2026-04-19 18:00:07.501 ,PASSED,control  NAC:0x8A1 TSDU bch_err=0 raw=0x7
2026-04-19 18:00:07.503 ,PASSED,control  NAC:0x8A1 TSDU bch_err=0 raw=0x7
2026-04-19 18:00:07.506 ,PASSED,control  NAC:0x8A1 TSDU bch_err=0 raw=0x7
2026-04-19 18:00:07.509 ,PASSED,control  NAC:0x8A1 TSDU bch_err=0 raw=0x7
2026-04-19 18:00:07.513 ,CORRECTED,control  NAC:0x8A1 TSDU bch_err=1 raw=0x6
2026-04-19 18:00:07.516 ,PASSED,control  NAC:0x8A1 TSDU bch_err=0 raw=0x7
2026-04-19 18:00:07.519 ,PASSED,control  NAC:0x8A1 TSDU bch_err=0 raw=0x7
2026-04-19 18:00:07.523 ,CORRECTED,control  NAC:0x8A1 TSDU bch_err=1 raw=0x6
2026-04-19 18:00:07.526 ,PASSED,control  NAC:0x8A1 TSDU bch_err=0 raw=0x7
2026-04-19 18:00:07.529 ,PASSED,control  NAC:0x8A1 TSDU bch_err=0 raw=0x7
2026-04-19 18:00:07.532 ,PASSED,control  NAC:0x8A1 TSDU bch_err=0 raw=0x7
2026-04-19 18:00:07.534 ,PASSED,control  NAC:0x8A1 TSDU bch_err=0 raw=0x7
2026-04-19 18:00:07.537 ,PASSED,control  NAC:0x8A1 TSDU bch_err=0 raw=0x7
2026-04-19 18:00:07.540 ,PASSED,control  NAC:0x8A1 TSDU bch_err=0 raw=0x7
2026-04-19 18:00:07.543 ,PASSED,control  NAC:0x8A1 TSDU bch_err=0 raw=0x7
2026-04-19 18:00:07.546 ,PASSED,control  NAC:0x8A1 TSDU bch_err=0 raw=0x7
2026-04-19 18:00:07.549 ,PASSED,control  NAC:0x8A1 TSDU bch_err=0 raw=0x7
2026-04-19 18:00:07.553 ,CORRECTED,control  NAC:0x8A1 TSDU bch_err=1 raw=0x7
2026-04-19 18:00:07.558 ,CORRECTED,control  NAC:0x8A1 TSDU bch_err=8 raw=0x5
2026-04-19 18:00:07.561 ,PASSED,control  NAC:0x8A1 TSDU bch_err=0 raw=0x7
2026-04-19 18:00:07.565 ,PASSED,control  NAC:0x8A1 TSDU bch_err=0 raw=0x7
2026-04-19 18:00:07.568 ,PASSED,control  NAC:0x8A1 TSDU bch_err=0 raw=0x7
2026-04-19 18:00:07.571 ,PASSED,control  NAC:0x8A1 TSDU bch_err=0 raw=0x7
2026-04-19 18:00:07.574 ,PASSED,control  NAC:0x8A1 TSDU bch_err=0 raw=0x7
2026-04-19 18:00:07.577 ,PASSED,control  NAC:0x8A1 TSDU bch_err=0 raw=0x7
2026-04-19 18:00:10.860 ,PASSED,control  NAC:0x8A1 TSDU bch_err=0 raw=0x7
2026-04-19 18:00:10.862 ,PASSED,control  NAC:0x8A1 TSDU bch_err=0 raw=0x7
2026-04-19 18:00:10.865 ,PASSED,control  NAC:0x8A1 TSDU bch_err=0 raw=0x7
2026-04-19 18:00:10.868 ,PASSED,control  NAC:0x8A1 TSDU bch_err=0 raw=0x7
2026-04-19 18:00:10.871 ,PASSED,control  NAC:0x8A1 TSDU bch_err=0 raw=0x7
2026-04-19 18:00:10.876 ,PASSED,control  NAC:0x8A1 TSDU bch_err=0 raw=0x7
2026-04-19 18:00:10.881 ,PASSED,control  NAC:0x8A1 TSDU bch_err=0 raw=0x7
2026-04-19 18:00:10.884 ,PASSED,control  NAC:0x8A1 TSDU bch_err=0 raw=0x7
2026-04-19 18:00:10.889 ,PASSED,control  NAC:0x8A1 TSDU bch_err=0 raw=0x7
2026-04-19 18:00:10.893 ,PASSED,control  NAC:0x8A1 TSDU bch_err=0 raw=0x7
2026-04-19 18:00:10.896 ,PASSED,control  NAC:0x8A1 TSDU bch_err=0 raw=0x7
2026-04-19 18:00:10.900 ,PASSED,control  NAC:0x8A1 TSDU bch_err=0 raw=0x7
2026-04-19 18:00:10.904 ,PASSED,control  NAC:0x8A1 TSDU bch_err=0 raw=0x7
2026-04-19 18:00:10.909 ,PASSED,control  NAC:0x8A1 TSDU bch_err=0 raw=0x7
2026-04-19 18:00:10.912 ,PASSED,control  NAC:0x8A1 TSDU bch_err=0 raw=0x7
2026-04-19 18:00:10.916 ,PASSED,control  NAC:0x8A1 TSDU bch_err=0 raw=0x7
2026-04-19 18:00:10.920 ,PASSED,control  NAC:0x8A1 TSDU bch_err=0 raw=0x7
2026-04-19 18:00:10.925 ,PASSED,control  NAC:0x8A1 TSDU bch_err=0 raw=0x7
2026-04-19 18:00:10.929 ,PASSED,control  NAC:0x8A1 TSDU bch_err=0 raw=0x7
2026-04-19 18:00:10.932 ,PASSED,control  NAC:0x8A1 TSDU bch_err=0 raw=0x7
2026-04-19 18:00:10.936 ,PASSED,control  NAC:0x8A1 TSDU bch_err=0 raw=0x7
2026-04-19 18:00:10.938 ,PASSED,control  NAC:0x8A1 TSDU bch_err=0 raw=0x7
2026-04-19 18:00:10.941 ,PASSED,control  NAC:0x8A1 TSDU bch_err=0 raw=0x7
2026-04-19 18:00:10.944 ,PASSED,control  NAC:0x8A1 TSDU bch_err=0 raw=0x7
2026-04-19 18:00:10.948 ,CORRECTED,control  NAC:0x8A1 TSDU bch_err=2 raw=0x2
2026-04-19 18:00:10.951 ,PASSED,control  NAC:0x8A1 TSDU bch_err=0 raw=0x7
2026-04-19 18:00:10.956 ,CORRECTED,control  NAC:0x8A1 TSDU bch_err=1 raw=0x6
2026-04-19 18:00:10.959 ,PASSED,control  NAC:0x8A1 TSDU bch_err=0 raw=0x7
2026-04-19 18:00:10.962 ,PASSED,control  NAC:0x8A1 TSDU bch_err=0 raw=0x7
2026-04-19 18:00:10.964 ,PASSED,control  NAC:0x8A1 TSDU bch_err=0 raw=0x7
2026-04-19 18:00:10.967 ,PASSED,control  NAC:0x8A1 TSDU bch_err=0 raw=0x7
2026-04-19 18:00:10.970 ,PASSED,control  NAC:0x8A1 TSDU bch_err=0 raw=0x7
2026-04-19 18:00:10.973 ,PASSED,control  NAC:0x8A1 TSDU bch_err=0 raw=0x7
2026-04-19 18:00:10.975 ,PASSED,control  NAC:0x8A1 TSDU bch_err=0 raw=0x7
2026-04-19 18:00:10.978 ,PASSED,control  NAC:0x8A1 TSDU bch_err=0 raw=0x7
2026-04-19 18:00:10.981 ,PASSED,control  NAC:0x8A1 TSDU bch_err=0 raw=0x7
2026-04-19 18:00:10.983 ,PASSED,control  NAC:0x8A1 TSDU bch_err=0 raw=0x7
2026-04-19 18:00:10.986 ,PASSED,control  NAC:0x8A1 TSDU bch_err=0 raw=0x7
2026-04-19 18:00:10.989 ,PASSED,control  NAC:0x8A1 TSDU bch_err=0 raw=0x7
2026-04-19 18:00:10.991 ,PASSED,control  NAC:0x8A1 TSDU bch_err=0 raw=0x7
2026-04-19 18:00:10.994 ,PASSED,control  NAC:0x8A1 TSDU bch_err=0 raw=0x7
2026-04-19 18:00:10.997 ,PASSED,control  NAC:0x8A1 TSDU bch_err=0 raw=0x7
2026-04-19 18:00:11.000 ,PASSED,control  NAC:0x8A1 TSDU bch_err=0 raw=0x7
2026-04-19 18:00:11.002 ,PASSED,control  NAC:0x8A1 TSDU bch_err=0 raw=0x7
2026-04-19 18:00:14.273 ,PASSED,control  NAC:0x8A1 TSDU bch_err=0 raw=0x7
2026-04-19 18:00:14.276 ,PASSED,control  NAC:0x8A1 TSDU bch_err=0 raw=0x7
2026-04-19 18:00:14.278 ,PASSED,control  NAC:0x8A1 TSDU bch_err=0 raw=0x7
2026-04-19 18:00:14.281 ,PASSED,control  NAC:0x8A1 TSDU bch_err=0 raw=0x7
2026-04-19 18:00:14.284 ,PASSED,control  NAC:0x8A1 TSDU bch_err=0 raw=0x7
2026-04-19 18:00:14.287 ,PASSED,control  NAC:0x8A1 TSDU bch_err=0 raw=0x7
2026-04-19 18:00:14.290 ,PASSED,control  NAC:0x8A1 TSDU bch_err=0 raw=0x7
2026-04-19 18:00:14.293 ,PASSED,control  NAC:0x8A1 TSDU bch_err=0 raw=0x7
2026-04-19 18:00:14.295 ,PASSED,control  NAC:0x8A1 TSDU bch_err=0 raw=0x7
2026-04-19 18:00:14.298 ,PASSED,control  NAC:0x8A1 TSDU bch_err=0 raw=0x7
2026-04-19 18:00:14.301 ,PASSED,control  NAC:0x8A1 TSDU bch_err=0 raw=0x7
2026-04-19 18:00:14.304 ,PASSED,control  NAC:0x8A1 TSDU bch_err=0 raw=0x7
2026-04-19 18:00:14.306 ,PASSED,control  NAC:0x8A1 TSDU bch_err=0 raw=0x7
2026-04-19 18:00:14.309 ,PASSED,control  NAC:0x8A1 TSDU bch_err=0 raw=0x7
2026-04-19 18:00:14.312 ,PASSED,control  NAC:0x8A1 TSDU bch_err=0 raw=0x7
2026-04-19 18:00:14.314 ,PASSED,control  NAC:0x8A1 TSDU bch_err=0 raw=0x7
2026-04-19 18:00:14.319 ,CORRECTED,control  NAC:0x8A1 TSDU bch_err=1 raw=0x7
2026-04-19 18:00:14.322 ,PASSED,control  NAC:0x8A1 TSDU bch_err=0 raw=0x7
2026-04-19 18:00:14.325 ,PASSED,control  NAC:0x8A1 TSDU bch_err=0 raw=0x7
2026-04-19 18:00:14.327 ,PASSED,control  NAC:0x8A1 TSDU bch_err=0 raw=0x7
2026-04-19 18:00:14.330 ,PASSED,control  NAC:0x8A1 TSDU bch_err=0 raw=0x7
2026-04-19 18:00:14.333 ,PASSED,control  NAC:0x8A1 TSDU bch_err=0 raw=0x7
2026-04-19 18:00:14.336 ,PASSED,control  NAC:0x8A1 TSDU bch_err=0 raw=0x7
2026-04-19 18:00:14.338 ,PASSED,control  NAC:0x8A1 TSDU bch_err=0 raw=0x7
2026-04-19 18:00:14.341 ,PASSED,control  NAC:0x8A1 TSDU bch_err=0 raw=0x7
2026-04-19 18:00:14.345 ,CORRECTED,control  NAC:0x8A1 TSDU bch_err=1 raw=0x6
2026-04-19 18:00:14.348 ,PASSED,control  NAC:0x8A1 TSDU bch_err=0 raw=0x7
2026-04-19 18:00:14.351 ,PASSED,control  NAC:0x8A1 TSDU bch_err=0 raw=0x7
2026-04-19 18:00:14.354 ,PASSED,control  NAC:0x8A1 TSDU bch_err=0 raw=0x7
2026-04-19 18:00:14.356 ,PASSED,control  NAC:0x8A1 TSDU bch_err=0 raw=0x7
2026-04-19 18:00:14.359 ,PASSED,control  NAC:0x8A1 TSDU bch_err=0 raw=0x7
2026-04-19 18:00:14.362 ,PASSED,control  NAC:0x8A1 TSDU bch_err=0 raw=0x7
2026-04-19 18:00:14.365 ,PASSED,control  NAC:0x8A1 TSDU bch_err=0 raw=0x7
2026-04-19 18:00:14.367 ,PASSED,control  NAC:0x8A1 TSDU bch_err=0 raw=0x7
2026-04-19 18:00:14.370 ,PASSED,control  NAC:0x8A1 TSDU bch_err=0 raw=0x7
2026-04-19 18:00:14.373 ,PASSED,control  NAC:0x8A1 TSDU bch_err=0 raw=0x7
2026-04-19 18:00:14.375 ,PASSED,control  NAC:0x8A1 TSDU bch_err=0 raw=0x7
2026-04-19 18:00:14.378 ,PASSED,control  NAC:0x8A1 TSDU bch_err=0 raw=0x7
2026-04-19 18:00:14.383 ,CORRECTED,control  NAC:0x8A1 TSDU bch_err=3 raw=0x7
2026-04-19 18:00:14.387 ,CORRECTED,control  NAC:0x8A1 TSDU bch_err=1 raw=0x7
2026-04-19 18:00:14.390 ,PASSED,control  NAC:0x8A1 TSDU bch_err=0 raw=0x7
2026-04-19 18:00:14.393 ,PASSED,control  NAC:0x8A1 TSDU bch_err=0 raw=0x7
2026-04-19 18:00:14.398 ,CORRECTED,control  NAC:0x8A1 TSDU bch_err=2 raw=0x6
2026-04-19 18:00:14.400 ,PASSED,control  NAC:0x8A1 TSDU bch_err=0 raw=0x7
2026-04-19 18:00:17.686 ,PASSED,control  NAC:0x8A1 TSDU bch_err=0 raw=0x7
2026-04-19 18:00:17.688 ,PASSED,control  NAC:0x8A1 TSDU bch_err=0 raw=0x7
2026-04-19 18:00:17.693 ,CORRECTED,control  NAC:0x8A1 TSDU bch_err=1 raw=0x7
2026-04-19 18:00:17.696 ,PASSED,control  NAC:0x8A1 TSDU bch_err=0 raw=0x7
2026-04-19 18:00:17.701 ,CORRECTED,control  NAC:0x8A1 TSDU bch_err=1 raw=0x7
2026-04-19 18:00:17.703 ,PASSED,control  NAC:0x8A1 TSDU bch_err=0 raw=0x7
2026-04-19 18:00:17.706 ,PASSED,control  NAC:0x8A1 TSDU bch_err=0 raw=0x7
2026-04-19 18:00:17.709 ,PASSED,control  NAC:0x8A1 TSDU bch_err=0 raw=0x7
2026-04-19 18:00:17.711 ,PASSED,control  NAC:0x8A1 TSDU bch_err=0 raw=0x7
2026-04-19 18:00:17.716 ,CORRECTED,control  NAC:0x8A1 TSDU bch_err=6 raw=0x7
2026-04-19 18:00:17.719 ,PASSED,control  NAC:0x8A1 TSDU bch_err=0 raw=0x7
2026-04-19 18:00:17.721 ,PASSED,control  NAC:0x8A1 TSDU bch_err=0 raw=0x7
2026-04-19 18:00:17.724 ,PASSED,control  NAC:0x8A1 TSDU bch_err=0 raw=0x7
2026-04-19 18:00:17.727 ,PASSED,control  NAC:0x8A1 TSDU bch_err=0 raw=0x7
2026-04-19 18:00:17.730 ,PASSED,control  NAC:0x8A1 TSDU bch_err=0 raw=0x7
2026-04-19 18:00:17.733 ,PASSED,control  NAC:0x8A1 TSDU bch_err=0 raw=0x7
2026-04-19 18:00:17.737 ,CORRECTED,control  NAC:0x8A1 TSDU bch_err=2 raw=0x7
2026-04-19 18:00:17.740 ,PASSED,control  NAC:0x8A1 TSDU bch_err=0 raw=0x7
2026-04-19 18:00:17.745 ,CORRECTED,control  NAC:0x8A1 TSDU bch_err=1 raw=0x7
2026-04-19 18:00:17.747 ,PASSED,control  NAC:0x8A1 TSDU bch_err=0 raw=0x7
2026-04-19 18:00:17.750 ,PASSED,control  NAC:0x8A1 TSDU bch_err=0 raw=0x7
2026-04-19 18:00:17.753 ,PASSED,control  NAC:0x8A1 TSDU bch_err=0 raw=0x7
2026-04-19 18:00:17.755 ,PASSED,control  NAC:0x8A1 TSDU bch_err=0 raw=0x7
2026-04-19 18:00:17.758 ,PASSED,control  NAC:0x8A1 TSDU bch_err=0 raw=0x7
2026-04-19 18:00:17.761 ,PASSED,control  NAC:0x8A1 TSDU bch_err=0 raw=0x7
2026-04-19 18:00:17.764 ,PASSED,control  NAC:0x8A1 TSDU bch_err=0 raw=0x7
2026-04-19 18:00:17.766 ,PASSED,control  NAC:0x8A1 TSDU bch_err=0 raw=0x7
2026-04-19 18:00:17.769 ,PASSED,control  NAC:0x8A1 TSDU bch_err=0 raw=0x7
2026-04-19 18:00:17.772 ,PASSED,control  NAC:0x8A1 TSDU bch_err=0 raw=0x7
2026-04-19 18:00:17.775 ,PASSED,control  NAC:0x8A1 TSDU bch_err=0 raw=0x7
2026-04-19 18:00:17.777 ,PASSED,control  NAC:0x8A1 TSDU bch_err=0 raw=0x7
2026-04-19 18:00:17.780 ,PASSED,control  NAC:0x8A1 TSDU bch_err=0 raw=0x7
2026-04-19 18:00:17.783 ,PASSED,control  NAC:0x8A1 TSDU bch_err=0 raw=0x7
2026-04-19 18:00:17.785 ,PASSED,control  NAC:0x8A1 TSDU bch_err=0 raw=0x7
2026-04-19 18:00:17.788 ,PASSED,control  NAC:0x8A1 TSDU bch_err=0 raw=0x7
2026-04-19 18:00:17.790 ,PASSED,control  NAC:0x8A1 TSDU bch_err=0 raw=0x7
2026-04-19 18:00:17.793 ,PASSED,control  NAC:0x8A1 TSDU bch_err=0 raw=0x7
2026-04-19 18:00:17.798 ,CORRECTED,control  NAC:0x8A1 TSDU bch_err=1 raw=0x7
2026-04-19 18:00:17.800 ,PASSED,control  NAC:0x8A1 TSDU bch_err=0 raw=0x7
2026-04-19 18:00:17.803 ,PASSED,control  NAC:0x8A1 TSDU bch_err=0 raw=0x7
2026-04-19 18:00:17.806 ,PASSED,control  NAC:0x8A1 TSDU bch_err=0 raw=0x7
2026-04-19 18:00:17.809 ,PASSED,control  NAC:0x8A1 TSDU bch_err=0 raw=0x7
2026-04-19 18:00:21.099 ,PASSED,control  NAC:0x8A1 TSDU bch_err=0 raw=0x7
2026-04-19 18:00:21.102 ,PASSED,control  NAC:0x8A1 TSDU bch_err=0 raw=0x7
2026-04-19 18:00:21.105 ,PASSED,control  NAC:0x8A1 TSDU bch_err=0 raw=0x7
2026-04-19 18:00:21.109 ,PASSED,control  NAC:0x8A1 TSDU bch_err=0 raw=0x7
2026-04-19 18:00:21.112 ,PASSED,control  NAC:0x8A1 TSDU bch_err=0 raw=0x7
2026-04-19 18:00:21.115 ,PASSED,control  NAC:0x8A1 TSDU bch_err=0 raw=0x7
2026-04-19 18:00:21.118 ,PASSED,control  NAC:0x8A1 TSDU bch_err=0 raw=0x7
2026-04-19 18:00:21.121 ,PASSED,control  NAC:0x8A1 TSDU bch_err=0 raw=0x7
2026-04-19 18:00:21.124 ,PASSED,control  NAC:0x8A1 TSDU bch_err=0 raw=0x7
2026-04-19 18:00:21.127 ,PASSED,control  NAC:0x8A1 TSDU bch_err=0 raw=0x7
2026-04-19 18:00:21.130 ,PASSED,control  NAC:0x8A1 TSDU bch_err=0 raw=0x7
2026-04-19 18:00:21.135 ,CORRECTED,control  NAC:0x8A1 TSDU bch_err=1 raw=0x6
2026-04-19 18:00:21.140 ,CORRECTED,control  NAC:0x8A1 TSDU bch_err=1 raw=0x3
2026-04-19 18:00:21.143 ,PASSED,control  NAC:0x8A1 TSDU bch_err=0 raw=0x7
2026-04-19 18:00:21.147 ,PASSED,control  NAC:0x8A1 TSDU bch_err=0 raw=0x7
2026-04-19 18:00:21.150 ,PASSED,control  NAC:0x8A1 TSDU bch_err=0 raw=0x7
2026-04-19 18:00:21.153 ,PASSED,control  NAC:0x8A1 TSDU bch_err=0 raw=0x7
2026-04-19 18:00:21.156 ,PASSED,control  NAC:0x8A1 TSDU bch_err=0 raw=0x7
2026-04-19 18:00:21.159 ,PASSED,control  NAC:0x8A1 TSDU bch_err=0 raw=0x7
2026-04-19 18:00:21.162 ,PASSED,control  NAC:0x8A1 TSDU bch_err=0 raw=0x7
2026-04-19 18:00:21.165 ,PASSED,control  NAC:0x8A1 TSDU bch_err=0 raw=0x7
2026-04-19 18:00:21.168 ,PASSED,control  NAC:0x8A1 TSDU bch_err=0 raw=0x7
2026-04-19 18:00:21.171 ,PASSED,control  NAC:0x8A1 TSDU bch_err=0 raw=0x7
2026-04-19 18:00:21.174 ,PASSED,control  NAC:0x8A1 TSDU bch_err=0 raw=0x7
2026-04-19 18:00:21.177 ,PASSED,control  NAC:0x8A1 TSDU bch_err=0 raw=0x7
2026-04-19 18:00:21.181 ,PASSED,control  NAC:0x8A1 TSDU bch_err=0 raw=0x7
2026-04-19 18:00:21.185 ,CORRECTED,control  NAC:0x8A1 TSDU bch_err=1 raw=0x6
2026-04-19 18:00:21.188 ,PASSED,control  NAC:0x8A1 TSDU bch_err=0 raw=0x7
2026-04-19 18:00:21.191 ,PASSED,control  NAC:0x8A1 TSDU bch_err=0 raw=0x7
2026-04-19 18:00:21.203 ,PASSED,control  NAC:0x8A1 TSDU bch_err=0 raw=0x7
2026-04-19 18:00:21.206 ,PASSED,control  NAC:0x8A1 TSDU bch_err=0 raw=0x7
2026-04-19 18:00:21.209 ,PASSED,control  NAC:0x8A1 TSDU bch_err=0 raw=0x7
2026-04-19 18:00:21.213 ,PASSED,control  NAC:0x8A1 TSDU bch_err=0 raw=0x7
2026-04-19 18:00:21.215 ,PASSED,control  NAC:0x8A1 TSDU bch_err=0 raw=0x7
2026-04-19 18:00:21.218 ,PASSED,control  NAC:0x8A1 TSDU bch_err=0 raw=0x7
2026-04-19 18:00:21.221 ,PASSED,control  NAC:0x8A1 TSDU bch_err=0 raw=0x7
2026-04-19 18:00:21.225 ,PASSED,control  NAC:0x8A1 TSDU bch_err=0 raw=0x7
2026-04-19 18:00:21.227 ,PASSED,control  NAC:0x8A1 TSDU bch_err=0 raw=0x7
2026-04-19 18:00:21.232 ,CORRECTED,control  NAC:0x8A1 TSDU bch_err=1 raw=0x6
2026-04-19 18:00:21.235 ,PASSED,control  NAC:0x8A1 TSDU bch_err=0 raw=0x7
2026-04-19 18:00:21.238 ,PASSED,control  NAC:0x8A1 TSDU bch_err=0 raw=0x7
2026-04-19 18:00:21.243 ,CORRECTED,control  NAC:0x8A1 TSDU bch_err=1 raw=0x7
2026-04-19 18:00:21.246 ,PASSED,control  NAC:0x8A1 TSDU bch_err=0 raw=0x7
2026-04-19 18:00:23.035 ,CORRECTED,ps_c4fm  NAC:0x38A TDU bch_err=11 raw=0x3
2026-04-19 18:00:24.514 ,PASSED,control  NAC:0x8A1 TSDU bch_err=0 raw=0x7
2026-04-19 18:00:24.520 ,CORRECTED,control  NAC:0x8A1 TSDU bch_err=11 raw=0x2
2026-04-19 18:00:24.524 ,PASSED,control  NAC:0x8A1 TSDU bch_err=0 raw=0x7
2026-04-19 18:00:24.527 ,PASSED,control  NAC:0x8A1 TSDU bch_err=0 raw=0x7
2026-04-19 18:00:24.531 ,PASSED,control  NAC:0x8A1 TSDU bch_err=0 raw=0x7
2026-04-19 18:00:24.537 ,CORRECTED,control  NAC:0x8A1 TSDU bch_err=1 raw=0x3
2026-04-19 18:00:24.541 ,PASSED,control  NAC:0x8A1 TSDU bch_err=0 raw=0x7
2026-04-19 18:00:24.545 ,PASSED,control  NAC:0x8A1 TSDU bch_err=0 raw=0x7
2026-04-19 18:00:24.549 ,PASSED,control  NAC:0x8A1 TSDU bch_err=0 raw=0x7
2026-04-19 18:00:24.553 ,PASSED,control  NAC:0x8A1 TSDU bch_err=0 raw=0x7
2026-04-19 18:00:24.557 ,PASSED,control  NAC:0x8A1 TSDU bch_err=0 raw=0x7
2026-04-19 18:00:24.561 ,PASSED,control  NAC:0x8A1 TSDU bch_err=0 raw=0x7
2026-04-19 18:00:24.565 ,PASSED,control  NAC:0x8A1 TSDU bch_err=0 raw=0x7
2026-04-19 18:00:24.568 ,PASSED,control  NAC:0x8A1 TSDU bch_err=0 raw=0x7
2026-04-19 18:00:24.573 ,PASSED,control  NAC:0x8A1 TSDU bch_err=0 raw=0x7
2026-04-19 18:00:24.576 ,PASSED,control  NAC:0x8A1 TSDU bch_err=0 raw=0x7
2026-04-19 18:00:24.580 ,PASSED,control  NAC:0x8A1 TSDU bch_err=0 raw=0x7
2026-04-19 18:00:24.584 ,PASSED,control  NAC:0x8A1 TSDU bch_err=0 raw=0x7
2026-04-19 18:00:24.587 ,PASSED,control  NAC:0x8A1 TSDU bch_err=0 raw=0x7
2026-04-19 18:00:24.591 ,PASSED,control  NAC:0x8A1 TSDU bch_err=0 raw=0x7
2026-04-19 18:00:24.595 ,PASSED,control  NAC:0x8A1 TSDU bch_err=0 raw=0x7
2026-04-19 18:00:24.599 ,PASSED,control  NAC:0x8A1 TSDU bch_err=0 raw=0x7
2026-04-19 18:00:24.603 ,PASSED,control  NAC:0x8A1 TSDU bch_err=0 raw=0x7
2026-04-19 18:00:24.607 ,PASSED,control  NAC:0x8A1 TSDU bch_err=0 raw=0x7
2026-04-19 18:00:24.611 ,PASSED,control  NAC:0x8A1 TSDU bch_err=0 raw=0x7
2026-04-19 18:00:24.615 ,PASSED,control  NAC:0x8A1 TSDU bch_err=0 raw=0x7
2026-04-19 18:00:24.618 ,PASSED,control  NAC:0x8A1 TSDU bch_err=0 raw=0x7
2026-04-19 18:00:24.622 ,PASSED,control  NAC:0x8A1 TSDU bch_err=0 raw=0x7
2026-04-19 18:00:24.625 ,PASSED,control  NAC:0x8A1 TSDU bch_err=0 raw=0x7
2026-04-19 18:00:24.630 ,PASSED,control  NAC:0x8A1 TSDU bch_err=0 raw=0x7
2026-04-19 18:00:24.639 ,PASSED,control  NAC:0x8A1 TSDU bch_err=0 raw=0x7
2026-04-19 18:00:24.644 ,CORRECTED,control  NAC:0x8A1 TSDU bch_err=9 raw=0x2
2026-04-19 18:00:24.649 ,CORRECTED,control  NAC:0x8A1 TSDU bch_err=1 raw=0x7
2026-04-19 18:00:24.655 ,PASSED,control  NAC:0x8A1 TSDU bch_err=0 raw=0x7
2026-04-19 18:00:24.659 ,PASSED,control  NAC:0x8A1 TSDU bch_err=0 raw=0x7
2026-04-19 18:00:24.665 ,CORRECTED,control  NAC:0x8A1 TSDU bch_err=5 raw=0x6
2026-04-19 18:00:24.669 ,PASSED,control  NAC:0x8A1 TSDU bch_err=0 raw=0x7
2026-04-19 18:00:24.672 ,PASSED,control  NAC:0x8A1 TSDU bch_err=0 raw=0x7
2026-04-19 18:00:24.676 ,PASSED,control  NAC:0x8A1 TSDU bch_err=0 raw=0x7
2026-04-19 18:00:24.680 ,PASSED,control  NAC:0x8A1 TSDU bch_err=0 raw=0x7
2026-04-19 18:00:24.686 ,PASSED,control  NAC:0x8A1 TSDU bch_err=0 raw=0x7
2026-04-19 18:00:24.692 ,CORRECTED,control  NAC:0x8A1 TSDU bch_err=1 raw=0x6
2026-04-19 18:00:24.696 ,PASSED,control  NAC:0x8A1 TSDU bch_err=0 raw=0x7
2026-04-19 18:00:27.929 ,CORRECTED,control  NAC:0x8A1 TSDU bch_err=4 raw=0x3
2026-04-19 18:00:27.934 ,CORRECTED,control  NAC:0x8A1 TSDU bch_err=1 raw=0x6
2026-04-19 18:00:27.941 ,CORRECTED,control  NAC:0x8A1 TSDU bch_err=1 raw=0x7
2026-04-19 18:00:27.946 ,PASSED,control  NAC:0x8A1 TSDU bch_err=0 raw=0x7
2026-04-19 18:00:27.950 ,PASSED,control  NAC:0x8A1 TSDU bch_err=0 raw=0x7
2026-04-19 18:00:27.953 ,PASSED,control  NAC:0x8A1 TSDU bch_err=0 raw=0x7
2026-04-19 18:00:27.957 ,PASSED,control  NAC:0x8A1 TSDU bch_err=0 raw=0x7
2026-04-19 18:00:27.961 ,PASSED,control  NAC:0x8A1 TSDU bch_err=0 raw=0x7
2026-04-19 18:00:27.965 ,PASSED,control  NAC:0x8A1 TSDU bch_err=0 raw=0x7
2026-04-19 18:00:27.969 ,PASSED,control  NAC:0x8A1 TSDU bch_err=0 raw=0x7
2026-04-19 18:00:27.972 ,PASSED,control  NAC:0x8A1 TSDU bch_err=0 raw=0x7
2026-04-19 18:00:27.977 ,CORRECTED,control  NAC:0x8A1 TSDU bch_err=6 raw=0x7
2026-04-19 18:00:27.980 ,PASSED,control  NAC:0x8A1 TSDU bch_err=0 raw=0x7
2026-04-19 18:00:27.983 ,PASSED,control  NAC:0x8A1 TSDU bch_err=0 raw=0x7
2026-04-19 18:00:27.986 ,PASSED,control  NAC:0x8A1 TSDU bch_err=0 raw=0x7
2026-04-19 18:00:27.990 ,PASSED,control  NAC:0x8A1 TSDU bch_err=0 raw=0x7
2026-04-19 18:00:27.993 ,PASSED,control  NAC:0x8A1 TSDU bch_err=0 raw=0x7
2026-04-19 18:00:27.997 ,PASSED,control  NAC:0x8A1 TSDU bch_err=0 raw=0x7
2026-04-19 18:00:28.001 ,PASSED,control  NAC:0x8A1 TSDU bch_err=0 raw=0x7
2026-04-19 18:00:28.005 ,PASSED,control  NAC:0x8A1 TSDU bch_err=0 raw=0x7
2026-04-19 18:00:28.008 ,PASSED,control  NAC:0x8A1 TSDU bch_err=0 raw=0x7
2026-04-19 18:00:28.014 ,PASSED,control  NAC:0x8A1 TSDU bch_err=0 raw=0x7
2026-04-19 18:00:28.020 ,CORRECTED,control  NAC:0x8A1 TSDU bch_err=2 raw=0x7
2026-04-19 18:00:28.031 ,CORRECTED,control  NAC:0x8A1 TSDU bch_err=1 raw=0x6
2026-04-19 18:00:28.037 ,CORRECTED,control  NAC:0x8A1 TSDU bch_err=1 raw=0x7
2026-04-19 18:00:28.043 ,CORRECTED,control  NAC:0x8A1 TSDU bch_err=3 raw=0x7
2026-04-19 18:00:28.047 ,PASSED,control  NAC:0x8A1 TSDU bch_err=0 raw=0x7
2026-04-19 18:00:28.051 ,PASSED,control  NAC:0x8A1 TSDU bch_err=0 raw=0x7
2026-04-19 18:00:28.054 ,PASSED,control  NAC:0x8A1 TSDU bch_err=0 raw=0x7
2026-04-19 18:00:28.061 ,CORRECTED,control  NAC:0x8A1 TSDU bch_err=6 raw=0x3
2026-04-19 18:00:28.066 ,CORRECTED,control  NAC:0x8A1 TSDU bch_err=2 raw=0x6
2026-04-19 18:00:28.069 ,PASSED,control  NAC:0x8A1 TSDU bch_err=0 raw=0x7
2026-04-19 18:00:28.073 ,PASSED,control  NAC:0x8A1 TSDU bch_err=0 raw=0x7
2026-04-19 18:00:28.079 ,CORRECTED,control  NAC:0x8A1 TSDU bch_err=1 raw=0x6
2026-04-19 18:00:28.082 ,PASSED,control  NAC:0x8A1 TSDU bch_err=0 raw=0x7
2026-04-19 18:00:28.086 ,PASSED,control  NAC:0x8A1 TSDU bch_err=0 raw=0x7
2026-04-19 18:00:28.089 ,PASSED,control  NAC:0x8A1 TSDU bch_err=0 raw=0x7
2026-04-19 18:00:28.092 ,PASSED,control  NAC:0x8A1 TSDU bch_err=0 raw=0x7
2026-04-19 18:00:28.096 ,PASSED,control  NAC:0x8A1 TSDU bch_err=0 raw=0x7
2026-04-19 18:00:28.099 ,PASSED,control  NAC:0x8A1 TSDU bch_err=0 raw=0x7
2026-04-19 18:00:28.104 ,CORRECTED,control  NAC:0x8A1 TSDU bch_err=4 raw=0x7
2026-04-19 18:00:28.109 ,CORRECTED,control  NAC:0x8A1 TSDU bch_err=2 raw=0x6
2026-04-19 18:00:28.112 ,PASSED,control  NAC:0x8A1 TSDU bch_err=0 raw=0x7
2026-04-19 18:00:31.339 ,PASSED,control  NAC:0x8A1 TSDU bch_err=0 raw=0x7
2026-04-19 18:00:31.342 ,PASSED,control  NAC:0x8A1 TSDU bch_err=0 raw=0x7
2026-04-19 18:00:31.346 ,PASSED,control  NAC:0x8A1 TSDU bch_err=0 raw=0x7
2026-04-19 18:00:31.350 ,PASSED,control  NAC:0x8A1 TSDU bch_err=0 raw=0x7
2026-04-19 18:00:31.354 ,PASSED,control  NAC:0x8A1 TSDU bch_err=0 raw=0x7
2026-04-19 18:00:31.358 ,PASSED,control  NAC:0x8A1 TSDU bch_err=0 raw=0x7
2026-04-19 18:00:31.362 ,PASSED,control  NAC:0x8A1 TSDU bch_err=0 raw=0x7
2026-04-19 18:00:31.367 ,CORRECTED,control  NAC:0x8A1 TSDU bch_err=1 raw=0x3
2026-04-19 18:00:31.371 ,PASSED,control  NAC:0x8A1 TSDU bch_err=0 raw=0x7
2026-04-19 18:00:31.375 ,PASSED,control  NAC:0x8A1 TSDU bch_err=0 raw=0x7
2026-04-19 18:00:31.380 ,CORRECTED,control  NAC:0x8A1 TSDU bch_err=1 raw=0x7
2026-04-19 18:00:31.386 ,CORRECTED,control  NAC:0x8A1 TSDU bch_err=1 raw=0x7
2026-04-19 18:00:31.390 ,PASSED,control  NAC:0x8A1 TSDU bch_err=0 raw=0x7
2026-04-19 18:00:31.395 ,CORRECTED,control  NAC:0x8A1 TSDU bch_err=1 raw=0x7
2026-04-19 18:00:31.401 ,CORRECTED,control  NAC:0x8A1 TSDU bch_err=5 raw=0x2
2026-04-19 18:00:31.406 ,CORRECTED,control  NAC:0x8A1 TSDU bch_err=2 raw=0x7
2026-04-19 18:00:31.412 ,CORRECTED,control  NAC:0x8A1 TSDU bch_err=6 raw=0x7
2026-04-19 18:00:31.414 ,PASSED,control  NAC:0x8A1 TSDU bch_err=0 raw=0x7
2026-04-19 18:00:31.417 ,PASSED,control  NAC:0x8A1 TSDU bch_err=0 raw=0x7
2026-04-19 18:00:31.420 ,PASSED,control  NAC:0x8A1 TSDU bch_err=0 raw=0x7
2026-04-19 18:00:31.423 ,PASSED,control  NAC:0x8A1 TSDU bch_err=0 raw=0x7
2026-04-19 18:00:31.425 ,PASSED,control  NAC:0x8A1 TSDU bch_err=0 raw=0x7
2026-04-19 18:00:31.430 ,CORRECTED,control  NAC:0x8A1 TSDU bch_err=1 raw=0x6
2026-04-19 18:00:31.433 ,PASSED,control  NAC:0x8A1 TSDU bch_err=0 raw=0x7
2026-04-19 18:00:31.435 ,PASSED,control  NAC:0x8A1 TSDU bch_err=0 raw=0x7
2026-04-19 18:00:31.438 ,PASSED,control  NAC:0x8A1 TSDU bch_err=0 raw=0x7
2026-04-19 18:00:31.441 ,PASSED,control  NAC:0x8A1 TSDU bch_err=0 raw=0x7
2026-04-19 18:00:31.444 ,PASSED,control  NAC:0x8A1 TSDU bch_err=0 raw=0x7
2026-04-19 18:00:31.446 ,PASSED,control  NAC:0x8A1 TSDU bch_err=0 raw=0x7
2026-04-19 18:00:31.449 ,PASSED,control  NAC:0x8A1 TSDU bch_err=0 raw=0x7
2026-04-19 18:00:31.452 ,PASSED,control  NAC:0x8A1 TSDU bch_err=0 raw=0x7
2026-04-19 18:00:31.454 ,PASSED,control  NAC:0x8A1 TSDU bch_err=0 raw=0x7
2026-04-19 18:00:31.457 ,PASSED,control  NAC:0x8A1 TSDU bch_err=0 raw=0x7
2026-04-19 18:00:31.460 ,PASSED,control  NAC:0x8A1 TSDU bch_err=0 raw=0x7
2026-04-19 18:00:31.463 ,PASSED,control  NAC:0x8A1 TSDU bch_err=0 raw=0x7
2026-04-19 18:00:31.465 ,PASSED,control  NAC:0x8A1 TSDU bch_err=0 raw=0x7
2026-04-19 18:00:31.468 ,PASSED,control  NAC:0x8A1 TSDU bch_err=0 raw=0x7
2026-04-19 18:00:31.471 ,PASSED,control  NAC:0x8A1 TSDU bch_err=0 raw=0x7
2026-04-19 18:00:31.474 ,PASSED,control  NAC:0x8A1 TSDU bch_err=0 raw=0x7
2026-04-19 18:00:31.476 ,PASSED,control  NAC:0x8A1 TSDU bch_err=0 raw=0x7
2026-04-19 18:00:32.122 ,PASSED,traffic  NAC:0x8A1 TDU_LC bch_err=0 raw=0xF
2026-04-19 18:00:32.122 ,PASSED,traffic  NAC:0x8A1 TDU_LC bch_err=0 raw=?
2026-04-19 18:00:32.127 ,PASSED,traffic  NAC:0x8A1 LDU2 bch_err=0 raw=0xA
2026-04-19 18:00:32.127 ,PASSED,traffic  NAC:0x8A1 LDU2 bch_err=0 raw=?
2026-04-19 18:00:32.130 ,PASSED,traffic  NAC:0x8A1 LDU1 bch_err=0 raw=0x5
2026-04-19 18:00:32.130 ,PASSED,traffic  NAC:0x8A1 LDU1 bch_err=0 raw=?
2026-04-19 18:00:32.133 ,PASSED,traffic  NAC:0x8A1 TDU_LC bch_err=0 raw=0xF
2026-04-19 18:00:32.133 ,PASSED,traffic  NAC:0x8A1 TDU_LC bch_err=0 raw=?
2026-04-19 18:00:32.135 ,PASSED,traffic  NAC:0x8A1 TDU_LC bch_err=0 raw=0xF
2026-04-19 18:00:32.135 ,PASSED,traffic  NAC:0x8A1 TDU_LC bch_err=0 raw=?
2026-04-19 18:00:32.138 ,PASSED,traffic  NAC:0x8A1 TDU_LC bch_err=0 raw=0xF
2026-04-19 18:00:32.138 ,PASSED,traffic  NAC:0x8A1 TDU_LC bch_err=0 raw=?
2026-04-19 18:00:32.140 ,PASSED,traffic  NAC:0x8A1 TDU_LC bch_err=0 raw=0xF
2026-04-19 18:00:32.140 ,PASSED,traffic  NAC:0x8A1 TDU_LC bch_err=0 raw=?
2026-04-19 18:00:32.143 ,PASSED,traffic  NAC:0x8A1 TDU_LC bch_err=0 raw=0xF
2026-04-19 18:00:32.143 ,PASSED,traffic  NAC:0x8A1 TDU_LC bch_err=0 raw=?
2026-04-19 18:00:32.145 ,PASSED,traffic  NAC:0x8A1 TDU_LC bch_err=0 raw=0xF
2026-04-19 18:00:34.752 ,PASSED,control  NAC:0x8A1 TSDU bch_err=0 raw=0x7
2026-04-19 18:00:34.755 ,PASSED,control  NAC:0x8A1 TSDU bch_err=0 raw=0x7
2026-04-19 18:00:34.758 ,PASSED,control  NAC:0x8A1 TSDU bch_err=0 raw=0x7
2026-04-19 18:00:34.761 ,PASSED,control  NAC:0x8A1 TSDU bch_err=0 raw=0x7
2026-04-19 18:00:34.763 ,PASSED,control  NAC:0x8A1 TSDU bch_err=0 raw=0x7
2026-04-19 18:00:34.766 ,PASSED,control  NAC:0x8A1 TSDU bch_err=0 raw=0x7
2026-04-19 18:00:34.768 ,PASSED,control  NAC:0x8A1 TSDU bch_err=0 raw=0x7
2026-04-19 18:00:34.771 ,PASSED,control  NAC:0x8A1 TSDU bch_err=0 raw=0x7
2026-04-19 18:00:34.774 ,PASSED,control  NAC:0x8A1 TSDU bch_err=0 raw=0x7
2026-04-19 18:00:34.777 ,PASSED,control  NAC:0x8A1 TSDU bch_err=0 raw=0x7
2026-04-19 18:00:34.781 ,PASSED,control  NAC:0x8A1 TSDU bch_err=0 raw=0x7
2026-04-19 18:00:34.784 ,PASSED,control  NAC:0x8A1 TSDU bch_err=0 raw=0x7
2026-04-19 18:00:34.789 ,CORRECTED,control  NAC:0x8A1 TSDU bch_err=8 raw=0x6
2026-04-19 18:00:34.792 ,PASSED,control  NAC:0x8A1 TSDU bch_err=0 raw=0x7
2026-04-19 18:00:34.795 ,PASSED,control  NAC:0x8A1 TSDU bch_err=0 raw=0x7
2026-04-19 18:00:34.797 ,PASSED,control  NAC:0x8A1 TSDU bch_err=0 raw=0x7
2026-04-19 18:00:34.802 ,CORRECTED,control  NAC:0x8A1 TSDU bch_err=2 raw=0x6
2026-04-19 18:00:34.805 ,PASSED,control  NAC:0x8A1 TSDU bch_err=0 raw=0x7
2026-04-19 18:00:34.808 ,PASSED,control  NAC:0x8A1 TSDU bch_err=0 raw=0x7
2026-04-19 18:00:34.810 ,PASSED,control  NAC:0x8A1 TSDU bch_err=0 raw=0x7
2026-04-19 18:00:34.813 ,PASSED,control  NAC:0x8A1 TSDU bch_err=0 raw=0x7
2026-04-19 18:00:34.816 ,PASSED,control  NAC:0x8A1 TSDU bch_err=0 raw=0x7
2026-04-19 18:00:34.818 ,PASSED,control  NAC:0x8A1 TSDU bch_err=0 raw=0x7
2026-04-19 18:00:34.821 ,PASSED,control  NAC:0x8A1 TSDU bch_err=0 raw=0x7
2026-04-19 18:00:34.824 ,PASSED,control  NAC:0x8A1 TSDU bch_err=0 raw=0x7
2026-04-19 18:00:34.827 ,PASSED,control  NAC:0x8A1 TSDU bch_err=0 raw=0x7
2026-04-19 18:00:34.829 ,PASSED,control  NAC:0x8A1 TSDU bch_err=0 raw=0x7
2026-04-19 18:00:34.832 ,PASSED,control  NAC:0x8A1 TSDU bch_err=0 raw=0x7
2026-04-19 18:00:34.837 ,CORRECTED,control  NAC:0x8A1 TSDU bch_err=8 raw=0x2
2026-04-19 18:00:34.839 ,PASSED,control  NAC:0x8A1 TSDU bch_err=0 raw=0x7
2026-04-19 18:00:34.842 ,PASSED,control  NAC:0x8A1 TSDU bch_err=0 raw=0x7
2026-04-19 18:00:34.845 ,PASSED,control  NAC:0x8A1 TSDU bch_err=0 raw=0x7
2026-04-19 18:00:34.848 ,PASSED,control  NAC:0x8A1 TSDU bch_err=0 raw=0x7
2026-04-19 18:00:34.851 ,PASSED,control  NAC:0x8A1 TSDU bch_err=0 raw=0x7
2026-04-19 18:00:34.855 ,CORRECTED,control  NAC:0x8A1 TSDU bch_err=2 raw=0x3
2026-04-19 18:00:34.858 ,PASSED,control  NAC:0x8A1 TSDU bch_err=0 raw=0x7
2026-04-19 18:00:34.861 ,PASSED,control  NAC:0x8A1 TSDU bch_err=0 raw=0x7
2026-04-19 18:00:34.863 ,PASSED,control  NAC:0x8A1 TSDU bch_err=0 raw=0x7
2026-04-19 18:00:34.866 ,PASSED,control  NAC:0x8A1 TSDU bch_err=0 raw=0x7
2026-04-19 18:00:34.869 ,PASSED,control  NAC:0x8A1 TSDU bch_err=0 raw=0x7
2026-04-19 18:00:34.872 ,PASSED,control  NAC:0x8A1 TSDU bch_err=0 raw=0x7
2026-04-19 18:00:35.533 ,PASSED,traffic  NAC:0x8A1 TDU_LC bch_err=0 raw=?
2026-04-19 18:00:35.535 ,PASSED,traffic  NAC:0x8A1 TDU_LC bch_err=0 raw=0xF
2026-04-19 18:00:35.536 ,PASSED,traffic  NAC:0x8A1 TDU_LC bch_err=0 raw=?
2026-04-19 18:00:35.538 ,PASSED,traffic  NAC:0x8A1 TDU_LC bch_err=0 raw=0xF
2026-04-19 18:00:35.538 ,PASSED,traffic  NAC:0x8A1 TDU_LC bch_err=0 raw=?
2026-04-19 18:00:35.540 ,PASSED,traffic  NAC:0x8A1 TDU_LC bch_err=0 raw=0xF
2026-04-19 18:00:35.541 ,PASSED,traffic  NAC:0x8A1 TDU_LC bch_err=0 raw=?
2026-04-19 18:00:35.543 ,PASSED,traffic  NAC:0x8A1 TDU_LC bch_err=0 raw=0xF
2026-04-19 18:00:35.543 ,PASSED,traffic  NAC:0x8A1 TDU_LC bch_err=0 raw=?
2026-04-19 18:00:35.546 ,PASSED,traffic  NAC:0x8A1 TDU_LC bch_err=0 raw=0xF
2026-04-19 18:00:35.546 ,PASSED,traffic  NAC:0x8A1 TDU_LC bch_err=0 raw=?
2026-04-19 18:00:35.548 ,PASSED,traffic  NAC:0x8A1 TDU_LC bch_err=0 raw=0xF
2026-04-19 18:00:35.548 ,PASSED,traffic  NAC:0x8A1 TDU_LC bch_err=0 raw=?
2026-04-19 18:00:35.551 ,PASSED,traffic  NAC:0x8A1 TDU_LC bch_err=0 raw=0xF
2026-04-19 18:00:35.551 ,PASSED,traffic  NAC:0x8A1 TDU_LC bch_err=0 raw=?
2026-04-19 18:00:35.553 ,PASSED,traffic  NAC:0x8A1 TDU_LC bch_err=0 raw=0xF
2026-04-19 18:00:35.553 ,PASSED,traffic  NAC:0x8A1 TDU_LC bch_err=0 raw=?
2026-04-19 18:00:35.556 ,PASSED,traffic  NAC:0x8A1 TDU_LC bch_err=0 raw=0xF
2026-04-19 18:00:35.556 ,PASSED,traffic  NAC:0x8A1 TDU_LC bch_err=0 raw=?
2026-04-19 18:00:35.558 ,PASSED,traffic  NAC:0x8A1 TDU_LC bch_err=0 raw=0xF
2026-04-19 18:00:35.558 ,PASSED,traffic  NAC:0x8A1 TDU_LC bch_err=0 raw=?
2026-04-19 18:00:35.561 ,PASSED,traffic  NAC:0x8A1 TDU bch_err=0 raw=0x3
2026-04-19 18:00:35.561 ,PASSED,traffic  NAC:0x8A1 TDU bch_err=0 raw=?
2026-04-19 18:00:35.563 ,PASSED,traffic  NAC:0x8A1 TDU_LC bch_err=0 raw=0xF
2026-04-19 18:00:35.563 ,PASSED,traffic  NAC:0x8A1 TDU_LC bch_err=0 raw=?
2026-04-19 18:00:35.566 ,PASSED,traffic  NAC:0x8A1 TDU_LC bch_err=0 raw=0xF
2026-04-19 18:00:35.566 ,PASSED,traffic  NAC:0x8A1 TDU_LC bch_err=0 raw=?
2026-04-19 18:00:35.568 ,PASSED,traffic  NAC:0x8A1 TDU_LC bch_err=0 raw=0xF
2026-04-19 18:00:35.568 ,PASSED,traffic  NAC:0x8A1 TDU_LC bch_err=0 raw=?
2026-04-19 18:00:35.571 ,PASSED,traffic  NAC:0x8A1 TDU_LC bch_err=0 raw=0xF
2026-04-19 18:00:35.571 ,PASSED,traffic  NAC:0x8A1 TDU_LC bch_err=0 raw=?
2026-04-19 18:00:35.573 ,PASSED,traffic  NAC:0x8A1 TDU_LC bch_err=0 raw=0xF
2026-04-19 18:00:35.573 ,PASSED,traffic  NAC:0x8A1 TDU_LC bch_err=0 raw=?
2026-04-19 18:00:35.576 ,PASSED,traffic  NAC:0x8A1 HDU bch_err=0 raw=0x0
2026-04-19 18:00:35.576 ,PASSED,traffic  NAC:0x8A1 HDU bch_err=0 raw=?
2026-04-19 18:00:35.578 ,PASSED,traffic  NAC:0x8A1 LDU1 bch_err=0 raw=0x5
2026-04-19 18:00:35.578 ,PASSED,traffic  NAC:0x8A1 LDU1 bch_err=0 raw=?
2026-04-19 18:00:35.581 ,PASSED,traffic  NAC:0x8A1 LDU2 bch_err=0 raw=0xA
2026-04-19 18:00:35.581 ,PASSED,traffic  NAC:0x8A1 LDU2 bch_err=0 raw=?
2026-04-19 18:00:35.583 ,PASSED,traffic  NAC:0x8A1 LDU1 bch_err=0 raw=0x5
2026-04-19 18:00:35.584 ,PASSED,traffic  NAC:0x8A1 LDU1 bch_err=0 raw=?
2026-04-19 18:00:35.586 ,PASSED,traffic  NAC:0x8A1 LDU2 bch_err=0 raw=0xA
2026-04-19 18:00:35.586 ,PASSED,traffic  NAC:0x8A1 LDU2 bch_err=0 raw=?
2026-04-19 18:00:35.588 ,PASSED,traffic  NAC:0x8A1 LDU1 bch_err=0 raw=0x5
2026-04-19 18:00:35.589 ,PASSED,traffic  NAC:0x8A1 LDU1 bch_err=0 raw=?
2026-04-19 18:00:35.591 ,PASSED,traffic  NAC:0x8A1 LDU2 bch_err=0 raw=0xA
2026-04-19 18:00:35.591 ,PASSED,traffic  NAC:0x8A1 LDU2 bch_err=0 raw=?
2026-04-19 18:00:35.594 ,PASSED,traffic  NAC:0x8A1 LDU1 bch_err=0 raw=0x5
2026-04-19 18:00:35.594 ,PASSED,traffic  NAC:0x8A1 LDU1 bch_err=0 raw=?
2026-04-19 18:00:35.596 ,PASSED,traffic  NAC:0x8A1 LDU2 bch_err=0 raw=0xA
2026-04-19 18:00:35.597 ,PASSED,traffic  NAC:0x8A1 LDU2 bch_err=0 raw=?
2026-04-19 18:00:35.599 ,PASSED,traffic  NAC:0x8A1 LDU1 bch_err=0 raw=0x5
2026-04-19 18:00:35.599 ,PASSED,traffic  NAC:0x8A1 LDU1 bch_err=0 raw=?
2026-04-19 18:00:35.602 ,PASSED,traffic  NAC:0x8A1 LDU2 bch_err=0 raw=0xA
2026-04-19 18:00:35.602 ,PASSED,traffic  NAC:0x8A1 LDU2 bch_err=0 raw=?
2026-04-19 18:00:35.604 ,PASSED,traffic  NAC:0x8A1 LDU1 bch_err=0 raw=0x5
2026-04-19 18:00:35.605 ,PASSED,traffic  NAC:0x8A1 LDU1 bch_err=0 raw=?
2026-04-19 18:00:35.609 ,CORRECTED,traffic  NAC:0x8A1 LDU2 bch_err=1 raw=0xA
2026-04-19 18:00:35.609 ,PASSED,traffic  NAC:0x8A1 LDU2 bch_err=0 raw=?
2026-04-19 18:00:35.612 ,PASSED,traffic  NAC:0x8A1 LDU1 bch_err=0 raw=0x5
2026-04-19 18:00:35.612 ,PASSED,traffic  NAC:0x8A1 LDU1 bch_err=0 raw=?
2026-04-19 18:00:35.614 ,PASSED,traffic  NAC:0x8A1 TDU_LC bch_err=0 raw=0xF
2026-04-19 18:00:35.614 ,PASSED,traffic  NAC:0x8A1 TDU_LC bch_err=0 raw=?
2026-04-19 18:00:35.617 ,PASSED,traffic  NAC:0x8A1 TDU_LC bch_err=0 raw=0xF
2026-04-19 18:00:35.617 ,PASSED,traffic  NAC:0x8A1 TDU_LC bch_err=0 raw=?
2026-04-19 18:00:35.619 ,PASSED,traffic  NAC:0x8A1 TDU_LC bch_err=0 raw=0xF
2026-04-19 18:00:35.619 ,PASSED,traffic  NAC:0x8A1 TDU_LC bch_err=0 raw=?
2026-04-19 18:00:35.622 ,PASSED,traffic  NAC:0x8A1 TDU_LC bch_err=0 raw=0xF
2026-04-19 18:00:35.622 ,PASSED,traffic  NAC:0x8A1 TDU_LC bch_err=0 raw=?
2026-04-19 18:00:35.624 ,PASSED,traffic  NAC:0x8A1 TDU_LC bch_err=0 raw=0xF
2026-04-19 18:00:35.624 ,PASSED,traffic  NAC:0x8A1 TDU_LC bch_err=0 raw=?
2026-04-19 18:00:35.627 ,PASSED,traffic  NAC:0x8A1 TDU_LC bch_err=0 raw=0xF
2026-04-19 18:00:35.627 ,PASSED,traffic  NAC:0x8A1 TDU_LC bch_err=0 raw=?
2026-04-19 18:00:38.166 ,PASSED,control  NAC:0x8A1 TSDU bch_err=0 raw=0x7
2026-04-19 18:00:38.171 ,CORRECTED,control  NAC:0x8A1 TSDU bch_err=1 raw=0x7
2026-04-19 18:00:38.173 ,PASSED,control  NAC:0x8A1 TSDU bch_err=0 raw=0x7
2026-04-19 18:00:38.178 ,CORRECTED,control  NAC:0x8A1 TSDU bch_err=1 raw=0x7
2026-04-19 18:00:38.181 ,PASSED,control  NAC:0x8A1 TSDU bch_err=0 raw=0x7
2026-04-19 18:00:38.183 ,PASSED,control  NAC:0x8A1 TSDU bch_err=0 raw=0x7
2026-04-19 18:00:38.186 ,PASSED,control  NAC:0x8A1 TSDU bch_err=0 raw=0x7
2026-04-19 18:00:38.189 ,PASSED,control  NAC:0x8A1 TSDU bch_err=0 raw=0x7
2026-04-19 18:00:38.192 ,PASSED,control  NAC:0x8A1 TSDU bch_err=0 raw=0x7
2026-04-19 18:00:38.194 ,PASSED,control  NAC:0x8A1 TSDU bch_err=0 raw=0x7
2026-04-19 18:00:38.197 ,PASSED,control  NAC:0x8A1 TSDU bch_err=0 raw=0x7
2026-04-19 18:00:38.200 ,PASSED,control  NAC:0x8A1 TSDU bch_err=0 raw=0x7
2026-04-19 18:00:38.202 ,PASSED,control  NAC:0x8A1 TSDU bch_err=0 raw=0x7
2026-04-19 18:00:38.205 ,PASSED,control  NAC:0x8A1 TSDU bch_err=0 raw=0x7
2026-04-19 18:00:38.208 ,PASSED,control  NAC:0x8A1 TSDU bch_err=0 raw=0x7
2026-04-19 18:00:38.211 ,PASSED,control  NAC:0x8A1 TSDU bch_err=0 raw=0x7
2026-04-19 18:00:38.213 ,PASSED,control  NAC:0x8A1 TSDU bch_err=0 raw=0x7
2026-04-19 18:00:38.216 ,PASSED,control  NAC:0x8A1 TSDU bch_err=0 raw=0x7
2026-04-19 18:00:38.219 ,PASSED,control  NAC:0x8A1 TSDU bch_err=0 raw=0x7
2026-04-19 18:00:38.222 ,PASSED,control  NAC:0x8A1 TSDU bch_err=0 raw=0x7
2026-04-19 18:00:38.225 ,PASSED,control  NAC:0x8A1 TSDU bch_err=0 raw=0x7
2026-04-19 18:00:38.228 ,PASSED,control  NAC:0x8A1 TSDU bch_err=0 raw=0x7
2026-04-19 18:00:38.230 ,PASSED,control  NAC:0x8A1 TSDU bch_err=0 raw=0x7
2026-04-19 18:00:38.235 ,CORRECTED,control  NAC:0x8A1 TSDU bch_err=6 raw=0x7
2026-04-19 18:00:38.238 ,PASSED,control  NAC:0x8A1 TSDU bch_err=0 raw=0x7
2026-04-19 18:00:38.240 ,PASSED,control  NAC:0x8A1 TSDU bch_err=0 raw=0x7
2026-04-19 18:00:38.243 ,PASSED,control  NAC:0x8A1 TSDU bch_err=0 raw=0x7
2026-04-19 18:00:38.248 ,CORRECTED,control  NAC:0x8A1 TSDU bch_err=1 raw=0x7
2026-04-19 18:00:38.251 ,PASSED,control  NAC:0x8A1 TSDU bch_err=0 raw=0x7
2026-04-19 18:00:38.254 ,PASSED,control  NAC:0x8A1 TSDU bch_err=0 raw=0x7
2026-04-19 18:00:38.258 ,CORRECTED,control  NAC:0x8A1 TSDU bch_err=2 raw=0x7
2026-04-19 18:00:38.261 ,PASSED,control  NAC:0x8A1 TSDU bch_err=0 raw=0x7
2026-04-19 18:00:38.265 ,CORRECTED,control  NAC:0x8A1 TSDU bch_err=2 raw=0x2
2026-04-19 18:00:38.268 ,PASSED,control  NAC:0x8A1 TSDU bch_err=0 raw=0x7
2026-04-19 18:00:38.271 ,PASSED,control  NAC:0x8A1 TSDU bch_err=0 raw=0x7
2026-04-19 18:00:38.275 ,CORRECTED,control  NAC:0x8A1 TSDU bch_err=1 raw=0x7
2026-04-19 18:00:38.278 ,PASSED,control  NAC:0x8A1 TSDU bch_err=0 raw=0x7
2026-04-19 18:00:38.281 ,PASSED,control  NAC:0x8A1 TSDU bch_err=0 raw=0x7
2026-04-19 18:00:38.284 ,PASSED,control  NAC:0x8A1 TSDU bch_err=0 raw=0x7
2026-04-19 18:00:38.287 ,PASSED,control  NAC:0x8A1 TSDU bch_err=0 raw=0x7
2026-04-19 18:00:38.289 ,PASSED,control  NAC:0x8A1 TSDU bch_err=0 raw=0x7
2026-04-19 18:00:38.292 ,PASSED,control  NAC:0x8A1 TSDU bch_err=0 raw=0x7
2026-04-19 18:00:38.295 ,PASSED,control  NAC:0x8A1 TSDU bch_err=0 raw=0x7
2026-04-19 18:00:39.585 ,PASSED,traffic  NAC:0x8A1 TDU_LC bch_err=0 raw=0xF
2026-04-19 18:00:39.585 ,PASSED,traffic  NAC:0x8A1 TDU_LC bch_err=0 raw=?
2026-04-19 18:00:39.588 ,PASSED,traffic  NAC:0x8A1 TDU_LC bch_err=0 raw=0xF
2026-04-19 18:00:39.588 ,PASSED,traffic  NAC:0x8A1 TDU_LC bch_err=0 raw=?
2026-04-19 18:00:39.591 ,PASSED,traffic  NAC:0x8A1 TDU_LC bch_err=0 raw=0xF
2026-04-19 18:00:39.591 ,PASSED,traffic  NAC:0x8A1 TDU_LC bch_err=0 raw=?
2026-04-19 18:00:39.594 ,PASSED,traffic  NAC:0x8A1 TDU_LC bch_err=0 raw=0xF
2026-04-19 18:00:39.594 ,PASSED,traffic  NAC:0x8A1 TDU_LC bch_err=0 raw=?
2026-04-19 18:00:39.597 ,PASSED,traffic  NAC:0x8A1 TDU_LC bch_err=0 raw=0xF
2026-04-19 18:00:39.597 ,PASSED,traffic  NAC:0x8A1 TDU_LC bch_err=0 raw=?
2026-04-19 18:00:39.600 ,PASSED,traffic  NAC:0x8A1 TDU_LC bch_err=0 raw=0xF
2026-04-19 18:00:39.600 ,PASSED,traffic  NAC:0x8A1 TDU_LC bch_err=0 raw=?
2026-04-19 18:00:39.603 ,PASSED,traffic  NAC:0x8A1 TDU_LC bch_err=0 raw=0xF
2026-04-19 18:00:39.604 ,PASSED,traffic  NAC:0x8A1 TDU_LC bch_err=0 raw=?
2026-04-19 18:00:39.607 ,PASSED,traffic  NAC:0x8A1 TDU_LC bch_err=0 raw=0xF
2026-04-19 18:00:39.607 ,PASSED,traffic  NAC:0x8A1 TDU_LC bch_err=0 raw=?
2026-04-19 18:00:39.610 ,PASSED,traffic  NAC:0x8A1 TDU_LC bch_err=0 raw=0xF
2026-04-19 18:00:39.610 ,PASSED,traffic  NAC:0x8A1 TDU_LC bch_err=0 raw=?
2026-04-19 18:00:39.613 ,PASSED,traffic  NAC:0x8A1 TDU_LC bch_err=0 raw=0xF
2026-04-19 18:00:39.613 ,PASSED,traffic  NAC:0x8A1 TDU_LC bch_err=0 raw=?
2026-04-19 18:00:39.616 ,PASSED,traffic  NAC:0x8A1 TDU_LC bch_err=0 raw=0xF
2026-04-19 18:00:39.616 ,PASSED,traffic  NAC:0x8A1 TDU_LC bch_err=0 raw=?
2026-04-19 18:00:39.620 ,PASSED,traffic  NAC:0x8A1 TDU_LC bch_err=0 raw=0xF
2026-04-19 18:00:39.620 ,PASSED,traffic  NAC:0x8A1 TDU_LC bch_err=0 raw=?
2026-04-19 18:00:39.623 ,PASSED,traffic  NAC:0x8A1 TDU_LC bch_err=0 raw=0xF
2026-04-19 18:00:39.623 ,PASSED,traffic  NAC:0x8A1 TDU_LC bch_err=0 raw=?
2026-04-19 18:00:39.626 ,PASSED,traffic  NAC:0x8A1 TDU_LC bch_err=0 raw=0xF
2026-04-19 18:00:39.626 ,PASSED,traffic  NAC:0x8A1 TDU_LC bch_err=0 raw=?
2026-04-19 18:00:39.629 ,PASSED,traffic  NAC:0x8A1 TDU_LC bch_err=0 raw=0xF
2026-04-19 18:00:39.629 ,PASSED,traffic  NAC:0x8A1 TDU_LC bch_err=0 raw=?
2026-04-19 18:00:39.632 ,PASSED,traffic  NAC:0x8A1 TDU_LC bch_err=0 raw=0xF
2026-04-19 18:00:39.632 ,PASSED,traffic  NAC:0x8A1 TDU_LC bch_err=0 raw=?
2026-04-19 18:00:39.635 ,PASSED,traffic  NAC:0x8A1 TDU_LC bch_err=0 raw=0xF
2026-04-19 18:00:39.636 ,PASSED,traffic  NAC:0x8A1 TDU_LC bch_err=0 raw=?
2026-04-19 18:00:39.639 ,PASSED,traffic  NAC:0x8A1 TDU_LC bch_err=0 raw=0xF
2026-04-19 18:00:39.639 ,PASSED,traffic  NAC:0x8A1 TDU_LC bch_err=0 raw=?
2026-04-19 18:00:39.642 ,PASSED,traffic  NAC:0x8A1 TDU_LC bch_err=0 raw=0xF
2026-04-19 18:00:39.642 ,PASSED,traffic  NAC:0x8A1 TDU_LC bch_err=0 raw=?
2026-04-19 18:00:39.645 ,PASSED,traffic  NAC:0x8A1 TDU_LC bch_err=0 raw=0xF
2026-04-19 18:00:39.645 ,PASSED,traffic  NAC:0x8A1 TDU_LC bch_err=0 raw=?
2026-04-19 18:00:39.648 ,PASSED,traffic  NAC:0x8A1 TDU_LC bch_err=0 raw=0xF
2026-04-19 18:00:39.648 ,PASSED,traffic  NAC:0x8A1 TDU_LC bch_err=0 raw=?
2026-04-19 18:00:39.651 ,PASSED,traffic  NAC:0x8A1 TDU_LC bch_err=0 raw=0xF
2026-04-19 18:00:39.651 ,PASSED,traffic  NAC:0x8A1 TDU_LC bch_err=0 raw=?
2026-04-19 18:00:39.654 ,PASSED,traffic  NAC:0x8A1 TDU_LC bch_err=0 raw=0xF
2026-04-19 18:00:39.654 ,PASSED,traffic  NAC:0x8A1 TDU_LC bch_err=0 raw=?
2026-04-19 18:00:39.657 ,PASSED,traffic  NAC:0x8A1 TDU_LC bch_err=0 raw=0xF
2026-04-19 18:00:39.658 ,PASSED,traffic  NAC:0x8A1 TDU_LC bch_err=0 raw=?
2026-04-19 18:00:39.663 ,CORRECTED,traffic  NAC:0x8A1 TDU_LC bch_err=1 raw=0xF
2026-04-19 18:00:39.663 ,PASSED,traffic  NAC:0x8A1 TDU_LC bch_err=0 raw=?
2026-04-19 18:00:39.666 ,PASSED,traffic  NAC:0x8A1 TDU_LC bch_err=0 raw=0xF
2026-04-19 18:00:39.667 ,PASSED,traffic  NAC:0x8A1 TDU_LC bch_err=0 raw=?
2026-04-19 18:00:39.672 ,PASSED,traffic  NAC:0x8A1 TDU_LC bch_err=0 raw=0xF
2026-04-19 18:00:39.672 ,PASSED,traffic  NAC:0x8A1 TDU_LC bch_err=0 raw=?
2026-04-19 18:00:41.579 ,PASSED,control  NAC:0x8A1 TSDU bch_err=0 raw=0x7
2026-04-19 18:00:41.582 ,PASSED,control  NAC:0x8A1 TSDU bch_err=0 raw=0x7
2026-04-19 18:00:41.584 ,PASSED,control  NAC:0x8A1 TSDU bch_err=0 raw=0x7
2026-04-19 18:00:41.587 ,PASSED,control  NAC:0x8A1 TSDU bch_err=0 raw=0x7
2026-04-19 18:00:41.590 ,PASSED,control  NAC:0x8A1 TSDU bch_err=0 raw=0x7
2026-04-19 18:00:41.592 ,PASSED,control  NAC:0x8A1 TSDU bch_err=0 raw=0x7
2026-04-19 18:00:41.595 ,PASSED,control  NAC:0x8A1 TSDU bch_err=0 raw=0x7
2026-04-19 18:00:41.598 ,PASSED,control  NAC:0x8A1 TSDU bch_err=0 raw=0x7
2026-04-19 18:00:41.602 ,CORRECTED,control  NAC:0x8A1 TSDU bch_err=5 raw=0x7
2026-04-19 18:00:41.607 ,CORRECTED,control  NAC:0x8A1 TSDU bch_err=1 raw=0x7
2026-04-19 18:00:41.610 ,PASSED,control  NAC:0x8A1 TSDU bch_err=0 raw=0x7
2026-04-19 18:00:41.612 ,PASSED,control  NAC:0x8A1 TSDU bch_err=0 raw=0x7
2026-04-19 18:00:41.615 ,PASSED,control  NAC:0x8A1 TSDU bch_err=0 raw=0x7
2026-04-19 18:00:41.618 ,PASSED,control  NAC:0x8A1 TSDU bch_err=0 raw=0x7
2026-04-19 18:00:41.621 ,PASSED,control  NAC:0x8A1 TSDU bch_err=0 raw=0x7
2026-04-19 18:00:41.623 ,PASSED,control  NAC:0x8A1 TSDU bch_err=0 raw=0x7
2026-04-19 18:00:41.626 ,PASSED,control  NAC:0x8A1 TSDU bch_err=0 raw=0x7
2026-04-19 18:00:41.629 ,PASSED,control  NAC:0x8A1 TSDU bch_err=0 raw=0x7
2026-04-19 18:00:41.634 ,CORRECTED,control  NAC:0x8A1 TSDU bch_err=1 raw=0x7
2026-04-19 18:00:41.636 ,PASSED,control  NAC:0x8A1 TSDU bch_err=0 raw=0x7
2026-04-19 18:00:41.639 ,PASSED,control  NAC:0x8A1 TSDU bch_err=0 raw=0x7
2026-04-19 18:00:41.641 ,PASSED,control  NAC:0x8A1 TSDU bch_err=0 raw=0x7
2026-04-19 18:00:41.644 ,PASSED,control  NAC:0x8A1 TSDU bch_err=0 raw=0x7
2026-04-19 18:00:41.647 ,PASSED,control  NAC:0x8A1 TSDU bch_err=0 raw=0x7
2026-04-19 18:00:41.650 ,PASSED,control  NAC:0x8A1 TSDU bch_err=0 raw=0x7
2026-04-19 18:00:41.652 ,PASSED,control  NAC:0x8A1 TSDU bch_err=0 raw=0x7
2026-04-19 18:00:41.655 ,PASSED,control  NAC:0x8A1 TSDU bch_err=0 raw=0x7
2026-04-19 18:00:41.659 ,CORRECTED,control  NAC:0x8A1 TSDU bch_err=7 raw=0x3
2026-04-19 18:00:41.662 ,PASSED,control  NAC:0x8A1 TSDU bch_err=0 raw=0x7
2026-04-19 18:00:41.667 ,CORRECTED,control  NAC:0x8A1 TSDU bch_err=5 raw=0x7
2026-04-19 18:00:41.669 ,PASSED,control  NAC:0x8A1 TSDU bch_err=0 raw=0x7
2026-04-19 18:00:41.672 ,PASSED,control  NAC:0x8A1 TSDU bch_err=0 raw=0x7
2026-04-19 18:00:41.675 ,PASSED,control  NAC:0x8A1 TSDU bch_err=0 raw=0x7
2026-04-19 18:00:41.678 ,PASSED,control  NAC:0x8A1 TSDU bch_err=0 raw=0x7
2026-04-19 18:00:41.681 ,PASSED,control  NAC:0x8A1 TSDU bch_err=0 raw=0x7
2026-04-19 18:00:41.684 ,PASSED,control  NAC:0x8A1 TSDU bch_err=0 raw=0x7
2026-04-19 18:00:41.686 ,PASSED,control  NAC:0x8A1 TSDU bch_err=0 raw=0x7
2026-04-19 18:00:41.689 ,PASSED,control  NAC:0x8A1 TSDU bch_err=0 raw=0x7
2026-04-19 18:00:41.692 ,PASSED,control  NAC:0x8A1 TSDU bch_err=0 raw=0x7
2026-04-19 18:00:41.695 ,PASSED,control  NAC:0x8A1 TSDU bch_err=0 raw=0x7
2026-04-19 18:00:41.697 ,PASSED,control  NAC:0x8A1 TSDU bch_err=0 raw=0x7
2026-04-19 18:00:41.702 ,CORRECTED,control  NAC:0x8A1 TSDU bch_err=8 raw=0x3
2026-04-19 18:00:41.705 ,PASSED,control  NAC:0x8A1 TSDU bch_err=0 raw=0x7
2026-04-19 18:00:41.708 ,PASSED,control  NAC:0x8A1 TSDU bch_err=0 raw=0x7
2026-04-19 18:00:44.994 ,CORRECTED,control  NAC:0x8A1 TSDU bch_err=2 raw=0x3
2026-04-19 18:00:44.997 ,PASSED,control  NAC:0x8A1 TSDU bch_err=0 raw=0x7
2026-04-19 18:00:45.002 ,CORRECTED,control  NAC:0x8A1 TSDU bch_err=4 raw=0x7
2026-04-19 18:00:45.004 ,PASSED,control  NAC:0x8A1 TSDU bch_err=0 raw=0x7
2026-04-19 18:00:45.007 ,PASSED,control  NAC:0x8A1 TSDU bch_err=0 raw=0x7
2026-04-19 18:00:45.009 ,PASSED,control  NAC:0x8A1 TSDU bch_err=0 raw=0x7
2026-04-19 18:00:45.012 ,PASSED,control  NAC:0x8A1 TSDU bch_err=0 raw=0x7
2026-04-19 18:00:45.019 ,PASSED,control  NAC:0x8A1 TSDU bch_err=0 raw=0x7
2026-04-19 18:00:45.021 ,PASSED,control  NAC:0x8A1 TSDU bch_err=0 raw=0x7
2026-04-19 18:00:45.024 ,PASSED,control  NAC:0x8A1 TSDU bch_err=0 raw=0x7
2026-04-19 18:00:45.027 ,PASSED,control  NAC:0x8A1 TSDU bch_err=0 raw=0x7
2026-04-19 18:00:45.031 ,CORRECTED,control  NAC:0x8A1 TSDU bch_err=1 raw=0x7
2026-04-19 18:00:45.035 ,CORRECTED,control  NAC:0x8A1 TSDU bch_err=2 raw=0x7
2026-04-19 18:00:45.040 ,CORRECTED,control  NAC:0x8A1 TSDU bch_err=8 raw=0x7
2026-04-19 18:00:45.043 ,PASSED,control  NAC:0x8A1 TSDU bch_err=0 raw=0x7
2026-04-19 18:00:45.047 ,CORRECTED,control  NAC:0x8A1 TSDU bch_err=1 raw=0x7
2026-04-19 18:00:45.050 ,PASSED,control  NAC:0x8A1 TSDU bch_err=0 raw=0x7
2026-04-19 18:00:45.053 ,PASSED,control  NAC:0x8A1 TSDU bch_err=0 raw=0x7
2026-04-19 18:00:45.057 ,CORRECTED,control  NAC:0x8A1 TSDU bch_err=5 raw=0x6
2026-04-19 18:00:45.060 ,PASSED,control  NAC:0x8A1 TSDU bch_err=0 raw=0x7
2026-04-19 18:00:45.063 ,PASSED,control  NAC:0x8A1 TSDU bch_err=0 raw=0x7
2026-04-19 18:00:45.065 ,PASSED,control  NAC:0x8A1 TSDU bch_err=0 raw=0x7
2026-04-19 18:00:45.068 ,PASSED,control  NAC:0x8A1 TSDU bch_err=0 raw=0x7
2026-04-19 18:00:45.070 ,PASSED,control  NAC:0x8A1 TSDU bch_err=0 raw=0x7
2026-04-19 18:00:45.073 ,PASSED,control  NAC:0x8A1 TSDU bch_err=0 raw=0x7
2026-04-19 18:00:45.076 ,PASSED,control  NAC:0x8A1 TSDU bch_err=0 raw=0x7
2026-04-19 18:00:45.079 ,PASSED,control  NAC:0x8A1 TSDU bch_err=0 raw=0x7
2026-04-19 18:00:45.083 ,CORRECTED,control  NAC:0x8A1 TSDU bch_err=1 raw=0x7
2026-04-19 18:00:45.087 ,CORRECTED,control  NAC:0x8A1 TSDU bch_err=1 raw=0x7
2026-04-19 18:00:45.092 ,CORRECTED,control  NAC:0x8A1 TSDU bch_err=8 raw=0x3
2026-04-19 18:00:45.096 ,CORRECTED,control  NAC:0x8A1 TSDU bch_err=1 raw=0x6
2026-04-19 18:00:45.099 ,PASSED,control  NAC:0x8A1 TSDU bch_err=0 raw=0x7
2026-04-19 18:00:45.102 ,PASSED,control  NAC:0x8A1 TSDU bch_err=0 raw=0x7
2026-04-19 18:00:45.105 ,PASSED,control  NAC:0x8A1 TSDU bch_err=0 raw=0x7
2026-04-19 18:00:45.107 ,PASSED,control  NAC:0x8A1 TSDU bch_err=0 raw=0x7
2026-04-19 18:00:45.112 ,CORRECTED,control  NAC:0x8A1 TSDU bch_err=1 raw=0x3
2026-04-19 18:00:45.115 ,PASSED,control  NAC:0x8A1 TSDU bch_err=0 raw=0x7
2026-04-19 18:00:45.117 ,PASSED,control  NAC:0x8A1 TSDU bch_err=0 raw=0x7
2026-04-19 18:00:45.120 ,PASSED,control  NAC:0x8A1 TSDU bch_err=0 raw=0x7
2026-04-19 18:00:45.123 ,PASSED,control  NAC:0x8A1 TSDU bch_err=0 raw=0x7
2026-04-19 18:00:48.406 ,PASSED,control  NAC:0x8A1 TSDU bch_err=0 raw=0x7
2026-04-19 18:00:48.410 ,PASSED,control  NAC:0x8A1 TSDU bch_err=0 raw=0x7
2026-04-19 18:00:48.413 ,PASSED,control  NAC:0x8A1 TSDU bch_err=0 raw=0x7
2026-04-19 18:00:48.417 ,PASSED,control  NAC:0x8A1 TSDU bch_err=0 raw=0x7
2026-04-19 18:00:48.420 ,PASSED,control  NAC:0x8A1 TSDU bch_err=0 raw=0x7
2026-04-19 18:00:48.424 ,PASSED,control  NAC:0x8A1 TSDU bch_err=0 raw=0x7
2026-04-19 18:00:48.428 ,PASSED,control  NAC:0x8A1 TSDU bch_err=0 raw=0x7
2026-04-19 18:00:48.433 ,PASSED,control  NAC:0x8A1 TSDU bch_err=0 raw=0x7
2026-04-19 18:00:48.436 ,PASSED,control  NAC:0x8A1 TSDU bch_err=0 raw=0x7
2026-04-19 18:00:48.440 ,PASSED,control  NAC:0x8A1 TSDU bch_err=0 raw=0x7
2026-04-19 18:00:48.444 ,PASSED,control  NAC:0x8A1 TSDU bch_err=0 raw=0x7
2026-04-19 18:00:48.450 ,CORRECTED,control  NAC:0x8A1 TSDU bch_err=1 raw=0x7
2026-04-19 18:00:48.454 ,PASSED,control  NAC:0x8A1 TSDU bch_err=0 raw=0x7
2026-04-19 18:00:48.459 ,PASSED,control  NAC:0x8A1 TSDU bch_err=0 raw=0x7
2026-04-19 18:00:48.463 ,PASSED,control  NAC:0x8A1 TSDU bch_err=0 raw=0x7
2026-04-19 18:00:48.467 ,PASSED,control  NAC:0x8A1 TSDU bch_err=0 raw=0x7
2026-04-19 18:00:48.470 ,PASSED,control  NAC:0x8A1 TSDU bch_err=0 raw=0x7
2026-04-19 18:00:48.473 ,PASSED,control  NAC:0x8A1 TSDU bch_err=0 raw=0x7
2026-04-19 18:00:48.477 ,PASSED,control  NAC:0x8A1 TSDU bch_err=0 raw=0x7
2026-04-19 18:00:48.481 ,PASSED,control  NAC:0x8A1 TSDU bch_err=0 raw=0x7
2026-04-19 18:00:48.487 ,CORRECTED,control  NAC:0x8A1 TSDU bch_err=2 raw=0x7
2026-04-19 18:00:48.492 ,CORRECTED,control  NAC:0x8A1 TSDU bch_err=1 raw=0x7
2026-04-19 18:00:48.497 ,CORRECTED,control  NAC:0x8A1 TSDU bch_err=1 raw=0x7
2026-04-19 18:00:48.503 ,CORRECTED,control  NAC:0x8A1 TSDU bch_err=2 raw=0x6
2026-04-19 18:00:48.506 ,PASSED,control  NAC:0x8A1 TSDU bch_err=0 raw=0x7
2026-04-19 18:00:48.516 ,CORRECTED,control  NAC:0x8A1 TSDU bch_err=3 raw=0x7
2026-04-19 18:00:48.520 ,PASSED,control  NAC:0x8A1 TSDU bch_err=0 raw=0x7
2026-04-19 18:00:48.524 ,PASSED,control  NAC:0x8A1 TSDU bch_err=0 raw=0x7
2026-04-19 18:00:48.527 ,PASSED,control  NAC:0x8A1 TSDU bch_err=0 raw=0x7
2026-04-19 18:00:48.532 ,PASSED,control  NAC:0x8A1 TSDU bch_err=0 raw=0x7
2026-04-19 18:00:48.536 ,PASSED,control  NAC:0x8A1 TSDU bch_err=0 raw=0x7
2026-04-19 18:00:48.539 ,PASSED,control  NAC:0x8A1 TSDU bch_err=0 raw=0x7
2026-04-19 18:00:48.543 ,PASSED,control  NAC:0x8A1 TSDU bch_err=0 raw=0x7
2026-04-19 18:00:48.552 ,PASSED,control  NAC:0x8A1 TSDU bch_err=0 raw=0x7
2026-04-19 18:00:48.557 ,CORRECTED,control  NAC:0x8A1 TSDU bch_err=8 raw=0x7
2026-04-19 18:00:48.560 ,PASSED,control  NAC:0x8A1 TSDU bch_err=0 raw=0x7
2026-04-19 18:00:48.563 ,PASSED,control  NAC:0x8A1 TSDU bch_err=0 raw=0x7
2026-04-19 18:00:48.567 ,PASSED,control  NAC:0x8A1 TSDU bch_err=0 raw=0x7
2026-04-19 18:00:48.569 ,PASSED,control  NAC:0x8A1 TSDU bch_err=0 raw=0x7
2026-04-19 18:00:48.573 ,PASSED,control  NAC:0x8A1 TSDU bch_err=0 raw=0x7
2026-04-19 18:00:48.577 ,PASSED,control  NAC:0x8A1 TSDU bch_err=0 raw=0x7
2026-04-19 18:00:51.819 ,PASSED,control  NAC:0x8A1 TSDU bch_err=0 raw=0x7
2026-04-19 18:00:51.824 ,PASSED,control  NAC:0x8A1 TSDU bch_err=0 raw=0x7
2026-04-19 18:00:51.827 ,PASSED,control  NAC:0x8A1 TSDU bch_err=0 raw=0x7
2026-04-19 18:00:51.831 ,PASSED,control  NAC:0x8A1 TSDU bch_err=0 raw=0x7
2026-04-19 18:00:51.838 ,PASSED,control  NAC:0x8A1 TSDU bch_err=0 raw=0x7
2026-04-19 18:00:51.842 ,PASSED,control  NAC:0x8A1 TSDU bch_err=0 raw=0x7
2026-04-19 18:00:51.846 ,PASSED,control  NAC:0x8A1 TSDU bch_err=0 raw=0x7
2026-04-19 18:00:51.851 ,CORRECTED,control  NAC:0x8A1 TSDU bch_err=1 raw=0x3
2026-04-19 18:00:51.854 ,PASSED,control  NAC:0x8A1 TSDU bch_err=0 raw=0x7
2026-04-19 18:00:51.857 ,PASSED,control  NAC:0x8A1 TSDU bch_err=0 raw=0x7
2026-04-19 18:00:51.861 ,PASSED,control  NAC:0x8A1 TSDU bch_err=0 raw=0x7
2026-04-19 18:00:51.864 ,PASSED,control  NAC:0x8A1 TSDU bch_err=0 raw=0x7
2026-04-19 18:00:51.867 ,PASSED,control  NAC:0x8A1 TSDU bch_err=0 raw=0x7
2026-04-19 18:00:51.871 ,PASSED,control  NAC:0x8A1 TSDU bch_err=0 raw=0x7
2026-04-19 18:00:51.875 ,PASSED,control  NAC:0x8A1 TSDU bch_err=0 raw=0x7
2026-04-19 18:00:51.880 ,CORRECTED,control  NAC:0x8A1 TSDU bch_err=1 raw=0x3
2026-04-19 18:00:51.885 ,PASSED,control  NAC:0x8A1 TSDU bch_err=0 raw=0x7
2026-04-19 18:00:51.889 ,PASSED,control  NAC:0x8A1 TSDU bch_err=0 raw=0x7
2026-04-19 18:00:51.892 ,PASSED,control  NAC:0x8A1 TSDU bch_err=0 raw=0x7
2026-04-19 18:00:51.896 ,PASSED,control  NAC:0x8A1 TSDU bch_err=0 raw=0x7
2026-04-19 18:00:51.900 ,PASSED,control  NAC:0x8A1 TSDU bch_err=0 raw=0x7
2026-04-19 18:00:51.903 ,PASSED,control  NAC:0x8A1 TSDU bch_err=0 raw=0x7
2026-04-19 18:00:51.908 ,CORRECTED,control  NAC:0x8A1 TSDU bch_err=3 raw=0x7
2026-04-19 18:00:51.916 ,PASSED,control  NAC:0x8A1 TSDU bch_err=0 raw=0x7
2026-04-19 18:00:51.921 ,PASSED,control  NAC:0x8A1 TSDU bch_err=0 raw=0x7
2026-04-19 18:00:51.925 ,PASSED,control  NAC:0x8A1 TSDU bch_err=0 raw=0x7
2026-04-19 18:00:51.930 ,PASSED,control  NAC:0x8A1 TSDU bch_err=0 raw=0x7
2026-04-19 18:00:51.933 ,PASSED,control  NAC:0x8A1 TSDU bch_err=0 raw=0x7
2026-04-19 18:00:51.937 ,PASSED,control  NAC:0x8A1 TSDU bch_err=0 raw=0x7
2026-04-19 18:00:51.941 ,PASSED,control  NAC:0x8A1 TSDU bch_err=0 raw=0x7
2026-04-19 18:00:51.945 ,PASSED,control  NAC:0x8A1 TSDU bch_err=0 raw=0x7
2026-04-19 18:00:51.948 ,PASSED,control  NAC:0x8A1 TSDU bch_err=0 raw=0x7
2026-04-19 18:00:51.954 ,PASSED,control  NAC:0x8A1 TSDU bch_err=0 raw=0x7
2026-04-19 18:00:51.957 ,PASSED,control  NAC:0x8A1 TSDU bch_err=0 raw=0x7
2026-04-19 18:00:51.962 ,PASSED,control  NAC:0x8A1 TSDU bch_err=0 raw=0x7
2026-04-19 18:00:51.965 ,PASSED,control  NAC:0x8A1 TSDU bch_err=0 raw=0x7
2026-04-19 18:00:51.968 ,PASSED,control  NAC:0x8A1 TSDU bch_err=0 raw=0x7
2026-04-19 18:00:51.974 ,PASSED,control  NAC:0x8A1 TSDU bch_err=0 raw=0x7
2026-04-19 18:00:51.977 ,PASSED,control  NAC:0x8A1 TSDU bch_err=0 raw=0x7
2026-04-19 18:00:51.982 ,PASSED,control  NAC:0x8A1 TSDU bch_err=0 raw=0x7
2026-04-19 18:00:51.986 ,PASSED,control  NAC:0x8A1 TSDU bch_err=0 raw=0x7
2026-04-19 18:00:55.232 ,PASSED,control  NAC:0x8A1 TSDU bch_err=0 raw=0x7
2026-04-19 18:00:55.235 ,PASSED,control  NAC:0x8A1 TSDU bch_err=0 raw=0x7
2026-04-19 18:00:55.237 ,PASSED,control  NAC:0x8A1 TSDU bch_err=0 raw=0x7
2026-04-19 18:00:55.240 ,PASSED,control  NAC:0x8A1 TSDU bch_err=0 raw=0x7
2026-04-19 18:00:55.243 ,PASSED,control  NAC:0x8A1 TSDU bch_err=0 raw=0x7
2026-04-19 18:00:55.246 ,PASSED,control  NAC:0x8A1 TSDU bch_err=0 raw=0x7
2026-04-19 18:00:55.249 ,PASSED,control  NAC:0x8A1 TSDU bch_err=0 raw=0x7
2026-04-19 18:00:55.252 ,PASSED,control  NAC:0x8A1 TSDU bch_err=0 raw=0x7
2026-04-19 18:00:55.260 ,CORRECTED,control  NAC:0x8A1 TSDU bch_err=7 raw=0x7
2026-04-19 18:00:55.263 ,PASSED,control  NAC:0x8A1 TSDU bch_err=0 raw=0x7
2026-04-19 18:00:55.266 ,PASSED,control  NAC:0x8A1 TSDU bch_err=0 raw=0x7
2026-04-19 18:00:55.268 ,PASSED,control  NAC:0x8A1 TSDU bch_err=0 raw=0x7
2026-04-19 18:00:55.271 ,PASSED,control  NAC:0x8A1 TSDU bch_err=0 raw=0x7
2026-04-19 18:00:55.274 ,PASSED,control  NAC:0x8A1 TSDU bch_err=0 raw=0x7
2026-04-19 18:00:55.277 ,PASSED,control  NAC:0x8A1 TSDU bch_err=0 raw=0x7
2026-04-19 18:00:55.279 ,PASSED,control  NAC:0x8A1 TSDU bch_err=0 raw=0x7
2026-04-19 18:00:55.282 ,PASSED,control  NAC:0x8A1 TSDU bch_err=0 raw=0x7
2026-04-19 18:00:55.285 ,PASSED,control  NAC:0x8A1 TSDU bch_err=0 raw=0x7
2026-04-19 18:00:55.288 ,PASSED,control  NAC:0x8A1 TSDU bch_err=0 raw=0x7
2026-04-19 18:00:55.290 ,PASSED,control  NAC:0x8A1 TSDU bch_err=0 raw=0x7
2026-04-19 18:00:55.293 ,PASSED,control  NAC:0x8A1 TSDU bch_err=0 raw=0x7
2026-04-19 18:00:55.296 ,PASSED,control  NAC:0x8A1 TSDU bch_err=0 raw=0x7
2026-04-19 18:00:55.300 ,PASSED,control  NAC:0x8A1 TSDU bch_err=0 raw=0x7
2026-04-19 18:00:55.304 ,PASSED,control  NAC:0x8A1 TSDU bch_err=0 raw=0x7
2026-04-19 18:00:55.308 ,PASSED,control  NAC:0x8A1 TSDU bch_err=0 raw=0x7
2026-04-19 18:00:55.312 ,PASSED,control  NAC:0x8A1 TSDU bch_err=0 raw=0x7
2026-04-19 18:00:55.316 ,PASSED,control  NAC:0x8A1 TSDU bch_err=0 raw=0x7
2026-04-19 18:00:55.320 ,PASSED,control  NAC:0x8A1 TSDU bch_err=0 raw=0x7
2026-04-19 18:00:55.323 ,PASSED,control  NAC:0x8A1 TSDU bch_err=0 raw=0x7
2026-04-19 18:00:55.328 ,PASSED,control  NAC:0x8A1 TSDU bch_err=0 raw=0x7
2026-04-19 18:00:55.332 ,PASSED,control  NAC:0x8A1 TSDU bch_err=0 raw=0x7
2026-04-19 18:00:55.336 ,PASSED,control  NAC:0x8A1 TSDU bch_err=0 raw=0x7
2026-04-19 18:00:55.341 ,PASSED,control  NAC:0x8A1 TSDU bch_err=0 raw=0x7
2026-04-19 18:00:55.345 ,PASSED,control  NAC:0x8A1 TSDU bch_err=0 raw=0x7
2026-04-19 18:00:55.351 ,CORRECTED,control  NAC:0x8A1 TSDU bch_err=1 raw=0x6
2026-04-19 18:00:55.354 ,PASSED,control  NAC:0x8A1 TSDU bch_err=0 raw=0x7
2026-04-19 18:00:55.359 ,PASSED,control  NAC:0x8A1 TSDU bch_err=0 raw=0x7
2026-04-19 18:00:55.363 ,CORRECTED,control  NAC:0x8A1 TSDU bch_err=1 raw=0x7
2026-04-19 18:00:55.366 ,PASSED,control  NAC:0x8A1 TSDU bch_err=0 raw=0x7
2026-04-19 18:00:55.369 ,PASSED,control  NAC:0x8A1 TSDU bch_err=0 raw=0x7
2026-04-19 18:00:55.372 ,PASSED,control  NAC:0x8A1 TSDU bch_err=0 raw=0x7
2026-04-19 18:00:55.374 ,PASSED,control  NAC:0x8A1 TSDU bch_err=0 raw=0x7
2026-04-19 18:00:55.377 ,PASSED,control  NAC:0x8A1 TSDU bch_err=0 raw=0x7
2026-04-19 18:00:58.646 ,PASSED,control  NAC:0x8A1 TSDU bch_err=0 raw=0x7
2026-04-19 18:00:58.649 ,PASSED,control  NAC:0x8A1 TSDU bch_err=0 raw=0x7
2026-04-19 18:00:58.653 ,PASSED,control  NAC:0x8A1 TSDU bch_err=0 raw=0x7
2026-04-19 18:00:58.657 ,PASSED,control  NAC:0x8A1 TSDU bch_err=0 raw=0x7
2026-04-19 18:00:58.660 ,PASSED,control  NAC:0x8A1 TSDU bch_err=0 raw=0x7
2026-04-19 18:00:58.664 ,PASSED,control  NAC:0x8A1 TSDU bch_err=0 raw=0x7
2026-04-19 18:00:58.667 ,PASSED,control  NAC:0x8A1 TSDU bch_err=0 raw=0x7
2026-04-19 18:00:58.670 ,PASSED,control  NAC:0x8A1 TSDU bch_err=0 raw=0x7
2026-04-19 18:00:58.674 ,PASSED,control  NAC:0x8A1 TSDU bch_err=0 raw=0x7
2026-04-19 18:00:58.677 ,PASSED,control  NAC:0x8A1 TSDU bch_err=0 raw=0x7
2026-04-19 18:00:58.679 ,PASSED,control  NAC:0x8A1 TSDU bch_err=0 raw=0x7
2026-04-19 18:00:58.682 ,PASSED,control  NAC:0x8A1 TSDU bch_err=0 raw=0x7
2026-04-19 18:00:58.685 ,PASSED,control  NAC:0x8A1 TSDU bch_err=0 raw=0x7
2026-04-19 18:00:58.690 ,CORRECTED,control  NAC:0x8A1 TSDU bch_err=1 raw=0x7
2026-04-19 18:00:58.692 ,PASSED,control  NAC:0x8A1 TSDU bch_err=0 raw=0x7
2026-04-19 18:00:58.695 ,PASSED,control  NAC:0x8A1 TSDU bch_err=0 raw=0x7
2026-04-19 18:00:58.698 ,PASSED,control  NAC:0x8A1 TSDU bch_err=0 raw=0x7
2026-04-19 18:00:58.701 ,PASSED,control  NAC:0x8A1 TSDU bch_err=0 raw=0x7
2026-04-19 18:00:58.703 ,PASSED,control  NAC:0x8A1 TSDU bch_err=0 raw=0x7
2026-04-19 18:00:58.706 ,PASSED,control  NAC:0x8A1 TSDU bch_err=0 raw=0x7
2026-04-19 18:00:58.709 ,PASSED,control  NAC:0x8A1 TSDU bch_err=0 raw=0x7
2026-04-19 18:00:58.712 ,PASSED,control  NAC:0x8A1 TSDU bch_err=0 raw=0x7
2026-04-19 18:00:58.714 ,PASSED,control  NAC:0x8A1 TSDU bch_err=0 raw=0x7
2026-04-19 18:00:58.717 ,PASSED,control  NAC:0x8A1 TSDU bch_err=0 raw=0x7
2026-04-19 18:00:58.720 ,PASSED,control  NAC:0x8A1 TSDU bch_err=0 raw=0x7
2026-04-19 18:00:58.723 ,PASSED,control  NAC:0x8A1 TSDU bch_err=0 raw=0x7
2026-04-19 18:00:58.725 ,PASSED,control  NAC:0x8A1 TSDU bch_err=0 raw=0x7
2026-04-19 18:00:58.728 ,PASSED,control  NAC:0x8A1 TSDU bch_err=0 raw=0x7
2026-04-19 18:00:58.731 ,PASSED,control  NAC:0x8A1 TSDU bch_err=0 raw=0x7
2026-04-19 18:00:58.733 ,PASSED,control  NAC:0x8A1 TSDU bch_err=0 raw=0x7
2026-04-19 18:00:58.736 ,PASSED,control  NAC:0x8A1 TSDU bch_err=0 raw=0x7
2026-04-19 18:00:58.739 ,PASSED,control  NAC:0x8A1 TSDU bch_err=0 raw=0x7
2026-04-19 18:00:58.742 ,PASSED,control  NAC:0x8A1 TSDU bch_err=0 raw=0x7
2026-04-19 18:00:58.745 ,PASSED,control  NAC:0x8A1 TSDU bch_err=0 raw=0x7
2026-04-19 18:00:58.747 ,PASSED,control  NAC:0x8A1 TSDU bch_err=0 raw=0x7
2026-04-19 18:00:58.750 ,PASSED,control  NAC:0x8A1 TSDU bch_err=0 raw=0x7
2026-04-19 18:00:58.753 ,PASSED,control  NAC:0x8A1 TSDU bch_err=0 raw=0x7
2026-04-19 18:00:58.756 ,PASSED,control  NAC:0x8A1 TSDU bch_err=0 raw=0x7
2026-04-19 18:00:58.758 ,PASSED,control  NAC:0x8A1 TSDU bch_err=0 raw=0x7
2026-04-19 18:01:02.059 ,PASSED,control  NAC:0x8A1 TSDU bch_err=0 raw=0x7
2026-04-19 18:01:02.061 ,PASSED,control  NAC:0x8A1 TSDU bch_err=0 raw=0x7
2026-04-19 18:01:02.064 ,PASSED,control  NAC:0x8A1 TSDU bch_err=0 raw=0x7
2026-04-19 18:01:02.067 ,PASSED,control  NAC:0x8A1 TSDU bch_err=0 raw=0x7
2026-04-19 18:01:02.069 ,PASSED,control  NAC:0x8A1 TSDU bch_err=0 raw=0x7
2026-04-19 18:01:02.072 ,PASSED,control  NAC:0x8A1 TSDU bch_err=0 raw=0x7
2026-04-19 18:01:02.075 ,PASSED,control  NAC:0x8A1 TSDU bch_err=0 raw=0x7
2026-04-19 18:01:02.078 ,PASSED,control  NAC:0x8A1 TSDU bch_err=0 raw=0x7
2026-04-19 18:01:02.082 ,CORRECTED,control  NAC:0x8A1 TSDU bch_err=1 raw=0x6
2026-04-19 18:01:02.085 ,PASSED,control  NAC:0x8A1 TSDU bch_err=0 raw=0x7
2026-04-19 18:01:02.088 ,PASSED,control  NAC:0x8A1 TSDU bch_err=0 raw=0x7
2026-04-19 18:01:02.090 ,PASSED,control  NAC:0x8A1 TSDU bch_err=0 raw=0x7
2026-04-19 18:01:02.093 ,PASSED,control  NAC:0x8A1 TSDU bch_err=0 raw=0x7
2026-04-19 18:01:02.096 ,PASSED,control  NAC:0x8A1 TSDU bch_err=0 raw=0x7
2026-04-19 18:01:02.099 ,PASSED,control  NAC:0x8A1 TSDU bch_err=0 raw=0x7
2026-04-19 18:01:02.102 ,PASSED,control  NAC:0x8A1 TSDU bch_err=0 raw=0x7
2026-04-19 18:01:02.106 ,CORRECTED,control  NAC:0x8A1 TSDU bch_err=2 raw=0x3
2026-04-19 18:01:02.111 ,CORRECTED,control  NAC:0x8A1 TSDU bch_err=1 raw=0x7
2026-04-19 18:01:02.113 ,PASSED,control  NAC:0x8A1 TSDU bch_err=0 raw=0x7
2026-04-19 18:01:02.116 ,PASSED,control  NAC:0x8A1 TSDU bch_err=0 raw=0x7
2026-04-19 18:01:02.119 ,PASSED,control  NAC:0x8A1 TSDU bch_err=0 raw=0x7
2026-04-19 18:01:02.122 ,PASSED,control  NAC:0x8A1 TSDU bch_err=0 raw=0x7
2026-04-19 18:01:02.124 ,PASSED,control  NAC:0x8A1 TSDU bch_err=0 raw=0x7
2026-04-19 18:01:02.127 ,PASSED,control  NAC:0x8A1 TSDU bch_err=0 raw=0x7
2026-04-19 18:01:02.130 ,PASSED,control  NAC:0x8A1 TSDU bch_err=0 raw=0x7
2026-04-19 18:01:02.133 ,PASSED,control  NAC:0x8A1 TSDU bch_err=0 raw=0x7
2026-04-19 18:01:02.136 ,PASSED,control  NAC:0x8A1 TSDU bch_err=0 raw=0x7
2026-04-19 18:01:02.139 ,PASSED,control  NAC:0x8A1 TSDU bch_err=0 raw=0x7
2026-04-19 18:01:02.142 ,PASSED,control  NAC:0x8A1 TSDU bch_err=0 raw=0x7
2026-04-19 18:01:02.145 ,PASSED,control  NAC:0x8A1 TSDU bch_err=0 raw=0x7
2026-04-19 18:01:02.148 ,PASSED,control  NAC:0x8A1 TSDU bch_err=0 raw=0x7
2026-04-19 18:01:02.151 ,PASSED,control  NAC:0x8A1 TSDU bch_err=0 raw=0x7
2026-04-19 18:01:02.153 ,PASSED,control  NAC:0x8A1 TSDU bch_err=0 raw=0x7
2026-04-19 18:01:02.156 ,PASSED,control  NAC:0x8A1 TSDU bch_err=0 raw=0x7
2026-04-19 18:01:02.159 ,PASSED,control  NAC:0x8A1 TSDU bch_err=0 raw=0x7
2026-04-19 18:01:02.161 ,PASSED,control  NAC:0x8A1 TSDU bch_err=0 raw=0x7
2026-04-19 18:01:02.164 ,PASSED,control  NAC:0x8A1 TSDU bch_err=0 raw=0x7
2026-04-19 18:01:02.167 ,PASSED,control  NAC:0x8A1 TSDU bch_err=0 raw=0x7
2026-04-19 18:01:02.170 ,PASSED,control  NAC:0x8A1 TSDU bch_err=0 raw=0x7
2026-04-19 18:01:02.172 ,PASSED,control  NAC:0x8A1 TSDU bch_err=0 raw=0x7
2026-04-19 18:01:02.175 ,PASSED,control  NAC:0x8A1 TSDU bch_err=0 raw=0x7
2026-04-19 18:01:02.178 ,PASSED,control  NAC:0x8A1 TSDU bch_err=0 raw=0x7
2026-04-19 18:01:02.181 ,PASSED,control  NAC:0x8A1 TSDU bch_err=0 raw=0x7
2026-04-19 18:01:02.183 ,PASSED,control  NAC:0x8A1 TSDU bch_err=0 raw=0x7
2026-04-19 18:01:02.186 ,PASSED,control  NAC:0x8A1 TSDU bch_err=0 raw=0x7
2026-04-19 18:01:05.472 ,PASSED,control  NAC:0x8A1 TSDU bch_err=0 raw=0x7
2026-04-19 18:01:05.475 ,PASSED,control  NAC:0x8A1 TSDU bch_err=0 raw=0x7
2026-04-19 18:01:05.478 ,PASSED,control  NAC:0x8A1 TSDU bch_err=0 raw=0x7
2026-04-19 18:01:05.481 ,PASSED,control  NAC:0x8A1 TSDU bch_err=0 raw=0x7
2026-04-19 18:01:05.483 ,PASSED,control  NAC:0x8A1 TSDU bch_err=0 raw=0x7
2026-04-19 18:01:05.486 ,PASSED,control  NAC:0x8A1 TSDU bch_err=0 raw=0x7
2026-04-19 18:01:05.489 ,PASSED,control  NAC:0x8A1 TSDU bch_err=0 raw=0x7
2026-04-19 18:01:05.491 ,PASSED,control  NAC:0x8A1 TSDU bch_err=0 raw=0x7
2026-04-19 18:01:05.496 ,CORRECTED,control  NAC:0x8A1 TSDU bch_err=3 raw=0x3
2026-04-19 18:01:05.499 ,PASSED,control  NAC:0x8A1 TSDU bch_err=0 raw=0x7
2026-04-19 18:01:05.502 ,PASSED,control  NAC:0x8A1 TSDU bch_err=0 raw=0x7
2026-04-19 18:01:05.504 ,PASSED,control  NAC:0x8A1 TSDU bch_err=0 raw=0x7
2026-04-19 18:01:05.509 ,CORRECTED,control  NAC:0x8A1 TSDU bch_err=4 raw=0x7
2026-04-19 18:01:05.514 ,CORRECTED,control  NAC:0x8A1 TSDU bch_err=3 raw=0x7
2026-04-19 18:01:05.518 ,CORRECTED,control  NAC:0x8A1 TSDU bch_err=3 raw=0x7
2026-04-19 18:01:05.523 ,CORRECTED,control  NAC:0x8A1 TSDU bch_err=2 raw=0x7
2026-04-19 18:01:05.526 ,PASSED,control  NAC:0x8A1 TSDU bch_err=0 raw=0x7
2026-04-19 18:01:05.530 ,CORRECTED,control  NAC:0x8A1 TSDU bch_err=10 raw=0x6
2026-04-19 18:01:05.533 ,PASSED,control  NAC:0x8A1 TSDU bch_err=0 raw=0x7
2026-04-19 18:01:05.540 ,PASSED,control  NAC:0x8A1 TSDU bch_err=0 raw=0x7
2026-04-19 18:01:05.542 ,PASSED,control  NAC:0x8A1 TSDU bch_err=0 raw=0x7
2026-04-19 18:01:05.545 ,PASSED,control  NAC:0x8A1 TSDU bch_err=0 raw=0x7
2026-04-19 18:01:05.548 ,PASSED,control  NAC:0x8A1 TSDU bch_err=0 raw=0x7
2026-04-19 18:01:05.552 ,CORRECTED,control  NAC:0x8A1 TSDU bch_err=2 raw=0x7
2026-04-19 18:01:05.555 ,PASSED,control  NAC:0x8A1 TSDU bch_err=0 raw=0x7
2026-04-19 18:01:05.560 ,CORRECTED,control  NAC:0x8A1 TSDU bch_err=5 raw=0x7
2026-04-19 18:01:05.563 ,PASSED,control  NAC:0x8A1 TSDU bch_err=0 raw=0x7
2026-04-19 18:01:05.567 ,CORRECTED,control  NAC:0x8A1 TSDU bch_err=1 raw=0x7
2026-04-19 18:01:05.570 ,PASSED,control  NAC:0x8A1 TSDU bch_err=0 raw=0x7
2026-04-19 18:01:05.572 ,PASSED,control  NAC:0x8A1 TSDU bch_err=0 raw=0x7
2026-04-19 18:01:05.575 ,PASSED,control  NAC:0x8A1 TSDU bch_err=0 raw=0x7
2026-04-19 18:01:05.578 ,PASSED,control  NAC:0x8A1 TSDU bch_err=0 raw=0x7
2026-04-19 18:01:05.582 ,CORRECTED,control  NAC:0x8A1 TSDU bch_err=4 raw=0x7
2026-04-19 18:01:05.585 ,PASSED,control  NAC:0x8A1 TSDU bch_err=0 raw=0x7
2026-04-19 18:01:05.588 ,PASSED,control  NAC:0x8A1 TSDU bch_err=0 raw=0x7
2026-04-19 18:01:05.590 ,PASSED,control  NAC:0x8A1 TSDU bch_err=0 raw=0x7
2026-04-19 18:01:05.593 ,PASSED,control  NAC:0x8A1 TSDU bch_err=0 raw=0x7
2026-04-19 18:01:05.598 ,CORRECTED,control  NAC:0x8A1 TSDU bch_err=2 raw=0x7
2026-04-19 18:01:05.600 ,PASSED,control  NAC:0x8A1 TSDU bch_err=0 raw=0x7
2026-04-19 18:01:05.603 ,PASSED,control  NAC:0x8A1 TSDU bch_err=0 raw=0x7
2026-04-19 18:01:05.606 ,PASSED,control  NAC:0x8A1 TSDU bch_err=0 raw=0x7
2026-04-19 18:01:05.609 ,PASSED,control  NAC:0x8A1 TSDU bch_err=0 raw=0x7
2026-04-19 18:01:05.611 ,PASSED,control  NAC:0x8A1 TSDU bch_err=0 raw=0x7
2026-04-19 18:01:08.887 ,CORRECTED,control  NAC:0x8A1 TSDU bch_err=1 raw=0x7
2026-04-19 18:01:08.890 ,PASSED,control  NAC:0x8A1 TSDU bch_err=0 raw=0x7
2026-04-19 18:01:08.892 ,PASSED,control  NAC:0x8A1 TSDU bch_err=0 raw=0x7
2026-04-19 18:01:08.895 ,PASSED,control  NAC:0x8A1 TSDU bch_err=0 raw=0x7
2026-04-19 18:01:08.898 ,PASSED,control  NAC:0x8A1 TSDU bch_err=0 raw=0x7
2026-04-19 18:01:08.901 ,PASSED,control  NAC:0x8A1 TSDU bch_err=0 raw=0x7
2026-04-19 18:01:08.903 ,PASSED,control  NAC:0x8A1 TSDU bch_err=0 raw=0x7
2026-04-19 18:01:08.906 ,PASSED,control  NAC:0x8A1 TSDU bch_err=0 raw=0x7
2026-04-19 18:01:08.911 ,CORRECTED,control  NAC:0x8A1 TSDU bch_err=1 raw=0x3
2026-04-19 18:01:08.914 ,PASSED,control  NAC:0x8A1 TSDU bch_err=0 raw=0x7
2026-04-19 18:01:08.916 ,PASSED,control  NAC:0x8A1 TSDU bch_err=0 raw=0x7
2026-04-19 18:01:08.919 ,PASSED,control  NAC:0x8A1 TSDU bch_err=0 raw=0x7
2026-04-19 18:01:08.923 ,CORRECTED,control  NAC:0x8A1 TSDU bch_err=2 raw=0x7
2026-04-19 18:01:08.926 ,PASSED,control  NAC:0x8A1 TSDU bch_err=0 raw=0x7
2026-04-19 18:01:08.929 ,PASSED,control  NAC:0x8A1 TSDU bch_err=0 raw=0x7
2026-04-19 18:01:08.932 ,PASSED,control  NAC:0x8A1 TSDU bch_err=0 raw=0x7
2026-04-19 18:01:08.934 ,PASSED,control  NAC:0x8A1 TSDU bch_err=0 raw=0x7
2026-04-19 18:01:08.937 ,PASSED,control  NAC:0x8A1 TSDU bch_err=0 raw=0x7
2026-04-19 18:01:08.940 ,PASSED,control  NAC:0x8A1 TSDU bch_err=0 raw=0x7
2026-04-19 18:01:08.943 ,PASSED,control  NAC:0x8A1 TSDU bch_err=0 raw=0x7
2026-04-19 18:01:08.945 ,PASSED,control  NAC:0x8A1 TSDU bch_err=0 raw=0x7
2026-04-19 18:01:08.948 ,PASSED,control  NAC:0x8A1 TSDU bch_err=0 raw=0x7
2026-04-19 18:01:08.951 ,PASSED,control  NAC:0x8A1 TSDU bch_err=0 raw=0x7
2026-04-19 18:01:08.954 ,PASSED,control  NAC:0x8A1 TSDU bch_err=0 raw=0x7
2026-04-19 18:01:08.956 ,PASSED,control  NAC:0x8A1 TSDU bch_err=0 raw=0x7
2026-04-19 18:01:08.959 ,PASSED,control  NAC:0x8A1 TSDU bch_err=0 raw=0x7
2026-04-19 18:01:08.962 ,PASSED,control  NAC:0x8A1 TSDU bch_err=0 raw=0x7
2026-04-19 18:01:08.966 ,CORRECTED,control  NAC:0x8A1 TSDU bch_err=1 raw=0x3
2026-04-19 18:01:08.969 ,PASSED,control  NAC:0x8A1 TSDU bch_err=0 raw=0x7
2026-04-19 18:01:08.973 ,CORRECTED,control  NAC:0x8A1 TSDU bch_err=7 raw=0x3
2026-04-19 18:01:08.976 ,PASSED,control  NAC:0x8A1 TSDU bch_err=0 raw=0x7
2026-04-19 18:01:08.979 ,PASSED,control  NAC:0x8A1 TSDU bch_err=0 raw=0x7
2026-04-19 18:01:08.982 ,PASSED,control  NAC:0x8A1 TSDU bch_err=0 raw=0x7
2026-04-19 18:01:08.984 ,PASSED,control  NAC:0x8A1 TSDU bch_err=0 raw=0x7
2026-04-19 18:01:08.987 ,PASSED,control  NAC:0x8A1 TSDU bch_err=0 raw=0x7
2026-04-19 18:01:08.990 ,PASSED,control  NAC:0x8A1 TSDU bch_err=0 raw=0x7
2026-04-19 18:01:08.993 ,PASSED,control  NAC:0x8A1 TSDU bch_err=0 raw=0x7
2026-04-19 18:01:08.996 ,PASSED,control  NAC:0x8A1 TSDU bch_err=0 raw=0x7
2026-04-19 18:01:08.998 ,PASSED,control  NAC:0x8A1 TSDU bch_err=0 raw=0x7
2026-04-19 18:01:09.001 ,PASSED,control  NAC:0x8A1 TSDU bch_err=0 raw=0x7
2026-04-19 18:01:09.004 ,PASSED,control  NAC:0x8A1 TSDU bch_err=0 raw=0x7
2026-04-19 18:01:09.006 ,PASSED,control  NAC:0x8A1 TSDU bch_err=0 raw=0x7
2026-04-19 18:01:12.299 ,PASSED,control  NAC:0x8A1 TSDU bch_err=0 raw=0x7
2026-04-19 18:01:12.305 ,PASSED,control  NAC:0x8A1 TSDU bch_err=0 raw=0x7
2026-04-19 18:01:12.310 ,PASSED,control  NAC:0x8A1 TSDU bch_err=0 raw=0x7
2026-04-19 18:01:12.314 ,PASSED,control  NAC:0x8A1 TSDU bch_err=0 raw=0x7
2026-04-19 18:01:12.322 ,CORRECTED,control  NAC:0x8A1 TSDU bch_err=1 raw=0x7
2026-04-19 18:01:12.325 ,PASSED,control  NAC:0x8A1 TSDU bch_err=0 raw=0x7
2026-04-19 18:01:12.330 ,PASSED,control  NAC:0x8A1 TSDU bch_err=0 raw=0x7
2026-04-19 18:01:12.335 ,PASSED,control  NAC:0x8A1 TSDU bch_err=0 raw=0x7
2026-04-19 18:01:12.340 ,PASSED,control  NAC:0x8A1 TSDU bch_err=0 raw=0x7
2026-04-19 18:01:12.344 ,PASSED,control  NAC:0x8A1 TSDU bch_err=0 raw=0x7
2026-04-19 18:01:12.347 ,PASSED,control  NAC:0x8A1 TSDU bch_err=0 raw=0x7
2026-04-19 18:01:12.351 ,PASSED,control  NAC:0x8A1 TSDU bch_err=0 raw=0x7
2026-04-19 18:01:12.354 ,PASSED,control  NAC:0x8A1 TSDU bch_err=0 raw=0x7
2026-04-19 18:01:12.359 ,PASSED,control  NAC:0x8A1 TSDU bch_err=0 raw=0x7
2026-04-19 18:01:12.364 ,PASSED,control  NAC:0x8A1 TSDU bch_err=0 raw=0x7
2026-04-19 18:01:12.367 ,PASSED,control  NAC:0x8A1 TSDU bch_err=0 raw=0x7
2026-04-19 18:01:12.372 ,PASSED,control  NAC:0x8A1 TSDU bch_err=0 raw=0x7
2026-04-19 18:01:12.376 ,PASSED,control  NAC:0x8A1 TSDU bch_err=0 raw=0x7
2026-04-19 18:01:12.380 ,PASSED,control  NAC:0x8A1 TSDU bch_err=0 raw=0x7
2026-04-19 18:01:12.387 ,CORRECTED,control  NAC:0x8A1 TSDU bch_err=2 raw=0x7
2026-04-19 18:01:12.391 ,PASSED,control  NAC:0x8A1 TSDU bch_err=0 raw=0x7
2026-04-19 18:01:12.397 ,CORRECTED,control  NAC:0x8A1 TSDU bch_err=10 raw=0x7
2026-04-19 18:01:12.407 ,CORRECTED,control  NAC:0x8A1 TSDU bch_err=5 raw=0x7
2026-04-19 18:01:12.412 ,PASSED,control  NAC:0x8A1 TSDU bch_err=0 raw=0x7
2026-04-19 18:01:12.415 ,PASSED,control  NAC:0x8A1 TSDU bch_err=0 raw=0x7
2026-04-19 18:01:12.420 ,PASSED,control  NAC:0x8A1 TSDU bch_err=0 raw=0x7
2026-04-19 18:01:12.423 ,PASSED,control  NAC:0x8A1 TSDU bch_err=0 raw=0x7
2026-04-19 18:01:12.427 ,PASSED,control  NAC:0x8A1 TSDU bch_err=0 raw=0x7
2026-04-19 18:01:12.430 ,PASSED,control  NAC:0x8A1 TSDU bch_err=0 raw=0x7
2026-04-19 18:01:12.435 ,PASSED,control  NAC:0x8A1 TSDU bch_err=0 raw=0x7
2026-04-19 18:01:12.441 ,PASSED,control  NAC:0x8A1 TSDU bch_err=0 raw=0x7
2026-04-19 18:01:12.446 ,PASSED,control  NAC:0x8A1 TSDU bch_err=0 raw=0x7
2026-04-19 18:01:12.450 ,PASSED,control  NAC:0x8A1 TSDU bch_err=0 raw=0x7
2026-04-19 18:01:12.457 ,CORRECTED,control  NAC:0x8A1 TSDU bch_err=6 raw=0x6
2026-04-19 18:01:12.461 ,PASSED,control  NAC:0x8A1 TSDU bch_err=0 raw=0x7
2026-04-19 18:01:12.467 ,CORRECTED,control  NAC:0x8A1 TSDU bch_err=11 raw=0x7
2026-04-19 18:01:12.471 ,PASSED,control  NAC:0x8A1 TSDU bch_err=0 raw=0x7
2026-04-19 18:01:12.475 ,PASSED,control  NAC:0x8A1 TSDU bch_err=0 raw=0x7
2026-04-19 18:01:12.478 ,PASSED,control  NAC:0x8A1 TSDU bch_err=0 raw=0x7
2026-04-19 18:01:12.486 ,CORRECTED,control  NAC:0x8A1 TSDU bch_err=1 raw=0x7
2026-04-19 18:01:12.490 ,PASSED,control  NAC:0x8A1 TSDU bch_err=0 raw=0x7
2026-04-19 18:01:12.496 ,PASSED,control  NAC:0x8A1 TSDU bch_err=0 raw=0x7
2026-04-19 18:01:15.713 ,PASSED,control  NAC:0x8A1 TSDU bch_err=0 raw=0x7
2026-04-19 18:01:15.718 ,PASSED,control  NAC:0x8A1 TSDU bch_err=0 raw=0x7
2026-04-19 18:01:15.724 ,PASSED,control  NAC:0x8A1 TSDU bch_err=0 raw=0x7
2026-04-19 18:01:15.729 ,CORRECTED,control  NAC:0x8A1 TSDU bch_err=2 raw=0x7
2026-04-19 18:01:15.733 ,PASSED,control  NAC:0x8A1 TSDU bch_err=0 raw=0x7
2026-04-19 18:01:15.737 ,PASSED,control  NAC:0x8A1 TSDU bch_err=0 raw=0x7
2026-04-19 18:01:15.741 ,PASSED,control  NAC:0x8A1 TSDU bch_err=0 raw=0x7
2026-04-19 18:01:15.746 ,PASSED,control  NAC:0x8A1 TSDU bch_err=0 raw=0x7
2026-04-19 18:01:15.751 ,CORRECTED,control  NAC:0x8A1 TSDU bch_err=2 raw=0x6
2026-04-19 18:01:15.754 ,PASSED,control  NAC:0x8A1 TSDU bch_err=0 raw=0x7
2026-04-19 18:01:15.758 ,PASSED,control  NAC:0x8A1 TSDU bch_err=0 raw=0x7
2026-04-19 18:01:15.762 ,PASSED,control  NAC:0x8A1 TSDU bch_err=0 raw=0x7
2026-04-19 18:01:15.767 ,PASSED,control  NAC:0x8A1 TSDU bch_err=0 raw=0x7
2026-04-19 18:01:15.772 ,PASSED,control  NAC:0x8A1 TSDU bch_err=0 raw=0x7
2026-04-19 18:01:15.778 ,PASSED,control  NAC:0x8A1 TSDU bch_err=0 raw=0x7
2026-04-19 18:01:15.783 ,PASSED,control  NAC:0x8A1 TSDU bch_err=0 raw=0x7
2026-04-19 18:01:15.788 ,PASSED,control  NAC:0x8A1 TSDU bch_err=0 raw=0x7
2026-04-19 18:01:15.791 ,PASSED,control  NAC:0x8A1 TSDU bch_err=0 raw=0x7
2026-04-19 18:01:15.795 ,PASSED,control  NAC:0x8A1 TSDU bch_err=0 raw=0x7
2026-04-19 18:01:15.798 ,PASSED,control  NAC:0x8A1 TSDU bch_err=0 raw=0x7
2026-04-19 18:01:15.805 ,PASSED,control  NAC:0x8A1 TSDU bch_err=0 raw=0x7
2026-04-19 18:01:15.808 ,PASSED,control  NAC:0x8A1 TSDU bch_err=0 raw=0x7
2026-04-19 18:01:15.812 ,PASSED,control  NAC:0x8A1 TSDU bch_err=0 raw=0x7
2026-04-19 18:01:15.816 ,PASSED,control  NAC:0x8A1 TSDU bch_err=0 raw=0x7
2026-04-19 18:01:15.820 ,PASSED,control  NAC:0x8A1 TSDU bch_err=0 raw=0x7
2026-04-19 18:01:15.826 ,PASSED,control  NAC:0x8A1 TSDU bch_err=0 raw=0x7
2026-04-19 18:01:15.829 ,PASSED,control  NAC:0x8A1 TSDU bch_err=0 raw=0x7
2026-04-19 18:01:15.834 ,PASSED,control  NAC:0x8A1 TSDU bch_err=0 raw=0x7
2026-04-19 18:01:15.838 ,PASSED,control  NAC:0x8A1 TSDU bch_err=0 raw=0x7
2026-04-19 18:01:15.843 ,PASSED,control  NAC:0x8A1 TSDU bch_err=0 raw=0x7
2026-04-19 18:01:15.846 ,PASSED,control  NAC:0x8A1 TSDU bch_err=0 raw=0x7
2026-04-19 18:01:15.850 ,PASSED,control  NAC:0x8A1 TSDU bch_err=0 raw=0x7
2026-04-19 18:01:15.853 ,PASSED,control  NAC:0x8A1 TSDU bch_err=0 raw=0x7
2026-04-19 18:01:15.857 ,PASSED,control  NAC:0x8A1 TSDU bch_err=0 raw=0x7
2026-04-19 18:01:15.865 ,PASSED,control  NAC:0x8A1 TSDU bch_err=0 raw=0x7
2026-04-19 18:01:15.869 ,PASSED,control  NAC:0x8A1 TSDU bch_err=0 raw=0x7
2026-04-19 18:01:15.874 ,CORRECTED,control  NAC:0x8A1 TSDU bch_err=1 raw=0x7
2026-04-19 18:01:15.878 ,PASSED,control  NAC:0x8A1 TSDU bch_err=0 raw=0x7
2026-04-19 18:01:15.882 ,PASSED,control  NAC:0x8A1 TSDU bch_err=0 raw=0x7
2026-04-19 18:01:15.889 ,PASSED,control  NAC:0x8A1 TSDU bch_err=0 raw=0x7
2026-04-19 18:01:15.893 ,PASSED,control  NAC:0x8A1 TSDU bch_err=0 raw=0x7
2026-04-19 18:01:15.897 ,PASSED,control  NAC:0x8A1 TSDU bch_err=0 raw=0x7
2026-04-19 18:01:15.900 ,PASSED,control  NAC:0x8A1 TSDU bch_err=0 raw=0x7
2026-04-19 18:01:15.904 ,PASSED,control  NAC:0x8A1 TSDU bch_err=0 raw=0x7
2026-04-19 18:01:19.125 ,PASSED,control  NAC:0x8A1 TSDU bch_err=0 raw=0x7
2026-04-19 18:01:19.128 ,PASSED,control  NAC:0x8A1 TSDU bch_err=0 raw=0x7
2026-04-19 18:01:19.133 ,CORRECTED,control  NAC:0x8A1 TSDU bch_err=1 raw=0x6
2026-04-19 18:01:19.138 ,PASSED,control  NAC:0x8A1 TSDU bch_err=0 raw=0x7
2026-04-19 18:01:19.142 ,PASSED,control  NAC:0x8A1 TSDU bch_err=0 raw=0x7
2026-04-19 18:01:19.145 ,PASSED,control  NAC:0x8A1 TSDU bch_err=0 raw=0x7
2026-04-19 18:01:19.149 ,PASSED,control  NAC:0x8A1 TSDU bch_err=0 raw=0x7
2026-04-19 18:01:19.153 ,PASSED,control  NAC:0x8A1 TSDU bch_err=0 raw=0x7
2026-04-19 18:01:19.157 ,PASSED,control  NAC:0x8A1 TSDU bch_err=0 raw=0x7
2026-04-19 18:01:19.161 ,PASSED,control  NAC:0x8A1 TSDU bch_err=0 raw=0x7
2026-04-19 18:01:19.165 ,PASSED,control  NAC:0x8A1 TSDU bch_err=0 raw=0x7
2026-04-19 18:01:19.169 ,PASSED,control  NAC:0x8A1 TSDU bch_err=0 raw=0x7
2026-04-19 18:01:19.172 ,PASSED,control  NAC:0x8A1 TSDU bch_err=0 raw=0x7
2026-04-19 18:01:19.176 ,PASSED,control  NAC:0x8A1 TSDU bch_err=0 raw=0x7
2026-04-19 18:01:19.181 ,PASSED,control  NAC:0x8A1 TSDU bch_err=0 raw=0x7
2026-04-19 18:01:19.185 ,PASSED,control  NAC:0x8A1 TSDU bch_err=0 raw=0x7
2026-04-19 18:01:19.191 ,CORRECTED,control  NAC:0x8A1 TSDU bch_err=2 raw=0x7
2026-04-19 18:01:19.194 ,PASSED,control  NAC:0x8A1 TSDU bch_err=0 raw=0x7
2026-04-19 18:01:19.198 ,PASSED,control  NAC:0x8A1 TSDU bch_err=0 raw=0x7
2026-04-19 18:01:19.203 ,CORRECTED,control  NAC:0x8A1 TSDU bch_err=1 raw=0x3
2026-04-19 18:01:19.206 ,PASSED,control  NAC:0x8A1 TSDU bch_err=0 raw=0x7
2026-04-19 18:01:19.208 ,PASSED,control  NAC:0x8A1 TSDU bch_err=0 raw=0x7
2026-04-19 18:01:19.211 ,PASSED,control  NAC:0x8A1 TSDU bch_err=0 raw=0x7
2026-04-19 18:01:19.214 ,PASSED,control  NAC:0x8A1 TSDU bch_err=0 raw=0x7
2026-04-19 18:01:19.217 ,PASSED,control  NAC:0x8A1 TSDU bch_err=0 raw=0x7
2026-04-19 18:01:19.221 ,CORRECTED,control  NAC:0x8A1 TSDU bch_err=2 raw=0x7
2026-04-19 18:01:19.224 ,PASSED,control  NAC:0x8A1 TSDU bch_err=0 raw=0x7
2026-04-19 18:01:19.226 ,PASSED,control  NAC:0x8A1 TSDU bch_err=0 raw=0x7
2026-04-19 18:01:19.231 ,CORRECTED,control  NAC:0x8A1 TSDU bch_err=8 raw=0x7
2026-04-19 18:01:19.234 ,PASSED,control  NAC:0x8A1 TSDU bch_err=0 raw=0x7
2026-04-19 18:01:19.236 ,PASSED,control  NAC:0x8A1 TSDU bch_err=0 raw=0x7
2026-04-19 18:01:19.239 ,PASSED,control  NAC:0x8A1 TSDU bch_err=0 raw=0x7
2026-04-19 18:01:19.242 ,PASSED,control  NAC:0x8A1 TSDU bch_err=0 raw=0x7
2026-04-19 18:01:19.246 ,CORRECTED,control  NAC:0x8A1 TSDU bch_err=2 raw=0x7
2026-04-19 18:01:19.255 ,CORRECTED,control  NAC:0x8A1 TSDU bch_err=1 raw=0x6
2026-04-19 18:01:19.258 ,PASSED,control  NAC:0x8A1 TSDU bch_err=0 raw=0x7
2026-04-19 18:01:19.260 ,PASSED,control  NAC:0x8A1 TSDU bch_err=0 raw=0x7
2026-04-19 18:01:22.540 ,CORRECTED,control  NAC:0x8A1 TSDU bch_err=3 raw=0x7
2026-04-19 18:01:22.543 ,PASSED,control  NAC:0x8A1 TSDU bch_err=0 raw=0x7
2026-04-19 18:01:22.545 ,PASSED,control  NAC:0x8A1 TSDU bch_err=0 raw=0x7
2026-04-19 18:01:22.548 ,PASSED,control  NAC:0x8A1 TSDU bch_err=0 raw=0x7
2026-04-19 18:01:22.551 ,PASSED,control  NAC:0x8A1 TSDU bch_err=0 raw=0x7
2026-04-19 18:01:22.556 ,CORRECTED,control  NAC:0x8A1 TSDU bch_err=1 raw=0x7
2026-04-19 18:01:22.558 ,PASSED,control  NAC:0x8A1 TSDU bch_err=0 raw=0x7
2026-04-19 18:01:22.561 ,PASSED,control  NAC:0x8A1 TSDU bch_err=0 raw=0x7
2026-04-19 18:01:22.563 ,PASSED,control  NAC:0x8A1 TSDU bch_err=0 raw=0x7
2026-04-19 18:01:22.568 ,CORRECTED,control  NAC:0x8A1 TSDU bch_err=10 raw=0x2
2026-04-19 18:01:22.571 ,PASSED,control  NAC:0x8A1 TSDU bch_err=0 raw=0x7
2026-04-19 18:01:22.573 ,PASSED,control  NAC:0x8A1 TSDU bch_err=0 raw=0x7
2026-04-19 18:01:22.576 ,PASSED,control  NAC:0x8A1 TSDU bch_err=0 raw=0x7
2026-04-19 18:01:22.579 ,PASSED,control  NAC:0x8A1 TSDU bch_err=0 raw=0x7
2026-04-19 18:01:22.582 ,PASSED,control  NAC:0x8A1 TSDU bch_err=0 raw=0x7
2026-04-19 18:01:22.584 ,PASSED,control  NAC:0x8A1 TSDU bch_err=0 raw=0x7
2026-04-19 18:01:22.587 ,PASSED,control  NAC:0x8A1 TSDU bch_err=0 raw=0x7
2026-04-19 18:01:22.590 ,PASSED,control  NAC:0x8A1 TSDU bch_err=0 raw=0x7
2026-04-19 18:01:22.594 ,CORRECTED,control  NAC:0x8A1 TSDU bch_err=1 raw=0x3
2026-04-19 18:01:22.597 ,PASSED,control  NAC:0x8A1 TSDU bch_err=0 raw=0x7
2026-04-19 18:01:22.600 ,PASSED,control  NAC:0x8A1 TSDU bch_err=0 raw=0x7
2026-04-19 18:01:22.603 ,PASSED,control  NAC:0x8A1 TSDU bch_err=0 raw=0x7
2026-04-19 18:01:22.606 ,PASSED,control  NAC:0x8A1 TSDU bch_err=0 raw=0x7
2026-04-19 18:01:22.609 ,PASSED,control  NAC:0x8A1 TSDU bch_err=0 raw=0x7
2026-04-19 18:01:22.611 ,PASSED,control  NAC:0x8A1 TSDU bch_err=0 raw=0x7
2026-04-19 18:01:22.614 ,PASSED,control  NAC:0x8A1 TSDU bch_err=0 raw=0x7
2026-04-19 18:01:22.617 ,PASSED,control  NAC:0x8A1 TSDU bch_err=0 raw=0x7
2026-04-19 18:01:22.620 ,PASSED,control  NAC:0x8A1 TSDU bch_err=0 raw=0x7
2026-04-19 18:01:22.623 ,PASSED,control  NAC:0x8A1 TSDU bch_err=0 raw=0x7
2026-04-19 18:01:22.625 ,PASSED,control  NAC:0x8A1 TSDU bch_err=0 raw=0x7
2026-04-19 18:01:22.628 ,PASSED,control  NAC:0x8A1 TSDU bch_err=0 raw=0x7
2026-04-19 18:01:22.631 ,PASSED,control  NAC:0x8A1 TSDU bch_err=0 raw=0x7
2026-04-19 18:01:22.634 ,PASSED,control  NAC:0x8A1 TSDU bch_err=0 raw=0x7
2026-04-19 18:01:22.636 ,PASSED,control  NAC:0x8A1 TSDU bch_err=0 raw=0x7
2026-04-19 18:01:22.639 ,PASSED,control  NAC:0x8A1 TSDU bch_err=0 raw=0x7
2026-04-19 18:01:22.642 ,PASSED,control  NAC:0x8A1 TSDU bch_err=0 raw=0x7
2026-04-19 18:01:22.645 ,PASSED,control  NAC:0x8A1 TSDU bch_err=0 raw=0x7
2026-04-19 18:01:22.647 ,PASSED,control  NAC:0x8A1 TSDU bch_err=0 raw=0x7
2026-04-19 18:01:22.650 ,PASSED,control  NAC:0x8A1 TSDU bch_err=0 raw=0x7
2026-04-19 18:01:22.653 ,PASSED,control  NAC:0x8A1 TSDU bch_err=0 raw=0x7
2026-04-19 18:01:22.657 ,CORRECTED,control  NAC:0x8A1 TSDU bch_err=2 raw=0x7
2026-04-19 18:01:22.660 ,PASSED,control  NAC:0x8A1 TSDU bch_err=0 raw=0x7
2026-04-19 18:01:22.663 ,PASSED,control  NAC:0x8A1 TSDU bch_err=0 raw=0x7
2026-04-19 18:01:22.667 ,CORRECTED,control  NAC:0x8A1 TSDU bch_err=3 raw=0x7
2026-04-19 18:01:25.952 ,PASSED,control  NAC:0x8A1 TSDU bch_err=0 raw=0x7
2026-04-19 18:01:25.954 ,PASSED,control  NAC:0x8A1 TSDU bch_err=0 raw=0x7
2026-04-19 18:01:25.959 ,CORRECTED,control  NAC:0x8A1 TSDU bch_err=1 raw=0x7
2026-04-19 18:01:25.961 ,PASSED,control  NAC:0x8A1 TSDU bch_err=0 raw=0x7
2026-04-19 18:01:25.964 ,PASSED,control  NAC:0x8A1 TSDU bch_err=0 raw=0x7
2026-04-19 18:01:25.969 ,CORRECTED,control  NAC:0x8A1 TSDU bch_err=1 raw=0x3
2026-04-19 18:01:25.972 ,PASSED,control  NAC:0x8A1 TSDU bch_err=0 raw=0x7
2026-04-19 18:01:25.976 ,CORRECTED,control  NAC:0x8A1 TSDU bch_err=1 raw=0x6
2026-04-19 18:01:25.979 ,PASSED,control  NAC:0x8A1 TSDU bch_err=0 raw=0x7
2026-04-19 18:01:25.982 ,PASSED,control  NAC:0x8A1 TSDU bch_err=0 raw=0x7
2026-04-19 18:01:25.985 ,PASSED,control  NAC:0x8A1 TSDU bch_err=0 raw=0x7
2026-04-19 18:01:25.987 ,PASSED,control  NAC:0x8A1 TSDU bch_err=0 raw=0x7
2026-04-19 18:01:25.990 ,PASSED,control  NAC:0x8A1 TSDU bch_err=0 raw=0x7
2026-04-19 18:01:25.993 ,PASSED,control  NAC:0x8A1 TSDU bch_err=0 raw=0x7
2026-04-19 18:01:25.996 ,PASSED,control  NAC:0x8A1 TSDU bch_err=0 raw=0x7
2026-04-19 18:01:25.999 ,PASSED,control  NAC:0x8A1 TSDU bch_err=0 raw=0x7
2026-04-19 18:01:26.002 ,PASSED,control  NAC:0x8A1 TSDU bch_err=0 raw=0x7
2026-04-19 18:01:26.005 ,PASSED,control  NAC:0x8A1 TSDU bch_err=0 raw=0x7
2026-04-19 18:01:26.007 ,PASSED,control  NAC:0x8A1 TSDU bch_err=0 raw=0x7
2026-04-19 18:01:26.010 ,PASSED,control  NAC:0x8A1 TSDU bch_err=0 raw=0x7
2026-04-19 18:01:26.013 ,PASSED,control  NAC:0x8A1 TSDU bch_err=0 raw=0x7
2026-04-19 18:01:26.016 ,PASSED,control  NAC:0x8A1 TSDU bch_err=0 raw=0x7
2026-04-19 18:01:26.018 ,PASSED,control  NAC:0x8A1 TSDU bch_err=0 raw=0x7
2026-04-19 18:01:26.021 ,PASSED,control  NAC:0x8A1 TSDU bch_err=0 raw=0x7
2026-04-19 18:01:26.024 ,PASSED,control  NAC:0x8A1 TSDU bch_err=0 raw=0x7
2026-04-19 18:01:26.027 ,PASSED,control  NAC:0x8A1 TSDU bch_err=0 raw=0x7
2026-04-19 18:01:26.029 ,PASSED,control  NAC:0x8A1 TSDU bch_err=0 raw=0x7
2026-04-19 18:01:26.032 ,PASSED,control  NAC:0x8A1 TSDU bch_err=0 raw=0x7
2026-04-19 18:01:26.035 ,PASSED,control  NAC:0x8A1 TSDU bch_err=0 raw=0x7
2026-04-19 18:01:26.038 ,PASSED,control  NAC:0x8A1 TSDU bch_err=0 raw=0x7
2026-04-19 18:01:26.040 ,PASSED,control  NAC:0x8A1 TSDU bch_err=0 raw=0x7
2026-04-19 18:01:26.045 ,CORRECTED,control  NAC:0x8A1 TSDU bch_err=9 raw=0x7
2026-04-19 18:01:26.047 ,PASSED,control  NAC:0x8A1 TSDU bch_err=0 raw=0x7
2026-04-19 18:01:26.050 ,PASSED,control  NAC:0x8A1 TSDU bch_err=0 raw=0x7
2026-04-19 18:01:26.053 ,PASSED,control  NAC:0x8A1 TSDU bch_err=0 raw=0x7
2026-04-19 18:01:26.056 ,PASSED,control  NAC:0x8A1 TSDU bch_err=0 raw=0x7
2026-04-19 18:01:26.058 ,PASSED,control  NAC:0x8A1 TSDU bch_err=0 raw=0x7
2026-04-19 18:01:26.063 ,CORRECTED,control  NAC:0x8A1 TSDU bch_err=1 raw=0x7
2026-04-19 18:01:26.066 ,PASSED,control  NAC:0x8A1 TSDU bch_err=0 raw=0x7
2026-04-19 18:01:26.070 ,CORRECTED,control  NAC:0x8A1 TSDU bch_err=6 raw=0x7
2026-04-19 18:01:26.075 ,CORRECTED,control  NAC:0x8A1 TSDU bch_err=7 raw=0x3
2026-04-19 18:01:26.077 ,PASSED,control  NAC:0x8A1 TSDU bch_err=0 raw=0x7
2026-04-19 18:01:29.365 ,PASSED,control  NAC:0x8A1 TSDU bch_err=0 raw=0x7
2026-04-19 18:01:29.369 ,CORRECTED,control  NAC:0x8A1 TSDU bch_err=8 raw=0x3
2026-04-19 18:01:29.374 ,CORRECTED,control  NAC:0x8A1 TSDU bch_err=3 raw=0x7
2026-04-19 18:01:29.378 ,CORRECTED,control  NAC:0x8A1 TSDU bch_err=8 raw=0x2
2026-04-19 18:01:29.381 ,PASSED,control  NAC:0x8A1 TSDU bch_err=0 raw=0x7
2026-04-19 18:01:29.384 ,PASSED,control  NAC:0x8A1 TSDU bch_err=0 raw=0x7
2026-04-19 18:01:29.387 ,PASSED,control  NAC:0x8A1 TSDU bch_err=0 raw=0x7
2026-04-19 18:01:29.391 ,CORRECTED,control  NAC:0x8A1 TSDU bch_err=1 raw=0x6
2026-04-19 18:01:29.394 ,PASSED,control  NAC:0x8A1 TSDU bch_err=0 raw=0x7
2026-04-19 18:01:29.397 ,PASSED,control  NAC:0x8A1 TSDU bch_err=0 raw=0x7
2026-04-19 18:01:29.400 ,PASSED,control  NAC:0x8A1 TSDU bch_err=0 raw=0x7
2026-04-19 18:01:29.402 ,PASSED,control  NAC:0x8A1 TSDU bch_err=0 raw=0x7
2026-04-19 18:01:29.405 ,PASSED,control  NAC:0x8A1 TSDU bch_err=0 raw=0x7
2026-04-19 18:01:29.408 ,PASSED,control  NAC:0x8A1 TSDU bch_err=0 raw=0x7
2026-04-19 18:01:29.410 ,PASSED,control  NAC:0x8A1 TSDU bch_err=0 raw=0x7
2026-04-19 18:01:29.413 ,PASSED,control  NAC:0x8A1 TSDU bch_err=0 raw=0x7
2026-04-19 18:01:29.416 ,PASSED,control  NAC:0x8A1 TSDU bch_err=0 raw=0x7
2026-04-19 18:01:29.419 ,PASSED,control  NAC:0x8A1 TSDU bch_err=0 raw=0x7
2026-04-19 18:01:29.423 ,CORRECTED,control  NAC:0x8A1 TSDU bch_err=1 raw=0x7
2026-04-19 18:01:29.426 ,PASSED,control  NAC:0x8A1 TSDU bch_err=0 raw=0x7
2026-04-19 18:01:29.431 ,CORRECTED,control  NAC:0x8A1 TSDU bch_err=1 raw=0x7
2026-04-19 18:01:29.433 ,PASSED,control  NAC:0x8A1 TSDU bch_err=0 raw=0x7
2026-04-19 18:01:29.436 ,PASSED,control  NAC:0x8A1 TSDU bch_err=0 raw=0x7
2026-04-19 18:01:29.439 ,PASSED,control  NAC:0x8A1 TSDU bch_err=0 raw=0x7
2026-04-19 18:01:29.442 ,PASSED,control  NAC:0x8A1 TSDU bch_err=0 raw=0x7
2026-04-19 18:01:29.444 ,PASSED,control  NAC:0x8A1 TSDU bch_err=0 raw=0x7
2026-04-19 18:01:29.447 ,PASSED,control  NAC:0x8A1 TSDU bch_err=0 raw=0x7
2026-04-19 18:01:29.450 ,PASSED,control  NAC:0x8A1 TSDU bch_err=0 raw=0x7
2026-04-19 18:01:29.452 ,PASSED,control  NAC:0x8A1 TSDU bch_err=0 raw=0x7
2026-04-19 18:01:29.455 ,PASSED,control  NAC:0x8A1 TSDU bch_err=0 raw=0x7
2026-04-19 18:01:29.458 ,PASSED,control  NAC:0x8A1 TSDU bch_err=0 raw=0x7
2026-04-19 18:01:29.462 ,PASSED,control  NAC:0x8A1 TSDU bch_err=0 raw=0x7
2026-04-19 18:01:29.466 ,PASSED,control  NAC:0x8A1 TSDU bch_err=0 raw=0x7
2026-04-19 18:01:29.469 ,PASSED,control  NAC:0x8A1 TSDU bch_err=0 raw=0x7
2026-04-19 18:01:29.472 ,PASSED,control  NAC:0x8A1 TSDU bch_err=0 raw=0x7
2026-04-19 18:01:29.475 ,PASSED,control  NAC:0x8A1 TSDU bch_err=0 raw=0x7
2026-04-19 18:01:29.477 ,PASSED,control  NAC:0x8A1 TSDU bch_err=0 raw=0x7
2026-04-19 18:01:29.480 ,PASSED,control  NAC:0x8A1 TSDU bch_err=0 raw=0x7
2026-04-19 18:01:29.483 ,PASSED,control  NAC:0x8A1 TSDU bch_err=0 raw=0x7
2026-04-19 18:01:29.485 ,PASSED,control  NAC:0x8A1 TSDU bch_err=0 raw=0x7
2026-04-19 18:01:29.488 ,PASSED,control  NAC:0x8A1 TSDU bch_err=0 raw=0x7
2026-04-19 18:01:29.491 ,PASSED,control  NAC:0x8A1 TSDU bch_err=0 raw=0x7
2026-04-19 18:01:29.495 ,CORRECTED,control  NAC:0x8A1 TSDU bch_err=2 raw=0x3
2026-04-19 18:01:29.498 ,PASSED,control  NAC:0x8A1 TSDU bch_err=0 raw=0x7
2026-04-19 18:01:29.500 ,PASSED,control  NAC:0x8A1 TSDU bch_err=0 raw=0x7
2026-04-19 18:01:29.505 ,CORRECTED,control  NAC:0x8A1 TSDU bch_err=11 raw=0x3
2026-04-19 18:01:32.778 ,PASSED,control  NAC:0x8A1 TSDU bch_err=0 raw=0x7
2026-04-19 18:01:32.781 ,PASSED,control  NAC:0x8A1 TSDU bch_err=0 raw=0x7
2026-04-19 18:01:32.784 ,PASSED,control  NAC:0x8A1 TSDU bch_err=0 raw=0x7
2026-04-19 18:01:32.787 ,PASSED,control  NAC:0x8A1 TSDU bch_err=0 raw=0x7
2026-04-19 18:01:32.789 ,PASSED,control  NAC:0x8A1 TSDU bch_err=0 raw=0x7
2026-04-19 18:01:32.792 ,PASSED,control  NAC:0x8A1 TSDU bch_err=0 raw=0x7
2026-04-19 18:01:32.795 ,PASSED,control  NAC:0x8A1 TSDU bch_err=0 raw=0x7
2026-04-19 18:01:32.798 ,PASSED,control  NAC:0x8A1 TSDU bch_err=0 raw=0x7
2026-04-19 18:01:32.800 ,PASSED,control  NAC:0x8A1 TSDU bch_err=0 raw=0x7
2026-04-19 18:01:32.805 ,CORRECTED,control  NAC:0x8A1 TSDU bch_err=2 raw=0x3
2026-04-19 18:01:32.808 ,PASSED,control  NAC:0x8A1 TSDU bch_err=0 raw=0x7
2026-04-19 18:01:32.810 ,PASSED,control  NAC:0x8A1 TSDU bch_err=0 raw=0x7
2026-04-19 18:01:32.813 ,PASSED,control  NAC:0x8A1 TSDU bch_err=0 raw=0x7
2026-04-19 18:01:32.816 ,PASSED,control  NAC:0x8A1 TSDU bch_err=0 raw=0x7
2026-04-19 18:01:32.818 ,PASSED,control  NAC:0x8A1 TSDU bch_err=0 raw=0x7
2026-04-19 18:01:32.823 ,CORRECTED,control  NAC:0x8A1 TSDU bch_err=1 raw=0x3
2026-04-19 18:01:32.826 ,PASSED,control  NAC:0x8A1 TSDU bch_err=0 raw=0x7
2026-04-19 18:01:32.831 ,CORRECTED,control  NAC:0x8A1 TSDU bch_err=1 raw=0x7
2026-04-19 18:01:32.833 ,PASSED,control  NAC:0x8A1 TSDU bch_err=0 raw=0x7
2026-04-19 18:01:32.836 ,PASSED,control  NAC:0x8A1 TSDU bch_err=0 raw=0x7
2026-04-19 18:01:32.839 ,PASSED,control  NAC:0x8A1 TSDU bch_err=0 raw=0x7
2026-04-19 18:01:32.842 ,PASSED,control  NAC:0x8A1 TSDU bch_err=0 raw=0x7
2026-04-19 18:01:32.845 ,PASSED,control  NAC:0x8A1 TSDU bch_err=0 raw=0x7
2026-04-19 18:01:32.849 ,CORRECTED,control  NAC:0x8A1 TSDU bch_err=2 raw=0x7
2026-04-19 18:01:32.852 ,PASSED,control  NAC:0x8A1 TSDU bch_err=0 raw=0x7
2026-04-19 18:01:32.855 ,PASSED,control  NAC:0x8A1 TSDU bch_err=0 raw=0x7
2026-04-19 18:01:32.857 ,PASSED,control  NAC:0x8A1 TSDU bch_err=0 raw=0x7
2026-04-19 18:01:32.860 ,PASSED,control  NAC:0x8A1 TSDU bch_err=0 raw=0x7
2026-04-19 18:01:32.863 ,PASSED,control  NAC:0x8A1 TSDU bch_err=0 raw=0x7
2026-04-19 18:01:32.866 ,PASSED,control  NAC:0x8A1 TSDU bch_err=0 raw=0x7
2026-04-19 18:01:32.871 ,CORRECTED,control  NAC:0x8A1 TSDU bch_err=2 raw=0x7
2026-04-19 18:01:32.873 ,PASSED,control  NAC:0x8A1 TSDU bch_err=0 raw=0x7
2026-04-19 18:01:32.876 ,PASSED,control  NAC:0x8A1 TSDU bch_err=0 raw=0x7
2026-04-19 18:01:32.879 ,PASSED,control  NAC:0x8A1 TSDU bch_err=0 raw=0x7
2026-04-19 18:01:32.883 ,CORRECTED,control  NAC:0x8A1 TSDU bch_err=3 raw=0x7
2026-04-19 18:01:32.886 ,PASSED,control  NAC:0x8A1 TSDU bch_err=0 raw=0x7
2026-04-19 18:01:32.889 ,PASSED,control  NAC:0x8A1 TSDU bch_err=0 raw=0x7
2026-04-19 18:01:32.893 ,CORRECTED,control  NAC:0x8A1 TSDU bch_err=6 raw=0x7
2026-04-19 18:01:32.898 ,CORRECTED,control  NAC:0x8A1 TSDU bch_err=7 raw=0x7
2026-04-19 18:01:32.902 ,CORRECTED,control  NAC:0x8A1 TSDU bch_err=11 raw=0x7
2026-04-19 18:01:32.905 ,PASSED,control  NAC:0x8A1 TSDU bch_err=0 raw=0x7
2026-04-19 18:01:32.908 ,PASSED,control  NAC:0x8A1 TSDU bch_err=0 raw=0x7
2026-04-19 18:01:32.911 ,PASSED,control  NAC:0x8A1 TSDU bch_err=0 raw=0x7
2026-04-19 18:01:32.914 ,PASSED,control  NAC:0x8A1 TSDU bch_err=0 raw=0x7
2026-04-19 18:01:36.193 ,CORRECTED,control  NAC:0x8A1 TSDU bch_err=1 raw=0x3
2026-04-19 18:01:36.196 ,PASSED,control  NAC:0x8A1 TSDU bch_err=0 raw=0x7
2026-04-19 18:01:36.199 ,PASSED,control  NAC:0x8A1 TSDU bch_err=0 raw=0x7
2026-04-19 18:01:36.204 ,PASSED,control  NAC:0x8A1 TSDU bch_err=0 raw=0x7
2026-04-19 18:01:36.208 ,CORRECTED,control  NAC:0x8A1 TSDU bch_err=1 raw=0x6
2026-04-19 18:01:36.213 ,PASSED,control  NAC:0x8A1 TSDU bch_err=0 raw=0x7
2026-04-19 18:01:36.217 ,PASSED,control  NAC:0x8A1 TSDU bch_err=0 raw=0x7
2026-04-19 18:01:36.223 ,CORRECTED,control  NAC:0x8A1 TSDU bch_err=1 raw=0x6
2026-04-19 18:01:36.227 ,PASSED,control  NAC:0x8A1 TSDU bch_err=0 raw=0x7
2026-04-19 18:01:36.231 ,PASSED,control  NAC:0x8A1 TSDU bch_err=0 raw=0x7
2026-04-19 18:01:36.236 ,PASSED,control  NAC:0x8A1 TSDU bch_err=0 raw=0x7
2026-04-19 18:01:36.242 ,CORRECTED,control  NAC:0x8A1 TSDU bch_err=1 raw=0x6
2026-04-19 18:01:36.246 ,PASSED,control  NAC:0x8A1 TSDU bch_err=0 raw=0x7
2026-04-19 18:01:36.250 ,PASSED,control  NAC:0x8A1 TSDU bch_err=0 raw=0x7
2026-04-19 18:01:36.254 ,PASSED,control  NAC:0x8A1 TSDU bch_err=0 raw=0x7
2026-04-19 18:01:36.257 ,PASSED,control  NAC:0x8A1 TSDU bch_err=0 raw=0x7
2026-04-19 18:01:36.261 ,PASSED,control  NAC:0x8A1 TSDU bch_err=0 raw=0x7
2026-04-19 18:01:36.265 ,PASSED,control  NAC:0x8A1 TSDU bch_err=0 raw=0x7
2026-04-19 18:01:36.268 ,PASSED,control  NAC:0x8A1 TSDU bch_err=0 raw=0x7
2026-04-19 18:01:36.275 ,CORRECTED,control  NAC:0x8A1 TSDU bch_err=1 raw=0x6
2026-04-19 18:01:36.281 ,CORRECTED,control  NAC:0x8A1 TSDU bch_err=1 raw=0x6
2026-04-19 18:01:36.285 ,PASSED,control  NAC:0x8A1 TSDU bch_err=0 raw=0x7
2026-04-19 18:01:36.295 ,CORRECTED,control  NAC:0x8A1 TSDU bch_err=1 raw=0x6
2026-04-19 18:01:36.299 ,PASSED,control  NAC:0x8A1 TSDU bch_err=0 raw=0x7
2026-04-19 18:01:36.305 ,PASSED,control  NAC:0x8A1 TSDU bch_err=0 raw=0x7
2026-04-19 18:01:36.309 ,PASSED,control  NAC:0x8A1 TSDU bch_err=0 raw=0x7
2026-04-19 18:01:36.313 ,PASSED,control  NAC:0x8A1 TSDU bch_err=0 raw=0x7
2026-04-19 18:01:36.317 ,PASSED,control  NAC:0x8A1 TSDU bch_err=0 raw=0x7
2026-04-19 18:01:36.321 ,PASSED,control  NAC:0x8A1 TSDU bch_err=0 raw=0x7
2026-04-19 18:01:36.325 ,PASSED,control  NAC:0x8A1 TSDU bch_err=0 raw=0x7
2026-04-19 18:01:36.329 ,PASSED,control  NAC:0x8A1 TSDU bch_err=0 raw=0x7
2026-04-19 18:01:36.334 ,PASSED,control  NAC:0x8A1 TSDU bch_err=0 raw=0x7
2026-04-19 18:01:36.342 ,CORRECTED,control  NAC:0x8A1 TSDU bch_err=1 raw=0x6
2026-04-19 18:01:36.346 ,PASSED,control  NAC:0x8A1 TSDU bch_err=0 raw=0x7
2026-04-19 18:01:36.350 ,PASSED,control  NAC:0x8A1 TSDU bch_err=0 raw=0x7
2026-04-19 18:01:36.354 ,PASSED,control  NAC:0x8A1 TSDU bch_err=0 raw=0x7
2026-04-19 18:01:36.359 ,PASSED,control  NAC:0x8A1 TSDU bch_err=0 raw=0x7
2026-04-19 18:01:36.363 ,PASSED,control  NAC:0x8A1 TSDU bch_err=0 raw=0x7
2026-04-19 18:01:36.367 ,PASSED,control  NAC:0x8A1 TSDU bch_err=0 raw=0x7
2026-04-19 18:01:36.371 ,PASSED,control  NAC:0x8A1 TSDU bch_err=0 raw=0x7
2026-04-19 18:01:36.375 ,PASSED,control  NAC:0x8A1 TSDU bch_err=0 raw=0x7
2026-04-19 18:01:36.381 ,CORRECTED,control  NAC:0x8A1 TSDU bch_err=1 raw=0x7
2026-04-19 18:01:36.384 ,PASSED,control  NAC:0x8A1 TSDU bch_err=0 raw=0x7
2026-04-19 18:01:36.389 ,PASSED,control  NAC:0x8A1 TSDU bch_err=0 raw=0x7
2026-04-19 18:01:39.607 ,CORRECTED,control  NAC:0x8A1 TSDU bch_err=1 raw=0x6
2026-04-19 18:01:39.611 ,PASSED,control  NAC:0x8A1 TSDU bch_err=0 raw=0x7
2026-04-19 18:01:39.617 ,PASSED,control  NAC:0x8A1 TSDU bch_err=0 raw=0x7
2026-04-19 18:01:39.625 ,PASSED,control  NAC:0x8A1 TSDU bch_err=0 raw=0x7
2026-04-19 18:01:39.628 ,PASSED,control  NAC:0x8A1 TSDU bch_err=0 raw=0x7
2026-04-19 18:01:39.637 ,PASSED,control  NAC:0x8A1 TSDU bch_err=0 raw=0x7
2026-04-19 18:01:39.644 ,PASSED,control  NAC:0x8A1 TSDU bch_err=0 raw=0x7
2026-04-19 18:01:39.647 ,PASSED,control  NAC:0x8A1 TSDU bch_err=0 raw=0x7
2026-04-19 18:01:39.653 ,PASSED,control  NAC:0x8A1 TSDU bch_err=0 raw=0x7
2026-04-19 18:01:39.656 ,PASSED,control  NAC:0x8A1 TSDU bch_err=0 raw=0x7
2026-04-19 18:01:39.669 ,PASSED,control  NAC:0x8A1 TSDU bch_err=0 raw=0x7
2026-04-19 18:01:39.672 ,PASSED,control  NAC:0x8A1 TSDU bch_err=0 raw=0x7
2026-04-19 18:01:39.680 ,PASSED,control  NAC:0x8A1 TSDU bch_err=0 raw=0x7
2026-04-19 18:01:39.684 ,PASSED,control  NAC:0x8A1 TSDU bch_err=0 raw=0x7
2026-04-19 18:01:39.688 ,PASSED,control  NAC:0x8A1 TSDU bch_err=0 raw=0x7
2026-04-19 18:01:39.691 ,PASSED,control  NAC:0x8A1 TSDU bch_err=0 raw=0x7
2026-04-19 18:01:39.695 ,PASSED,control  NAC:0x8A1 TSDU bch_err=0 raw=0x7
2026-04-19 18:01:39.699 ,PASSED,control  NAC:0x8A1 TSDU bch_err=0 raw=0x7
2026-04-19 18:01:39.703 ,PASSED,control  NAC:0x8A1 TSDU bch_err=0 raw=0x7
2026-04-19 18:01:39.707 ,PASSED,control  NAC:0x8A1 TSDU bch_err=0 raw=0x7
2026-04-19 18:01:39.713 ,CORRECTED,control  NAC:0x8A1 TSDU bch_err=10 raw=0x3
2026-04-19 18:01:39.719 ,CORRECTED,control  NAC:0x8A1 TSDU bch_err=8 raw=0x3
2026-04-19 18:01:39.723 ,PASSED,control  NAC:0x8A1 TSDU bch_err=0 raw=0x7
2026-04-19 18:01:39.726 ,PASSED,control  NAC:0x8A1 TSDU bch_err=0 raw=0x7
2026-04-19 18:01:39.729 ,PASSED,control  NAC:0x8A1 TSDU bch_err=0 raw=0x7
2026-04-19 18:01:39.733 ,PASSED,control  NAC:0x8A1 TSDU bch_err=0 raw=0x7
2026-04-19 18:01:39.737 ,PASSED,control  NAC:0x8A1 TSDU bch_err=0 raw=0x7
2026-04-19 18:01:39.741 ,PASSED,control  NAC:0x8A1 TSDU bch_err=0 raw=0x7
2026-04-19 18:01:39.745 ,PASSED,control  NAC:0x8A1 TSDU bch_err=0 raw=0x7
2026-04-19 18:01:39.750 ,CORRECTED,control  NAC:0x8A1 TSDU bch_err=9 raw=0x7
2026-04-19 18:01:39.754 ,PASSED,control  NAC:0x8A1 TSDU bch_err=0 raw=0x7
2026-04-19 18:01:39.758 ,PASSED,control  NAC:0x8A1 TSDU bch_err=0 raw=0x7
2026-04-19 18:01:39.764 ,CORRECTED,control  NAC:0x8A1 TSDU bch_err=2 raw=0x3
2026-04-19 18:01:39.768 ,PASSED,control  NAC:0x8A1 TSDU bch_err=0 raw=0x7
2026-04-19 18:01:39.772 ,PASSED,control  NAC:0x8A1 TSDU bch_err=0 raw=0x7
2026-04-19 18:01:39.777 ,CORRECTED,control  NAC:0x8A1 TSDU bch_err=1 raw=0x7
2026-04-19 18:01:39.781 ,PASSED,control  NAC:0x8A1 TSDU bch_err=0 raw=0x7
2026-04-19 18:01:39.784 ,PASSED,control  NAC:0x8A1 TSDU bch_err=0 raw=0x7
2026-04-19 18:01:39.788 ,PASSED,control  NAC:0x8A1 TSDU bch_err=0 raw=0x7
2026-04-19 18:01:39.792 ,PASSED,control  NAC:0x8A1 TSDU bch_err=0 raw=0x7
2026-04-19 18:01:39.796 ,PASSED,control  NAC:0x8A1 TSDU bch_err=0 raw=0x7
2026-04-19 18:01:39.800 ,PASSED,control  NAC:0x8A1 TSDU bch_err=0 raw=0x7
2026-04-19 18:01:39.803 ,PASSED,control  NAC:0x8A1 TSDU bch_err=0 raw=0x7
2026-04-19 18:01:39.807 ,PASSED,control  NAC:0x8A1 TSDU bch_err=0 raw=0x7
2026-04-19 18:01:39.811 ,PASSED,control  NAC:0x8A1 TSDU bch_err=0 raw=0x7
2026-04-19 18:01:43.018 ,PASSED,control  NAC:0x8A1 TSDU bch_err=0 raw=0x7
2026-04-19 18:01:43.022 ,PASSED,control  NAC:0x8A1 TSDU bch_err=0 raw=0x7
2026-04-19 18:01:43.025 ,PASSED,control  NAC:0x8A1 TSDU bch_err=0 raw=0x7
2026-04-19 18:01:43.032 ,PASSED,control  NAC:0x8A1 TSDU bch_err=0 raw=0x7
2026-04-19 18:01:43.038 ,CORRECTED,control  NAC:0x8A1 TSDU bch_err=3 raw=0x7
2026-04-19 18:01:43.041 ,PASSED,control  NAC:0x8A1 TSDU bch_err=0 raw=0x7
2026-04-19 18:01:43.048 ,PASSED,control  NAC:0x8A1 TSDU bch_err=0 raw=0x7
2026-04-19 18:01:43.051 ,PASSED,control  NAC:0x8A1 TSDU bch_err=0 raw=0x7
2026-04-19 18:01:43.055 ,PASSED,control  NAC:0x8A1 TSDU bch_err=0 raw=0x7
2026-04-19 18:01:43.057 ,PASSED,control  NAC:0x8A1 TSDU bch_err=0 raw=0x7
2026-04-19 18:01:43.061 ,PASSED,control  NAC:0x8A1 TSDU bch_err=0 raw=0x7
2026-04-19 18:01:43.064 ,PASSED,control  NAC:0x8A1 TSDU bch_err=0 raw=0x7
2026-04-19 18:01:43.067 ,PASSED,control  NAC:0x8A1 TSDU bch_err=0 raw=0x7
2026-04-19 18:01:43.070 ,PASSED,control  NAC:0x8A1 TSDU bch_err=0 raw=0x7
2026-04-19 18:01:43.074 ,PASSED,control  NAC:0x8A1 TSDU bch_err=0 raw=0x7
2026-04-19 18:01:43.077 ,PASSED,control  NAC:0x8A1 TSDU bch_err=0 raw=0x7
2026-04-19 18:01:43.080 ,PASSED,control  NAC:0x8A1 TSDU bch_err=0 raw=0x7
2026-04-19 18:01:43.083 ,PASSED,control  NAC:0x8A1 TSDU bch_err=0 raw=0x7
2026-04-19 18:01:43.087 ,PASSED,control  NAC:0x8A1 TSDU bch_err=0 raw=0x7
2026-04-19 18:01:43.090 ,PASSED,control  NAC:0x8A1 TSDU bch_err=0 raw=0x7
2026-04-19 18:01:43.094 ,PASSED,control  NAC:0x8A1 TSDU bch_err=0 raw=0x7
2026-04-19 18:01:43.098 ,PASSED,control  NAC:0x8A1 TSDU bch_err=0 raw=0x7
2026-04-19 18:01:43.101 ,PASSED,control  NAC:0x8A1 TSDU bch_err=0 raw=0x7
2026-04-19 18:01:43.105 ,PASSED,control  NAC:0x8A1 TSDU bch_err=0 raw=0x7
2026-04-19 18:01:43.109 ,PASSED,control  NAC:0x8A1 TSDU bch_err=0 raw=0x7
2026-04-19 18:01:43.113 ,PASSED,control  NAC:0x8A1 TSDU bch_err=0 raw=0x7
2026-04-19 18:01:43.116 ,PASSED,control  NAC:0x8A1 TSDU bch_err=0 raw=0x7
2026-04-19 18:01:43.121 ,CORRECTED,control  NAC:0x8A1 TSDU bch_err=11 raw=0x2
2026-04-19 18:01:43.125 ,CORRECTED,control  NAC:0x8A1 TSDU bch_err=3 raw=0x3
2026-04-19 18:01:43.130 ,CORRECTED,control  NAC:0x8A1 TSDU bch_err=5 raw=0x6
2026-04-19 18:01:43.132 ,PASSED,control  NAC:0x8A1 TSDU bch_err=0 raw=0x7
2026-04-19 18:01:43.136 ,PASSED,control  NAC:0x8A1 TSDU bch_err=0 raw=0x7
2026-04-19 18:01:43.138 ,PASSED,control  NAC:0x8A1 TSDU bch_err=0 raw=0x7
2026-04-19 18:01:43.141 ,PASSED,control  NAC:0x8A1 TSDU bch_err=0 raw=0x7
2026-04-19 18:01:43.144 ,PASSED,control  NAC:0x8A1 TSDU bch_err=0 raw=0x7
2026-04-19 18:01:43.146 ,PASSED,control  NAC:0x8A1 TSDU bch_err=0 raw=0x7
2026-04-19 18:01:43.148 ,PASSED,control  NAC:0x8A1 TSDU bch_err=0 raw=0x7
2026-04-19 18:01:43.151 ,PASSED,control  NAC:0x8A1 TSDU bch_err=0 raw=0x7
2026-04-19 18:01:43.156 ,CORRECTED,control  NAC:0x8A1 TSDU bch_err=4 raw=0x7
2026-04-19 18:01:43.159 ,PASSED,control  NAC:0x8A1 TSDU bch_err=0 raw=0x7
2026-04-19 18:01:43.162 ,PASSED,control  NAC:0x8A1 TSDU bch_err=0 raw=0x7
2026-04-19 18:01:43.164 ,PASSED,control  NAC:0x8A1 TSDU bch_err=0 raw=0x7
2026-04-19 18:01:43.167 ,PASSED,control  NAC:0x8A1 TSDU bch_err=0 raw=0x7
2026-04-19 18:01:43.172 ,CORRECTED,control  NAC:0x8A1 TSDU bch_err=1 raw=0x7
2026-04-19 18:01:43.175 ,PASSED,control  NAC:0x8A1 TSDU bch_err=0 raw=0x7
2026-04-19 18:01:46.431 ,PASSED,control  NAC:0x8A1 TSDU bch_err=0 raw=0x7
2026-04-19 18:01:46.434 ,PASSED,control  NAC:0x8A1 TSDU bch_err=0 raw=0x7
2026-04-19 18:01:46.437 ,PASSED,control  NAC:0x8A1 TSDU bch_err=0 raw=0x7
2026-04-19 18:01:46.440 ,PASSED,control  NAC:0x8A1 TSDU bch_err=0 raw=0x7
2026-04-19 18:01:46.443 ,PASSED,control  NAC:0x8A1 TSDU bch_err=0 raw=0x7
2026-04-19 18:01:46.446 ,PASSED,control  NAC:0x8A1 TSDU bch_err=0 raw=0x7
2026-04-19 18:01:46.448 ,PASSED,control  NAC:0x8A1 TSDU bch_err=0 raw=0x7
2026-04-19 18:01:46.450 ,PASSED,control  NAC:0x8A1 TSDU bch_err=0 raw=0x7
2026-04-19 18:01:46.453 ,PASSED,control  NAC:0x8A1 TSDU bch_err=0 raw=0x7
2026-04-19 18:01:46.457 ,PASSED,control  NAC:0x8A1 TSDU bch_err=0 raw=0x7
2026-04-19 18:01:46.459 ,PASSED,control  NAC:0x8A1 TSDU bch_err=0 raw=0x7
2026-04-19 18:01:46.462 ,PASSED,control  NAC:0x8A1 TSDU bch_err=0 raw=0x7
2026-04-19 18:01:46.465 ,PASSED,control  NAC:0x8A1 TSDU bch_err=0 raw=0x7
2026-04-19 18:01:46.469 ,CORRECTED,control  NAC:0x8A1 TSDU bch_err=8 raw=0x3
2026-04-19 18:01:46.472 ,PASSED,control  NAC:0x8A1 TSDU bch_err=0 raw=0x7
2026-04-19 18:01:46.475 ,PASSED,control  NAC:0x8A1 TSDU bch_err=0 raw=0x7
2026-04-19 18:01:46.478 ,PASSED,control  NAC:0x8A1 TSDU bch_err=0 raw=0x7
2026-04-19 18:01:46.480 ,PASSED,control  NAC:0x8A1 TSDU bch_err=0 raw=0x7
2026-04-19 18:01:46.483 ,PASSED,control  NAC:0x8A1 TSDU bch_err=0 raw=0x7
2026-04-19 18:01:46.486 ,PASSED,control  NAC:0x8A1 TSDU bch_err=0 raw=0x7
2026-04-19 18:01:46.489 ,PASSED,control  NAC:0x8A1 TSDU bch_err=0 raw=0x7
2026-04-19 18:01:46.491 ,PASSED,control  NAC:0x8A1 TSDU bch_err=0 raw=0x7
2026-04-19 18:01:46.494 ,PASSED,control  NAC:0x8A1 TSDU bch_err=0 raw=0x7
2026-04-19 18:01:46.497 ,PASSED,control  NAC:0x8A1 TSDU bch_err=0 raw=0x7
2026-04-19 18:01:46.499 ,PASSED,control  NAC:0x8A1 TSDU bch_err=0 raw=0x7
2026-04-19 18:01:46.502 ,PASSED,control  NAC:0x8A1 TSDU bch_err=0 raw=0x7
2026-04-19 18:01:46.505 ,PASSED,control  NAC:0x8A1 TSDU bch_err=0 raw=0x7
2026-04-19 18:01:46.510 ,CORRECTED,control  NAC:0x8A1 TSDU bch_err=1 raw=0x7
2026-04-19 18:01:46.512 ,PASSED,control  NAC:0x8A1 TSDU bch_err=0 raw=0x7
2026-04-19 18:01:46.515 ,PASSED,control  NAC:0x8A1 TSDU bch_err=0 raw=0x7
2026-04-19 18:01:46.518 ,PASSED,control  NAC:0x8A1 TSDU bch_err=0 raw=0x7
2026-04-19 18:01:46.521 ,PASSED,control  NAC:0x8A1 TSDU bch_err=0 raw=0x7
2026-04-19 18:01:46.523 ,PASSED,control  NAC:0x8A1 TSDU bch_err=0 raw=0x7
2026-04-19 18:01:46.526 ,PASSED,control  NAC:0x8A1 TSDU bch_err=0 raw=0x7
2026-04-19 18:01:46.529 ,PASSED,control  NAC:0x8A1 TSDU bch_err=0 raw=0x7
2026-04-19 18:01:46.532 ,PASSED,control  NAC:0x8A1 TSDU bch_err=0 raw=0x7
2026-04-19 18:01:46.539 ,PASSED,control  NAC:0x8A1 TSDU bch_err=0 raw=0x7
2026-04-19 18:01:46.542 ,PASSED,control  NAC:0x8A1 TSDU bch_err=0 raw=0x7
2026-04-19 18:01:46.546 ,CORRECTED,control  NAC:0x8A1 TSDU bch_err=1 raw=0x6
2026-04-19 18:01:46.548 ,PASSED,control  NAC:0x8A1 TSDU bch_err=0 raw=0x7
2026-04-19 18:01:46.551 ,PASSED,control  NAC:0x8A1 TSDU bch_err=0 raw=0x7
2026-04-19 18:01:46.554 ,PASSED,control  NAC:0x8A1 TSDU bch_err=0 raw=0x7
2026-04-19 18:01:49.844 ,PASSED,control  NAC:0x8A1 TSDU bch_err=0 raw=0x7
2026-04-19 18:01:49.847 ,PASSED,control  NAC:0x8A1 TSDU bch_err=0 raw=0x7
2026-04-19 18:01:49.850 ,PASSED,control  NAC:0x8A1 TSDU bch_err=0 raw=0x7
2026-04-19 18:01:49.852 ,PASSED,control  NAC:0x8A1 TSDU bch_err=0 raw=0x7
2026-04-19 18:01:49.855 ,PASSED,control  NAC:0x8A1 TSDU bch_err=0 raw=0x7
2026-04-19 18:01:49.858 ,PASSED,control  NAC:0x8A1 TSDU bch_err=0 raw=0x7
2026-04-19 18:01:49.861 ,PASSED,control  NAC:0x8A1 TSDU bch_err=0 raw=0x7
2026-04-19 18:01:49.864 ,PASSED,control  NAC:0x8A1 TSDU bch_err=0 raw=0x7
2026-04-19 18:01:49.866 ,PASSED,control  NAC:0x8A1 TSDU bch_err=0 raw=0x7
2026-04-19 18:01:49.869 ,PASSED,control  NAC:0x8A1 TSDU bch_err=0 raw=0x7
2026-04-19 18:01:49.872 ,PASSED,control  NAC:0x8A1 TSDU bch_err=0 raw=0x7
2026-04-19 18:01:49.875 ,PASSED,control  NAC:0x8A1 TSDU bch_err=0 raw=0x7
2026-04-19 18:01:49.877 ,PASSED,control  NAC:0x8A1 TSDU bch_err=0 raw=0x7
2026-04-19 18:01:49.880 ,PASSED,control  NAC:0x8A1 TSDU bch_err=0 raw=0x7
2026-04-19 18:01:49.882 ,PASSED,control  NAC:0x8A1 TSDU bch_err=0 raw=0x7
2026-04-19 18:01:49.885 ,PASSED,control  NAC:0x8A1 TSDU bch_err=0 raw=0x7
2026-04-19 18:01:49.888 ,PASSED,control  NAC:0x8A1 TSDU bch_err=0 raw=0x7
2026-04-19 18:01:49.891 ,PASSED,control  NAC:0x8A1 TSDU bch_err=0 raw=0x7
2026-04-19 18:01:49.894 ,PASSED,control  NAC:0x8A1 TSDU bch_err=0 raw=0x7
2026-04-19 18:01:49.896 ,PASSED,control  NAC:0x8A1 TSDU bch_err=0 raw=0x7
2026-04-19 18:01:49.899 ,PASSED,control  NAC:0x8A1 TSDU bch_err=0 raw=0x7
2026-04-19 18:01:49.902 ,PASSED,control  NAC:0x8A1 TSDU bch_err=0 raw=0x7
2026-04-19 18:01:49.904 ,PASSED,control  NAC:0x8A1 TSDU bch_err=0 raw=0x7
2026-04-19 18:01:49.907 ,PASSED,control  NAC:0x8A1 TSDU bch_err=0 raw=0x7
2026-04-19 18:01:49.910 ,PASSED,control  NAC:0x8A1 TSDU bch_err=0 raw=0x7
2026-04-19 18:01:49.912 ,PASSED,control  NAC:0x8A1 TSDU bch_err=0 raw=0x7
2026-04-19 18:01:49.915 ,PASSED,control  NAC:0x8A1 TSDU bch_err=0 raw=0x7
2026-04-19 18:01:49.918 ,PASSED,control  NAC:0x8A1 TSDU bch_err=0 raw=0x7
2026-04-19 18:01:49.921 ,PASSED,control  NAC:0x8A1 TSDU bch_err=0 raw=0x7
2026-04-19 18:01:49.923 ,PASSED,control  NAC:0x8A1 TSDU bch_err=0 raw=0x7
2026-04-19 18:01:49.926 ,PASSED,control  NAC:0x8A1 TSDU bch_err=0 raw=0x7
2026-04-19 18:01:49.929 ,PASSED,control  NAC:0x8A1 TSDU bch_err=0 raw=0x7
2026-04-19 18:01:49.932 ,PASSED,control  NAC:0x8A1 TSDU bch_err=0 raw=0x7
2026-04-19 18:01:49.934 ,PASSED,control  NAC:0x8A1 TSDU bch_err=0 raw=0x7
2026-04-19 18:01:49.937 ,PASSED,control  NAC:0x8A1 TSDU bch_err=0 raw=0x7
2026-04-19 18:01:49.941 ,CORRECTED,control  NAC:0x8A1 TSDU bch_err=8 raw=0x3
2026-04-19 18:01:49.946 ,CORRECTED,control  NAC:0x8A1 TSDU bch_err=6 raw=0x7
2026-04-19 18:01:49.950 ,CORRECTED,control  NAC:0x8A1 TSDU bch_err=3 raw=0x7
2026-04-19 18:01:49.957 ,PASSED,control  NAC:0x8A1 TSDU bch_err=0 raw=0x7
2026-04-19 18:01:49.960 ,PASSED,control  NAC:0x8A1 TSDU bch_err=0 raw=0x7
2026-04-19 18:01:49.964 ,CORRECTED,control  NAC:0x8A1 TSDU bch_err=3 raw=0x7
2026-04-19 18:01:49.969 ,CORRECTED,control  NAC:0x8A1 TSDU bch_err=4 raw=0x6
2026-04-19 18:01:49.972 ,PASSED,control  NAC:0x8A1 TSDU bch_err=0 raw=0x7
2026-04-19 18:01:53.258 ,PASSED,control  NAC:0x8A1 TSDU bch_err=0 raw=0x7
2026-04-19 18:01:53.263 ,CORRECTED,control  NAC:0x8A1 TSDU bch_err=1 raw=0x6
2026-04-19 18:01:53.265 ,PASSED,control  NAC:0x8A1 TSDU bch_err=0 raw=0x7
2026-04-19 18:01:53.268 ,PASSED,control  NAC:0x8A1 TSDU bch_err=0 raw=0x7
2026-04-19 18:01:53.271 ,PASSED,control  NAC:0x8A1 TSDU bch_err=0 raw=0x7
2026-04-19 18:01:53.274 ,PASSED,control  NAC:0x8A1 TSDU bch_err=0 raw=0x7
2026-04-19 18:01:53.277 ,PASSED,control  NAC:0x8A1 TSDU bch_err=0 raw=0x7
2026-04-19 18:01:53.279 ,PASSED,control  NAC:0x8A1 TSDU bch_err=0 raw=0x7
2026-04-19 18:01:53.282 ,PASSED,control  NAC:0x8A1 TSDU bch_err=0 raw=0x7
2026-04-19 18:01:53.285 ,PASSED,control  NAC:0x8A1 TSDU bch_err=0 raw=0x7
2026-04-19 18:01:53.288 ,PASSED,control  NAC:0x8A1 TSDU bch_err=0 raw=0x7
2026-04-19 18:01:53.290 ,PASSED,control  NAC:0x8A1 TSDU bch_err=0 raw=0x7
2026-04-19 18:01:53.293 ,PASSED,control  NAC:0x8A1 TSDU bch_err=0 raw=0x7
2026-04-19 18:01:53.298 ,CORRECTED,control  NAC:0x8A1 TSDU bch_err=2 raw=0x2
2026-04-19 18:01:53.300 ,PASSED,control  NAC:0x8A1 TSDU bch_err=0 raw=0x7
2026-04-19 18:01:53.303 ,PASSED,control  NAC:0x8A1 TSDU bch_err=0 raw=0x7
2026-04-19 18:01:53.307 ,CORRECTED,control  NAC:0x8A1 TSDU bch_err=2 raw=0x7
2026-04-19 18:01:53.312 ,CORRECTED,control  NAC:0x8A1 TSDU bch_err=4 raw=0x3
2026-04-19 18:01:53.315 ,PASSED,control  NAC:0x8A1 TSDU bch_err=0 raw=0x7
2026-04-19 18:01:53.317 ,PASSED,control  NAC:0x8A1 TSDU bch_err=0 raw=0x7
2026-04-19 18:01:53.320 ,PASSED,control  NAC:0x8A1 TSDU bch_err=0 raw=0x7
2026-04-19 18:01:53.323 ,PASSED,control  NAC:0x8A1 TSDU bch_err=0 raw=0x7
2026-04-19 18:01:53.326 ,PASSED,control  NAC:0x8A1 TSDU bch_err=0 raw=0x7
2026-04-19 18:01:53.328 ,PASSED,control  NAC:0x8A1 TSDU bch_err=0 raw=0x7
2026-04-19 18:01:53.331 ,PASSED,control  NAC:0x8A1 TSDU bch_err=0 raw=0x7
2026-04-19 18:01:53.336 ,CORRECTED,control  NAC:0x8A1 TSDU bch_err=3 raw=0x6
2026-04-19 18:01:53.339 ,PASSED,control  NAC:0x8A1 TSDU bch_err=0 raw=0x7
2026-04-19 18:01:53.341 ,PASSED,control  NAC:0x8A1 TSDU bch_err=0 raw=0x7
2026-04-19 18:01:53.346 ,CORRECTED,control  NAC:0x8A1 TSDU bch_err=4 raw=0x3
2026-04-19 18:01:53.349 ,PASSED,control  NAC:0x8A1 TSDU bch_err=0 raw=0x7
2026-04-19 18:01:53.351 ,PASSED,control  NAC:0x8A1 TSDU bch_err=0 raw=0x7
2026-04-19 18:01:53.354 ,PASSED,control  NAC:0x8A1 TSDU bch_err=0 raw=0x7
2026-04-19 18:01:53.357 ,PASSED,control  NAC:0x8A1 TSDU bch_err=0 raw=0x7
2026-04-19 18:01:53.360 ,PASSED,control  NAC:0x8A1 TSDU bch_err=0 raw=0x7
2026-04-19 18:01:53.363 ,PASSED,control  NAC:0x8A1 TSDU bch_err=0 raw=0x7
2026-04-19 18:01:53.365 ,PASSED,control  NAC:0x8A1 TSDU bch_err=0 raw=0x7
2026-04-19 18:01:53.368 ,PASSED,control  NAC:0x8A1 TSDU bch_err=0 raw=0x7
2026-04-19 18:01:53.371 ,PASSED,control  NAC:0x8A1 TSDU bch_err=0 raw=0x7
2026-04-19 18:01:53.374 ,PASSED,control  NAC:0x8A1 TSDU bch_err=0 raw=0x7
2026-04-19 18:01:53.376 ,PASSED,control  NAC:0x8A1 TSDU bch_err=0 raw=0x7
2026-04-19 18:01:53.379 ,PASSED,control  NAC:0x8A1 TSDU bch_err=0 raw=0x7
2026-04-19 18:01:53.382 ,PASSED,control  NAC:0x8A1 TSDU bch_err=0 raw=0x7
2026-04-19 18:01:53.385 ,PASSED,control  NAC:0x8A1 TSDU bch_err=0 raw=0x7
2026-04-19 18:01:53.388 ,PASSED,control  NAC:0x8A1 TSDU bch_err=0 raw=0x7
2026-04-19 18:01:56.671 ,PASSED,control  NAC:0x8A1 TSDU bch_err=0 raw=0x7
2026-04-19 18:01:56.674 ,PASSED,control  NAC:0x8A1 TSDU bch_err=0 raw=0x7
2026-04-19 18:01:56.676 ,PASSED,control  NAC:0x8A1 TSDU bch_err=0 raw=0x7
2026-04-19 18:01:56.679 ,PASSED,control  NAC:0x8A1 TSDU bch_err=0 raw=0x7
2026-04-19 18:01:56.682 ,PASSED,control  NAC:0x8A1 TSDU bch_err=0 raw=0x7
2026-04-19 18:01:56.685 ,PASSED,control  NAC:0x8A1 TSDU bch_err=0 raw=0x7
2026-04-19 18:01:56.688 ,PASSED,control  NAC:0x8A1 TSDU bch_err=0 raw=0x7
2026-04-19 18:01:56.690 ,PASSED,control  NAC:0x8A1 TSDU bch_err=0 raw=0x7
2026-04-19 18:01:56.693 ,PASSED,control  NAC:0x8A1 TSDU bch_err=0 raw=0x7
2026-04-19 18:01:56.696 ,PASSED,control  NAC:0x8A1 TSDU bch_err=0 raw=0x7
2026-04-19 18:01:56.700 ,PASSED,control  NAC:0x8A1 TSDU bch_err=0 raw=0x7
2026-04-19 18:01:56.703 ,PASSED,control  NAC:0x8A1 TSDU bch_err=0 raw=0x7
2026-04-19 18:01:56.706 ,PASSED,control  NAC:0x8A1 TSDU bch_err=0 raw=0x7
2026-04-19 18:01:56.709 ,PASSED,control  NAC:0x8A1 TSDU bch_err=0 raw=0x7
2026-04-19 18:01:56.712 ,PASSED,control  NAC:0x8A1 TSDU bch_err=0 raw=0x7
2026-04-19 18:01:56.715 ,PASSED,control  NAC:0x8A1 TSDU bch_err=0 raw=0x7
2026-04-19 18:01:56.718 ,PASSED,control  NAC:0x8A1 TSDU bch_err=0 raw=0x7
2026-04-19 18:01:56.722 ,PASSED,control  NAC:0x8A1 TSDU bch_err=0 raw=0x7
2026-04-19 18:01:56.725 ,PASSED,control  NAC:0x8A1 TSDU bch_err=0 raw=0x7
2026-04-19 18:01:56.728 ,PASSED,control  NAC:0x8A1 TSDU bch_err=0 raw=0x7
2026-04-19 18:01:56.734 ,CORRECTED,control  NAC:0x8A1 TSDU bch_err=1 raw=0x3
2026-04-19 18:01:56.737 ,PASSED,control  NAC:0x8A1 TSDU bch_err=0 raw=0x7
2026-04-19 18:01:56.741 ,PASSED,control  NAC:0x8A1 TSDU bch_err=0 raw=0x7
2026-04-19 18:01:56.744 ,PASSED,control  NAC:0x8A1 TSDU bch_err=0 raw=0x7
2026-04-19 18:01:56.747 ,PASSED,control  NAC:0x8A1 TSDU bch_err=0 raw=0x7
2026-04-19 18:01:56.750 ,PASSED,control  NAC:0x8A1 TSDU bch_err=0 raw=0x7
2026-04-19 18:01:56.754 ,PASSED,control  NAC:0x8A1 TSDU bch_err=0 raw=0x7
2026-04-19 18:01:56.757 ,PASSED,control  NAC:0x8A1 TSDU bch_err=0 raw=0x7
2026-04-19 18:01:56.760 ,PASSED,control  NAC:0x8A1 TSDU bch_err=0 raw=0x7
2026-04-19 18:01:56.763 ,PASSED,control  NAC:0x8A1 TSDU bch_err=0 raw=0x7
2026-04-19 18:01:56.766 ,PASSED,control  NAC:0x8A1 TSDU bch_err=0 raw=0x7
2026-04-19 18:01:56.769 ,PASSED,control  NAC:0x8A1 TSDU bch_err=0 raw=0x7
2026-04-19 18:01:56.772 ,PASSED,control  NAC:0x8A1 TSDU bch_err=0 raw=0x7
2026-04-19 18:01:56.775 ,PASSED,control  NAC:0x8A1 TSDU bch_err=0 raw=0x7
2026-04-19 18:01:56.778 ,PASSED,control  NAC:0x8A1 TSDU bch_err=0 raw=0x7
2026-04-19 18:01:56.781 ,PASSED,control  NAC:0x8A1 TSDU bch_err=0 raw=0x7
2026-04-19 18:01:56.785 ,PASSED,control  NAC:0x8A1 TSDU bch_err=0 raw=0x7
2026-04-19 18:01:56.789 ,PASSED,control  NAC:0x8A1 TSDU bch_err=0 raw=0x7
2026-04-19 18:01:56.792 ,PASSED,control  NAC:0x8A1 TSDU bch_err=0 raw=0x7
2026-04-19 18:01:56.794 ,PASSED,control  NAC:0x8A1 TSDU bch_err=0 raw=0x7
2026-04-19 18:01:56.798 ,PASSED,control  NAC:0x8A1 TSDU bch_err=0 raw=0x7
2026-04-19 18:01:56.801 ,PASSED,control  NAC:0x8A1 TSDU bch_err=0 raw=0x7
2026-04-19 18:01:56.804 ,PASSED,control  NAC:0x8A1 TSDU bch_err=0 raw=0x7
2026-04-19 18:01:56.808 ,PASSED,control  NAC:0x8A1 TSDU bch_err=0 raw=0x7
2026-04-19 18:01:56.811 ,PASSED,control  NAC:0x8A1 TSDU bch_err=0 raw=0x7
2026-04-19 18:02:00.085 ,PASSED,control  NAC:0x8A1 TSDU bch_err=0 raw=0x7
2026-04-19 18:02:00.088 ,PASSED,control  NAC:0x8A1 TSDU bch_err=0 raw=0x7
2026-04-19 18:02:00.092 ,PASSED,control  NAC:0x8A1 TSDU bch_err=0 raw=0x7
2026-04-19 18:02:00.096 ,PASSED,control  NAC:0x8A1 TSDU bch_err=0 raw=0x7
2026-04-19 18:02:00.100 ,PASSED,control  NAC:0x8A1 TSDU bch_err=0 raw=0x7
2026-04-19 18:02:00.103 ,PASSED,control  NAC:0x8A1 TSDU bch_err=0 raw=0x7
2026-04-19 18:02:00.107 ,PASSED,control  NAC:0x8A1 TSDU bch_err=0 raw=0x7
2026-04-19 18:02:00.111 ,PASSED,control  NAC:0x8A1 TSDU bch_err=0 raw=0x7
2026-04-19 18:02:00.115 ,PASSED,control  NAC:0x8A1 TSDU bch_err=0 raw=0x7
2026-04-19 18:02:00.119 ,PASSED,control  NAC:0x8A1 TSDU bch_err=0 raw=0x7
2026-04-19 18:02:00.122 ,PASSED,control  NAC:0x8A1 TSDU bch_err=0 raw=0x7
2026-04-19 18:02:00.126 ,PASSED,control  NAC:0x8A1 TSDU bch_err=0 raw=0x7
2026-04-19 18:02:00.130 ,PASSED,control  NAC:0x8A1 TSDU bch_err=0 raw=0x7
2026-04-19 18:02:00.133 ,PASSED,control  NAC:0x8A1 TSDU bch_err=0 raw=0x7
2026-04-19 18:02:00.137 ,PASSED,control  NAC:0x8A1 TSDU bch_err=0 raw=0x7
2026-04-19 18:02:00.141 ,PASSED,control  NAC:0x8A1 TSDU bch_err=0 raw=0x7
2026-04-19 18:02:00.145 ,PASSED,control  NAC:0x8A1 TSDU bch_err=0 raw=0x7
2026-04-19 18:02:00.149 ,PASSED,control  NAC:0x8A1 TSDU bch_err=0 raw=0x7
2026-04-19 18:02:00.153 ,PASSED,control  NAC:0x8A1 TSDU bch_err=0 raw=0x7
2026-04-19 18:02:00.156 ,PASSED,control  NAC:0x8A1 TSDU bch_err=0 raw=0x7
2026-04-19 18:02:00.160 ,PASSED,control  NAC:0x8A1 TSDU bch_err=0 raw=0x7
2026-04-19 18:02:00.164 ,PASSED,control  NAC:0x8A1 TSDU bch_err=0 raw=0x7
2026-04-19 18:02:00.168 ,PASSED,control  NAC:0x8A1 TSDU bch_err=0 raw=0x7
2026-04-19 18:02:00.171 ,PASSED,control  NAC:0x8A1 TSDU bch_err=0 raw=0x7
2026-04-19 18:02:00.175 ,PASSED,control  NAC:0x8A1 TSDU bch_err=0 raw=0x7
2026-04-19 18:02:00.179 ,PASSED,control  NAC:0x8A1 TSDU bch_err=0 raw=0x7
2026-04-19 18:02:00.183 ,PASSED,control  NAC:0x8A1 TSDU bch_err=0 raw=0x7
2026-04-19 18:02:00.186 ,PASSED,control  NAC:0x8A1 TSDU bch_err=0 raw=0x7
2026-04-19 18:02:00.190 ,PASSED,control  NAC:0x8A1 TSDU bch_err=0 raw=0x7
2026-04-19 18:02:00.193 ,PASSED,control  NAC:0x8A1 TSDU bch_err=0 raw=0x7
2026-04-19 18:02:00.197 ,PASSED,control  NAC:0x8A1 TSDU bch_err=0 raw=0x7
2026-04-19 18:02:00.200 ,PASSED,control  NAC:0x8A1 TSDU bch_err=0 raw=0x7
2026-04-19 18:02:00.204 ,PASSED,control  NAC:0x8A1 TSDU bch_err=0 raw=0x7
2026-04-19 18:02:00.208 ,PASSED,control  NAC:0x8A1 TSDU bch_err=0 raw=0x7
2026-04-19 18:02:00.212 ,PASSED,control  NAC:0x8A1 TSDU bch_err=0 raw=0x7
2026-04-19 18:02:00.216 ,PASSED,control  NAC:0x8A1 TSDU bch_err=0 raw=0x7
2026-04-19 18:02:00.219 ,PASSED,control  NAC:0x8A1 TSDU bch_err=0 raw=0x7
2026-04-19 18:02:00.223 ,PASSED,control  NAC:0x8A1 TSDU bch_err=0 raw=0x7
2026-04-19 18:02:00.227 ,PASSED,control  NAC:0x8A1 TSDU bch_err=0 raw=0x7
2026-04-19 18:02:00.230 ,PASSED,control  NAC:0x8A1 TSDU bch_err=0 raw=0x7
2026-04-19 18:02:00.234 ,PASSED,control  NAC:0x8A1 TSDU bch_err=0 raw=0x7
2026-04-19 18:02:00.238 ,PASSED,control  NAC:0x8A1 TSDU bch_err=0 raw=0x7
2026-04-19 18:02:00.242 ,PASSED,control  NAC:0x8A1 TSDU bch_err=0 raw=0x7
2026-04-19 18:02:03.499 ,PASSED,control  NAC:0x8A1 TSDU bch_err=0 raw=0x7
2026-04-19 18:02:03.503 ,PASSED,control  NAC:0x8A1 TSDU bch_err=0 raw=0x7
2026-04-19 18:02:03.507 ,PASSED,control  NAC:0x8A1 TSDU bch_err=0 raw=0x7
2026-04-19 18:02:03.513 ,PASSED,control  NAC:0x8A1 TSDU bch_err=0 raw=0x7
2026-04-19 18:02:03.517 ,PASSED,control  NAC:0x8A1 TSDU bch_err=0 raw=0x7
2026-04-19 18:02:03.520 ,PASSED,control  NAC:0x8A1 TSDU bch_err=0 raw=0x7
2026-04-19 18:02:03.525 ,PASSED,control  NAC:0x8A1 TSDU bch_err=0 raw=0x7
2026-04-19 18:02:03.530 ,PASSED,control  NAC:0x8A1 TSDU bch_err=0 raw=0x7
2026-04-19 18:02:03.533 ,PASSED,control  NAC:0x8A1 TSDU bch_err=0 raw=0x7
2026-04-19 18:02:03.539 ,PASSED,control  NAC:0x8A1 TSDU bch_err=0 raw=0x7
2026-04-19 18:02:03.542 ,PASSED,control  NAC:0x8A1 TSDU bch_err=0 raw=0x7
2026-04-19 18:02:03.546 ,PASSED,control  NAC:0x8A1 TSDU bch_err=0 raw=0x7
2026-04-19 18:02:03.548 ,PASSED,control  NAC:0x8A1 TSDU bch_err=0 raw=0x7
2026-04-19 18:02:03.556 ,CORRECTED,control  NAC:0x8A1 TSDU bch_err=8 raw=0x4
2026-04-19 18:02:03.560 ,PASSED,control  NAC:0x8A1 TSDU bch_err=0 raw=0x7
2026-04-19 18:02:03.564 ,PASSED,control  NAC:0x8A1 TSDU bch_err=0 raw=0x7
2026-04-19 18:02:03.568 ,PASSED,control  NAC:0x8A1 TSDU bch_err=0 raw=0x7
2026-04-19 18:02:03.578 ,PASSED,control  NAC:0x8A1 TSDU bch_err=0 raw=0x7
2026-04-19 18:02:03.584 ,CORRECTED,control  NAC:0x8A1 TSDU bch_err=5 raw=0x2
2026-04-19 18:02:03.587 ,PASSED,control  NAC:0x8A1 TSDU bch_err=0 raw=0x7
2026-04-19 18:02:03.591 ,PASSED,control  NAC:0x8A1 TSDU bch_err=0 raw=0x7
2026-04-19 18:02:03.595 ,PASSED,control  NAC:0x8A1 TSDU bch_err=0 raw=0x7
2026-04-19 18:02:03.598 ,PASSED,control  NAC:0x8A1 TSDU bch_err=0 raw=0x7
2026-04-19 18:02:03.602 ,PASSED,control  NAC:0x8A1 TSDU bch_err=0 raw=0x7
2026-04-19 18:02:03.606 ,PASSED,control  NAC:0x8A1 TSDU bch_err=0 raw=0x7
2026-04-19 18:02:03.609 ,PASSED,control  NAC:0x8A1 TSDU bch_err=0 raw=0x7
2026-04-19 18:02:03.613 ,PASSED,control  NAC:0x8A1 TSDU bch_err=0 raw=0x7
2026-04-19 18:02:03.616 ,PASSED,control  NAC:0x8A1 TSDU bch_err=0 raw=0x7
2026-04-19 18:02:03.620 ,PASSED,control  NAC:0x8A1 TSDU bch_err=0 raw=0x7
2026-04-19 18:02:03.625 ,PASSED,control  NAC:0x8A1 TSDU bch_err=0 raw=0x7
2026-04-19 18:02:03.628 ,PASSED,control  NAC:0x8A1 TSDU bch_err=0 raw=0x7
2026-04-19 18:02:03.631 ,PASSED,control  NAC:0x8A1 TSDU bch_err=0 raw=0x7
2026-04-19 18:02:03.635 ,PASSED,control  NAC:0x8A1 TSDU bch_err=0 raw=0x7
2026-04-19 18:02:03.639 ,PASSED,control  NAC:0x8A1 TSDU bch_err=0 raw=0x7
2026-04-19 18:02:03.644 ,PASSED,control  NAC:0x8A1 TSDU bch_err=0 raw=0x7
2026-04-19 18:02:03.648 ,PASSED,control  NAC:0x8A1 TSDU bch_err=0 raw=0x7
2026-04-19 18:02:03.652 ,PASSED,control  NAC:0x8A1 TSDU bch_err=0 raw=0x7
2026-04-19 18:02:03.655 ,PASSED,control  NAC:0x8A1 TSDU bch_err=0 raw=0x7
2026-04-19 18:02:03.659 ,PASSED,control  NAC:0x8A1 TSDU bch_err=0 raw=0x7
2026-04-19 18:02:03.663 ,PASSED,control  NAC:0x8A1 TSDU bch_err=0 raw=0x7
2026-04-19 18:02:03.667 ,PASSED,control  NAC:0x8A1 TSDU bch_err=0 raw=0x7
2026-04-19 18:02:03.672 ,PASSED,control  NAC:0x8A1 TSDU bch_err=0 raw=0x7
2026-04-19 18:02:03.675 ,PASSED,control  NAC:0x8A1 TSDU bch_err=0 raw=0x7
2026-04-19 18:02:03.679 ,PASSED,control  NAC:0x8A1 TSDU bch_err=0 raw=0x7
2026-04-19 18:02:03.682 ,PASSED,control  NAC:0x8A1 TSDU bch_err=0 raw=0x7
2026-04-19 18:02:06.911 ,PASSED,control  NAC:0x8A1 TSDU bch_err=0 raw=0x7
2026-04-19 18:02:06.916 ,CORRECTED,control  NAC:0x8A1 TSDU bch_err=2 raw=0x7
2026-04-19 18:02:06.918 ,PASSED,control  NAC:0x8A1 TSDU bch_err=0 raw=0x7
2026-04-19 18:02:06.922 ,PASSED,control  NAC:0x8A1 TSDU bch_err=0 raw=0x7
2026-04-19 18:02:06.925 ,PASSED,control  NAC:0x8A1 TSDU bch_err=0 raw=0x7
2026-04-19 18:02:06.928 ,PASSED,control  NAC:0x8A1 TSDU bch_err=0 raw=0x7
2026-04-19 18:02:06.932 ,PASSED,control  NAC:0x8A1 TSDU bch_err=0 raw=0x7
2026-04-19 18:02:06.936 ,PASSED,control  NAC:0x8A1 TSDU bch_err=0 raw=0x7
2026-04-19 18:02:06.939 ,PASSED,control  NAC:0x8A1 TSDU bch_err=0 raw=0x7
2026-04-19 18:02:06.944 ,PASSED,control  NAC:0x8A1 TSDU bch_err=0 raw=0x7
2026-04-19 18:02:06.948 ,PASSED,control  NAC:0x8A1 TSDU bch_err=0 raw=0x7
2026-04-19 18:02:06.952 ,PASSED,control  NAC:0x8A1 TSDU bch_err=0 raw=0x7
2026-04-19 18:02:06.955 ,PASSED,control  NAC:0x8A1 TSDU bch_err=0 raw=0x7
2026-04-19 18:02:06.959 ,PASSED,control  NAC:0x8A1 TSDU bch_err=0 raw=0x7
2026-04-19 18:02:06.963 ,PASSED,control  NAC:0x8A1 TSDU bch_err=0 raw=0x7
2026-04-19 18:02:06.967 ,PASSED,control  NAC:0x8A1 TSDU bch_err=0 raw=0x7
2026-04-19 18:02:06.971 ,PASSED,control  NAC:0x8A1 TSDU bch_err=0 raw=0x7
2026-04-19 18:02:06.974 ,PASSED,control  NAC:0x8A1 TSDU bch_err=0 raw=0x7
2026-04-19 18:02:06.979 ,PASSED,control  NAC:0x8A1 TSDU bch_err=0 raw=0x7
2026-04-19 18:02:06.983 ,PASSED,control  NAC:0x8A1 TSDU bch_err=0 raw=0x7
2026-04-19 18:02:06.986 ,PASSED,control  NAC:0x8A1 TSDU bch_err=0 raw=0x7
2026-04-19 18:02:06.990 ,PASSED,control  NAC:0x8A1 TSDU bch_err=0 raw=0x7
2026-04-19 18:02:06.995 ,PASSED,control  NAC:0x8A1 TSDU bch_err=0 raw=0x7
2026-04-19 18:02:06.998 ,PASSED,control  NAC:0x8A1 TSDU bch_err=0 raw=0x7
2026-04-19 18:02:07.002 ,PASSED,control  NAC:0x8A1 TSDU bch_err=0 raw=0x7
2026-04-19 18:02:07.006 ,PASSED,control  NAC:0x8A1 TSDU bch_err=0 raw=0x7
2026-04-19 18:02:07.009 ,PASSED,control  NAC:0x8A1 TSDU bch_err=0 raw=0x7
2026-04-19 18:02:07.013 ,PASSED,control  NAC:0x8A1 TSDU bch_err=0 raw=0x7
2026-04-19 18:02:07.016 ,PASSED,control  NAC:0x8A1 TSDU bch_err=0 raw=0x7
2026-04-19 18:02:07.020 ,PASSED,control  NAC:0x8A1 TSDU bch_err=0 raw=0x7
2026-04-19 18:02:07.022 ,PASSED,control  NAC:0x8A1 TSDU bch_err=0 raw=0x7
2026-04-19 18:02:07.025 ,PASSED,control  NAC:0x8A1 TSDU bch_err=0 raw=0x7
2026-04-19 18:02:07.028 ,PASSED,control  NAC:0x8A1 TSDU bch_err=0 raw=0x7
2026-04-19 18:02:07.032 ,PASSED,control  NAC:0x8A1 TSDU bch_err=0 raw=0x7
2026-04-19 18:02:07.035 ,PASSED,control  NAC:0x8A1 TSDU bch_err=0 raw=0x7
2026-04-19 18:02:07.039 ,PASSED,control  NAC:0x8A1 TSDU bch_err=0 raw=0x7
2026-04-19 18:02:07.042 ,PASSED,control  NAC:0x8A1 TSDU bch_err=0 raw=0x7
2026-04-19 18:02:07.046 ,PASSED,control  NAC:0x8A1 TSDU bch_err=0 raw=0x7
2026-04-19 18:02:07.050 ,PASSED,control  NAC:0x8A1 TSDU bch_err=0 raw=0x7
2026-04-19 18:02:07.053 ,PASSED,control  NAC:0x8A1 TSDU bch_err=0 raw=0x7
2026-04-19 18:02:07.057 ,PASSED,control  NAC:0x8A1 TSDU bch_err=0 raw=0x7
2026-04-19 18:02:07.062 ,PASSED,control  NAC:0x8A1 TSDU bch_err=0 raw=0x7
2026-04-19 18:02:07.065 ,PASSED,control  NAC:0x8A1 TSDU bch_err=0 raw=0x7
2026-04-19 18:02:10.325 ,PASSED,control  NAC:0x8A1 TSDU bch_err=0 raw=0x7
2026-04-19 18:02:10.327 ,PASSED,control  NAC:0x8A1 TSDU bch_err=0 raw=0x7
2026-04-19 18:02:10.330 ,PASSED,control  NAC:0x8A1 TSDU bch_err=0 raw=0x7
2026-04-19 18:02:10.333 ,PASSED,control  NAC:0x8A1 TSDU bch_err=0 raw=0x7
2026-04-19 18:02:10.335 ,PASSED,control  NAC:0x8A1 TSDU bch_err=0 raw=0x7
2026-04-19 18:02:10.338 ,PASSED,control  NAC:0x8A1 TSDU bch_err=0 raw=0x7
2026-04-19 18:02:10.341 ,PASSED,control  NAC:0x8A1 TSDU bch_err=0 raw=0x7
2026-04-19 18:02:10.344 ,PASSED,control  NAC:0x8A1 TSDU bch_err=0 raw=0x7
2026-04-19 18:02:10.347 ,PASSED,control  NAC:0x8A1 TSDU bch_err=0 raw=0x7
2026-04-19 18:02:10.349 ,PASSED,control  NAC:0x8A1 TSDU bch_err=0 raw=0x7
2026-04-19 18:02:10.352 ,PASSED,control  NAC:0x8A1 TSDU bch_err=0 raw=0x7
2026-04-19 18:02:10.355 ,PASSED,control  NAC:0x8A1 TSDU bch_err=0 raw=0x7
2026-04-19 18:02:10.357 ,PASSED,control  NAC:0x8A1 TSDU bch_err=0 raw=0x7
2026-04-19 18:02:10.360 ,PASSED,control  NAC:0x8A1 TSDU bch_err=0 raw=0x7
2026-04-19 18:02:10.363 ,PASSED,control  NAC:0x8A1 TSDU bch_err=0 raw=0x7
2026-04-19 18:02:10.365 ,PASSED,control  NAC:0x8A1 TSDU bch_err=0 raw=0x7
2026-04-19 18:02:10.368 ,PASSED,control  NAC:0x8A1 TSDU bch_err=0 raw=0x7
2026-04-19 18:02:10.371 ,PASSED,control  NAC:0x8A1 TSDU bch_err=0 raw=0x7
2026-04-19 18:02:10.374 ,PASSED,control  NAC:0x8A1 TSDU bch_err=0 raw=0x7
2026-04-19 18:02:10.376 ,PASSED,control  NAC:0x8A1 TSDU bch_err=0 raw=0x7
2026-04-19 18:02:10.379 ,PASSED,control  NAC:0x8A1 TSDU bch_err=0 raw=0x7
2026-04-19 18:02:10.382 ,PASSED,control  NAC:0x8A1 TSDU bch_err=0 raw=0x7
2026-04-19 18:02:10.384 ,PASSED,control  NAC:0x8A1 TSDU bch_err=0 raw=0x7
2026-04-19 18:02:10.387 ,PASSED,control  NAC:0x8A1 TSDU bch_err=0 raw=0x7
2026-04-19 18:02:10.390 ,PASSED,control  NAC:0x8A1 TSDU bch_err=0 raw=0x7
2026-04-19 18:02:10.393 ,PASSED,control  NAC:0x8A1 TSDU bch_err=0 raw=0x7
2026-04-19 18:02:10.395 ,PASSED,control  NAC:0x8A1 TSDU bch_err=0 raw=0x7
2026-04-19 18:02:10.398 ,PASSED,control  NAC:0x8A1 TSDU bch_err=0 raw=0x7
2026-04-19 18:02:10.401 ,PASSED,control  NAC:0x8A1 TSDU bch_err=0 raw=0x7
2026-04-19 18:02:10.404 ,PASSED,control  NAC:0x8A1 TSDU bch_err=0 raw=0x7
2026-04-19 18:02:10.406 ,PASSED,control  NAC:0x8A1 TSDU bch_err=0 raw=0x7
2026-04-19 18:02:10.411 ,CORRECTED,control  NAC:0x8A1 TSDU bch_err=1 raw=0x6
2026-04-19 18:02:10.415 ,CORRECTED,control  NAC:0x8A1 TSDU bch_err=11 raw=0x7
2026-04-19 18:02:10.418 ,PASSED,control  NAC:0x8A1 TSDU bch_err=0 raw=0x7
2026-04-19 18:02:10.420 ,PASSED,control  NAC:0x8A1 TSDU bch_err=0 raw=0x7
2026-04-19 18:02:10.423 ,PASSED,control  NAC:0x8A1 TSDU bch_err=0 raw=0x7
2026-04-19 18:02:10.426 ,PASSED,control  NAC:0x8A1 TSDU bch_err=0 raw=0x7
2026-04-19 18:02:10.429 ,PASSED,control  NAC:0x8A1 TSDU bch_err=0 raw=0x7
2026-04-19 18:02:10.431 ,PASSED,control  NAC:0x8A1 TSDU bch_err=0 raw=0x7
2026-04-19 18:02:10.436 ,CORRECTED,control  NAC:0x8A1 TSDU bch_err=1 raw=0x7
2026-04-19 18:02:10.440 ,CORRECTED,control  NAC:0x8A1 TSDU bch_err=3 raw=0x6
2026-04-19 18:02:10.443 ,PASSED,control  NAC:0x8A1 TSDU bch_err=0 raw=0x7
2026-04-19 18:02:13.737 ,PASSED,control  NAC:0x8A1 TSDU bch_err=0 raw=0x7
2026-04-19 18:02:13.740 ,PASSED,control  NAC:0x8A1 TSDU bch_err=0 raw=0x7
2026-04-19 18:02:13.743 ,PASSED,control  NAC:0x8A1 TSDU bch_err=0 raw=0x7
2026-04-19 18:02:13.745 ,PASSED,control  NAC:0x8A1 TSDU bch_err=0 raw=0x7
2026-04-19 18:02:13.748 ,PASSED,control  NAC:0x8A1 TSDU bch_err=0 raw=0x7
2026-04-19 18:02:13.751 ,PASSED,control  NAC:0x8A1 TSDU bch_err=0 raw=0x7
2026-04-19 18:02:13.754 ,PASSED,control  NAC:0x8A1 TSDU bch_err=0 raw=0x7
2026-04-19 18:02:13.758 ,CORRECTED,control  NAC:0x8A1 TSDU bch_err=7 raw=0x3
2026-04-19 18:02:13.761 ,PASSED,control  NAC:0x8A1 TSDU bch_err=0 raw=0x7
2026-04-19 18:02:13.764 ,PASSED,control  NAC:0x8A1 TSDU bch_err=0 raw=0x7
2026-04-19 18:02:13.766 ,PASSED,control  NAC:0x8A1 TSDU bch_err=0 raw=0x7
2026-04-19 18:02:13.769 ,PASSED,control  NAC:0x8A1 TSDU bch_err=0 raw=0x7
2026-04-19 18:02:13.772 ,PASSED,control  NAC:0x8A1 TSDU bch_err=0 raw=0x7
2026-04-19 18:02:13.774 ,PASSED,control  NAC:0x8A1 TSDU bch_err=0 raw=0x7
2026-04-19 18:02:13.778 ,CORRECTED,control  NAC:0x8A1 TSDU bch_err=6 raw=0x4
2026-04-19 18:02:13.781 ,PASSED,control  NAC:0x8A1 TSDU bch_err=0 raw=0x7
2026-04-19 18:02:13.784 ,PASSED,control  NAC:0x8A1 TSDU bch_err=0 raw=0x7
2026-04-19 18:02:13.787 ,PASSED,control  NAC:0x8A1 TSDU bch_err=0 raw=0x7
2026-04-19 18:02:13.790 ,PASSED,control  NAC:0x8A1 TSDU bch_err=0 raw=0x7
2026-04-19 18:02:13.794 ,CORRECTED,control  NAC:0x8A1 TSDU bch_err=7 raw=0x2
2026-04-19 18:02:13.797 ,PASSED,control  NAC:0x8A1 TSDU bch_err=0 raw=0x7
2026-04-19 18:02:13.800 ,PASSED,control  NAC:0x8A1 TSDU bch_err=0 raw=0x7
2026-04-19 18:02:13.803 ,PASSED,control  NAC:0x8A1 TSDU bch_err=0 raw=0x7
2026-04-19 18:02:13.805 ,PASSED,control  NAC:0x8A1 TSDU bch_err=0 raw=0x7
2026-04-19 18:02:13.808 ,PASSED,control  NAC:0x8A1 TSDU bch_err=0 raw=0x7
2026-04-19 18:02:13.811 ,PASSED,control  NAC:0x8A1 TSDU bch_err=0 raw=0x7
2026-04-19 18:02:13.813 ,PASSED,control  NAC:0x8A1 TSDU bch_err=0 raw=0x7
2026-04-19 18:02:13.816 ,PASSED,control  NAC:0x8A1 TSDU bch_err=0 raw=0x7
2026-04-19 18:02:13.819 ,PASSED,control  NAC:0x8A1 TSDU bch_err=0 raw=0x7
2026-04-19 18:02:13.822 ,PASSED,control  NAC:0x8A1 TSDU bch_err=0 raw=0x7
2026-04-19 18:02:13.825 ,PASSED,control  NAC:0x8A1 TSDU bch_err=0 raw=0x7
2026-04-19 18:02:13.827 ,PASSED,control  NAC:0x8A1 TSDU bch_err=0 raw=0x7
2026-04-19 18:02:13.830 ,PASSED,control  NAC:0x8A1 TSDU bch_err=0 raw=0x7
2026-04-19 18:02:13.833 ,PASSED,control  NAC:0x8A1 TSDU bch_err=0 raw=0x7
2026-04-19 18:02:13.836 ,PASSED,control  NAC:0x8A1 TSDU bch_err=0 raw=0x7
2026-04-19 18:02:13.838 ,PASSED,control  NAC:0x8A1 TSDU bch_err=0 raw=0x7
2026-04-19 18:02:13.841 ,PASSED,control  NAC:0x8A1 TSDU bch_err=0 raw=0x7
2026-04-19 18:02:13.844 ,PASSED,control  NAC:0x8A1 TSDU bch_err=0 raw=0x7
2026-04-19 18:02:13.847 ,PASSED,control  NAC:0x8A1 TSDU bch_err=0 raw=0x7
2026-04-19 18:02:13.849 ,PASSED,control  NAC:0x8A1 TSDU bch_err=0 raw=0x7
2026-04-19 18:02:13.854 ,CORRECTED,control  NAC:0x8A1 TSDU bch_err=5 raw=0x7
2026-04-19 18:02:13.857 ,PASSED,control  NAC:0x8A1 TSDU bch_err=0 raw=0x7
2026-04-19 18:02:13.860 ,PASSED,control  NAC:0x8A1 TSDU bch_err=0 raw=0x7
2026-04-19 18:02:13.862 ,PASSED,control  NAC:0x8A1 TSDU bch_err=0 raw=0x7
2026-04-19 18:02:13.865 ,PASSED,control  NAC:0x8A1 TSDU bch_err=0 raw=0x7
2026-04-19 18:02:13.868 ,PASSED,control  NAC:0x8A1 TSDU bch_err=0 raw=0x7
2026-04-19 18:02:17.151 ,PASSED,control  NAC:0x8A1 TSDU bch_err=0 raw=0x7
2026-04-19 18:02:17.154 ,PASSED,control  NAC:0x8A1 TSDU bch_err=0 raw=0x7
2026-04-19 18:02:17.157 ,PASSED,control  NAC:0x8A1 TSDU bch_err=0 raw=0x7
2026-04-19 18:02:17.160 ,PASSED,control  NAC:0x8A1 TSDU bch_err=0 raw=0x7
2026-04-19 18:02:17.164 ,CORRECTED,control  NAC:0x8A1 TSDU bch_err=1 raw=0x6
2026-04-19 18:02:17.167 ,PASSED,control  NAC:0x8A1 TSDU bch_err=0 raw=0x7
2026-04-19 18:02:17.171 ,PASSED,control  NAC:0x8A1 TSDU bch_err=0 raw=0x7
2026-04-19 18:02:17.175 ,PASSED,control  NAC:0x8A1 TSDU bch_err=0 raw=0x7
2026-04-19 18:02:17.179 ,PASSED,control  NAC:0x8A1 TSDU bch_err=0 raw=0x7
2026-04-19 18:02:17.183 ,PASSED,control  NAC:0x8A1 TSDU bch_err=0 raw=0x7
2026-04-19 18:02:17.187 ,PASSED,control  NAC:0x8A1 TSDU bch_err=0 raw=0x7
2026-04-19 18:02:17.191 ,PASSED,control  NAC:0x8A1 TSDU bch_err=0 raw=0x7
2026-04-19 18:02:17.194 ,PASSED,control  NAC:0x8A1 TSDU bch_err=0 raw=0x7
2026-04-19 18:02:17.198 ,PASSED,control  NAC:0x8A1 TSDU bch_err=0 raw=0x7
2026-04-19 18:02:17.202 ,PASSED,control  NAC:0x8A1 TSDU bch_err=0 raw=0x7
2026-04-19 18:02:17.206 ,PASSED,control  NAC:0x8A1 TSDU bch_err=0 raw=0x7
2026-04-19 18:02:17.210 ,PASSED,control  NAC:0x8A1 TSDU bch_err=0 raw=0x7
2026-04-19 18:02:17.214 ,PASSED,control  NAC:0x8A1 TSDU bch_err=0 raw=0x7
2026-04-19 18:02:17.218 ,PASSED,control  NAC:0x8A1 TSDU bch_err=0 raw=0x7
2026-04-19 18:02:17.222 ,PASSED,control  NAC:0x8A1 TSDU bch_err=0 raw=0x7
2026-04-19 18:02:17.226 ,PASSED,control  NAC:0x8A1 TSDU bch_err=0 raw=0x7
2026-04-19 18:02:17.229 ,PASSED,control  NAC:0x8A1 TSDU bch_err=0 raw=0x7
2026-04-19 18:02:17.232 ,PASSED,control  NAC:0x8A1 TSDU bch_err=0 raw=0x7
2026-04-19 18:02:17.235 ,PASSED,control  NAC:0x8A1 TSDU bch_err=0 raw=0x7
2026-04-19 18:02:17.238 ,PASSED,control  NAC:0x8A1 TSDU bch_err=0 raw=0x7
2026-04-19 18:02:17.241 ,PASSED,control  NAC:0x8A1 TSDU bch_err=0 raw=0x7
2026-04-19 18:02:17.244 ,PASSED,control  NAC:0x8A1 TSDU bch_err=0 raw=0x7
2026-04-19 18:02:17.246 ,PASSED,control  NAC:0x8A1 TSDU bch_err=0 raw=0x7
2026-04-19 18:02:17.249 ,PASSED,control  NAC:0x8A1 TSDU bch_err=0 raw=0x7
2026-04-19 18:02:17.252 ,PASSED,control  NAC:0x8A1 TSDU bch_err=0 raw=0x7
2026-04-19 18:02:17.255 ,PASSED,control  NAC:0x8A1 TSDU bch_err=0 raw=0x7
2026-04-19 18:02:17.258 ,PASSED,control  NAC:0x8A1 TSDU bch_err=0 raw=0x7
2026-04-19 18:02:17.260 ,PASSED,control  NAC:0x8A1 TSDU bch_err=0 raw=0x7
2026-04-19 18:02:17.263 ,PASSED,control  NAC:0x8A1 TSDU bch_err=0 raw=0x7
2026-04-19 18:02:17.266 ,PASSED,control  NAC:0x8A1 TSDU bch_err=0 raw=0x7
2026-04-19 18:02:17.269 ,PASSED,control  NAC:0x8A1 TSDU bch_err=0 raw=0x7
2026-04-19 18:02:17.272 ,PASSED,control  NAC:0x8A1 TSDU bch_err=0 raw=0x7
2026-04-19 18:02:17.274 ,PASSED,control  NAC:0x8A1 TSDU bch_err=0 raw=0x7
2026-04-19 18:02:17.277 ,PASSED,control  NAC:0x8A1 TSDU bch_err=0 raw=0x7
2026-04-19 18:02:17.282 ,CORRECTED,control  NAC:0x8A1 TSDU bch_err=9 raw=0x6
2026-04-19 18:02:17.285 ,PASSED,control  NAC:0x8A1 TSDU bch_err=0 raw=0x7
2026-04-19 18:02:17.287 ,PASSED,control  NAC:0x8A1 TSDU bch_err=0 raw=0x7
2026-04-19 18:02:20.564 ,PASSED,control  NAC:0x8A1 TSDU bch_err=0 raw=0x7
2026-04-19 18:02:20.569 ,CORRECTED,control  NAC:0x8A1 TSDU bch_err=5 raw=0x7
2026-04-19 18:02:20.573 ,CORRECTED,control  NAC:0x8A1 TSDU bch_err=7 raw=0x6
2026-04-19 18:02:20.576 ,PASSED,control  NAC:0x8A1 TSDU bch_err=0 raw=0x7
2026-04-19 18:02:20.579 ,PASSED,control  NAC:0x8A1 TSDU bch_err=0 raw=0x7
2026-04-19 18:02:20.582 ,PASSED,control  NAC:0x8A1 TSDU bch_err=0 raw=0x7
2026-04-19 18:02:20.585 ,PASSED,control  NAC:0x8A1 TSDU bch_err=0 raw=0x7
2026-04-19 18:02:20.589 ,CORRECTED,control  NAC:0x8A1 TSDU bch_err=2 raw=0x7
2026-04-19 18:02:20.591 ,PASSED,control  NAC:0x8A1 TSDU bch_err=0 raw=0x7
2026-04-19 18:02:20.594 ,PASSED,control  NAC:0x8A1 TSDU bch_err=0 raw=0x7
2026-04-19 18:02:20.597 ,PASSED,control  NAC:0x8A1 TSDU bch_err=0 raw=0x7
2026-04-19 18:02:20.601 ,CORRECTED,control  NAC:0x8A1 TSDU bch_err=1 raw=0x7
2026-04-19 18:02:20.606 ,CORRECTED,control  NAC:0x8A1 TSDU bch_err=4 raw=0x7
2026-04-19 18:02:20.609 ,PASSED,control  NAC:0x8A1 TSDU bch_err=0 raw=0x7
2026-04-19 18:02:20.611 ,PASSED,control  NAC:0x8A1 TSDU bch_err=0 raw=0x7
2026-04-19 18:02:20.616 ,CORRECTED,control  NAC:0x8A1 TSDU bch_err=5 raw=0x7
2026-04-19 18:02:20.618 ,PASSED,control  NAC:0x8A1 TSDU bch_err=0 raw=0x7
2026-04-19 18:02:20.621 ,PASSED,control  NAC:0x8A1 TSDU bch_err=0 raw=0x7
2026-04-19 18:02:20.624 ,PASSED,control  NAC:0x8A1 TSDU bch_err=0 raw=0x7
2026-04-19 18:02:20.627 ,PASSED,control  NAC:0x8A1 TSDU bch_err=0 raw=0x7
2026-04-19 18:02:20.629 ,PASSED,control  NAC:0x8A1 TSDU bch_err=0 raw=0x7
2026-04-19 18:02:20.632 ,PASSED,control  NAC:0x8A1 TSDU bch_err=0 raw=0x7
2026-04-19 18:02:20.635 ,PASSED,control  NAC:0x8A1 TSDU bch_err=0 raw=0x7
2026-04-19 18:02:20.637 ,PASSED,control  NAC:0x8A1 TSDU bch_err=0 raw=0x7
2026-04-19 18:02:20.640 ,PASSED,control  NAC:0x8A1 TSDU bch_err=0 raw=0x7
2026-04-19 18:02:20.644 ,CORRECTED,control  NAC:0x8A1 TSDU bch_err=1 raw=0x7
2026-04-19 18:02:20.647 ,PASSED,control  NAC:0x8A1 TSDU bch_err=0 raw=0x7
2026-04-19 18:02:20.650 ,PASSED,control  NAC:0x8A1 TSDU bch_err=0 raw=0x7
2026-04-19 18:02:20.652 ,PASSED,control  NAC:0x8A1 TSDU bch_err=0 raw=0x7
2026-04-19 18:02:20.655 ,PASSED,control  NAC:0x8A1 TSDU bch_err=0 raw=0x7
2026-04-19 18:02:20.658 ,PASSED,control  NAC:0x8A1 TSDU bch_err=0 raw=0x7
2026-04-19 18:02:20.660 ,PASSED,control  NAC:0x8A1 TSDU bch_err=0 raw=0x7
2026-04-19 18:02:20.663 ,PASSED,control  NAC:0x8A1 TSDU bch_err=0 raw=0x7
2026-04-19 18:02:20.666 ,PASSED,control  NAC:0x8A1 TSDU bch_err=0 raw=0x7
2026-04-19 18:02:20.668 ,PASSED,control  NAC:0x8A1 TSDU bch_err=0 raw=0x7
2026-04-19 18:02:20.671 ,PASSED,control  NAC:0x8A1 TSDU bch_err=0 raw=0x7
2026-04-19 18:02:20.674 ,PASSED,control  NAC:0x8A1 TSDU bch_err=0 raw=0x7
2026-04-19 18:02:20.677 ,PASSED,control  NAC:0x8A1 TSDU bch_err=0 raw=0x7
2026-04-19 18:02:20.679 ,PASSED,control  NAC:0x8A1 TSDU bch_err=0 raw=0x7
2026-04-19 18:02:20.682 ,PASSED,control  NAC:0x8A1 TSDU bch_err=0 raw=0x7
2026-04-19 18:02:20.685 ,PASSED,control  NAC:0x8A1 TSDU bch_err=0 raw=0x7
2026-04-19 18:02:20.687 ,PASSED,control  NAC:0x8A1 TSDU bch_err=0 raw=0x7
2026-04-19 18:02:20.690 ,PASSED,control  NAC:0x8A1 TSDU bch_err=0 raw=0x7
2026-04-19 18:02:20.693 ,PASSED,control  NAC:0x8A1 TSDU bch_err=0 raw=0x7
2026-04-19 18:02:20.696 ,PASSED,control  NAC:0x8A1 TSDU bch_err=0 raw=0x7
2026-04-19 18:02:23.978 ,PASSED,control  NAC:0x8A1 TSDU bch_err=0 raw=0x7
2026-04-19 18:02:23.981 ,PASSED,control  NAC:0x8A1 TSDU bch_err=0 raw=0x7
2026-04-19 18:02:23.983 ,PASSED,control  NAC:0x8A1 TSDU bch_err=0 raw=0x7
2026-04-19 18:02:23.988 ,PASSED,control  NAC:0x8A1 TSDU bch_err=0 raw=0x7
2026-04-19 18:02:23.992 ,PASSED,control  NAC:0x8A1 TSDU bch_err=0 raw=0x7
2026-04-19 18:02:23.995 ,PASSED,control  NAC:0x8A1 TSDU bch_err=0 raw=0x7
2026-04-19 18:02:24.001 ,CORRECTED,control  NAC:0x8A1 TSDU bch_err=1 raw=0x6
2026-04-19 18:02:24.004 ,PASSED,control  NAC:0x8A1 TSDU bch_err=0 raw=0x7
2026-04-19 18:02:24.008 ,PASSED,control  NAC:0x8A1 TSDU bch_err=0 raw=0x7
2026-04-19 18:02:24.012 ,PASSED,control  NAC:0x8A1 TSDU bch_err=0 raw=0x7
2026-04-19 18:02:24.017 ,PASSED,control  NAC:0x8A1 TSDU bch_err=0 raw=0x7
2026-04-19 18:02:24.021 ,PASSED,control  NAC:0x8A1 TSDU bch_err=0 raw=0x7
2026-04-19 18:02:24.025 ,PASSED,control  NAC:0x8A1 TSDU bch_err=0 raw=0x7
2026-04-19 18:02:24.030 ,PASSED,control  NAC:0x8A1 TSDU bch_err=0 raw=0x7
2026-04-19 18:02:24.033 ,PASSED,control  NAC:0x8A1 TSDU bch_err=0 raw=0x7
2026-04-19 18:02:24.038 ,PASSED,control  NAC:0x8A1 TSDU bch_err=0 raw=0x7
2026-04-19 18:02:24.045 ,CORRECTED,control  NAC:0x8A1 TSDU bch_err=1 raw=0x7
2026-04-19 18:02:24.049 ,PASSED,control  NAC:0x8A1 TSDU bch_err=0 raw=0x7
2026-04-19 18:02:24.053 ,PASSED,control  NAC:0x8A1 TSDU bch_err=0 raw=0x7
2026-04-19 18:02:24.056 ,PASSED,control  NAC:0x8A1 TSDU bch_err=0 raw=0x7
2026-04-19 18:02:24.060 ,PASSED,control  NAC:0x8A1 TSDU bch_err=0 raw=0x7
2026-04-19 18:02:24.071 ,CORRECTED,control  NAC:0x8A1 TSDU bch_err=6 raw=0x7
2026-04-19 18:02:24.079 ,PASSED,control  NAC:0x8A1 TSDU bch_err=0 raw=0x7
2026-04-19 18:02:24.083 ,PASSED,control  NAC:0x8A1 TSDU bch_err=0 raw=0x7
2026-04-19 18:02:24.088 ,CORRECTED,control  NAC:0x8A1 TSDU bch_err=1 raw=0x7
2026-04-19 18:02:24.098 ,PASSED,control  NAC:0x8A1 TSDU bch_err=0 raw=0x7
2026-04-19 18:02:24.101 ,PASSED,control  NAC:0x8A1 TSDU bch_err=0 raw=0x7
2026-04-19 18:02:24.105 ,PASSED,control  NAC:0x8A1 TSDU bch_err=0 raw=0x7
2026-04-19 18:02:24.109 ,PASSED,control  NAC:0x8A1 TSDU bch_err=0 raw=0x7
2026-04-19 18:02:24.114 ,PASSED,control  NAC:0x8A1 TSDU bch_err=0 raw=0x7
2026-04-19 18:02:24.117 ,PASSED,control  NAC:0x8A1 TSDU bch_err=0 raw=0x7
2026-04-19 18:02:24.123 ,CORRECTED,control  NAC:0x8A1 TSDU bch_err=4 raw=0x5
2026-04-19 18:02:24.127 ,PASSED,control  NAC:0x8A1 TSDU bch_err=0 raw=0x7
2026-04-19 18:02:24.131 ,PASSED,control  NAC:0x8A1 TSDU bch_err=0 raw=0x7
2026-04-19 18:02:24.134 ,PASSED,control  NAC:0x8A1 TSDU bch_err=0 raw=0x7
2026-04-19 18:02:24.139 ,PASSED,control  NAC:0x8A1 TSDU bch_err=0 raw=0x7
2026-04-19 18:02:24.144 ,CORRECTED,control  NAC:0x8A1 TSDU bch_err=1 raw=0x6
2026-04-19 18:02:24.148 ,PASSED,control  NAC:0x8A1 TSDU bch_err=0 raw=0x7
2026-04-19 18:02:24.152 ,PASSED,control  NAC:0x8A1 TSDU bch_err=0 raw=0x7
2026-04-19 18:02:27.392 ,PASSED,control  NAC:0x8A1 TSDU bch_err=0 raw=0x7
2026-04-19 18:02:27.396 ,PASSED,control  NAC:0x8A1 TSDU bch_err=0 raw=0x7
2026-04-19 18:02:27.400 ,PASSED,control  NAC:0x8A1 TSDU bch_err=0 raw=0x7
2026-04-19 18:02:27.405 ,CORRECTED,control  NAC:0x8A1 TSDU bch_err=6 raw=0x6
2026-04-19 18:02:27.409 ,PASSED,control  NAC:0x8A1 TSDU bch_err=0 raw=0x7
2026-04-19 18:02:27.413 ,PASSED,control  NAC:0x8A1 TSDU bch_err=0 raw=0x7
2026-04-19 18:02:27.417 ,PASSED,control  NAC:0x8A1 TSDU bch_err=0 raw=0x7
2026-04-19 18:02:27.421 ,PASSED,control  NAC:0x8A1 TSDU bch_err=0 raw=0x7
2026-04-19 18:02:27.424 ,PASSED,control  NAC:0x8A1 TSDU bch_err=0 raw=0x7
2026-04-19 18:02:27.428 ,PASSED,control  NAC:0x8A1 TSDU bch_err=0 raw=0x7
2026-04-19 18:02:27.432 ,PASSED,control  NAC:0x8A1 TSDU bch_err=0 raw=0x7
2026-04-19 18:02:27.435 ,PASSED,control  NAC:0x8A1 TSDU bch_err=0 raw=0x7
2026-04-19 18:02:27.438 ,PASSED,control  NAC:0x8A1 TSDU bch_err=0 raw=0x7
2026-04-19 18:02:27.443 ,PASSED,control  NAC:0x8A1 TSDU bch_err=0 raw=0x7
2026-04-19 18:02:27.447 ,PASSED,control  NAC:0x8A1 TSDU bch_err=0 raw=0x7
2026-04-19 18:02:27.450 ,PASSED,control  NAC:0x8A1 TSDU bch_err=0 raw=0x7
2026-04-19 18:02:27.455 ,CORRECTED,control  NAC:0x8A1 TSDU bch_err=1 raw=0x7
2026-04-19 18:02:27.461 ,PASSED,control  NAC:0x8A1 TSDU bch_err=0 raw=0x7
2026-04-19 18:02:27.465 ,PASSED,control  NAC:0x8A1 TSDU bch_err=0 raw=0x7
2026-04-19 18:02:27.469 ,PASSED,control  NAC:0x8A1 TSDU bch_err=0 raw=0x7
2026-04-19 18:02:27.473 ,PASSED,control  NAC:0x8A1 TSDU bch_err=0 raw=0x7
2026-04-19 18:02:27.477 ,PASSED,control  NAC:0x8A1 TSDU bch_err=0 raw=0x7
2026-04-19 18:02:27.483 ,CORRECTED,control  NAC:0x8A1 TSDU bch_err=2 raw=0x6
2026-04-19 18:02:27.487 ,PASSED,control  NAC:0x8A1 TSDU bch_err=0 raw=0x7
2026-04-19 18:02:27.491 ,PASSED,control  NAC:0x8A1 TSDU bch_err=0 raw=0x7
2026-04-19 18:02:27.496 ,CORRECTED,control  NAC:0x8A1 TSDU bch_err=1 raw=0x6
2026-04-19 18:02:27.500 ,PASSED,control  NAC:0x8A1 TSDU bch_err=0 raw=0x7
2026-04-19 18:02:27.503 ,PASSED,control  NAC:0x8A1 TSDU bch_err=0 raw=0x7
2026-04-19 18:02:27.507 ,PASSED,control  NAC:0x8A1 TSDU bch_err=0 raw=0x7
2026-04-19 18:02:27.511 ,PASSED,control  NAC:0x8A1 TSDU bch_err=0 raw=0x7
2026-04-19 18:02:27.514 ,PASSED,control  NAC:0x8A1 TSDU bch_err=0 raw=0x7
2026-04-19 18:02:27.518 ,PASSED,control  NAC:0x8A1 TSDU bch_err=0 raw=0x7
2026-04-19 18:02:27.522 ,PASSED,control  NAC:0x8A1 TSDU bch_err=0 raw=0x7
2026-04-19 18:02:27.526 ,PASSED,control  NAC:0x8A1 TSDU bch_err=0 raw=0x7
2026-04-19 18:02:27.529 ,PASSED,control  NAC:0x8A1 TSDU bch_err=0 raw=0x7
2026-04-19 18:02:27.533 ,PASSED,control  NAC:0x8A1 TSDU bch_err=0 raw=0x7
2026-04-19 18:02:27.537 ,PASSED,control  NAC:0x8A1 TSDU bch_err=0 raw=0x7
2026-04-19 18:02:27.542 ,CORRECTED,control  NAC:0x8A1 TSDU bch_err=1 raw=0x7
2026-04-19 18:02:27.546 ,PASSED,control  NAC:0x8A1 TSDU bch_err=0 raw=0x7
2026-04-19 18:02:27.550 ,PASSED,control  NAC:0x8A1 TSDU bch_err=0 raw=0x7
2026-04-19 18:02:27.554 ,PASSED,control  NAC:0x8A1 TSDU bch_err=0 raw=0x7
2026-04-19 18:02:30.805 ,PASSED,control  NAC:0x8A1 TSDU bch_err=0 raw=0x7
2026-04-19 18:02:30.809 ,PASSED,control  NAC:0x8A1 TSDU bch_err=0 raw=0x7
2026-04-19 18:02:30.813 ,PASSED,control  NAC:0x8A1 TSDU bch_err=0 raw=0x7
2026-04-19 18:02:30.817 ,PASSED,control  NAC:0x8A1 TSDU bch_err=0 raw=0x7
2026-04-19 18:02:30.821 ,PASSED,control  NAC:0x8A1 TSDU bch_err=0 raw=0x7
2026-04-19 18:02:30.825 ,PASSED,control  NAC:0x8A1 TSDU bch_err=0 raw=0x7
2026-04-19 18:02:30.828 ,PASSED,control  NAC:0x8A1 TSDU bch_err=0 raw=0x7
2026-04-19 18:02:30.831 ,PASSED,control  NAC:0x8A1 TSDU bch_err=0 raw=0x7
2026-04-19 18:02:30.835 ,PASSED,control  NAC:0x8A1 TSDU bch_err=0 raw=0x7
2026-04-19 18:02:30.838 ,PASSED,control  NAC:0x8A1 TSDU bch_err=0 raw=0x7
2026-04-19 18:02:30.841 ,PASSED,control  NAC:0x8A1 TSDU bch_err=0 raw=0x7
2026-04-19 18:02:30.845 ,PASSED,control  NAC:0x8A1 TSDU bch_err=0 raw=0x7
2026-04-19 18:02:30.850 ,CORRECTED,control  NAC:0x8A1 TSDU bch_err=1 raw=0x7
2026-04-19 18:02:30.853 ,PASSED,control  NAC:0x8A1 TSDU bch_err=0 raw=0x7
2026-04-19 18:02:30.856 ,PASSED,control  NAC:0x8A1 TSDU bch_err=0 raw=0x7
2026-04-19 18:02:30.859 ,PASSED,control  NAC:0x8A1 TSDU bch_err=0 raw=0x7
2026-04-19 18:02:30.863 ,PASSED,control  NAC:0x8A1 TSDU bch_err=0 raw=0x7
2026-04-19 18:02:30.867 ,PASSED,control  NAC:0x8A1 TSDU bch_err=0 raw=0x7
2026-04-19 18:02:30.873 ,CORRECTED,control  NAC:0x8A1 TSDU bch_err=6 raw=0x7
2026-04-19 18:02:30.877 ,PASSED,control  NAC:0x8A1 TSDU bch_err=0 raw=0x7
2026-04-19 18:02:30.882 ,CORRECTED,control  NAC:0x8A1 TSDU bch_err=6 raw=0x3
2026-04-19 18:02:30.887 ,PASSED,control  NAC:0x8A1 TSDU bch_err=0 raw=0x7
2026-04-19 18:02:30.890 ,PASSED,control  NAC:0x8A1 TSDU bch_err=0 raw=0x7
2026-04-19 18:02:30.894 ,PASSED,control  NAC:0x8A1 TSDU bch_err=0 raw=0x7
2026-04-19 18:02:30.897 ,PASSED,control  NAC:0x8A1 TSDU bch_err=0 raw=0x7
2026-04-19 18:02:30.901 ,PASSED,control  NAC:0x8A1 TSDU bch_err=0 raw=0x7
2026-04-19 18:02:30.904 ,PASSED,control  NAC:0x8A1 TSDU bch_err=0 raw=0x7
2026-04-19 18:02:30.911 ,CORRECTED,control  NAC:0x8A1 TSDU bch_err=1 raw=0x7
2026-04-19 18:02:30.914 ,PASSED,control  NAC:0x8A1 TSDU bch_err=0 raw=0x7
2026-04-19 18:02:30.918 ,PASSED,control  NAC:0x8A1 TSDU bch_err=0 raw=0x7
2026-04-19 18:02:30.921 ,PASSED,control  NAC:0x8A1 TSDU bch_err=0 raw=0x7
2026-04-19 18:02:30.926 ,PASSED,control  NAC:0x8A1 TSDU bch_err=0 raw=0x7
2026-04-19 18:02:30.929 ,PASSED,control  NAC:0x8A1 TSDU bch_err=0 raw=0x7
2026-04-19 18:02:30.933 ,PASSED,control  NAC:0x8A1 TSDU bch_err=0 raw=0x7
2026-04-19 18:02:30.938 ,CORRECTED,control  NAC:0x8A1 TSDU bch_err=1 raw=0x7
2026-04-19 18:02:30.941 ,PASSED,control  NAC:0x8A1 TSDU bch_err=0 raw=0x7
2026-04-19 18:02:30.944 ,PASSED,control  NAC:0x8A1 TSDU bch_err=0 raw=0x7
2026-04-19 18:02:30.950 ,CORRECTED,control  NAC:0x8A1 TSDU bch_err=1 raw=0x3
2026-04-19 18:02:30.953 ,PASSED,control  NAC:0x8A1 TSDU bch_err=0 raw=0x7
2026-04-19 18:02:30.956 ,PASSED,control  NAC:0x8A1 TSDU bch_err=0 raw=0x7
2026-04-19 18:02:30.960 ,PASSED,control  NAC:0x8A1 TSDU bch_err=0 raw=0x7
2026-04-19 18:02:30.963 ,PASSED,control  NAC:0x8A1 TSDU bch_err=0 raw=0x7
2026-04-19 18:02:30.966 ,PASSED,control  NAC:0x8A1 TSDU bch_err=0 raw=0x7
2026-04-19 18:02:34.217 ,PASSED,control  NAC:0x8A1 TSDU bch_err=0 raw=0x7
2026-04-19 18:02:34.220 ,PASSED,control  NAC:0x8A1 TSDU bch_err=0 raw=0x7
2026-04-19 18:02:34.223 ,PASSED,control  NAC:0x8A1 TSDU bch_err=0 raw=0x7
2026-04-19 18:02:34.226 ,PASSED,control  NAC:0x8A1 TSDU bch_err=0 raw=0x7
2026-04-19 18:02:34.229 ,PASSED,control  NAC:0x8A1 TSDU bch_err=0 raw=0x7
2026-04-19 18:02:34.231 ,PASSED,control  NAC:0x8A1 TSDU bch_err=0 raw=0x7
2026-04-19 18:02:34.234 ,PASSED,control  NAC:0x8A1 TSDU bch_err=0 raw=0x7
2026-04-19 18:02:34.237 ,PASSED,control  NAC:0x8A1 TSDU bch_err=0 raw=0x7
2026-04-19 18:02:34.239 ,PASSED,control  NAC:0x8A1 TSDU bch_err=0 raw=0x7
2026-04-19 18:02:34.242 ,PASSED,control  NAC:0x8A1 TSDU bch_err=0 raw=0x7
2026-04-19 18:02:34.245 ,PASSED,control  NAC:0x8A1 TSDU bch_err=0 raw=0x7
2026-04-19 18:02:34.247 ,PASSED,control  NAC:0x8A1 TSDU bch_err=0 raw=0x7
2026-04-19 18:02:34.250 ,PASSED,control  NAC:0x8A1 TSDU bch_err=0 raw=0x7
2026-04-19 18:02:34.253 ,PASSED,control  NAC:0x8A1 TSDU bch_err=0 raw=0x7
2026-04-19 18:02:34.258 ,CORRECTED,control  NAC:0x8A1 TSDU bch_err=2 raw=0x7
2026-04-19 18:02:34.262 ,PASSED,control  NAC:0x8A1 TSDU bch_err=0 raw=0x7
2026-04-19 18:02:34.265 ,PASSED,control  NAC:0x8A1 TSDU bch_err=0 raw=0x7
2026-04-19 18:02:34.267 ,PASSED,control  NAC:0x8A1 TSDU bch_err=0 raw=0x7
2026-04-19 18:02:34.270 ,PASSED,control  NAC:0x8A1 TSDU bch_err=0 raw=0x7
2026-04-19 18:02:34.274 ,CORRECTED,control  NAC:0x8A1 TSDU bch_err=4 raw=0x7
2026-04-19 18:02:34.277 ,PASSED,control  NAC:0x8A1 TSDU bch_err=0 raw=0x7
2026-04-19 18:02:34.280 ,PASSED,control  NAC:0x8A1 TSDU bch_err=0 raw=0x7
2026-04-19 18:02:34.284 ,CORRECTED,control  NAC:0x8A1 TSDU bch_err=5 raw=0x7
2026-04-19 18:02:34.289 ,CORRECTED,control  NAC:0x8A1 TSDU bch_err=7 raw=0x7
2026-04-19 18:02:34.292 ,PASSED,control  NAC:0x8A1 TSDU bch_err=0 raw=0x7
2026-04-19 18:02:34.295 ,PASSED,control  NAC:0x8A1 TSDU bch_err=0 raw=0x7
2026-04-19 18:02:34.297 ,PASSED,control  NAC:0x8A1 TSDU bch_err=0 raw=0x7
2026-04-19 18:02:34.300 ,PASSED,control  NAC:0x8A1 TSDU bch_err=0 raw=0x7
2026-04-19 18:02:34.303 ,PASSED,control  NAC:0x8A1 TSDU bch_err=0 raw=0x7
2026-04-19 18:02:34.306 ,PASSED,control  NAC:0x8A1 TSDU bch_err=0 raw=0x7
2026-04-19 18:02:34.308 ,PASSED,control  NAC:0x8A1 TSDU bch_err=0 raw=0x7
2026-04-19 18:02:34.311 ,PASSED,control  NAC:0x8A1 TSDU bch_err=0 raw=0x7
2026-04-19 18:02:34.314 ,PASSED,control  NAC:0x8A1 TSDU bch_err=0 raw=0x7
2026-04-19 18:02:34.316 ,PASSED,control  NAC:0x8A1 TSDU bch_err=0 raw=0x7
2026-04-19 18:02:34.319 ,PASSED,control  NAC:0x8A1 TSDU bch_err=0 raw=0x7
2026-04-19 18:02:34.322 ,PASSED,control  NAC:0x8A1 TSDU bch_err=0 raw=0x7
2026-04-19 18:02:34.324 ,PASSED,control  NAC:0x8A1 TSDU bch_err=0 raw=0x7
2026-04-19 18:02:34.327 ,PASSED,control  NAC:0x8A1 TSDU bch_err=0 raw=0x7
2026-04-19 18:02:34.330 ,PASSED,control  NAC:0x8A1 TSDU bch_err=0 raw=0x7
2026-04-19 18:02:34.335 ,CORRECTED,control  NAC:0x8A1 TSDU bch_err=1 raw=0x6
2026-04-19 18:02:34.339 ,PASSED,control  NAC:0x8A1 TSDU bch_err=0 raw=0x7
2026-04-19 18:02:34.343 ,PASSED,control  NAC:0x8A1 TSDU bch_err=0 raw=0x7
2026-04-19 18:02:34.348 ,CORRECTED,control  NAC:0x8A1 TSDU bch_err=2 raw=0x6
2026-04-19 18:02:34.353 ,CORRECTED,control  NAC:0x8A1 TSDU bch_err=1 raw=0x7
2026-04-19 18:02:37.631 ,PASSED,control  NAC:0x8A1 TSDU bch_err=0 raw=0x7
2026-04-19 18:02:37.635 ,CORRECTED,control  NAC:0x8A1 TSDU bch_err=8 raw=0x3
2026-04-19 18:02:37.638 ,PASSED,control  NAC:0x8A1 TSDU bch_err=0 raw=0x7
2026-04-19 18:02:37.641 ,PASSED,control  NAC:0x8A1 TSDU bch_err=0 raw=0x7
2026-04-19 18:02:37.643 ,PASSED,control  NAC:0x8A1 TSDU bch_err=0 raw=0x7
2026-04-19 18:02:37.646 ,PASSED,control  NAC:0x8A1 TSDU bch_err=0 raw=0x7
2026-04-19 18:02:37.649 ,PASSED,control  NAC:0x8A1 TSDU bch_err=0 raw=0x7
2026-04-19 18:02:37.656 ,CORRECTED,control  NAC:0x8A1 TSDU bch_err=3 raw=0x7
2026-04-19 18:02:37.659 ,PASSED,control  NAC:0x8A1 TSDU bch_err=0 raw=0x7
2026-04-19 18:02:37.663 ,PASSED,control  NAC:0x8A1 TSDU bch_err=0 raw=0x7
2026-04-19 18:02:37.666 ,PASSED,control  NAC:0x8A1 TSDU bch_err=0 raw=0x7
2026-04-19 18:02:37.670 ,PASSED,control  NAC:0x8A1 TSDU bch_err=0 raw=0x7
2026-04-19 18:02:37.674 ,PASSED,control  NAC:0x8A1 TSDU bch_err=0 raw=0x7
2026-04-19 18:02:37.679 ,CORRECTED,control  NAC:0x8A1 TSDU bch_err=8 raw=0x5
2026-04-19 18:02:37.685 ,CORRECTED,control  NAC:0x8A1 TSDU bch_err=2 raw=0x3
2026-04-19 18:02:37.691 ,CORRECTED,control  NAC:0x8A1 TSDU bch_err=6 raw=0x7
2026-04-19 18:02:37.694 ,PASSED,control  NAC:0x8A1 TSDU bch_err=0 raw=0x7
2026-04-19 18:02:37.698 ,PASSED,control  NAC:0x8A1 TSDU bch_err=0 raw=0x7
2026-04-19 18:02:37.701 ,PASSED,control  NAC:0x8A1 TSDU bch_err=0 raw=0x7
2026-04-19 18:02:37.704 ,PASSED,control  NAC:0x8A1 TSDU bch_err=0 raw=0x7
2026-04-19 18:02:37.707 ,PASSED,control  NAC:0x8A1 TSDU bch_err=0 raw=0x7
2026-04-19 18:02:37.710 ,PASSED,control  NAC:0x8A1 TSDU bch_err=0 raw=0x7
2026-04-19 18:02:37.713 ,PASSED,control  NAC:0x8A1 TSDU bch_err=0 raw=0x7
2026-04-19 18:02:37.716 ,PASSED,control  NAC:0x8A1 TSDU bch_err=0 raw=0x7
2026-04-19 18:02:37.718 ,PASSED,control  NAC:0x8A1 TSDU bch_err=0 raw=0x7
2026-04-19 18:02:37.721 ,PASSED,control  NAC:0x8A1 TSDU bch_err=0 raw=0x7
2026-04-19 18:02:37.724 ,PASSED,control  NAC:0x8A1 TSDU bch_err=0 raw=0x7
2026-04-19 18:02:37.727 ,PASSED,control  NAC:0x8A1 TSDU bch_err=0 raw=0x7
2026-04-19 18:02:37.729 ,PASSED,control  NAC:0x8A1 TSDU bch_err=0 raw=0x7
2026-04-19 18:02:37.732 ,PASSED,control  NAC:0x8A1 TSDU bch_err=0 raw=0x7
2026-04-19 18:02:37.735 ,PASSED,control  NAC:0x8A1 TSDU bch_err=0 raw=0x7
2026-04-19 18:02:37.737 ,PASSED,control  NAC:0x8A1 TSDU bch_err=0 raw=0x7
2026-04-19 18:02:37.740 ,PASSED,control  NAC:0x8A1 TSDU bch_err=0 raw=0x7
2026-04-19 18:02:37.742 ,PASSED,control  NAC:0x8A1 TSDU bch_err=0 raw=0x7
2026-04-19 18:02:37.745 ,PASSED,control  NAC:0x8A1 TSDU bch_err=0 raw=0x7
2026-04-19 18:02:37.749 ,CORRECTED,control  NAC:0x8A1 TSDU bch_err=1 raw=0x7
2026-04-19 18:02:37.752 ,PASSED,control  NAC:0x8A1 TSDU bch_err=0 raw=0x7
2026-04-19 18:02:37.755 ,PASSED,control  NAC:0x8A1 TSDU bch_err=0 raw=0x7
2026-04-19 18:02:37.757 ,PASSED,control  NAC:0x8A1 TSDU bch_err=0 raw=0x7
2026-04-19 18:02:37.762 ,CORRECTED,control  NAC:0x8A1 TSDU bch_err=6 raw=0x7
2026-04-19 18:02:37.764 ,PASSED,control  NAC:0x8A1 TSDU bch_err=0 raw=0x7
2026-04-19 18:02:37.767 ,PASSED,control  NAC:0x8A1 TSDU bch_err=0 raw=0x7
2026-04-19 18:02:37.769 ,PASSED,control  NAC:0x8A1 TSDU bch_err=0 raw=0x7
2026-04-19 18:02:37.772 ,PASSED,control  NAC:0x8A1 TSDU bch_err=0 raw=0x7
2026-04-19 18:02:41.044 ,PASSED,control  NAC:0x8A1 TSDU bch_err=0 raw=0x7
2026-04-19 18:02:41.049 ,CORRECTED,control  NAC:0x8A1 TSDU bch_err=5 raw=0x7
2026-04-19 18:02:41.052 ,PASSED,control  NAC:0x8A1 TSDU bch_err=0 raw=0x7
2026-04-19 18:02:41.054 ,PASSED,control  NAC:0x8A1 TSDU bch_err=0 raw=0x7
2026-04-19 18:02:41.057 ,PASSED,control  NAC:0x8A1 TSDU bch_err=0 raw=0x7
2026-04-19 18:02:41.060 ,PASSED,control  NAC:0x8A1 TSDU bch_err=0 raw=0x7
2026-04-19 18:02:41.063 ,PASSED,control  NAC:0x8A1 TSDU bch_err=0 raw=0x7
2026-04-19 18:02:41.065 ,PASSED,control  NAC:0x8A1 TSDU bch_err=0 raw=0x7
2026-04-19 18:02:41.068 ,PASSED,control  NAC:0x8A1 TSDU bch_err=0 raw=0x7
2026-04-19 18:02:41.071 ,PASSED,control  NAC:0x8A1 TSDU bch_err=0 raw=0x7
2026-04-19 18:02:41.074 ,PASSED,control  NAC:0x8A1 TSDU bch_err=0 raw=0x7
2026-04-19 18:02:41.076 ,PASSED,control  NAC:0x8A1 TSDU bch_err=0 raw=0x7
2026-04-19 18:02:41.079 ,PASSED,control  NAC:0x8A1 TSDU bch_err=0 raw=0x7
2026-04-19 18:02:41.082 ,PASSED,control  NAC:0x8A1 TSDU bch_err=0 raw=0x7
2026-04-19 18:02:41.084 ,PASSED,control  NAC:0x8A1 TSDU bch_err=0 raw=0x7
2026-04-19 18:02:41.087 ,PASSED,control  NAC:0x8A1 TSDU bch_err=0 raw=0x7
2026-04-19 18:02:41.090 ,PASSED,control  NAC:0x8A1 TSDU bch_err=0 raw=0x7
2026-04-19 18:02:41.092 ,PASSED,control  NAC:0x8A1 TSDU bch_err=0 raw=0x7
2026-04-19 18:02:41.095 ,PASSED,control  NAC:0x8A1 TSDU bch_err=0 raw=0x7
2026-04-19 18:02:41.098 ,PASSED,control  NAC:0x8A1 TSDU bch_err=0 raw=0x7
2026-04-19 18:02:41.102 ,CORRECTED,control  NAC:0x8A1 TSDU bch_err=1 raw=0x7
2026-04-19 18:02:41.105 ,PASSED,control  NAC:0x8A1 TSDU bch_err=0 raw=0x7
2026-04-19 18:02:41.109 ,CORRECTED,control  NAC:0x8A1 TSDU bch_err=6 raw=0x7
2026-04-19 18:02:41.114 ,CORRECTED,control  NAC:0x8A1 TSDU bch_err=2 raw=0x7
2026-04-19 18:02:41.117 ,PASSED,control  NAC:0x8A1 TSDU bch_err=0 raw=0x7
2026-04-19 18:02:41.119 ,PASSED,control  NAC:0x8A1 TSDU bch_err=0 raw=0x7
2026-04-19 18:02:41.122 ,PASSED,control  NAC:0x8A1 TSDU bch_err=0 raw=0x7
2026-04-19 18:02:41.125 ,PASSED,control  NAC:0x8A1 TSDU bch_err=0 raw=0x7
2026-04-19 18:02:41.127 ,PASSED,control  NAC:0x8A1 TSDU bch_err=0 raw=0x7
2026-04-19 18:02:41.130 ,PASSED,control  NAC:0x8A1 TSDU bch_err=0 raw=0x7
2026-04-19 18:02:41.133 ,PASSED,control  NAC:0x8A1 TSDU bch_err=0 raw=0x7
2026-04-19 18:02:41.135 ,PASSED,control  NAC:0x8A1 TSDU bch_err=0 raw=0x7
2026-04-19 18:02:41.138 ,PASSED,control  NAC:0x8A1 TSDU bch_err=0 raw=0x7
2026-04-19 18:02:41.141 ,PASSED,control  NAC:0x8A1 TSDU bch_err=0 raw=0x7
2026-04-19 18:02:41.144 ,PASSED,control  NAC:0x8A1 TSDU bch_err=0 raw=0x7
2026-04-19 18:02:41.146 ,PASSED,control  NAC:0x8A1 TSDU bch_err=0 raw=0x7
2026-04-19 18:02:41.149 ,PASSED,control  NAC:0x8A1 TSDU bch_err=0 raw=0x7
2026-04-19 18:02:41.152 ,PASSED,control  NAC:0x8A1 TSDU bch_err=0 raw=0x7
2026-04-19 18:02:41.154 ,PASSED,control  NAC:0x8A1 TSDU bch_err=0 raw=0x7
2026-04-19 18:02:41.157 ,PASSED,control  NAC:0x8A1 TSDU bch_err=0 raw=0x7
2026-04-19 18:02:41.161 ,CORRECTED,control  NAC:0x8A1 TSDU bch_err=10 raw=0x7
2026-04-19 18:02:41.164 ,PASSED,control  NAC:0x8A1 TSDU bch_err=0 raw=0x7
2026-04-19 18:02:41.167 ,PASSED,control  NAC:0x8A1 TSDU bch_err=0 raw=0x7
2026-04-19 18:02:41.170 ,PASSED,control  NAC:0x8A1 TSDU bch_err=0 raw=0x7
2026-04-19 18:02:44.458 ,PASSED,control  NAC:0x8A1 TSDU bch_err=0 raw=0x7
2026-04-19 18:02:44.460 ,PASSED,control  NAC:0x8A1 TSDU bch_err=0 raw=0x7
2026-04-19 18:02:44.463 ,PASSED,control  NAC:0x8A1 TSDU bch_err=0 raw=0x7
2026-04-19 18:02:44.466 ,PASSED,control  NAC:0x8A1 TSDU bch_err=0 raw=0x7
2026-04-19 18:02:44.469 ,PASSED,control  NAC:0x8A1 TSDU bch_err=0 raw=0x7
2026-04-19 18:02:44.471 ,PASSED,control  NAC:0x8A1 TSDU bch_err=0 raw=0x7
2026-04-19 18:02:44.474 ,PASSED,control  NAC:0x8A1 TSDU bch_err=0 raw=0x7
2026-04-19 18:02:44.477 ,PASSED,control  NAC:0x8A1 TSDU bch_err=0 raw=0x7
2026-04-19 18:02:44.480 ,PASSED,control  NAC:0x8A1 TSDU bch_err=0 raw=0x7
2026-04-19 18:02:44.482 ,PASSED,control  NAC:0x8A1 TSDU bch_err=0 raw=0x7
2026-04-19 18:02:44.485 ,PASSED,control  NAC:0x8A1 TSDU bch_err=0 raw=0x7
2026-04-19 18:02:44.488 ,PASSED,control  NAC:0x8A1 TSDU bch_err=0 raw=0x7
2026-04-19 18:02:44.492 ,CORRECTED,control  NAC:0x8A1 TSDU bch_err=2 raw=0x7
2026-04-19 18:02:44.495 ,PASSED,control  NAC:0x8A1 TSDU bch_err=0 raw=0x7
2026-04-19 18:02:44.498 ,PASSED,control  NAC:0x8A1 TSDU bch_err=0 raw=0x7
2026-04-19 18:02:44.501 ,PASSED,control  NAC:0x8A1 TSDU bch_err=0 raw=0x7
2026-04-19 18:02:44.504 ,PASSED,control  NAC:0x8A1 TSDU bch_err=0 raw=0x7
2026-04-19 18:02:44.508 ,CORRECTED,control  NAC:0x8A1 TSDU bch_err=2 raw=0x3
2026-04-19 18:02:44.511 ,PASSED,control  NAC:0x8A1 TSDU bch_err=0 raw=0x7
2026-04-19 18:02:44.518 ,PASSED,control  NAC:0x8A1 TSDU bch_err=0 raw=0x7
2026-04-19 18:02:44.521 ,PASSED,control  NAC:0x8A1 TSDU bch_err=0 raw=0x7
2026-04-19 18:02:44.523 ,PASSED,control  NAC:0x8A1 TSDU bch_err=0 raw=0x7
2026-04-19 18:02:44.526 ,PASSED,control  NAC:0x8A1 TSDU bch_err=0 raw=0x7
2026-04-19 18:02:44.529 ,PASSED,control  NAC:0x8A1 TSDU bch_err=0 raw=0x7
2026-04-19 18:02:44.532 ,PASSED,control  NAC:0x8A1 TSDU bch_err=0 raw=0x7
2026-04-19 18:02:44.534 ,PASSED,control  NAC:0x8A1 TSDU bch_err=0 raw=0x7
2026-04-19 18:02:44.537 ,PASSED,control  NAC:0x8A1 TSDU bch_err=0 raw=0x7
2026-04-19 18:02:44.540 ,PASSED,control  NAC:0x8A1 TSDU bch_err=0 raw=0x7
2026-04-19 18:02:44.543 ,PASSED,control  NAC:0x8A1 TSDU bch_err=0 raw=0x7
2026-04-19 18:02:44.546 ,PASSED,control  NAC:0x8A1 TSDU bch_err=0 raw=0x7
2026-04-19 18:02:44.549 ,PASSED,control  NAC:0x8A1 TSDU bch_err=0 raw=0x7
2026-04-19 18:02:44.551 ,PASSED,control  NAC:0x8A1 TSDU bch_err=0 raw=0x7
2026-04-19 18:02:44.554 ,PASSED,control  NAC:0x8A1 TSDU bch_err=0 raw=0x7
2026-04-19 18:02:44.559 ,CORRECTED,control  NAC:0x8A1 TSDU bch_err=1 raw=0x6
2026-04-19 18:02:44.562 ,PASSED,control  NAC:0x8A1 TSDU bch_err=0 raw=0x7
2026-04-19 18:02:44.564 ,PASSED,control  NAC:0x8A1 TSDU bch_err=0 raw=0x7
2026-04-19 18:02:44.567 ,PASSED,control  NAC:0x8A1 TSDU bch_err=0 raw=0x7
2026-04-19 18:02:44.570 ,PASSED,control  NAC:0x8A1 TSDU bch_err=0 raw=0x7
2026-04-19 18:02:44.573 ,PASSED,control  NAC:0x8A1 TSDU bch_err=0 raw=0x7
2026-04-19 18:02:44.576 ,PASSED,control  NAC:0x8A1 TSDU bch_err=0 raw=0x7
2026-04-19 18:02:44.579 ,PASSED,control  NAC:0x8A1 TSDU bch_err=0 raw=0x7
2026-04-19 18:02:44.582 ,PASSED,control  NAC:0x8A1 TSDU bch_err=0 raw=0x7
2026-04-19 18:02:44.584 ,PASSED,control  NAC:0x8A1 TSDU bch_err=0 raw=0x7
2026-04-19 18:02:47.870 ,PASSED,control  NAC:0x8A1 TSDU bch_err=0 raw=0x7
2026-04-19 18:02:47.873 ,PASSED,control  NAC:0x8A1 TSDU bch_err=0 raw=0x7
2026-04-19 18:02:47.876 ,PASSED,control  NAC:0x8A1 TSDU bch_err=0 raw=0x7
2026-04-19 18:02:47.879 ,PASSED,control  NAC:0x8A1 TSDU bch_err=0 raw=0x7
2026-04-19 18:02:47.883 ,CORRECTED,control  NAC:0x8A1 TSDU bch_err=1 raw=0x7
2026-04-19 18:02:47.886 ,PASSED,control  NAC:0x8A1 TSDU bch_err=0 raw=0x7
2026-04-19 18:02:47.889 ,PASSED,control  NAC:0x8A1 TSDU bch_err=0 raw=0x7
2026-04-19 18:02:47.891 ,PASSED,control  NAC:0x8A1 TSDU bch_err=0 raw=0x7
2026-04-19 18:02:47.894 ,PASSED,control  NAC:0x8A1 TSDU bch_err=0 raw=0x7
2026-04-19 18:02:47.897 ,PASSED,control  NAC:0x8A1 TSDU bch_err=0 raw=0x7
2026-04-19 18:02:47.899 ,PASSED,control  NAC:0x8A1 TSDU bch_err=0 raw=0x7
2026-04-19 18:02:47.902 ,PASSED,control  NAC:0x8A1 TSDU bch_err=0 raw=0x7
2026-04-19 18:02:47.905 ,PASSED,control  NAC:0x8A1 TSDU bch_err=0 raw=0x7
2026-04-19 18:02:47.910 ,CORRECTED,control  NAC:0x8A1 TSDU bch_err=2 raw=0x7
2026-04-19 18:02:47.912 ,PASSED,control  NAC:0x8A1 TSDU bch_err=0 raw=0x7
2026-04-19 18:02:47.915 ,PASSED,control  NAC:0x8A1 TSDU bch_err=0 raw=0x7
2026-04-19 18:02:47.917 ,PASSED,control  NAC:0x8A1 TSDU bch_err=0 raw=0x7
2026-04-19 18:02:47.922 ,CORRECTED,control  NAC:0x8A1 TSDU bch_err=1 raw=0x7
2026-04-19 18:02:47.927 ,CORRECTED,control  NAC:0x8A1 TSDU bch_err=1 raw=0x7
2026-04-19 18:02:47.930 ,PASSED,control  NAC:0x8A1 TSDU bch_err=0 raw=0x7
2026-04-19 18:02:47.934 ,PASSED,control  NAC:0x8A1 TSDU bch_err=0 raw=0x7
2026-04-19 18:02:47.938 ,PASSED,control  NAC:0x8A1 TSDU bch_err=0 raw=0x7
2026-04-19 18:02:47.941 ,PASSED,control  NAC:0x8A1 TSDU bch_err=0 raw=0x7
2026-04-19 18:02:47.944 ,PASSED,control  NAC:0x8A1 TSDU bch_err=0 raw=0x7
2026-04-19 18:02:47.948 ,PASSED,control  NAC:0x8A1 TSDU bch_err=0 raw=0x7
2026-04-19 18:02:47.951 ,PASSED,control  NAC:0x8A1 TSDU bch_err=0 raw=0x7
2026-04-19 18:02:47.957 ,CORRECTED,control  NAC:0x8A1 TSDU bch_err=5 raw=0x2
2026-04-19 18:02:47.961 ,PASSED,control  NAC:0x8A1 TSDU bch_err=0 raw=0x7
2026-04-19 18:02:47.966 ,CORRECTED,control  NAC:0x8A1 TSDU bch_err=5 raw=0x6
2026-04-19 18:02:47.970 ,PASSED,control  NAC:0x8A1 TSDU bch_err=0 raw=0x7
2026-04-19 18:02:47.974 ,PASSED,control  NAC:0x8A1 TSDU bch_err=0 raw=0x7
2026-04-19 18:02:47.980 ,CORRECTED,control  NAC:0x8A1 TSDU bch_err=1 raw=0x7
2026-04-19 18:02:47.984 ,PASSED,control  NAC:0x8A1 TSDU bch_err=0 raw=0x7
2026-04-19 18:02:47.988 ,PASSED,control  NAC:0x8A1 TSDU bch_err=0 raw=0x7
2026-04-19 18:02:47.992 ,PASSED,control  NAC:0x8A1 TSDU bch_err=0 raw=0x7
2026-04-19 18:02:47.996 ,PASSED,control  NAC:0x8A1 TSDU bch_err=0 raw=0x7
2026-04-19 18:02:47.999 ,PASSED,control  NAC:0x8A1 TSDU bch_err=0 raw=0x7
2026-04-19 18:02:48.003 ,CORRECTED,control  NAC:0x8A1 TSDU bch_err=4 raw=0x7
2026-04-19 18:02:48.007 ,PASSED,control  NAC:0x8A1 TSDU bch_err=0 raw=0x7
2026-04-19 18:02:48.011 ,PASSED,control  NAC:0x8A1 TSDU bch_err=0 raw=0x7
2026-04-19 18:02:48.017 ,CORRECTED,control  NAC:0x8A1 TSDU bch_err=4 raw=0x6
2026-04-19 18:02:51.284 ,PASSED,control  NAC:0x8A1 TSDU bch_err=0 raw=0x7
2026-04-19 18:02:51.288 ,PASSED,control  NAC:0x8A1 TSDU bch_err=0 raw=0x7
2026-04-19 18:02:51.292 ,PASSED,control  NAC:0x8A1 TSDU bch_err=0 raw=0x7
2026-04-19 18:02:51.299 ,CORRECTED,control  NAC:0x8A1 TSDU bch_err=11 raw=0x2
2026-04-19 18:02:51.302 ,PASSED,control  NAC:0x8A1 TSDU bch_err=0 raw=0x7
2026-04-19 18:02:51.306 ,PASSED,control  NAC:0x8A1 TSDU bch_err=0 raw=0x7
2026-04-19 18:02:51.312 ,CORRECTED,control  NAC:0x8A1 TSDU bch_err=2 raw=0x6
2026-04-19 18:02:51.316 ,PASSED,control  NAC:0x8A1 TSDU bch_err=0 raw=0x7
2026-04-19 18:02:51.319 ,PASSED,control  NAC:0x8A1 TSDU bch_err=0 raw=0x7
2026-04-19 18:02:51.324 ,CORRECTED,control  NAC:0x8A1 TSDU bch_err=2 raw=0x7
2026-04-19 18:02:51.328 ,PASSED,control  NAC:0x8A1 TSDU bch_err=0 raw=0x7
2026-04-19 18:02:51.337 ,PASSED,control  NAC:0x8A1 TSDU bch_err=0 raw=0x7
2026-04-19 18:02:51.341 ,PASSED,control  NAC:0x8A1 TSDU bch_err=0 raw=0x7
2026-04-19 18:02:51.345 ,PASSED,control  NAC:0x8A1 TSDU bch_err=0 raw=0x7
2026-04-19 18:02:51.350 ,CORRECTED,control  NAC:0x8A1 TSDU bch_err=5 raw=0x7
2026-04-19 18:02:51.353 ,PASSED,control  NAC:0x8A1 TSDU bch_err=0 raw=0x7
2026-04-19 18:02:51.360 ,CORRECTED,control  NAC:0x8A1 TSDU bch_err=1 raw=0x7
2026-04-19 18:02:51.365 ,CORRECTED,control  NAC:0x8A1 TSDU bch_err=2 raw=0x6
2026-04-19 18:02:51.370 ,CORRECTED,control  NAC:0x8A1 TSDU bch_err=2 raw=0x6
2026-04-19 18:02:51.375 ,CORRECTED,control  NAC:0x8A1 TSDU bch_err=10 raw=0x6
2026-04-19 18:02:51.380 ,CORRECTED,control  NAC:0x8A1 TSDU bch_err=9 raw=0x3
2026-04-19 18:02:51.383 ,PASSED,control  NAC:0x8A1 TSDU bch_err=0 raw=0x7
2026-04-19 18:02:51.386 ,PASSED,control  NAC:0x8A1 TSDU bch_err=0 raw=0x7
2026-04-19 18:02:51.390 ,PASSED,control  NAC:0x8A1 TSDU bch_err=0 raw=0x7
2026-04-19 18:02:51.395 ,PASSED,control  NAC:0x8A1 TSDU bch_err=0 raw=0x7
2026-04-19 18:02:51.397 ,PASSED,control  NAC:0x8A1 TSDU bch_err=0 raw=0x7
2026-04-19 18:02:51.403 ,CORRECTED,control  NAC:0x8A1 TSDU bch_err=4 raw=0x7
2026-04-19 18:02:51.408 ,CORRECTED,control  NAC:0x8A1 TSDU bch_err=2 raw=0x6
2026-04-19 18:02:51.414 ,CORRECTED,control  NAC:0x8A1 TSDU bch_err=1 raw=0x6
2026-04-19 18:02:51.420 ,CORRECTED,control  NAC:0x8A1 TSDU bch_err=1 raw=0x6
2026-04-19 18:02:51.424 ,PASSED,control  NAC:0x8A1 TSDU bch_err=0 raw=0x7
2026-04-19 18:02:51.427 ,PASSED,control  NAC:0x8A1 TSDU bch_err=0 raw=0x7
2026-04-19 18:02:51.431 ,PASSED,control  NAC:0x8A1 TSDU bch_err=0 raw=0x7
2026-04-19 18:02:51.435 ,PASSED,control  NAC:0x8A1 TSDU bch_err=0 raw=0x7
2026-04-19 18:02:51.439 ,PASSED,control  NAC:0x8A1 TSDU bch_err=0 raw=0x7
2026-04-19 18:02:51.442 ,PASSED,control  NAC:0x8A1 TSDU bch_err=0 raw=0x7
2026-04-19 18:02:51.446 ,PASSED,control  NAC:0x8A1 TSDU bch_err=0 raw=0x7
2026-04-19 18:02:51.450 ,PASSED,control  NAC:0x8A1 TSDU bch_err=0 raw=0x7
2026-04-19 18:02:51.454 ,PASSED,control  NAC:0x8A1 TSDU bch_err=0 raw=0x7
2026-04-19 18:02:51.457 ,PASSED,control  NAC:0x8A1 TSDU bch_err=0 raw=0x7
2026-04-19 18:02:54.699 ,CORRECTED,control  NAC:0x8A1 TSDU bch_err=1 raw=0x6
2026-04-19 18:02:54.703 ,PASSED,control  NAC:0x8A1 TSDU bch_err=0 raw=0x7
2026-04-19 18:02:54.707 ,PASSED,control  NAC:0x8A1 TSDU bch_err=0 raw=0x7
2026-04-19 18:02:54.710 ,PASSED,control  NAC:0x8A1 TSDU bch_err=0 raw=0x7
2026-04-19 18:02:54.713 ,PASSED,control  NAC:0x8A1 TSDU bch_err=0 raw=0x7
2026-04-19 18:02:54.717 ,PASSED,control  NAC:0x8A1 TSDU bch_err=0 raw=0x7
2026-04-19 18:02:54.721 ,PASSED,control  NAC:0x8A1 TSDU bch_err=0 raw=0x7
2026-04-19 18:02:54.724 ,PASSED,control  NAC:0x8A1 TSDU bch_err=0 raw=0x7
2026-04-19 18:02:54.728 ,PASSED,control  NAC:0x8A1 TSDU bch_err=0 raw=0x7
2026-04-19 18:02:54.732 ,PASSED,control  NAC:0x8A1 TSDU bch_err=0 raw=0x7
2026-04-19 18:02:54.735 ,PASSED,control  NAC:0x8A1 TSDU bch_err=0 raw=0x7
2026-04-19 18:02:54.740 ,PASSED,control  NAC:0x8A1 TSDU bch_err=0 raw=0x7
2026-04-19 18:02:54.743 ,PASSED,control  NAC:0x8A1 TSDU bch_err=0 raw=0x7
2026-04-19 18:02:54.747 ,PASSED,control  NAC:0x8A1 TSDU bch_err=0 raw=0x7
2026-04-19 18:02:54.751 ,PASSED,control  NAC:0x8A1 TSDU bch_err=0 raw=0x7
2026-04-19 18:02:54.754 ,PASSED,control  NAC:0x8A1 TSDU bch_err=0 raw=0x7
2026-04-19 18:02:54.758 ,PASSED,control  NAC:0x8A1 TSDU bch_err=0 raw=0x7
2026-04-19 18:02:54.761 ,PASSED,control  NAC:0x8A1 TSDU bch_err=0 raw=0x7
2026-04-19 18:02:54.766 ,CORRECTED,control  NAC:0x8A1 TSDU bch_err=3 raw=0x7
2026-04-19 18:02:54.771 ,CORRECTED,control  NAC:0x8A1 TSDU bch_err=6 raw=0x3
2026-04-19 18:02:54.775 ,PASSED,control  NAC:0x8A1 TSDU bch_err=0 raw=0x7
2026-04-19 18:02:54.778 ,PASSED,control  NAC:0x8A1 TSDU bch_err=0 raw=0x7
2026-04-19 18:02:54.782 ,PASSED,control  NAC:0x8A1 TSDU bch_err=0 raw=0x7
2026-04-19 18:02:54.785 ,PASSED,control  NAC:0x8A1 TSDU bch_err=0 raw=0x7
2026-04-19 18:02:54.793 ,PASSED,control  NAC:0x8A1 TSDU bch_err=0 raw=0x7
2026-04-19 18:02:54.797 ,CORRECTED,control  NAC:0x8A1 TSDU bch_err=4 raw=0x7
2026-04-19 18:02:54.800 ,PASSED,control  NAC:0x8A1 TSDU bch_err=0 raw=0x7
2026-04-19 18:02:54.807 ,CORRECTED,control  NAC:0x8A1 TSDU bch_err=8 raw=0x2
2026-04-19 18:02:54.813 ,PASSED,control  NAC:0x8A1 TSDU bch_err=0 raw=0x7
2026-04-19 18:02:54.817 ,PASSED,control  NAC:0x8A1 TSDU bch_err=0 raw=0x7
2026-04-19 18:02:54.820 ,PASSED,control  NAC:0x8A1 TSDU bch_err=0 raw=0x7
2026-04-19 18:02:54.823 ,PASSED,control  NAC:0x8A1 TSDU bch_err=0 raw=0x7
2026-04-19 18:02:54.827 ,PASSED,control  NAC:0x8A1 TSDU bch_err=0 raw=0x7
2026-04-19 18:02:54.831 ,PASSED,control  NAC:0x8A1 TSDU bch_err=0 raw=0x7
2026-04-19 18:02:54.837 ,CORRECTED,control  NAC:0x8A1 TSDU bch_err=1 raw=0x6
2026-04-19 18:02:54.841 ,PASSED,control  NAC:0x8A1 TSDU bch_err=0 raw=0x7
2026-04-19 18:02:54.845 ,PASSED,control  NAC:0x8A1 TSDU bch_err=0 raw=0x7
2026-04-19 18:02:54.849 ,PASSED,control  NAC:0x8A1 TSDU bch_err=0 raw=0x7
2026-04-19 18:02:54.852 ,PASSED,control  NAC:0x8A1 TSDU bch_err=0 raw=0x7
2026-04-19 18:02:54.858 ,CORRECTED,control  NAC:0x8A1 TSDU bch_err=1 raw=0x7
2026-04-19 18:02:54.861 ,PASSED,control  NAC:0x8A1 TSDU bch_err=0 raw=0x7
2026-04-19 18:02:54.865 ,PASSED,control  NAC:0x8A1 TSDU bch_err=0 raw=0x7
2026-04-19 18:02:54.869 ,PASSED,control  NAC:0x8A1 TSDU bch_err=0 raw=0x7
2026-04-19 18:02:54.872 ,PASSED,control  NAC:0x8A1 TSDU bch_err=0 raw=0x7
2026-04-19 18:02:54.876 ,PASSED,control  NAC:0x8A1 TSDU bch_err=0 raw=0x7
2026-04-19 18:02:58.110 ,PASSED,control  NAC:0x8A1 TSDU bch_err=0 raw=0x7
2026-04-19 18:02:58.113 ,PASSED,control  NAC:0x8A1 TSDU bch_err=0 raw=0x7
2026-04-19 18:02:58.116 ,PASSED,control  NAC:0x8A1 TSDU bch_err=0 raw=0x7
2026-04-19 18:02:58.119 ,PASSED,control  NAC:0x8A1 TSDU bch_err=0 raw=0x7
2026-04-19 18:02:58.121 ,PASSED,control  NAC:0x8A1 TSDU bch_err=0 raw=0x7
2026-04-19 18:02:58.126 ,CORRECTED,control  NAC:0x8A1 TSDU bch_err=1 raw=0x6
2026-04-19 18:02:58.129 ,PASSED,control  NAC:0x8A1 TSDU bch_err=0 raw=0x7
2026-04-19 18:02:58.132 ,PASSED,control  NAC:0x8A1 TSDU bch_err=0 raw=0x7
2026-04-19 18:02:58.134 ,PASSED,control  NAC:0x8A1 TSDU bch_err=0 raw=0x7
2026-04-19 18:02:58.137 ,PASSED,control  NAC:0x8A1 TSDU bch_err=0 raw=0x7
2026-04-19 18:02:58.140 ,PASSED,control  NAC:0x8A1 TSDU bch_err=0 raw=0x7
2026-04-19 18:02:58.142 ,PASSED,control  NAC:0x8A1 TSDU bch_err=0 raw=0x7
2026-04-19 18:02:58.145 ,PASSED,control  NAC:0x8A1 TSDU bch_err=0 raw=0x7
2026-04-19 18:02:58.148 ,PASSED,control  NAC:0x8A1 TSDU bch_err=0 raw=0x7
2026-04-19 18:02:58.151 ,PASSED,control  NAC:0x8A1 TSDU bch_err=0 raw=0x7
2026-04-19 18:02:58.153 ,PASSED,control  NAC:0x8A1 TSDU bch_err=0 raw=0x7
2026-04-19 18:02:58.156 ,PASSED,control  NAC:0x8A1 TSDU bch_err=0 raw=0x7
2026-04-19 18:02:58.159 ,PASSED,control  NAC:0x8A1 TSDU bch_err=0 raw=0x7
2026-04-19 18:02:58.162 ,PASSED,control  NAC:0x8A1 TSDU bch_err=0 raw=0x7
2026-04-19 18:02:58.164 ,PASSED,control  NAC:0x8A1 TSDU bch_err=0 raw=0x7
2026-04-19 18:02:58.167 ,PASSED,control  NAC:0x8A1 TSDU bch_err=0 raw=0x7
2026-04-19 18:02:58.171 ,PASSED,control  NAC:0x8A1 TSDU bch_err=0 raw=0x7
2026-04-19 18:02:58.175 ,PASSED,control  NAC:0x8A1 TSDU bch_err=0 raw=0x7
2026-04-19 18:02:58.181 ,CORRECTED,control  NAC:0x8A1 TSDU bch_err=3 raw=0x6
2026-04-19 18:02:58.185 ,PASSED,control  NAC:0x8A1 TSDU bch_err=0 raw=0x7
2026-04-19 18:02:58.190 ,CORRECTED,control  NAC:0x8A1 TSDU bch_err=4 raw=0x6
2026-04-19 18:02:58.196 ,CORRECTED,control  NAC:0x8A1 TSDU bch_err=1 raw=0x7
2026-04-19 18:02:58.202 ,CORRECTED,control  NAC:0x8A1 TSDU bch_err=3 raw=0x6
2026-04-19 18:02:58.205 ,PASSED,control  NAC:0x8A1 TSDU bch_err=0 raw=0x7
2026-04-19 18:02:58.209 ,PASSED,control  NAC:0x8A1 TSDU bch_err=0 raw=0x7
2026-04-19 18:02:58.213 ,PASSED,control  NAC:0x8A1 TSDU bch_err=0 raw=0x7
2026-04-19 18:02:58.217 ,PASSED,control  NAC:0x8A1 TSDU bch_err=0 raw=0x7
2026-04-19 18:02:58.221 ,PASSED,control  NAC:0x8A1 TSDU bch_err=0 raw=0x7
2026-04-19 18:02:58.225 ,PASSED,control  NAC:0x8A1 TSDU bch_err=0 raw=0x7
2026-04-19 18:02:58.229 ,PASSED,control  NAC:0x8A1 TSDU bch_err=0 raw=0x7
2026-04-19 18:02:58.232 ,PASSED,control  NAC:0x8A1 TSDU bch_err=0 raw=0x7
2026-04-19 18:02:58.235 ,PASSED,control  NAC:0x8A1 TSDU bch_err=0 raw=0x7
2026-04-19 18:02:58.238 ,PASSED,control  NAC:0x8A1 TSDU bch_err=0 raw=0x7
2026-04-19 18:02:58.241 ,PASSED,control  NAC:0x8A1 TSDU bch_err=0 raw=0x7
2026-04-19 18:02:58.244 ,PASSED,control  NAC:0x8A1 TSDU bch_err=0 raw=0x7
2026-04-19 18:02:58.247 ,PASSED,control  NAC:0x8A1 TSDU bch_err=0 raw=0x7
2026-04-19 18:03:01.524 ,PASSED,control  NAC:0x8A1 TSDU bch_err=0 raw=0x7
2026-04-19 18:03:01.527 ,PASSED,control  NAC:0x8A1 TSDU bch_err=0 raw=0x7
2026-04-19 18:03:01.529 ,PASSED,control  NAC:0x8A1 TSDU bch_err=0 raw=0x7
2026-04-19 18:03:01.532 ,PASSED,control  NAC:0x8A1 TSDU bch_err=0 raw=0x7
2026-04-19 18:03:01.535 ,PASSED,control  NAC:0x8A1 TSDU bch_err=0 raw=0x7
2026-04-19 18:03:01.538 ,PASSED,control  NAC:0x8A1 TSDU bch_err=0 raw=0x7
2026-04-19 18:03:01.541 ,PASSED,control  NAC:0x8A1 TSDU bch_err=0 raw=0x7
2026-04-19 18:03:01.544 ,PASSED,control  NAC:0x8A1 TSDU bch_err=0 raw=0x7
2026-04-19 18:03:01.547 ,PASSED,control  NAC:0x8A1 TSDU bch_err=0 raw=0x7
2026-04-19 18:03:01.550 ,PASSED,control  NAC:0x8A1 TSDU bch_err=0 raw=0x7
2026-04-19 18:03:01.552 ,PASSED,control  NAC:0x8A1 TSDU bch_err=0 raw=0x7
2026-04-19 18:03:01.555 ,PASSED,control  NAC:0x8A1 TSDU bch_err=0 raw=0x7
2026-04-19 18:03:01.558 ,PASSED,control  NAC:0x8A1 TSDU bch_err=0 raw=0x7
2026-04-19 18:03:01.561 ,PASSED,control  NAC:0x8A1 TSDU bch_err=0 raw=0x7
2026-04-19 18:03:01.564 ,PASSED,control  NAC:0x8A1 TSDU bch_err=0 raw=0x7
2026-04-19 18:03:01.567 ,PASSED,control  NAC:0x8A1 TSDU bch_err=0 raw=0x7
2026-04-19 18:03:01.569 ,PASSED,control  NAC:0x8A1 TSDU bch_err=0 raw=0x7
2026-04-19 18:03:01.572 ,PASSED,control  NAC:0x8A1 TSDU bch_err=0 raw=0x7
2026-04-19 18:03:01.575 ,PASSED,control  NAC:0x8A1 TSDU bch_err=0 raw=0x7
2026-04-19 18:03:01.579 ,CORRECTED,control  NAC:0x8A1 TSDU bch_err=5 raw=0x7
2026-04-19 18:03:01.582 ,PASSED,control  NAC:0x8A1 TSDU bch_err=0 raw=0x7
2026-04-19 18:03:01.585 ,PASSED,control  NAC:0x8A1 TSDU bch_err=0 raw=0x7
2026-04-19 18:03:01.589 ,CORRECTED,control  NAC:0x8A1 TSDU bch_err=3 raw=0x6
2026-04-19 18:03:01.593 ,PASSED,control  NAC:0x8A1 TSDU bch_err=0 raw=0x7
2026-04-19 18:03:01.596 ,PASSED,control  NAC:0x8A1 TSDU bch_err=0 raw=0x7
2026-04-19 18:03:01.600 ,PASSED,control  NAC:0x8A1 TSDU bch_err=0 raw=0x7
2026-04-19 18:03:01.607 ,PASSED,control  NAC:0x8A1 TSDU bch_err=0 raw=0x7
2026-04-19 18:03:01.610 ,PASSED,control  NAC:0x8A1 TSDU bch_err=0 raw=0x7
2026-04-19 18:03:01.615 ,CORRECTED,control  NAC:0x8A1 TSDU bch_err=8 raw=0x3
2026-04-19 18:03:01.618 ,PASSED,control  NAC:0x8A1 TSDU bch_err=0 raw=0x7
2026-04-19 18:03:01.621 ,PASSED,control  NAC:0x8A1 TSDU bch_err=0 raw=0x7
2026-04-19 18:03:01.623 ,PASSED,control  NAC:0x8A1 TSDU bch_err=0 raw=0x7
2026-04-19 18:03:01.626 ,PASSED,control  NAC:0x8A1 TSDU bch_err=0 raw=0x7
2026-04-19 18:03:01.629 ,PASSED,control  NAC:0x8A1 TSDU bch_err=0 raw=0x7
2026-04-19 18:03:01.633 ,CORRECTED,control  NAC:0x8A1 TSDU bch_err=7 raw=0x0
2026-04-19 18:03:01.635 ,PASSED,control  NAC:0x8A1 TSDU bch_err=0 raw=0x7
2026-04-19 18:03:01.638 ,PASSED,control  NAC:0x8A1 TSDU bch_err=0 raw=0x7
2026-04-19 18:03:01.641 ,PASSED,control  NAC:0x8A1 TSDU bch_err=0 raw=0x7
2026-04-19 18:03:01.645 ,CORRECTED,control  NAC:0x8A1 TSDU bch_err=6 raw=0x7
2026-04-19 18:03:01.648 ,PASSED,control  NAC:0x8A1 TSDU bch_err=0 raw=0x7
2026-04-19 18:03:01.651 ,PASSED,control  NAC:0x8A1 TSDU bch_err=0 raw=0x7
2026-04-19 18:03:01.653 ,PASSED,control  NAC:0x8A1 TSDU bch_err=0 raw=0x7
2026-04-19 18:03:01.656 ,PASSED,control  NAC:0x8A1 TSDU bch_err=0 raw=0x7
2026-04-19 18:03:01.659 ,PASSED,control  NAC:0x8A1 TSDU bch_err=0 raw=0x7
2026-04-19 18:03:03.485 ,CORRECTED,traffic  NAC:0x8A1 LDU1 bch_err=5 raw=0x5
2026-04-19 18:03:03.486 ,PASSED,traffic  NAC:0x8A1 LDU1 bch_err=0 raw=?
2026-04-19 18:03:03.489 ,PASSED,traffic  NAC:0x8A1 LDU2 bch_err=0 raw=0xA
2026-04-19 18:03:03.489 ,PASSED,traffic  NAC:0x8A1 LDU2 bch_err=0 raw=?
2026-04-19 18:03:03.502 ,PASSED,traffic  NAC:0x8A1 LDU1 bch_err=0 raw=0x5
2026-04-19 18:03:03.502 ,PASSED,traffic  NAC:0x8A1 LDU1 bch_err=0 raw=?
2026-04-19 18:03:03.505 ,PASSED,traffic  NAC:0x8A1 LDU2 bch_err=0 raw=0xA
2026-04-19 18:03:03.505 ,PASSED,traffic  NAC:0x8A1 LDU2 bch_err=0 raw=?
2026-04-19 18:03:03.508 ,PASSED,traffic  NAC:0x8A1 LDU1 bch_err=0 raw=0x5
2026-04-19 18:03:03.508 ,PASSED,traffic  NAC:0x8A1 LDU1 bch_err=0 raw=?
2026-04-19 18:03:03.521 ,PASSED,traffic  NAC:0x8A1 LDU2 bch_err=0 raw=0xA
2026-04-19 18:03:03.522 ,PASSED,traffic  NAC:0x8A1 LDU2 bch_err=0 raw=?
2026-04-19 18:03:03.526 ,CORRECTED,traffic  NAC:0x8A1 LDU1 bch_err=7 raw=0x7
2026-04-19 18:03:03.526 ,PASSED,traffic  NAC:0x8A1 LDU1 bch_err=0 raw=?
2026-04-19 18:03:03.529 ,PASSED,traffic  NAC:0x8A1 LDU2 bch_err=0 raw=0xA
2026-04-19 18:03:03.530 ,PASSED,traffic  NAC:0x8A1 LDU2 bch_err=0 raw=?
2026-04-19 18:03:03.552 ,PASSED,traffic  NAC:0x8A1 LDU1 bch_err=0 raw=0x5
2026-04-19 18:03:03.552 ,PASSED,traffic  NAC:0x8A1 LDU1 bch_err=0 raw=?
2026-04-19 18:03:03.555 ,PASSED,traffic  NAC:0x8A1 LDU2 bch_err=0 raw=0xA
2026-04-19 18:03:03.555 ,PASSED,traffic  NAC:0x8A1 LDU2 bch_err=0 raw=?
2026-04-19 18:03:03.558 ,PASSED,traffic  NAC:0x8A1 LDU1 bch_err=0 raw=0x5
2026-04-19 18:03:04.939 ,CORRECTED,control  NAC:0x8A1 TSDU bch_err=5 raw=0x7
2026-04-19 18:03:04.953 ,CORRECTED,control  NAC:0x8A1 TSDU bch_err=1 raw=0x7
2026-04-19 18:03:04.958 ,CORRECTED,control  NAC:0x8A1 TSDU bch_err=8 raw=0x6
2026-04-19 18:03:04.971 ,PASSED,control  NAC:0x8A1 TSDU bch_err=0 raw=0x7
2026-04-19 18:03:04.973 ,PASSED,control  NAC:0x8A1 TSDU bch_err=0 raw=0x7
2026-04-19 18:03:04.976 ,PASSED,control  NAC:0x8A1 TSDU bch_err=0 raw=0x7
2026-04-19 18:03:04.978 ,PASSED,control  NAC:0x8A1 TSDU bch_err=0 raw=0x7
2026-04-19 18:03:04.981 ,PASSED,control  NAC:0x8A1 TSDU bch_err=0 raw=0x7
2026-04-19 18:03:04.984 ,PASSED,control  NAC:0x8A1 TSDU bch_err=0 raw=0x7
2026-04-19 18:03:04.986 ,PASSED,control  NAC:0x8A1 TSDU bch_err=0 raw=0x7
2026-04-19 18:03:04.990 ,CORRECTED,control  NAC:0x8A1 TSDU bch_err=3 raw=0x7
2026-04-19 18:03:04.993 ,PASSED,control  NAC:0x8A1 TSDU bch_err=0 raw=0x7
2026-04-19 18:03:04.997 ,CORRECTED,control  NAC:0x8A1 TSDU bch_err=4 raw=0x7
2026-04-19 18:03:05.000 ,PASSED,control  NAC:0x8A1 TSDU bch_err=0 raw=0x7
2026-04-19 18:03:05.002 ,PASSED,control  NAC:0x8A1 TSDU bch_err=0 raw=0x7
2026-04-19 18:03:05.005 ,PASSED,control  NAC:0x8A1 TSDU bch_err=0 raw=0x7
2026-04-19 18:03:05.008 ,PASSED,control  NAC:0x8A1 TSDU bch_err=0 raw=0x7
2026-04-19 18:03:05.010 ,PASSED,control  NAC:0x8A1 TSDU bch_err=0 raw=0x7
2026-04-19 18:03:05.013 ,PASSED,control  NAC:0x8A1 TSDU bch_err=0 raw=0x7
2026-04-19 18:03:05.017 ,CORRECTED,control  NAC:0x8A1 TSDU bch_err=1 raw=0x7
2026-04-19 18:03:05.020 ,PASSED,control  NAC:0x8A1 TSDU bch_err=0 raw=0x7
2026-04-19 18:03:05.024 ,CORRECTED,control  NAC:0x8A1 TSDU bch_err=5 raw=0x7
2026-04-19 18:03:05.027 ,PASSED,control  NAC:0x8A1 TSDU bch_err=0 raw=0x7
2026-04-19 18:03:05.030 ,PASSED,control  NAC:0x8A1 TSDU bch_err=0 raw=0x7
2026-04-19 18:03:05.034 ,CORRECTED,control  NAC:0x8A1 TSDU bch_err=2 raw=0x7
2026-04-19 18:03:05.037 ,PASSED,control  NAC:0x8A1 TSDU bch_err=0 raw=0x7
2026-04-19 18:03:05.041 ,CORRECTED,control  NAC:0x8A1 TSDU bch_err=5 raw=0x2
2026-04-19 18:03:05.046 ,CORRECTED,control  NAC:0x8A1 TSDU bch_err=3 raw=0x3
2026-04-19 18:03:05.048 ,PASSED,control  NAC:0x8A1 TSDU bch_err=0 raw=0x7
2026-04-19 18:03:05.051 ,PASSED,control  NAC:0x8A1 TSDU bch_err=0 raw=0x7
2026-04-19 18:03:05.055 ,CORRECTED,control  NAC:0x8A1 TSDU bch_err=3 raw=0x6
2026-04-19 18:03:05.060 ,CORRECTED,control  NAC:0x8A1 TSDU bch_err=4 raw=0x7
2026-04-19 18:03:05.062 ,PASSED,control  NAC:0x8A1 TSDU bch_err=0 raw=0x7
2026-04-19 18:03:05.067 ,CORRECTED,control  NAC:0x8A1 TSDU bch_err=1 raw=0x7
2026-04-19 18:03:05.070 ,PASSED,control  NAC:0x8A1 TSDU bch_err=0 raw=0x7
2026-04-19 18:03:05.072 ,PASSED,control  NAC:0x8A1 TSDU bch_err=0 raw=0x7
2026-04-19 18:03:05.075 ,PASSED,control  NAC:0x8A1 TSDU bch_err=0 raw=0x7
2026-04-19 18:03:05.078 ,PASSED,control  NAC:0x8A1 TSDU bch_err=0 raw=0x7
2026-04-19 18:03:05.080 ,PASSED,control  NAC:0x8A1 TSDU bch_err=0 raw=0x7
2026-04-19 18:03:05.083 ,PASSED,control  NAC:0x8A1 TSDU bch_err=0 raw=0x7
2026-04-19 18:03:05.086 ,PASSED,control  NAC:0x8A1 TSDU bch_err=0 raw=0x7
2026-04-19 18:03:05.089 ,PASSED,control  NAC:0x8A1 TSDU bch_err=0 raw=0x7
2026-04-19 18:03:06.892 ,PASSED,traffic  NAC:0x8A1 LDU1 bch_err=0 raw=?
2026-04-19 18:03:06.895 ,PASSED,traffic  NAC:0x8A1 TDU_LC bch_err=0 raw=0xF
2026-04-19 18:03:06.895 ,PASSED,traffic  NAC:0x8A1 TDU_LC bch_err=0 raw=?
2026-04-19 18:03:06.898 ,PASSED,traffic  NAC:0x8A1 TDU_LC bch_err=0 raw=0xF
2026-04-19 18:03:06.898 ,PASSED,traffic  NAC:0x8A1 TDU_LC bch_err=0 raw=?
2026-04-19 18:03:06.901 ,PASSED,traffic  NAC:0x8A1 TDU_LC bch_err=0 raw=0xF
2026-04-19 18:03:06.901 ,PASSED,traffic  NAC:0x8A1 TDU_LC bch_err=0 raw=?
2026-04-19 18:03:06.904 ,PASSED,traffic  NAC:0x8A1 TDU_LC bch_err=0 raw=0xF
2026-04-19 18:03:06.904 ,PASSED,traffic  NAC:0x8A1 TDU_LC bch_err=0 raw=?
2026-04-19 18:03:06.906 ,PASSED,traffic  NAC:0x8A1 TDU_LC bch_err=0 raw=0xF
2026-04-19 18:03:06.906 ,PASSED,traffic  NAC:0x8A1 TDU_LC bch_err=0 raw=?
2026-04-19 18:03:06.909 ,PASSED,traffic  NAC:0x8A1 TDU_LC bch_err=0 raw=0xF
2026-04-19 18:03:06.909 ,PASSED,traffic  NAC:0x8A1 TDU_LC bch_err=0 raw=?
2026-04-19 18:03:06.914 ,PASSED,traffic  NAC:0x8A1 TDU_LC bch_err=0 raw=0xF
2026-04-19 18:03:06.915 ,PASSED,traffic  NAC:0x8A1 TDU_LC bch_err=0 raw=?
2026-04-19 18:03:06.919 ,CORRECTED,traffic  NAC:0x8A1 TDU_LC bch_err=1 raw=0xF
2026-04-19 18:03:06.919 ,PASSED,traffic  NAC:0x8A1 TDU_LC bch_err=0 raw=?
2026-04-19 18:03:06.922 ,PASSED,traffic  NAC:0x8A1 TDU_LC bch_err=0 raw=0xF
2026-04-19 18:03:06.922 ,PASSED,traffic  NAC:0x8A1 TDU_LC bch_err=0 raw=?
2026-04-19 18:03:06.924 ,PASSED,traffic  NAC:0x8A1 TDU_LC bch_err=0 raw=0xF
2026-04-19 18:03:06.924 ,PASSED,traffic  NAC:0x8A1 TDU_LC bch_err=0 raw=?
2026-04-19 18:03:06.927 ,PASSED,traffic  NAC:0x8A1 TDU_LC bch_err=0 raw=0xF
2026-04-19 18:03:06.927 ,PASSED,traffic  NAC:0x8A1 TDU_LC bch_err=0 raw=?
2026-04-19 18:03:06.929 ,PASSED,traffic  NAC:0x8A1 TDU_LC bch_err=0 raw=0xF
2026-04-19 18:03:06.929 ,PASSED,traffic  NAC:0x8A1 TDU_LC bch_err=0 raw=?
2026-04-19 18:03:06.932 ,PASSED,traffic  NAC:0x8A1 TDU_LC bch_err=0 raw=0xF
2026-04-19 18:03:06.932 ,PASSED,traffic  NAC:0x8A1 TDU_LC bch_err=0 raw=?
2026-04-19 18:03:06.935 ,PASSED,traffic  NAC:0x8A1 TDU_LC bch_err=0 raw=0xF
2026-04-19 18:03:06.935 ,PASSED,traffic  NAC:0x8A1 TDU_LC bch_err=0 raw=?
2026-04-19 18:03:06.937 ,PASSED,traffic  NAC:0x8A1 TDU_LC bch_err=0 raw=0xF
2026-04-19 18:03:06.938 ,PASSED,traffic  NAC:0x8A1 TDU_LC bch_err=0 raw=?
2026-04-19 18:03:06.940 ,PASSED,traffic  NAC:0x8A1 TDU_LC bch_err=0 raw=0xF
2026-04-19 18:03:06.940 ,PASSED,traffic  NAC:0x8A1 TDU_LC bch_err=0 raw=?
2026-04-19 18:03:06.943 ,PASSED,traffic  NAC:0x8A1 TDU_LC bch_err=0 raw=0xF
2026-04-19 18:03:06.943 ,PASSED,traffic  NAC:0x8A1 TDU_LC bch_err=0 raw=?
2026-04-19 18:03:06.945 ,PASSED,traffic  NAC:0x8A1 TDU_LC bch_err=0 raw=0xF
2026-04-19 18:03:06.946 ,PASSED,traffic  NAC:0x8A1 TDU_LC bch_err=0 raw=?
2026-04-19 18:03:06.948 ,PASSED,traffic  NAC:0x8A1 TDU_LC bch_err=0 raw=0xF
2026-04-19 18:03:06.948 ,PASSED,traffic  NAC:0x8A1 TDU_LC bch_err=0 raw=?
2026-04-19 18:03:06.950 ,PASSED,traffic  NAC:0x8A1 TDU_LC bch_err=0 raw=0xF
2026-04-19 18:03:06.951 ,PASSED,traffic  NAC:0x8A1 TDU_LC bch_err=0 raw=?
2026-04-19 18:03:06.953 ,PASSED,traffic  NAC:0x8A1 TDU_LC bch_err=0 raw=0xF
2026-04-19 18:03:06.954 ,PASSED,traffic  NAC:0x8A1 TDU_LC bch_err=0 raw=?
2026-04-19 18:03:06.956 ,PASSED,traffic  NAC:0x8A1 TDU_LC bch_err=0 raw=0xF
2026-04-19 18:03:06.956 ,PASSED,traffic  NAC:0x8A1 TDU_LC bch_err=0 raw=?
2026-04-19 18:03:06.959 ,PASSED,traffic  NAC:0x8A1 TDU_LC bch_err=0 raw=0xF
2026-04-19 18:03:06.959 ,PASSED,traffic  NAC:0x8A1 TDU_LC bch_err=0 raw=?
2026-04-19 18:03:06.971 ,PASSED,traffic  NAC:0x8A1 TDU_LC bch_err=0 raw=0xF
2026-04-19 18:03:06.971 ,PASSED,traffic  NAC:0x8A1 TDU_LC bch_err=0 raw=?
2026-04-19 18:03:06.974 ,PASSED,traffic  NAC:0x8A1 TDU_LC bch_err=0 raw=0xF
2026-04-19 18:03:06.974 ,PASSED,traffic  NAC:0x8A1 TDU_LC bch_err=0 raw=?
2026-04-19 18:03:06.976 ,PASSED,traffic  NAC:0x8A1 TDU_LC bch_err=0 raw=0xF
2026-04-19 18:03:06.976 ,PASSED,traffic  NAC:0x8A1 TDU_LC bch_err=0 raw=?
2026-04-19 18:03:06.979 ,PASSED,traffic  NAC:0x8A1 TDU_LC bch_err=0 raw=0xF
2026-04-19 18:03:06.979 ,PASSED,traffic  NAC:0x8A1 TDU_LC bch_err=0 raw=?
2026-04-19 18:03:06.992 ,PASSED,traffic  NAC:0x8A1 TDU_LC bch_err=0 raw=0xF
2026-04-19 18:03:06.992 ,PASSED,traffic  NAC:0x8A1 TDU_LC bch_err=0 raw=?
2026-04-19 18:03:06.996 ,CORRECTED,traffic  NAC:0x8A1 TDU_LC bch_err=1 raw=0xF
2026-04-19 18:03:06.996 ,PASSED,traffic  NAC:0x8A1 TDU_LC bch_err=0 raw=?
2026-04-19 18:03:06.998 ,PASSED,traffic  NAC:0x8A1 TDU_LC bch_err=0 raw=0xF
2026-04-19 18:03:06.999 ,PASSED,traffic  NAC:0x8A1 TDU_LC bch_err=0 raw=?
2026-04-19 18:03:07.021 ,PASSED,traffic  NAC:0x8A1 TDU_LC bch_err=0 raw=0xF
2026-04-19 18:03:07.021 ,PASSED,traffic  NAC:0x8A1 TDU_LC bch_err=0 raw=?
2026-04-19 18:03:07.026 ,CORRECTED,traffic  NAC:0x8A1 TDU_LC bch_err=3 raw=0xF
2026-04-19 18:03:07.026 ,PASSED,traffic  NAC:0x8A1 TDU_LC bch_err=0 raw=?
2026-04-19 18:03:07.028 ,PASSED,traffic  NAC:0x8A1 TDU_LC bch_err=0 raw=0xF
2026-04-19 18:03:07.028 ,PASSED,traffic  NAC:0x8A1 TDU_LC bch_err=0 raw=?
2026-04-19 18:03:07.041 ,PASSED,traffic  NAC:0x8A1 TDU_LC bch_err=0 raw=0xF
2026-04-19 18:03:07.041 ,PASSED,traffic  NAC:0x8A1 TDU_LC bch_err=0 raw=?
2026-04-19 18:03:07.043 ,PASSED,traffic  NAC:0x8A1 TDU_LC bch_err=0 raw=0xF
2026-04-19 18:03:07.044 ,PASSED,traffic  NAC:0x8A1 TDU_LC bch_err=0 raw=?
2026-04-19 18:03:07.048 ,CORRECTED,traffic  NAC:0x8A1 TDU_LC bch_err=1 raw=0xF
2026-04-19 18:03:07.048 ,PASSED,traffic  NAC:0x8A1 TDU_LC bch_err=0 raw=?
2026-04-19 18:03:07.050 ,PASSED,traffic  NAC:0x8A1 TDU_LC bch_err=0 raw=0xF
2026-04-19 18:03:07.055 ,PASSED,traffic  NAC:0x8A1 TDU_LC bch_err=0 raw=?
2026-04-19 18:03:07.058 ,PASSED,traffic  NAC:0x8A1 TDU_LC bch_err=0 raw=0xF
2026-04-19 18:03:07.058 ,PASSED,traffic  NAC:0x8A1 TDU_LC bch_err=0 raw=?
2026-04-19 18:03:07.062 ,CORRECTED,traffic  NAC:0x8A1 TDU_LC bch_err=1 raw=0xF
2026-04-19 18:03:07.062 ,PASSED,traffic  NAC:0x8A1 TDU_LC bch_err=0 raw=?
2026-04-19 18:03:07.069 ,PASSED,traffic  NAC:0x8A1 TDU_LC bch_err=0 raw=0xF
2026-04-19 18:03:07.069 ,PASSED,traffic  NAC:0x8A1 TDU_LC bch_err=0 raw=?
2026-04-19 18:03:07.072 ,PASSED,traffic  NAC:0x8A1 TDU_LC bch_err=0 raw=0xF
2026-04-19 18:03:07.072 ,PASSED,traffic  NAC:0x8A1 TDU_LC bch_err=0 raw=?
2026-04-19 18:03:07.075 ,PASSED,traffic  NAC:0x8A1 TDU_LC bch_err=0 raw=0xF
2026-04-19 18:03:07.075 ,PASSED,traffic  NAC:0x8A1 TDU_LC bch_err=0 raw=?
2026-04-19 18:03:07.079 ,CORRECTED,traffic  NAC:0x8A1 TDU_LC bch_err=2 raw=0xD
2026-04-19 18:03:07.079 ,PASSED,traffic  NAC:0x8A1 TDU_LC bch_err=0 raw=?
2026-04-19 18:03:07.081 ,PASSED,traffic  NAC:0x8A1 TDU_LC bch_err=0 raw=0xF
2026-04-19 18:03:07.082 ,PASSED,traffic  NAC:0x8A1 TDU_LC bch_err=0 raw=?
2026-04-19 18:03:07.086 ,CORRECTED,traffic  NAC:0x8A1 TDU_LC bch_err=1 raw=0xF
2026-04-19 18:03:07.086 ,PASSED,traffic  NAC:0x8A1 TDU_LC bch_err=0 raw=?
2026-04-19 18:03:07.088 ,PASSED,traffic  NAC:0x8A1 TDU_LC bch_err=0 raw=0xF
2026-04-19 18:03:07.088 ,PASSED,traffic  NAC:0x8A1 TDU_LC bch_err=0 raw=?
2026-04-19 18:03:07.091 ,PASSED,traffic  NAC:0x8A1 TDU_LC bch_err=0 raw=0xF
2026-04-19 18:03:07.091 ,PASSED,traffic  NAC:0x8A1 TDU_LC bch_err=0 raw=?
2026-04-19 18:03:07.093 ,PASSED,traffic  NAC:0x8A1 TDU_LC bch_err=0 raw=0xF
2026-04-19 18:03:07.094 ,PASSED,traffic  NAC:0x8A1 TDU_LC bch_err=0 raw=?
2026-04-19 18:03:07.096 ,PASSED,traffic  NAC:0x8A1 HDU bch_err=0 raw=0x0
2026-04-19 18:03:07.096 ,PASSED,traffic  NAC:0x8A1 HDU bch_err=0 raw=?
2026-04-19 18:03:07.100 ,PASSED,traffic  NAC:0x8A1 LDU1 bch_err=0 raw=0x5
2026-04-19 18:03:07.100 ,PASSED,traffic  NAC:0x8A1 LDU1 bch_err=0 raw=?
2026-04-19 18:03:07.114 ,PASSED,traffic  NAC:0x8A1 LDU2 bch_err=0 raw=0xA
2026-04-19 18:03:07.114 ,PASSED,traffic  NAC:0x8A1 LDU2 bch_err=0 raw=?
2026-04-19 18:03:07.116 ,PASSED,traffic  NAC:0x8A1 LDU1 bch_err=0 raw=0x5
2026-04-19 18:03:07.117 ,PASSED,traffic  NAC:0x8A1 LDU1 bch_err=0 raw=?
2026-04-19 18:03:07.119 ,PASSED,traffic  NAC:0x8A1 LDU2 bch_err=0 raw=0xA
2026-04-19 18:03:07.119 ,PASSED,traffic  NAC:0x8A1 LDU2 bch_err=0 raw=?
2026-04-19 18:03:07.123 ,PASSED,traffic  NAC:0x8A1 LDU1 bch_err=0 raw=0x5
2026-04-19 18:03:08.350 ,PASSED,control  NAC:0x8A1 TSDU bch_err=0 raw=0x7
2026-04-19 18:03:08.353 ,PASSED,control  NAC:0x8A1 TSDU bch_err=0 raw=0x7
2026-04-19 18:03:08.356 ,PASSED,control  NAC:0x8A1 TSDU bch_err=0 raw=0x7
2026-04-19 18:03:08.359 ,PASSED,control  NAC:0x8A1 TSDU bch_err=0 raw=0x7
2026-04-19 18:03:08.361 ,PASSED,control  NAC:0x8A1 TSDU bch_err=0 raw=0x7
2026-04-19 18:03:08.364 ,PASSED,control  NAC:0x8A1 TSDU bch_err=0 raw=0x7
2026-04-19 18:03:08.369 ,CORRECTED,control  NAC:0x8A1 TSDU bch_err=3 raw=0x6
2026-04-19 18:03:08.372 ,PASSED,control  NAC:0x8A1 TSDU bch_err=0 raw=0x7
2026-04-19 18:03:08.374 ,PASSED,control  NAC:0x8A1 TSDU bch_err=0 raw=0x7
2026-04-19 18:03:08.377 ,PASSED,control  NAC:0x8A1 TSDU bch_err=0 raw=0x7
2026-04-19 18:03:08.380 ,PASSED,control  NAC:0x8A1 TSDU bch_err=0 raw=0x7
2026-04-19 18:03:08.382 ,PASSED,control  NAC:0x8A1 TSDU bch_err=0 raw=0x7
2026-04-19 18:03:08.385 ,PASSED,control  NAC:0x8A1 TSDU bch_err=0 raw=0x7
2026-04-19 18:03:08.388 ,PASSED,control  NAC:0x8A1 TSDU bch_err=0 raw=0x7
2026-04-19 18:03:08.390 ,PASSED,control  NAC:0x8A1 TSDU bch_err=0 raw=0x7
2026-04-19 18:03:08.393 ,PASSED,control  NAC:0x8A1 TSDU bch_err=0 raw=0x7
2026-04-19 18:03:08.398 ,CORRECTED,control  NAC:0x8A1 TSDU bch_err=2 raw=0x6
2026-04-19 18:03:08.400 ,PASSED,control  NAC:0x8A1 TSDU bch_err=0 raw=0x7
2026-04-19 18:03:08.405 ,CORRECTED,control  NAC:0x8A1 TSDU bch_err=6 raw=0x3
2026-04-19 18:03:08.409 ,CORRECTED,control  NAC:0x8A1 TSDU bch_err=1 raw=0x3
2026-04-19 18:03:08.412 ,PASSED,control  NAC:0x8A1 TSDU bch_err=0 raw=0x7
2026-04-19 18:03:08.415 ,PASSED,control  NAC:0x8A1 TSDU bch_err=0 raw=0x7
2026-04-19 18:03:08.417 ,PASSED,control  NAC:0x8A1 TSDU bch_err=0 raw=0x7
2026-04-19 18:03:08.420 ,PASSED,control  NAC:0x8A1 TSDU bch_err=0 raw=0x7
2026-04-19 18:03:08.425 ,CORRECTED,control  NAC:0x8A1 TSDU bch_err=2 raw=0x3
2026-04-19 18:03:08.428 ,PASSED,control  NAC:0x8A1 TSDU bch_err=0 raw=0x7
2026-04-19 18:03:08.430 ,PASSED,control  NAC:0x8A1 TSDU bch_err=0 raw=0x7
2026-04-19 18:03:08.433 ,PASSED,control  NAC:0x8A1 TSDU bch_err=0 raw=0x7
2026-04-19 18:03:08.436 ,PASSED,control  NAC:0x8A1 TSDU bch_err=0 raw=0x7
2026-04-19 18:03:08.438 ,PASSED,control  NAC:0x8A1 TSDU bch_err=0 raw=0x7
2026-04-19 18:03:08.441 ,PASSED,control  NAC:0x8A1 TSDU bch_err=0 raw=0x7
2026-04-19 18:03:08.444 ,PASSED,control  NAC:0x8A1 TSDU bch_err=0 raw=0x7
2026-04-19 18:03:08.448 ,CORRECTED,control  NAC:0x8A1 TSDU bch_err=1 raw=0x7
2026-04-19 18:03:08.451 ,PASSED,control  NAC:0x8A1 TSDU bch_err=0 raw=0x7
2026-04-19 18:03:08.454 ,PASSED,control  NAC:0x8A1 TSDU bch_err=0 raw=0x7
2026-04-19 18:03:08.457 ,PASSED,control  NAC:0x8A1 TSDU bch_err=0 raw=0x7
2026-04-19 18:03:08.459 ,PASSED,control  NAC:0x8A1 TSDU bch_err=0 raw=0x7
2026-04-19 18:03:08.462 ,PASSED,control  NAC:0x8A1 TSDU bch_err=0 raw=0x7
2026-04-19 18:03:08.464 ,PASSED,control  NAC:0x8A1 TSDU bch_err=0 raw=0x7
2026-04-19 18:03:08.467 ,PASSED,control  NAC:0x8A1 TSDU bch_err=0 raw=0x7
2026-04-19 18:03:08.470 ,PASSED,control  NAC:0x8A1 TSDU bch_err=0 raw=0x7
2026-04-19 18:03:08.473 ,PASSED,control  NAC:0x8A1 TSDU bch_err=0 raw=0x7
2026-04-19 18:03:08.476 ,PASSED,control  NAC:0x8A1 TSDU bch_err=0 raw=0x7
2026-04-19 18:03:10.305 ,PASSED,traffic  NAC:0x8A1 LDU1 bch_err=0 raw=?
2026-04-19 18:03:10.308 ,PASSED,traffic  NAC:0x8A1 LDU2 bch_err=0 raw=0xA
2026-04-19 18:03:10.308 ,PASSED,traffic  NAC:0x8A1 LDU2 bch_err=0 raw=?
2026-04-19 18:03:10.311 ,PASSED,traffic  NAC:0x8A1 LDU1 bch_err=0 raw=0x5
2026-04-19 18:03:10.311 ,PASSED,traffic  NAC:0x8A1 LDU1 bch_err=0 raw=?
2026-04-19 18:03:10.313 ,PASSED,traffic  NAC:0x8A1 LDU2 bch_err=0 raw=0xA
2026-04-19 18:03:10.314 ,PASSED,traffic  NAC:0x8A1 LDU2 bch_err=0 raw=?
2026-04-19 18:03:10.316 ,PASSED,traffic  NAC:0x8A1 TDU_LC bch_err=0 raw=0xF
2026-04-19 18:03:10.316 ,PASSED,traffic  NAC:0x8A1 TDU_LC bch_err=0 raw=?
2026-04-19 18:03:10.318 ,PASSED,traffic  NAC:0x8A1 TDU_LC bch_err=0 raw=0xF
2026-04-19 18:03:10.319 ,PASSED,traffic  NAC:0x8A1 TDU_LC bch_err=0 raw=?
2026-04-19 18:03:10.321 ,PASSED,traffic  NAC:0x8A1 TDU_LC bch_err=0 raw=0xF
2026-04-19 18:03:10.321 ,PASSED,traffic  NAC:0x8A1 TDU_LC bch_err=0 raw=?
2026-04-19 18:03:10.323 ,PASSED,traffic  NAC:0x8A1 TDU_LC bch_err=0 raw=0xF
2026-04-19 18:03:10.324 ,PASSED,traffic  NAC:0x8A1 TDU_LC bch_err=0 raw=?
2026-04-19 18:03:10.326 ,PASSED,traffic  NAC:0x8A1 TDU_LC bch_err=0 raw=0xF
2026-04-19 18:03:10.326 ,PASSED,traffic  NAC:0x8A1 TDU_LC bch_err=0 raw=?
2026-04-19 18:03:10.328 ,PASSED,traffic  NAC:0x8A1 TDU_LC bch_err=0 raw=0xF
2026-04-19 18:03:10.328 ,PASSED,traffic  NAC:0x8A1 TDU_LC bch_err=0 raw=?
2026-04-19 18:03:10.331 ,PASSED,traffic  NAC:0x8A1 TDU_LC bch_err=0 raw=0xF
2026-04-19 18:03:10.331 ,PASSED,traffic  NAC:0x8A1 TDU_LC bch_err=0 raw=?
2026-04-19 18:03:10.335 ,CORRECTED,traffic  NAC:0x8A1 TDU_LC bch_err=1 raw=0xF
2026-04-19 18:03:10.335 ,PASSED,traffic  NAC:0x8A1 TDU_LC bch_err=0 raw=?
2026-04-19 18:03:10.338 ,PASSED,traffic  NAC:0x8A1 TDU_LC bch_err=0 raw=0xF
2026-04-19 18:03:10.338 ,PASSED,traffic  NAC:0x8A1 TDU_LC bch_err=0 raw=?
2026-04-19 18:03:10.340 ,PASSED,traffic  NAC:0x8A1 TDU_LC bch_err=0 raw=0xF
2026-04-19 18:03:10.340 ,PASSED,traffic  NAC:0x8A1 TDU_LC bch_err=0 raw=?
2026-04-19 18:03:10.343 ,PASSED,traffic  NAC:0x8A1 TDU bch_err=0 raw=0x3
2026-04-19 18:03:10.343 ,PASSED,traffic  NAC:0x8A1 TDU bch_err=0 raw=?
2026-04-19 18:03:10.345 ,PASSED,traffic  NAC:0x8A1 TDU_LC bch_err=0 raw=0xF
2026-04-19 18:03:10.345 ,PASSED,traffic  NAC:0x8A1 TDU_LC bch_err=0 raw=?
2026-04-19 18:03:10.348 ,PASSED,traffic  NAC:0x8A1 TDU_LC bch_err=0 raw=0xF
2026-04-19 18:03:10.348 ,PASSED,traffic  NAC:0x8A1 TDU_LC bch_err=0 raw=?
2026-04-19 18:03:10.350 ,PASSED,traffic  NAC:0x8A1 TDU_LC bch_err=0 raw=0xF
2026-04-19 18:03:10.350 ,PASSED,traffic  NAC:0x8A1 TDU_LC bch_err=0 raw=?
2026-04-19 18:03:10.352 ,PASSED,traffic  NAC:0x8A1 TDU_LC bch_err=0 raw=0xF
2026-04-19 18:03:10.353 ,PASSED,traffic  NAC:0x8A1 TDU_LC bch_err=0 raw=?
2026-04-19 18:03:10.355 ,PASSED,traffic  NAC:0x8A1 TDU_LC bch_err=0 raw=0xF
2026-04-19 18:03:10.355 ,PASSED,traffic  NAC:0x8A1 TDU_LC bch_err=0 raw=?
2026-04-19 18:03:10.358 ,PASSED,traffic  NAC:0x8A1 TDU_LC bch_err=0 raw=0xF
2026-04-19 18:03:10.358 ,PASSED,traffic  NAC:0x8A1 TDU_LC bch_err=0 raw=?
2026-04-19 18:03:10.360 ,PASSED,traffic  NAC:0x8A1 TDU_LC bch_err=0 raw=0xF
2026-04-19 18:03:10.360 ,PASSED,traffic  NAC:0x8A1 TDU_LC bch_err=0 raw=?
2026-04-19 18:03:10.363 ,PASSED,traffic  NAC:0x8A1 TDU_LC bch_err=0 raw=0xF
2026-04-19 18:03:10.363 ,PASSED,traffic  NAC:0x8A1 TDU_LC bch_err=0 raw=?
2026-04-19 18:03:10.365 ,PASSED,traffic  NAC:0x8A1 TDU_LC bch_err=0 raw=0xF
2026-04-19 18:03:10.365 ,PASSED,traffic  NAC:0x8A1 TDU_LC bch_err=0 raw=?
2026-04-19 18:03:10.368 ,PASSED,traffic  NAC:0x8A1 HDU bch_err=0 raw=0x0
2026-04-19 18:03:10.368 ,PASSED,traffic  NAC:0x8A1 HDU bch_err=0 raw=?
2026-04-19 18:03:10.370 ,PASSED,traffic  NAC:0x8A1 LDU1 bch_err=0 raw=0x5
2026-04-19 18:03:10.370 ,PASSED,traffic  NAC:0x8A1 LDU1 bch_err=0 raw=?
2026-04-19 18:03:10.373 ,PASSED,traffic  NAC:0x8A1 LDU2 bch_err=0 raw=0xA
2026-04-19 18:03:10.373 ,PASSED,traffic  NAC:0x8A1 LDU2 bch_err=0 raw=?
2026-04-19 18:03:10.375 ,PASSED,traffic  NAC:0x8A1 LDU1 bch_err=0 raw=0x5
2026-04-19 18:03:10.376 ,PASSED,traffic  NAC:0x8A1 LDU1 bch_err=0 raw=?
2026-04-19 18:03:10.378 ,PASSED,traffic  NAC:0x8A1 LDU2 bch_err=0 raw=0xA
2026-04-19 18:03:10.378 ,PASSED,traffic  NAC:0x8A1 LDU2 bch_err=0 raw=?
2026-04-19 18:03:10.380 ,PASSED,traffic  NAC:0x8A1 LDU1 bch_err=0 raw=0x5
2026-04-19 18:03:10.381 ,PASSED,traffic  NAC:0x8A1 LDU1 bch_err=0 raw=?
2026-04-19 18:03:10.383 ,PASSED,traffic  NAC:0x8A1 LDU2 bch_err=0 raw=0xA
2026-04-19 18:03:10.384 ,PASSED,traffic  NAC:0x8A1 LDU2 bch_err=0 raw=?
2026-04-19 18:03:10.386 ,PASSED,traffic  NAC:0x8A1 LDU1 bch_err=0 raw=0x5
2026-04-19 18:03:10.386 ,PASSED,traffic  NAC:0x8A1 LDU1 bch_err=0 raw=?
2026-04-19 18:03:10.389 ,PASSED,traffic  NAC:0x8A1 LDU2 bch_err=0 raw=0xA
2026-04-19 18:03:10.389 ,PASSED,traffic  NAC:0x8A1 LDU2 bch_err=0 raw=?
2026-04-19 18:03:10.391 ,PASSED,traffic  NAC:0x8A1 LDU1 bch_err=0 raw=0x5
2026-04-19 18:03:10.392 ,PASSED,traffic  NAC:0x8A1 LDU1 bch_err=0 raw=?
2026-04-19 18:03:10.394 ,PASSED,traffic  NAC:0x8A1 LDU2 bch_err=0 raw=0xA
2026-04-19 18:03:10.394 ,PASSED,traffic  NAC:0x8A1 LDU2 bch_err=0 raw=?
2026-04-19 18:03:11.763 ,PASSED,control  NAC:0x8A1 TSDU bch_err=0 raw=0x7
2026-04-19 18:03:11.766 ,PASSED,control  NAC:0x8A1 TSDU bch_err=0 raw=0x7
2026-04-19 18:03:11.769 ,PASSED,control  NAC:0x8A1 TSDU bch_err=0 raw=0x7
2026-04-19 18:03:11.771 ,PASSED,control  NAC:0x8A1 TSDU bch_err=0 raw=0x7
2026-04-19 18:03:11.774 ,PASSED,control  NAC:0x8A1 TSDU bch_err=0 raw=0x7
2026-04-19 18:03:11.777 ,PASSED,control  NAC:0x8A1 TSDU bch_err=0 raw=0x7
2026-04-19 18:03:11.780 ,PASSED,control  NAC:0x8A1 TSDU bch_err=0 raw=0x7
2026-04-19 18:03:11.782 ,PASSED,control  NAC:0x8A1 TSDU bch_err=0 raw=0x7
2026-04-19 18:03:11.785 ,PASSED,control  NAC:0x8A1 TSDU bch_err=0 raw=0x7
2026-04-19 18:03:11.788 ,PASSED,control  NAC:0x8A1 TSDU bch_err=0 raw=0x7
2026-04-19 18:03:11.790 ,PASSED,control  NAC:0x8A1 TSDU bch_err=0 raw=0x7
2026-04-19 18:03:11.793 ,PASSED,control  NAC:0x8A1 TSDU bch_err=0 raw=0x7
2026-04-19 18:03:11.796 ,PASSED,control  NAC:0x8A1 TSDU bch_err=0 raw=0x7
2026-04-19 18:03:11.798 ,PASSED,control  NAC:0x8A1 TSDU bch_err=0 raw=0x7
2026-04-19 18:03:11.801 ,PASSED,control  NAC:0x8A1 TSDU bch_err=0 raw=0x7
2026-04-19 18:03:11.805 ,CORRECTED,control  NAC:0x8A1 TSDU bch_err=1 raw=0x7
2026-04-19 18:03:11.808 ,PASSED,control  NAC:0x8A1 TSDU bch_err=0 raw=0x7
2026-04-19 18:03:11.811 ,PASSED,control  NAC:0x8A1 TSDU bch_err=0 raw=0x7
2026-04-19 18:03:11.814 ,PASSED,control  NAC:0x8A1 TSDU bch_err=0 raw=0x7
2026-04-19 18:03:11.816 ,PASSED,control  NAC:0x8A1 TSDU bch_err=0 raw=0x7
2026-04-19 18:03:11.819 ,PASSED,control  NAC:0x8A1 TSDU bch_err=0 raw=0x7
2026-04-19 18:03:11.823 ,CORRECTED,control  NAC:0x8A1 TSDU bch_err=1 raw=0x6
2026-04-19 18:03:11.826 ,PASSED,control  NAC:0x8A1 TSDU bch_err=0 raw=0x7
2026-04-19 18:03:11.831 ,CORRECTED,control  NAC:0x8A1 TSDU bch_err=6 raw=0x7
2026-04-19 18:03:11.833 ,PASSED,control  NAC:0x8A1 TSDU bch_err=0 raw=0x7
2026-04-19 18:03:11.836 ,PASSED,control  NAC:0x8A1 TSDU bch_err=0 raw=0x7
2026-04-19 18:03:11.839 ,PASSED,control  NAC:0x8A1 TSDU bch_err=0 raw=0x7
2026-04-19 18:03:11.843 ,CORRECTED,control  NAC:0x8A1 TSDU bch_err=1 raw=0x6
2026-04-19 18:03:11.846 ,PASSED,control  NAC:0x8A1 TSDU bch_err=0 raw=0x7
2026-04-19 18:03:11.848 ,PASSED,control  NAC:0x8A1 TSDU bch_err=0 raw=0x7
2026-04-19 18:03:11.851 ,PASSED,control  NAC:0x8A1 TSDU bch_err=0 raw=0x7
2026-04-19 18:03:11.854 ,PASSED,control  NAC:0x8A1 TSDU bch_err=0 raw=0x7
2026-04-19 18:03:11.857 ,PASSED,control  NAC:0x8A1 TSDU bch_err=0 raw=0x7
2026-04-19 18:03:11.859 ,PASSED,control  NAC:0x8A1 TSDU bch_err=0 raw=0x7
2026-04-19 18:03:11.862 ,PASSED,control  NAC:0x8A1 TSDU bch_err=0 raw=0x7
2026-04-19 18:03:11.864 ,PASSED,control  NAC:0x8A1 TSDU bch_err=0 raw=0x7
2026-04-19 18:03:11.867 ,PASSED,control  NAC:0x8A1 TSDU bch_err=0 raw=0x7
2026-04-19 18:03:11.870 ,PASSED,control  NAC:0x8A1 TSDU bch_err=0 raw=0x7
2026-04-19 18:03:11.874 ,CORRECTED,control  NAC:0x8A1 TSDU bch_err=1 raw=0x7
2026-04-19 18:03:11.877 ,PASSED,control  NAC:0x8A1 TSDU bch_err=0 raw=0x7
2026-04-19 18:03:11.880 ,PASSED,control  NAC:0x8A1 TSDU bch_err=0 raw=0x7
2026-04-19 18:03:11.883 ,PASSED,control  NAC:0x8A1 TSDU bch_err=0 raw=0x7
2026-04-19 18:03:13.721 ,PASSED,traffic  NAC:0x8A1 LDU1 bch_err=0 raw=0x5
2026-04-19 18:03:13.721 ,PASSED,traffic  NAC:0x8A1 LDU1 bch_err=0 raw=?
2026-04-19 18:03:13.724 ,PASSED,traffic  NAC:0x8A1 LDU2 bch_err=0 raw=0xA
2026-04-19 18:03:13.724 ,PASSED,traffic  NAC:0x8A1 LDU2 bch_err=0 raw=?
2026-04-19 18:03:13.726 ,PASSED,traffic  NAC:0x8A1 LDU1 bch_err=0 raw=0x5
2026-04-19 18:03:13.727 ,PASSED,traffic  NAC:0x8A1 LDU1 bch_err=0 raw=?
2026-04-19 18:03:13.729 ,PASSED,traffic  NAC:0x8A1 LDU2 bch_err=0 raw=0xA
2026-04-19 18:03:13.729 ,PASSED,traffic  NAC:0x8A1 LDU2 bch_err=0 raw=?
2026-04-19 18:03:13.732 ,PASSED,traffic  NAC:0x8A1 LDU1 bch_err=0 raw=0x5
2026-04-19 18:03:13.732 ,PASSED,traffic  NAC:0x8A1 LDU1 bch_err=0 raw=?
2026-04-19 18:03:13.735 ,PASSED,traffic  NAC:0x8A1 LDU2 bch_err=0 raw=0xA
2026-04-19 18:03:13.735 ,PASSED,traffic  NAC:0x8A1 LDU2 bch_err=0 raw=?
2026-04-19 18:03:13.737 ,PASSED,traffic  NAC:0x8A1 LDU1 bch_err=0 raw=0x5
2026-04-19 18:03:13.738 ,PASSED,traffic  NAC:0x8A1 LDU1 bch_err=0 raw=?
2026-04-19 18:03:13.740 ,PASSED,traffic  NAC:0x8A1 LDU2 bch_err=0 raw=0xA
2026-04-19 18:03:13.740 ,PASSED,traffic  NAC:0x8A1 LDU2 bch_err=0 raw=?
2026-04-19 18:03:13.743 ,PASSED,traffic  NAC:0x8A1 LDU1 bch_err=0 raw=0x5
2026-04-19 18:03:13.743 ,PASSED,traffic  NAC:0x8A1 LDU1 bch_err=0 raw=?
2026-04-19 18:03:13.746 ,PASSED,traffic  NAC:0x8A1 LDU2 bch_err=0 raw=0xA
2026-04-19 18:03:13.747 ,PASSED,traffic  NAC:0x8A1 LDU2 bch_err=0 raw=?
2026-04-19 18:03:13.749 ,PASSED,traffic  NAC:0x8A1 LDU1 bch_err=0 raw=0x5
2026-04-19 18:03:13.750 ,PASSED,traffic  NAC:0x8A1 LDU1 bch_err=0 raw=?
2026-04-19 18:03:13.755 ,CORRECTED,traffic  NAC:0x8A1 LDU2 bch_err=6 raw=0xA
2026-04-19 18:03:13.755 ,PASSED,traffic  NAC:0x8A1 LDU2 bch_err=0 raw=?
2026-04-19 18:03:13.757 ,PASSED,traffic  NAC:0x8A1 LDU1 bch_err=0 raw=0x5
2026-04-19 18:03:13.758 ,PASSED,traffic  NAC:0x8A1 LDU1 bch_err=0 raw=?
2026-04-19 18:03:13.760 ,PASSED,traffic  NAC:0x8A1 LDU2 bch_err=0 raw=0xA
2026-04-19 18:03:13.761 ,PASSED,traffic  NAC:0x8A1 LDU2 bch_err=0 raw=?
2026-04-19 18:03:13.765 ,CORRECTED,traffic  NAC:0x8A1 LDU1 bch_err=1 raw=0x5
2026-04-19 18:03:13.765 ,PASSED,traffic  NAC:0x8A1 LDU1 bch_err=0 raw=?
2026-04-19 18:03:13.769 ,CORRECTED,traffic  NAC:0x8A1 LDU2 bch_err=1 raw=0xA
2026-04-19 18:03:13.770 ,PASSED,traffic  NAC:0x8A1 LDU2 bch_err=0 raw=?
2026-04-19 18:03:13.773 ,PASSED,traffic  NAC:0x8A1 LDU1 bch_err=0 raw=0x5
2026-04-19 18:03:13.773 ,PASSED,traffic  NAC:0x8A1 LDU1 bch_err=0 raw=?
2026-04-19 18:03:13.776 ,PASSED,traffic  NAC:0x8A1 LDU2 bch_err=0 raw=0xA
2026-04-19 18:03:13.776 ,PASSED,traffic  NAC:0x8A1 LDU2 bch_err=0 raw=?
2026-04-19 18:03:13.779 ,PASSED,traffic  NAC:0x8A1 LDU1 bch_err=0 raw=0x5
2026-04-19 18:03:15.177 ,PASSED,control  NAC:0x8A1 TSDU bch_err=0 raw=0x7
2026-04-19 18:03:15.180 ,PASSED,control  NAC:0x8A1 TSDU bch_err=0 raw=0x7
2026-04-19 18:03:15.187 ,CORRECTED,control  NAC:0x8A1 TSDU bch_err=1 raw=0x7
2026-04-19 18:03:15.193 ,PASSED,control  NAC:0x8A1 TSDU bch_err=0 raw=0x7
2026-04-19 18:03:15.196 ,PASSED,control  NAC:0x8A1 TSDU bch_err=0 raw=0x7
2026-04-19 18:03:15.202 ,PASSED,control  NAC:0x8A1 TSDU bch_err=0 raw=0x7
2026-04-19 18:03:15.205 ,PASSED,control  NAC:0x8A1 TSDU bch_err=0 raw=0x7
2026-04-19 18:03:15.209 ,PASSED,control  NAC:0x8A1 TSDU bch_err=0 raw=0x7
2026-04-19 18:03:15.214 ,PASSED,control  NAC:0x8A1 TSDU bch_err=0 raw=0x7
2026-04-19 18:03:15.219 ,PASSED,control  NAC:0x8A1 TSDU bch_err=0 raw=0x7
2026-04-19 18:03:15.222 ,PASSED,control  NAC:0x8A1 TSDU bch_err=0 raw=0x7
2026-04-19 18:03:15.226 ,PASSED,control  NAC:0x8A1 TSDU bch_err=0 raw=0x7
2026-04-19 18:03:15.229 ,PASSED,control  NAC:0x8A1 TSDU bch_err=0 raw=0x7
2026-04-19 18:03:15.234 ,PASSED,control  NAC:0x8A1 TSDU bch_err=0 raw=0x7
2026-04-19 18:03:15.237 ,PASSED,control  NAC:0x8A1 TSDU bch_err=0 raw=0x7
2026-04-19 18:03:15.243 ,PASSED,control  NAC:0x8A1 TSDU bch_err=0 raw=0x7
2026-04-19 18:03:15.246 ,PASSED,control  NAC:0x8A1 TSDU bch_err=0 raw=0x7
2026-04-19 18:03:15.250 ,PASSED,control  NAC:0x8A1 TSDU bch_err=0 raw=0x7
2026-04-19 18:03:15.254 ,PASSED,control  NAC:0x8A1 TSDU bch_err=0 raw=0x7
2026-04-19 18:03:15.259 ,PASSED,control  NAC:0x8A1 TSDU bch_err=0 raw=0x7
2026-04-19 18:03:15.262 ,PASSED,control  NAC:0x8A1 TSDU bch_err=0 raw=0x7
2026-04-19 18:03:15.265 ,PASSED,control  NAC:0x8A1 TSDU bch_err=0 raw=0x7
2026-04-19 18:03:15.270 ,PASSED,control  NAC:0x8A1 TSDU bch_err=0 raw=0x7
2026-04-19 18:03:15.274 ,PASSED,control  NAC:0x8A1 TSDU bch_err=0 raw=0x7
2026-04-19 18:03:15.279 ,CORRECTED,control  NAC:0x8A1 TSDU bch_err=1 raw=0x6
2026-04-19 18:03:15.284 ,PASSED,control  NAC:0x8A1 TSDU bch_err=0 raw=0x7
2026-04-19 18:03:15.289 ,CORRECTED,control  NAC:0x8A1 TSDU bch_err=2 raw=0x7
2026-04-19 18:03:15.294 ,CORRECTED,control  NAC:0x8A1 TSDU bch_err=6 raw=0x2
2026-04-19 18:03:15.299 ,PASSED,control  NAC:0x8A1 TSDU bch_err=0 raw=0x7
2026-04-19 18:03:15.303 ,PASSED,control  NAC:0x8A1 TSDU bch_err=0 raw=0x7
2026-04-19 18:03:15.308 ,CORRECTED,control  NAC:0x8A1 TSDU bch_err=1 raw=0x7
2026-04-19 18:03:15.312 ,PASSED,control  NAC:0x8A1 TSDU bch_err=0 raw=0x7
2026-04-19 18:03:15.316 ,PASSED,control  NAC:0x8A1 TSDU bch_err=0 raw=0x7
2026-04-19 18:03:15.321 ,CORRECTED,control  NAC:0x8A1 TSDU bch_err=7 raw=0x3
2026-04-19 18:03:15.326 ,PASSED,control  NAC:0x8A1 TSDU bch_err=0 raw=0x7
2026-04-19 18:03:15.329 ,PASSED,control  NAC:0x8A1 TSDU bch_err=0 raw=0x7
2026-04-19 18:03:15.333 ,PASSED,control  NAC:0x8A1 TSDU bch_err=0 raw=0x7
2026-04-19 18:03:15.338 ,PASSED,control  NAC:0x8A1 TSDU bch_err=0 raw=0x7
2026-04-19 18:03:15.342 ,PASSED,control  NAC:0x8A1 TSDU bch_err=0 raw=0x7
2026-04-19 18:03:15.346 ,PASSED,control  NAC:0x8A1 TSDU bch_err=0 raw=0x7
2026-04-19 18:03:15.350 ,PASSED,control  NAC:0x8A1 TSDU bch_err=0 raw=0x7
2026-04-19 18:03:15.355 ,PASSED,control  NAC:0x8A1 TSDU bch_err=0 raw=0x7
2026-04-19 18:03:15.358 ,PASSED,control  NAC:0x8A1 TSDU bch_err=0 raw=0x7
2026-04-19 18:03:15.362 ,PASSED,control  NAC:0x8A1 TSDU bch_err=0 raw=0x7
2026-04-19 18:03:15.366 ,PASSED,control  NAC:0x8A1 TSDU bch_err=0 raw=0x7
2026-04-19 18:03:15.370 ,PASSED,control  NAC:0x8A1 TSDU bch_err=0 raw=0x7
2026-04-19 18:03:17.132 ,PASSED,traffic  NAC:0x8A1 LDU1 bch_err=0 raw=?
2026-04-19 18:03:17.135 ,PASSED,traffic  NAC:0x8A1 LDU2 bch_err=0 raw=0xA
2026-04-19 18:03:17.135 ,PASSED,traffic  NAC:0x8A1 LDU2 bch_err=0 raw=?
2026-04-19 18:03:17.137 ,PASSED,traffic  NAC:0x8A1 LDU1 bch_err=0 raw=0x5
2026-04-19 18:03:17.137 ,PASSED,traffic  NAC:0x8A1 LDU1 bch_err=0 raw=?
2026-04-19 18:03:17.140 ,PASSED,traffic  NAC:0x8A1 LDU2 bch_err=0 raw=0xA
2026-04-19 18:03:17.140 ,PASSED,traffic  NAC:0x8A1 LDU2 bch_err=0 raw=?
2026-04-19 18:03:17.144 ,CORRECTED,traffic  NAC:0x8A1 LDU1 bch_err=6 raw=0x3
2026-04-19 18:03:17.145 ,PASSED,traffic  NAC:0x8A1 LDU1 bch_err=0 raw=?
2026-04-19 18:03:17.147 ,PASSED,traffic  NAC:0x8A1 LDU2 bch_err=0 raw=0xA
2026-04-19 18:03:17.148 ,PASSED,traffic  NAC:0x8A1 LDU2 bch_err=0 raw=?
2026-04-19 18:03:17.150 ,PASSED,traffic  NAC:0x8A1 LDU1 bch_err=0 raw=0x5
2026-04-19 18:03:17.150 ,PASSED,traffic  NAC:0x8A1 LDU1 bch_err=0 raw=?
2026-04-19 18:03:17.153 ,PASSED,traffic  NAC:0x8A1 LDU2 bch_err=0 raw=0xA
2026-04-19 18:03:17.153 ,PASSED,traffic  NAC:0x8A1 LDU2 bch_err=0 raw=?
2026-04-19 18:03:17.156 ,PASSED,traffic  NAC:0x8A1 LDU1 bch_err=0 raw=0x5
2026-04-19 18:03:17.156 ,PASSED,traffic  NAC:0x8A1 LDU1 bch_err=0 raw=?
2026-04-19 18:03:17.158 ,PASSED,traffic  NAC:0x8A1 LDU2 bch_err=0 raw=0xA
2026-04-19 18:03:17.158 ,PASSED,traffic  NAC:0x8A1 LDU2 bch_err=0 raw=?
2026-04-19 18:03:17.161 ,PASSED,traffic  NAC:0x8A1 LDU1 bch_err=0 raw=0x5
2026-04-19 18:03:17.161 ,PASSED,traffic  NAC:0x8A1 LDU1 bch_err=0 raw=?
2026-04-19 18:03:17.164 ,PASSED,traffic  NAC:0x8A1 LDU2 bch_err=0 raw=0xA
2026-04-19 18:03:17.164 ,PASSED,traffic  NAC:0x8A1 LDU2 bch_err=0 raw=?
2026-04-19 18:03:17.166 ,PASSED,traffic  NAC:0x8A1 LDU1 bch_err=0 raw=0x5
2026-04-19 18:03:17.166 ,PASSED,traffic  NAC:0x8A1 LDU1 bch_err=0 raw=?
2026-04-19 18:03:17.169 ,PASSED,traffic  NAC:0x8A1 LDU2 bch_err=0 raw=0xA
2026-04-19 18:03:17.169 ,PASSED,traffic  NAC:0x8A1 LDU2 bch_err=0 raw=?
2026-04-19 18:03:17.171 ,PASSED,traffic  NAC:0x8A1 LDU1 bch_err=0 raw=0x5
2026-04-19 18:03:17.172 ,PASSED,traffic  NAC:0x8A1 LDU1 bch_err=0 raw=?
2026-04-19 18:03:17.174 ,PASSED,traffic  NAC:0x8A1 LDU2 bch_err=0 raw=0xA
2026-04-19 18:03:17.175 ,PASSED,traffic  NAC:0x8A1 LDU2 bch_err=0 raw=?
2026-04-19 18:03:17.177 ,PASSED,traffic  NAC:0x8A1 LDU1 bch_err=0 raw=0x5
2026-04-19 18:03:17.177 ,PASSED,traffic  NAC:0x8A1 LDU1 bch_err=0 raw=?
2026-04-19 18:03:17.180 ,PASSED,traffic  NAC:0x8A1 LDU2 bch_err=0 raw=0xA
2026-04-19 18:03:17.180 ,PASSED,traffic  NAC:0x8A1 LDU2 bch_err=0 raw=?
2026-04-19 18:03:17.182 ,PASSED,traffic  NAC:0x8A1 LDU1 bch_err=0 raw=0x5
2026-04-19 18:03:17.183 ,PASSED,traffic  NAC:0x8A1 LDU1 bch_err=0 raw=?
2026-04-19 18:03:17.185 ,PASSED,traffic  NAC:0x8A1 LDU2 bch_err=0 raw=0xA
2026-04-19 18:03:18.591 ,PASSED,control  NAC:0x8A1 TSDU bch_err=0 raw=0x7
2026-04-19 18:03:18.595 ,PASSED,control  NAC:0x8A1 TSDU bch_err=0 raw=0x7
2026-04-19 18:03:18.599 ,PASSED,control  NAC:0x8A1 TSDU bch_err=0 raw=0x7
2026-04-19 18:03:18.603 ,PASSED,control  NAC:0x8A1 TSDU bch_err=0 raw=0x7
2026-04-19 18:03:18.606 ,PASSED,control  NAC:0x8A1 TSDU bch_err=0 raw=0x7
2026-04-19 18:03:18.609 ,PASSED,control  NAC:0x8A1 TSDU bch_err=0 raw=0x7
2026-04-19 18:03:18.613 ,PASSED,control  NAC:0x8A1 TSDU bch_err=0 raw=0x7
2026-04-19 18:03:18.617 ,PASSED,control  NAC:0x8A1 TSDU bch_err=0 raw=0x7
2026-04-19 18:03:18.622 ,PASSED,control  NAC:0x8A1 TSDU bch_err=0 raw=0x7
2026-04-19 18:03:18.625 ,PASSED,control  NAC:0x8A1 TSDU bch_err=0 raw=0x7
2026-04-19 18:03:18.629 ,PASSED,control  NAC:0x8A1 TSDU bch_err=0 raw=0x7
2026-04-19 18:03:18.633 ,PASSED,control  NAC:0x8A1 TSDU bch_err=0 raw=0x7
2026-04-19 18:03:18.637 ,PASSED,control  NAC:0x8A1 TSDU bch_err=0 raw=0x7
2026-04-19 18:03:18.642 ,PASSED,control  NAC:0x8A1 TSDU bch_err=0 raw=0x7
2026-04-19 18:03:18.644 ,PASSED,control  NAC:0x8A1 TSDU bch_err=0 raw=0x7
2026-04-19 18:03:18.649 ,PASSED,control  NAC:0x8A1 TSDU bch_err=0 raw=0x7
2026-04-19 18:03:18.653 ,PASSED,control  NAC:0x8A1 TSDU bch_err=0 raw=0x7
2026-04-19 18:03:18.656 ,PASSED,control  NAC:0x8A1 TSDU bch_err=0 raw=0x7
2026-04-19 18:03:18.660 ,PASSED,control  NAC:0x8A1 TSDU bch_err=0 raw=0x7
2026-04-19 18:03:18.664 ,PASSED,control  NAC:0x8A1 TSDU bch_err=0 raw=0x7
2026-04-19 18:03:18.670 ,CORRECTED,control  NAC:0x8A1 TSDU bch_err=5 raw=0x7
2026-04-19 18:03:18.676 ,CORRECTED,control  NAC:0x8A1 TSDU bch_err=2 raw=0x3
2026-04-19 18:03:18.680 ,PASSED,control  NAC:0x8A1 TSDU bch_err=0 raw=0x7
2026-04-19 18:03:18.684 ,PASSED,control  NAC:0x8A1 TSDU bch_err=0 raw=0x7
2026-04-19 18:03:18.690 ,CORRECTED,control  NAC:0x8A1 TSDU bch_err=5 raw=0x3
2026-04-19 18:03:18.695 ,CORRECTED,control  NAC:0x8A1 TSDU bch_err=3 raw=0x7
2026-04-19 18:03:18.702 ,CORRECTED,control  NAC:0x8A1 TSDU bch_err=4 raw=0x3
2026-04-19 18:03:18.705 ,PASSED,control  NAC:0x8A1 TSDU bch_err=0 raw=0x7
2026-04-19 18:03:18.710 ,PASSED,control  NAC:0x8A1 TSDU bch_err=0 raw=0x7
2026-04-19 18:03:18.713 ,PASSED,control  NAC:0x8A1 TSDU bch_err=0 raw=0x7
2026-04-19 18:03:18.724 ,CORRECTED,control  NAC:0x8A1 TSDU bch_err=7 raw=0x7
2026-04-19 18:03:18.733 ,PASSED,control  NAC:0x8A1 TSDU bch_err=0 raw=0x7
2026-04-19 18:03:18.738 ,PASSED,control  NAC:0x8A1 TSDU bch_err=0 raw=0x7
2026-04-19 18:03:18.742 ,PASSED,control  NAC:0x8A1 TSDU bch_err=0 raw=0x7
2026-04-19 18:03:18.746 ,PASSED,control  NAC:0x8A1 TSDU bch_err=0 raw=0x7
2026-04-19 18:03:18.750 ,PASSED,control  NAC:0x8A1 TSDU bch_err=0 raw=0x7
2026-04-19 18:03:18.754 ,PASSED,control  NAC:0x8A1 TSDU bch_err=0 raw=0x7
2026-04-19 18:03:18.759 ,PASSED,control  NAC:0x8A1 TSDU bch_err=0 raw=0x7
2026-04-19 18:03:18.763 ,PASSED,control  NAC:0x8A1 TSDU bch_err=0 raw=0x7
2026-04-19 18:03:18.767 ,PASSED,control  NAC:0x8A1 TSDU bch_err=0 raw=0x7
2026-04-19 18:03:20.545 ,PASSED,traffic  NAC:0x8A1 LDU2 bch_err=0 raw=?
2026-04-19 18:03:20.548 ,PASSED,traffic  NAC:0x8A1 LDU1 bch_err=0 raw=0x5
2026-04-19 18:03:20.548 ,PASSED,traffic  NAC:0x8A1 LDU1 bch_err=0 raw=?
2026-04-19 18:03:20.550 ,PASSED,traffic  NAC:0x8A1 LDU2 bch_err=0 raw=0xA
2026-04-19 18:03:20.551 ,PASSED,traffic  NAC:0x8A1 LDU2 bch_err=0 raw=?
2026-04-19 18:03:20.553 ,PASSED,traffic  NAC:0x8A1 LDU1 bch_err=0 raw=0x5
2026-04-19 18:03:20.553 ,PASSED,traffic  NAC:0x8A1 LDU1 bch_err=0 raw=?
2026-04-19 18:03:20.556 ,PASSED,traffic  NAC:0x8A1 LDU2 bch_err=0 raw=0xA
2026-04-19 18:03:20.556 ,PASSED,traffic  NAC:0x8A1 LDU2 bch_err=0 raw=?
2026-04-19 18:03:20.558 ,PASSED,traffic  NAC:0x8A1 LDU1 bch_err=0 raw=0x5
2026-04-19 18:03:20.559 ,PASSED,traffic  NAC:0x8A1 LDU1 bch_err=0 raw=?
2026-04-19 18:03:20.563 ,CORRECTED,traffic  NAC:0x8A1 LDU2 bch_err=1 raw=0xA
2026-04-19 18:03:20.563 ,PASSED,traffic  NAC:0x8A1 LDU2 bch_err=0 raw=?
2026-04-19 18:03:20.565 ,PASSED,traffic  NAC:0x8A1 LDU1 bch_err=0 raw=0x5
2026-04-19 18:03:20.566 ,PASSED,traffic  NAC:0x8A1 LDU1 bch_err=0 raw=?
2026-04-19 18:03:20.568 ,PASSED,traffic  NAC:0x8A1 LDU2 bch_err=0 raw=0xA
2026-04-19 18:03:20.569 ,PASSED,traffic  NAC:0x8A1 LDU2 bch_err=0 raw=?
2026-04-19 18:03:20.571 ,PASSED,traffic  NAC:0x8A1 LDU1 bch_err=0 raw=0x5
2026-04-19 18:03:20.571 ,PASSED,traffic  NAC:0x8A1 LDU1 bch_err=0 raw=?
2026-04-19 18:03:20.574 ,PASSED,traffic  NAC:0x8A1 LDU2 bch_err=0 raw=0xA
2026-04-19 18:03:20.574 ,PASSED,traffic  NAC:0x8A1 LDU2 bch_err=0 raw=?
2026-04-19 18:03:20.576 ,PASSED,traffic  NAC:0x8A1 LDU1 bch_err=0 raw=0x5
2026-04-19 18:03:20.577 ,PASSED,traffic  NAC:0x8A1 LDU1 bch_err=0 raw=?
2026-04-19 18:03:20.579 ,PASSED,traffic  NAC:0x8A1 LDU2 bch_err=0 raw=0xA
2026-04-19 18:03:20.579 ,PASSED,traffic  NAC:0x8A1 LDU2 bch_err=0 raw=?
2026-04-19 18:03:20.582 ,PASSED,traffic  NAC:0x8A1 LDU1 bch_err=0 raw=0x5
2026-04-19 18:03:20.582 ,PASSED,traffic  NAC:0x8A1 LDU1 bch_err=0 raw=?
2026-04-19 18:03:20.584 ,PASSED,traffic  NAC:0x8A1 LDU2 bch_err=0 raw=0xA
2026-04-19 18:03:20.585 ,PASSED,traffic  NAC:0x8A1 LDU2 bch_err=0 raw=?
2026-04-19 18:03:20.587 ,PASSED,traffic  NAC:0x8A1 LDU1 bch_err=0 raw=0x5
2026-04-19 18:03:20.587 ,PASSED,traffic  NAC:0x8A1 LDU1 bch_err=0 raw=?
2026-04-19 18:03:20.590 ,PASSED,traffic  NAC:0x8A1 LDU2 bch_err=0 raw=0xA
2026-04-19 18:03:20.590 ,PASSED,traffic  NAC:0x8A1 LDU2 bch_err=0 raw=?
2026-04-19 18:03:20.593 ,PASSED,traffic  NAC:0x8A1 LDU1 bch_err=0 raw=0x5
2026-04-19 18:03:20.593 ,PASSED,traffic  NAC:0x8A1 LDU1 bch_err=0 raw=?
2026-04-19 18:03:20.595 ,PASSED,traffic  NAC:0x8A1 LDU2 bch_err=0 raw=0xA
2026-04-19 18:03:20.595 ,PASSED,traffic  NAC:0x8A1 LDU2 bch_err=0 raw=?
2026-04-19 18:03:20.598 ,PASSED,traffic  NAC:0x8A1 LDU1 bch_err=0 raw=0x5
2026-04-19 18:03:22.004 ,PASSED,control  NAC:0x8A1 TSDU bch_err=0 raw=0x7
2026-04-19 18:03:22.007 ,PASSED,control  NAC:0x8A1 TSDU bch_err=0 raw=0x7
2026-04-19 18:03:22.009 ,PASSED,control  NAC:0x8A1 TSDU bch_err=0 raw=0x7
2026-04-19 18:03:22.016 ,CORRECTED,control  NAC:0x8A1 TSDU bch_err=1 raw=0x7
2026-04-19 18:03:22.020 ,PASSED,control  NAC:0x8A1 TSDU bch_err=0 raw=0x7
2026-04-19 18:03:22.024 ,PASSED,control  NAC:0x8A1 TSDU bch_err=0 raw=0x7
2026-04-19 18:03:22.027 ,PASSED,control  NAC:0x8A1 TSDU bch_err=0 raw=0x7
2026-04-19 18:03:22.030 ,PASSED,control  NAC:0x8A1 TSDU bch_err=0 raw=0x7
2026-04-19 18:03:22.034 ,PASSED,control  NAC:0x8A1 TSDU bch_err=0 raw=0x7
2026-04-19 18:03:22.037 ,PASSED,control  NAC:0x8A1 TSDU bch_err=0 raw=0x7
2026-04-19 18:03:22.043 ,CORRECTED,control  NAC:0x8A1 TSDU bch_err=1 raw=0x7
2026-04-19 18:03:22.047 ,PASSED,control  NAC:0x8A1 TSDU bch_err=0 raw=0x7
2026-04-19 18:03:22.051 ,PASSED,control  NAC:0x8A1 TSDU bch_err=0 raw=0x7
2026-04-19 18:03:22.055 ,PASSED,control  NAC:0x8A1 TSDU bch_err=0 raw=0x7
2026-04-19 18:03:22.062 ,CORRECTED,control  NAC:0x8A1 TSDU bch_err=1 raw=0x6
2026-04-19 18:03:22.067 ,PASSED,control  NAC:0x8A1 TSDU bch_err=0 raw=0x7
2026-04-19 18:03:22.070 ,PASSED,control  NAC:0x8A1 TSDU bch_err=0 raw=0x7
2026-04-19 18:03:22.073 ,PASSED,control  NAC:0x8A1 TSDU bch_err=0 raw=0x7
2026-04-19 18:03:22.075 ,PASSED,control  NAC:0x8A1 TSDU bch_err=0 raw=0x7
2026-04-19 18:03:22.078 ,PASSED,control  NAC:0x8A1 TSDU bch_err=0 raw=0x7
2026-04-19 18:03:22.081 ,PASSED,control  NAC:0x8A1 TSDU bch_err=0 raw=0x7
2026-04-19 18:03:22.085 ,PASSED,control  NAC:0x8A1 TSDU bch_err=0 raw=0x7
2026-04-19 18:03:22.089 ,PASSED,control  NAC:0x8A1 TSDU bch_err=0 raw=0x7
2026-04-19 18:03:22.092 ,PASSED,control  NAC:0x8A1 TSDU bch_err=0 raw=0x7
2026-04-19 18:03:22.097 ,PASSED,control  NAC:0x8A1 TSDU bch_err=0 raw=0x7
2026-04-19 18:03:22.103 ,CORRECTED,control  NAC:0x8A1 TSDU bch_err=1 raw=0x3
2026-04-19 18:03:22.106 ,PASSED,control  NAC:0x8A1 TSDU bch_err=0 raw=0x7
2026-04-19 18:03:22.110 ,PASSED,control  NAC:0x8A1 TSDU bch_err=0 raw=0x7
2026-04-19 18:03:22.115 ,CORRECTED,control  NAC:0x8A1 TSDU bch_err=5 raw=0x7
2026-04-19 18:03:22.119 ,PASSED,control  NAC:0x8A1 TSDU bch_err=0 raw=0x7
2026-04-19 18:03:22.123 ,PASSED,control  NAC:0x8A1 TSDU bch_err=0 raw=0x7
2026-04-19 18:03:22.127 ,PASSED,control  NAC:0x8A1 TSDU bch_err=0 raw=0x7
2026-04-19 18:03:22.131 ,PASSED,control  NAC:0x8A1 TSDU bch_err=0 raw=0x7
2026-04-19 18:03:22.136 ,CORRECTED,control  NAC:0x8A1 TSDU bch_err=5 raw=0x3
2026-04-19 18:03:22.140 ,PASSED,control  NAC:0x8A1 TSDU bch_err=0 raw=0x7
2026-04-19 18:03:22.144 ,PASSED,control  NAC:0x8A1 TSDU bch_err=0 raw=0x7
2026-04-19 18:03:22.147 ,PASSED,control  NAC:0x8A1 TSDU bch_err=0 raw=0x7
2026-04-19 18:03:22.151 ,PASSED,control  NAC:0x8A1 TSDU bch_err=0 raw=0x7
2026-04-19 18:03:22.155 ,CORRECTED,control  NAC:0x8A1 TSDU bch_err=7 raw=0x7
2026-04-19 18:03:23.958 ,PASSED,traffic  NAC:0x8A1 LDU1 bch_err=0 raw=?
2026-04-19 18:03:23.963 ,CORRECTED,traffic  NAC:0x8A1 LDU2 bch_err=2 raw=0xA
2026-04-19 18:03:23.963 ,PASSED,traffic  NAC:0x8A1 LDU2 bch_err=0 raw=?
2026-04-19 18:03:23.966 ,PASSED,traffic  NAC:0x8A1 LDU1 bch_err=0 raw=0x5
2026-04-19 18:03:23.966 ,PASSED,traffic  NAC:0x8A1 LDU1 bch_err=0 raw=?
2026-04-19 18:03:23.970 ,CORRECTED,traffic  NAC:0x8A1 LDU2 bch_err=1 raw=0xA
2026-04-19 18:03:23.970 ,PASSED,traffic  NAC:0x8A1 LDU2 bch_err=0 raw=?
2026-04-19 18:03:23.973 ,PASSED,traffic  NAC:0x8A1 LDU1 bch_err=0 raw=0x5
2026-04-19 18:03:23.973 ,PASSED,traffic  NAC:0x8A1 LDU1 bch_err=0 raw=?
2026-04-19 18:03:23.976 ,PASSED,traffic  NAC:0x8A1 LDU2 bch_err=0 raw=0xA
2026-04-19 18:03:23.976 ,PASSED,traffic  NAC:0x8A1 LDU2 bch_err=0 raw=?
2026-04-19 18:03:23.978 ,PASSED,traffic  NAC:0x8A1 LDU1 bch_err=0 raw=0x5
2026-04-19 18:03:23.979 ,PASSED,traffic  NAC:0x8A1 LDU1 bch_err=0 raw=?
2026-04-19 18:03:23.981 ,PASSED,traffic  NAC:0x8A1 LDU2 bch_err=0 raw=0xA
2026-04-19 18:03:23.981 ,PASSED,traffic  NAC:0x8A1 LDU2 bch_err=0 raw=?
2026-04-19 18:03:23.984 ,PASSED,traffic  NAC:0x8A1 LDU1 bch_err=0 raw=0x5
2026-04-19 18:03:23.984 ,PASSED,traffic  NAC:0x8A1 LDU1 bch_err=0 raw=?
2026-04-19 18:03:23.988 ,CORRECTED,traffic  NAC:0x8A1 LDU2 bch_err=1 raw=0xA
2026-04-19 18:03:23.989 ,PASSED,traffic  NAC:0x8A1 LDU2 bch_err=0 raw=?
2026-04-19 18:03:23.993 ,CORRECTED,traffic  NAC:0x8A1 LDU1 bch_err=1 raw=0x5
2026-04-19 18:03:23.993 ,PASSED,traffic  NAC:0x8A1 LDU1 bch_err=0 raw=?
2026-04-19 18:03:23.995 ,PASSED,traffic  NAC:0x8A1 LDU2 bch_err=0 raw=0xA
2026-04-19 18:03:23.996 ,PASSED,traffic  NAC:0x8A1 LDU2 bch_err=0 raw=?
2026-04-19 18:03:23.998 ,PASSED,traffic  NAC:0x8A1 LDU1 bch_err=0 raw=0x5
2026-04-19 18:03:23.998 ,PASSED,traffic  NAC:0x8A1 LDU1 bch_err=0 raw=?
2026-04-19 18:03:24.001 ,PASSED,traffic  NAC:0x8A1 LDU2 bch_err=0 raw=0xA
2026-04-19 18:03:24.001 ,PASSED,traffic  NAC:0x8A1 LDU2 bch_err=0 raw=?
2026-04-19 18:03:24.005 ,CORRECTED,traffic  NAC:0x8A1 LDU1 bch_err=1 raw=0x7
2026-04-19 18:03:24.006 ,PASSED,traffic  NAC:0x8A1 LDU1 bch_err=0 raw=?
2026-04-19 18:03:24.010 ,CORRECTED,traffic  NAC:0x8A1 LDU2 bch_err=1 raw=0xA
2026-04-19 18:03:24.010 ,PASSED,traffic  NAC:0x8A1 LDU2 bch_err=0 raw=?
2026-04-19 18:03:24.014 ,CORRECTED,traffic  NAC:0x8A1 LDU1 bch_err=2 raw=0x5
2026-04-19 18:03:24.015 ,PASSED,traffic  NAC:0x8A1 LDU1 bch_err=0 raw=?
2026-04-19 18:03:24.017 ,PASSED,traffic  NAC:0x8A1 LDU2 bch_err=0 raw=0xA
2026-04-19 18:03:24.018 ,PASSED,traffic  NAC:0x8A1 LDU2 bch_err=0 raw=?
2026-04-19 18:03:24.020 ,PASSED,traffic  NAC:0x8A1 LDU1 bch_err=0 raw=0x5
2026-04-19 18:03:24.020 ,PASSED,traffic  NAC:0x8A1 LDU1 bch_err=0 raw=?
2026-04-19 18:03:24.023 ,PASSED,traffic  NAC:0x8A1 LDU2 bch_err=0 raw=0xA
2026-04-19 18:03:25.417 ,PASSED,control  NAC:0x8A1 TSDU bch_err=0 raw=0x7
2026-04-19 18:03:25.421 ,CORRECTED,control  NAC:0x8A1 TSDU bch_err=5 raw=0x7
2026-04-19 18:03:25.427 ,CORRECTED,control  NAC:0x8A1 TSDU bch_err=4 raw=0x7
2026-04-19 18:03:25.431 ,PASSED,control  NAC:0x8A1 TSDU bch_err=0 raw=0x7
2026-04-19 18:03:25.434 ,PASSED,control  NAC:0x8A1 TSDU bch_err=0 raw=0x7
2026-04-19 18:03:25.438 ,PASSED,control  NAC:0x8A1 TSDU bch_err=0 raw=0x7
2026-04-19 18:03:25.443 ,PASSED,control  NAC:0x8A1 TSDU bch_err=0 raw=0x7
2026-04-19 18:03:25.447 ,PASSED,control  NAC:0x8A1 TSDU bch_err=0 raw=0x7
2026-04-19 18:03:25.451 ,PASSED,control  NAC:0x8A1 TSDU bch_err=0 raw=0x7
2026-04-19 18:03:25.454 ,PASSED,control  NAC:0x8A1 TSDU bch_err=0 raw=0x7
2026-04-19 18:03:25.459 ,PASSED,control  NAC:0x8A1 TSDU bch_err=0 raw=0x7
2026-04-19 18:03:25.463 ,PASSED,control  NAC:0x8A1 TSDU bch_err=0 raw=0x7
2026-04-19 18:03:25.467 ,PASSED,control  NAC:0x8A1 TSDU bch_err=0 raw=0x7
2026-04-19 18:03:25.471 ,PASSED,control  NAC:0x8A1 TSDU bch_err=0 raw=0x7
2026-04-19 18:03:25.475 ,PASSED,control  NAC:0x8A1 TSDU bch_err=0 raw=0x7
2026-04-19 18:03:25.479 ,PASSED,control  NAC:0x8A1 TSDU bch_err=0 raw=0x7
2026-04-19 18:03:25.493 ,PASSED,control  NAC:0x8A1 TSDU bch_err=0 raw=0x7
2026-04-19 18:03:25.495 ,PASSED,control  NAC:0x8A1 TSDU bch_err=0 raw=0x7
2026-04-19 18:03:25.512 ,PASSED,control  NAC:0x8A1 TSDU bch_err=0 raw=0x7
2026-04-19 18:03:25.515 ,PASSED,control  NAC:0x8A1 TSDU bch_err=0 raw=0x7
2026-04-19 18:03:25.517 ,PASSED,control  NAC:0x8A1 TSDU bch_err=0 raw=0x7
2026-04-19 18:03:25.522 ,CORRECTED,control  NAC:0x8A1 TSDU bch_err=7 raw=0x7
2026-04-19 18:03:25.524 ,PASSED,control  NAC:0x8A1 TSDU bch_err=0 raw=0x7
2026-04-19 18:03:25.527 ,PASSED,control  NAC:0x8A1 TSDU bch_err=0 raw=0x7
2026-04-19 18:03:25.530 ,PASSED,control  NAC:0x8A1 TSDU bch_err=0 raw=0x7
2026-04-19 18:03:25.533 ,PASSED,control  NAC:0x8A1 TSDU bch_err=0 raw=0x7
2026-04-19 18:03:25.535 ,PASSED,control  NAC:0x8A1 TSDU bch_err=0 raw=0x7
2026-04-19 18:03:25.538 ,PASSED,control  NAC:0x8A1 TSDU bch_err=0 raw=0x7
2026-04-19 18:03:25.541 ,PASSED,control  NAC:0x8A1 TSDU bch_err=0 raw=0x7
2026-04-19 18:03:25.543 ,PASSED,control  NAC:0x8A1 TSDU bch_err=0 raw=0x7
2026-04-19 18:03:25.546 ,PASSED,control  NAC:0x8A1 TSDU bch_err=0 raw=0x7
2026-04-19 18:03:25.549 ,PASSED,control  NAC:0x8A1 TSDU bch_err=0 raw=0x7
2026-04-19 18:03:25.551 ,PASSED,control  NAC:0x8A1 TSDU bch_err=0 raw=0x7
2026-04-19 18:03:25.554 ,PASSED,control  NAC:0x8A1 TSDU bch_err=0 raw=0x7
2026-04-19 18:03:25.557 ,PASSED,control  NAC:0x8A1 TSDU bch_err=0 raw=0x7
2026-04-19 18:03:25.561 ,CORRECTED,control  NAC:0x8A1 TSDU bch_err=1 raw=0x6
2026-04-19 18:03:25.564 ,PASSED,control  NAC:0x8A1 TSDU bch_err=0 raw=0x7
2026-04-19 18:03:25.567 ,PASSED,control  NAC:0x8A1 TSDU bch_err=0 raw=0x7
2026-04-19 18:03:25.571 ,CORRECTED,control  NAC:0x8A1 TSDU bch_err=2 raw=0x7
2026-04-19 18:03:25.574 ,PASSED,control  NAC:0x8A1 TSDU bch_err=0 raw=0x7
2026-04-19 18:03:25.577 ,PASSED,control  NAC:0x8A1 TSDU bch_err=0 raw=0x7
2026-04-19 18:03:25.579 ,PASSED,control  NAC:0x8A1 TSDU bch_err=0 raw=0x7
2026-04-19 18:03:25.582 ,PASSED,control  NAC:0x8A1 TSDU bch_err=0 raw=0x7
2026-04-19 18:03:27.372 ,PASSED,traffic  NAC:0x8A1 LDU2 bch_err=0 raw=?
2026-04-19 18:03:27.375 ,PASSED,traffic  NAC:0x8A1 LDU1 bch_err=0 raw=0x5
2026-04-19 18:03:27.375 ,PASSED,traffic  NAC:0x8A1 LDU1 bch_err=0 raw=?
2026-04-19 18:03:27.379 ,PASSED,traffic  NAC:0x8A1 LDU2 bch_err=0 raw=0xA
2026-04-19 18:03:27.379 ,PASSED,traffic  NAC:0x8A1 LDU2 bch_err=0 raw=?
2026-04-19 18:03:27.382 ,PASSED,traffic  NAC:0x8A1 LDU1 bch_err=0 raw=0x5
2026-04-19 18:03:27.383 ,PASSED,traffic  NAC:0x8A1 LDU1 bch_err=0 raw=?
2026-04-19 18:03:27.386 ,PASSED,traffic  NAC:0x8A1 LDU2 bch_err=0 raw=0xA
2026-04-19 18:03:27.386 ,PASSED,traffic  NAC:0x8A1 LDU2 bch_err=0 raw=?
2026-04-19 18:03:27.389 ,PASSED,traffic  NAC:0x8A1 LDU1 bch_err=0 raw=0x5
2026-04-19 18:03:27.389 ,PASSED,traffic  NAC:0x8A1 LDU1 bch_err=0 raw=?
2026-04-19 18:03:27.394 ,CORRECTED,traffic  NAC:0x8A1 LDU2 bch_err=4 raw=0xA
2026-04-19 18:03:27.394 ,PASSED,traffic  NAC:0x8A1 LDU2 bch_err=0 raw=?
2026-04-19 18:03:27.399 ,CORRECTED,traffic  NAC:0x8A1 LDU1 bch_err=5 raw=0x5
2026-04-19 18:03:27.399 ,PASSED,traffic  NAC:0x8A1 LDU1 bch_err=0 raw=?
2026-04-19 18:03:27.403 ,PASSED,traffic  NAC:0x8A1 LDU2 bch_err=0 raw=0xA
2026-04-19 18:03:27.403 ,PASSED,traffic  NAC:0x8A1 LDU2 bch_err=0 raw=?
2026-04-19 18:03:27.406 ,PASSED,traffic  NAC:0x8A1 LDU1 bch_err=0 raw=0x5
2026-04-19 18:03:27.407 ,PASSED,traffic  NAC:0x8A1 LDU1 bch_err=0 raw=?
2026-04-19 18:03:27.410 ,PASSED,traffic  NAC:0x8A1 LDU2 bch_err=0 raw=0xA
2026-04-19 18:03:27.410 ,PASSED,traffic  NAC:0x8A1 LDU2 bch_err=0 raw=?
2026-04-19 18:03:27.413 ,PASSED,traffic  NAC:0x8A1 LDU1 bch_err=0 raw=0x5
2026-04-19 18:03:27.413 ,PASSED,traffic  NAC:0x8A1 LDU1 bch_err=0 raw=?
2026-04-19 18:03:27.417 ,PASSED,traffic  NAC:0x8A1 LDU2 bch_err=0 raw=0xA
2026-04-19 18:03:27.417 ,PASSED,traffic  NAC:0x8A1 LDU2 bch_err=0 raw=?
2026-04-19 18:03:27.420 ,PASSED,traffic  NAC:0x8A1 LDU1 bch_err=0 raw=0x5
2026-04-19 18:03:27.420 ,PASSED,traffic  NAC:0x8A1 LDU1 bch_err=0 raw=?
2026-04-19 18:03:27.425 ,CORRECTED,traffic  NAC:0x8A1 LDU2 bch_err=1 raw=0xA
2026-04-19 18:03:27.425 ,PASSED,traffic  NAC:0x8A1 LDU2 bch_err=0 raw=?
2026-04-19 18:03:27.430 ,PASSED,traffic  NAC:0x8A1 LDU1 bch_err=0 raw=0x5
2026-04-19 18:03:27.430 ,PASSED,traffic  NAC:0x8A1 LDU1 bch_err=0 raw=?
2026-04-19 18:03:27.434 ,PASSED,traffic  NAC:0x8A1 LDU2 bch_err=0 raw=0xA
2026-04-19 18:03:27.434 ,PASSED,traffic  NAC:0x8A1 LDU2 bch_err=0 raw=?
2026-04-19 18:03:27.437 ,PASSED,traffic  NAC:0x8A1 LDU1 bch_err=0 raw=0x5
2026-04-19 18:03:27.437 ,PASSED,traffic  NAC:0x8A1 LDU1 bch_err=0 raw=?
2026-04-19 18:03:27.440 ,PASSED,traffic  NAC:0x8A1 LDU2 bch_err=0 raw=0xA
2026-04-19 18:03:27.440 ,PASSED,traffic  NAC:0x8A1 LDU2 bch_err=0 raw=?
2026-04-19 18:03:27.443 ,PASSED,traffic  NAC:0x8A1 LDU1 bch_err=0 raw=0x5
2026-04-19 18:03:28.832 ,CORRECTED,control  NAC:0x8A1 TSDU bch_err=1 raw=0x7
2026-04-19 18:03:28.835 ,PASSED,control  NAC:0x8A1 TSDU bch_err=0 raw=0x7
2026-04-19 18:03:28.838 ,PASSED,control  NAC:0x8A1 TSDU bch_err=0 raw=0x7
2026-04-19 18:03:28.841 ,PASSED,control  NAC:0x8A1 TSDU bch_err=0 raw=0x7
2026-04-19 18:03:28.843 ,PASSED,control  NAC:0x8A1 TSDU bch_err=0 raw=0x7
2026-04-19 18:03:28.846 ,PASSED,control  NAC:0x8A1 TSDU bch_err=0 raw=0x7
2026-04-19 18:03:28.849 ,PASSED,control  NAC:0x8A1 TSDU bch_err=0 raw=0x7
2026-04-19 18:03:28.852 ,PASSED,control  NAC:0x8A1 TSDU bch_err=0 raw=0x7
2026-04-19 18:03:28.854 ,PASSED,control  NAC:0x8A1 TSDU bch_err=0 raw=0x7
2026-04-19 18:03:28.857 ,PASSED,control  NAC:0x8A1 TSDU bch_err=0 raw=0x7
2026-04-19 18:03:28.860 ,PASSED,control  NAC:0x8A1 TSDU bch_err=0 raw=0x7
2026-04-19 18:03:28.865 ,CORRECTED,control  NAC:0x8A1 TSDU bch_err=1 raw=0x3
2026-04-19 18:03:28.867 ,PASSED,control  NAC:0x8A1 TSDU bch_err=0 raw=0x7
2026-04-19 18:03:28.870 ,PASSED,control  NAC:0x8A1 TSDU bch_err=0 raw=0x7
2026-04-19 18:03:28.873 ,PASSED,control  NAC:0x8A1 TSDU bch_err=0 raw=0x7
2026-04-19 18:03:28.876 ,PASSED,control  NAC:0x8A1 TSDU bch_err=0 raw=0x7
2026-04-19 18:03:28.879 ,PASSED,control  NAC:0x8A1 TSDU bch_err=0 raw=0x7
2026-04-19 18:03:28.881 ,PASSED,control  NAC:0x8A1 TSDU bch_err=0 raw=0x7
2026-04-19 18:03:28.884 ,PASSED,control  NAC:0x8A1 TSDU bch_err=0 raw=0x7
2026-04-19 18:03:28.887 ,PASSED,control  NAC:0x8A1 TSDU bch_err=0 raw=0x7
2026-04-19 18:03:28.889 ,PASSED,control  NAC:0x8A1 TSDU bch_err=0 raw=0x7
2026-04-19 18:03:28.892 ,PASSED,control  NAC:0x8A1 TSDU bch_err=0 raw=0x7
2026-04-19 18:03:28.895 ,PASSED,control  NAC:0x8A1 TSDU bch_err=0 raw=0x7
2026-04-19 18:03:28.898 ,PASSED,control  NAC:0x8A1 TSDU bch_err=0 raw=0x7
2026-04-19 18:03:28.901 ,PASSED,control  NAC:0x8A1 TSDU bch_err=0 raw=0x7
2026-04-19 18:03:28.903 ,PASSED,control  NAC:0x8A1 TSDU bch_err=0 raw=0x7
2026-04-19 18:03:28.906 ,PASSED,control  NAC:0x8A1 TSDU bch_err=0 raw=0x7
2026-04-19 18:03:28.909 ,PASSED,control  NAC:0x8A1 TSDU bch_err=0 raw=0x7
2026-04-19 18:03:28.911 ,PASSED,control  NAC:0x8A1 TSDU bch_err=0 raw=0x7
2026-04-19 18:03:28.914 ,PASSED,control  NAC:0x8A1 TSDU bch_err=0 raw=0x7
2026-04-19 18:03:28.917 ,PASSED,control  NAC:0x8A1 TSDU bch_err=0 raw=0x7
2026-04-19 18:03:28.920 ,PASSED,control  NAC:0x8A1 TSDU bch_err=0 raw=0x7
2026-04-19 18:03:28.922 ,PASSED,control  NAC:0x8A1 TSDU bch_err=0 raw=0x7
2026-04-19 18:03:28.925 ,PASSED,control  NAC:0x8A1 TSDU bch_err=0 raw=0x7
2026-04-19 18:03:28.928 ,PASSED,control  NAC:0x8A1 TSDU bch_err=0 raw=0x7
2026-04-19 18:03:28.931 ,PASSED,control  NAC:0x8A1 TSDU bch_err=0 raw=0x7
2026-04-19 18:03:28.934 ,PASSED,control  NAC:0x8A1 TSDU bch_err=0 raw=0x7
2026-04-19 18:03:28.937 ,PASSED,control  NAC:0x8A1 TSDU bch_err=0 raw=0x7
2026-04-19 18:03:28.940 ,PASSED,control  NAC:0x8A1 TSDU bch_err=0 raw=0x7
2026-04-19 18:03:28.943 ,PASSED,control  NAC:0x8A1 TSDU bch_err=0 raw=0x7
2026-04-19 18:03:28.950 ,PASSED,control  NAC:0x8A1 TSDU bch_err=0 raw=0x7
2026-04-19 18:03:28.953 ,PASSED,control  NAC:0x8A1 TSDU bch_err=0 raw=0x7
2026-04-19 18:03:30.785 ,PASSED,traffic  NAC:0x8A1 LDU1 bch_err=0 raw=?
2026-04-19 18:03:30.788 ,PASSED,traffic  NAC:0x8A1 LDU2 bch_err=0 raw=0xA
2026-04-19 18:03:30.788 ,PASSED,traffic  NAC:0x8A1 LDU2 bch_err=0 raw=?
2026-04-19 18:03:30.792 ,PASSED,traffic  NAC:0x8A1 LDU1 bch_err=0 raw=0x5
2026-04-19 18:03:30.792 ,PASSED,traffic  NAC:0x8A1 LDU1 bch_err=0 raw=?
2026-04-19 18:03:30.795 ,PASSED,traffic  NAC:0x8A1 LDU2 bch_err=0 raw=0xA
2026-04-19 18:03:30.795 ,PASSED,traffic  NAC:0x8A1 LDU2 bch_err=0 raw=?
2026-04-19 18:03:30.799 ,PASSED,traffic  NAC:0x8A1 TDU_LC bch_err=0 raw=0xF
2026-04-19 18:03:30.799 ,PASSED,traffic  NAC:0x8A1 TDU_LC bch_err=0 raw=?
2026-04-19 18:03:30.803 ,PASSED,traffic  NAC:0x8A1 TDU_LC bch_err=0 raw=0xF
2026-04-19 18:03:30.803 ,PASSED,traffic  NAC:0x8A1 TDU_LC bch_err=0 raw=?
2026-04-19 18:03:30.807 ,PASSED,traffic  NAC:0x8A1 TDU_LC bch_err=0 raw=0xF
2026-04-19 18:03:30.809 ,PASSED,traffic  NAC:0x8A1 TDU_LC bch_err=0 raw=?
2026-04-19 18:03:30.812 ,PASSED,traffic  NAC:0x8A1 TDU_LC bch_err=0 raw=0xF
2026-04-19 18:03:30.812 ,PASSED,traffic  NAC:0x8A1 TDU_LC bch_err=0 raw=?
2026-04-19 18:03:30.815 ,PASSED,traffic  NAC:0x8A1 TDU_LC bch_err=0 raw=0xF
2026-04-19 18:03:30.815 ,PASSED,traffic  NAC:0x8A1 TDU_LC bch_err=0 raw=?
2026-04-19 18:03:30.818 ,PASSED,traffic  NAC:0x8A1 TDU_LC bch_err=0 raw=0xF
2026-04-19 18:03:30.818 ,PASSED,traffic  NAC:0x8A1 TDU_LC bch_err=0 raw=?
2026-04-19 18:03:30.821 ,PASSED,traffic  NAC:0x8A1 TDU_LC bch_err=0 raw=0xF
2026-04-19 18:03:30.821 ,PASSED,traffic  NAC:0x8A1 TDU_LC bch_err=0 raw=?
2026-04-19 18:03:30.826 ,PASSED,traffic  NAC:0x8A1 TDU_LC bch_err=0 raw=0xF
2026-04-19 18:03:30.826 ,PASSED,traffic  NAC:0x8A1 TDU_LC bch_err=0 raw=?
2026-04-19 18:03:30.829 ,PASSED,traffic  NAC:0x8A1 TDU_LC bch_err=0 raw=0xF
2026-04-19 18:03:30.829 ,PASSED,traffic  NAC:0x8A1 TDU_LC bch_err=0 raw=?
2026-04-19 18:03:30.832 ,PASSED,traffic  NAC:0x8A1 TDU_LC bch_err=0 raw=0xF
2026-04-19 18:03:30.832 ,PASSED,traffic  NAC:0x8A1 TDU_LC bch_err=0 raw=?
2026-04-19 18:03:30.837 ,CORRECTED,traffic  NAC:0x8A1 TDU_LC bch_err=1 raw=0xF
2026-04-19 18:03:30.837 ,PASSED,traffic  NAC:0x8A1 TDU_LC bch_err=0 raw=?
2026-04-19 18:03:30.841 ,PASSED,traffic  NAC:0x8A1 TDU_LC bch_err=0 raw=0xF
2026-04-19 18:03:30.841 ,PASSED,traffic  NAC:0x8A1 TDU_LC bch_err=0 raw=?
2026-04-19 18:03:30.845 ,PASSED,traffic  NAC:0x8A1 TDU_LC bch_err=0 raw=0xF
2026-04-19 18:03:30.845 ,PASSED,traffic  NAC:0x8A1 TDU_LC bch_err=0 raw=?
2026-04-19 18:03:30.848 ,PASSED,traffic  NAC:0x8A1 TDU_LC bch_err=0 raw=0xF
2026-04-19 18:03:30.848 ,PASSED,traffic  NAC:0x8A1 TDU_LC bch_err=0 raw=?
2026-04-19 18:03:30.851 ,PASSED,traffic  NAC:0x8A1 TDU_LC bch_err=0 raw=0xF
2026-04-19 18:03:30.852 ,PASSED,traffic  NAC:0x8A1 TDU_LC bch_err=0 raw=?
2026-04-19 18:03:30.854 ,PASSED,traffic  NAC:0x8A1 TDU_LC bch_err=0 raw=0xF
2026-04-19 18:03:30.855 ,PASSED,traffic  NAC:0x8A1 TDU_LC bch_err=0 raw=?
2026-04-19 18:03:30.857 ,PASSED,traffic  NAC:0x8A1 TDU_LC bch_err=0 raw=0xF
2026-04-19 18:03:30.858 ,PASSED,traffic  NAC:0x8A1 TDU_LC bch_err=0 raw=?
2026-04-19 18:03:30.862 ,PASSED,traffic  NAC:0x8A1 TDU_LC bch_err=0 raw=0xF
2026-04-19 18:03:30.862 ,PASSED,traffic  NAC:0x8A1 TDU_LC bch_err=0 raw=?
2026-04-19 18:03:30.865 ,PASSED,traffic  NAC:0x8A1 TDU_LC bch_err=0 raw=0xF
2026-04-19 18:03:30.866 ,PASSED,traffic  NAC:0x8A1 TDU_LC bch_err=0 raw=?
2026-04-19 18:03:30.869 ,PASSED,traffic  NAC:0x8A1 TDU_LC bch_err=0 raw=0xF
2026-04-19 18:03:30.869 ,PASSED,traffic  NAC:0x8A1 TDU_LC bch_err=0 raw=?
2026-04-19 18:03:30.872 ,PASSED,traffic  NAC:0x8A1 TDU_LC bch_err=0 raw=0xF
2026-04-19 18:03:30.872 ,PASSED,traffic  NAC:0x8A1 TDU_LC bch_err=0 raw=?
2026-04-19 18:03:30.875 ,PASSED,traffic  NAC:0x8A1 TDU_LC bch_err=0 raw=0xF
2026-04-19 18:03:30.875 ,PASSED,traffic  NAC:0x8A1 TDU_LC bch_err=0 raw=?
2026-04-19 18:03:30.880 ,PASSED,traffic  NAC:0x8A1 TDU_LC bch_err=0 raw=0xF
2026-04-19 18:03:30.880 ,PASSED,traffic  NAC:0x8A1 TDU_LC bch_err=0 raw=?
2026-04-19 18:03:30.885 ,CORRECTED,traffic  NAC:0x8A1 TDU bch_err=1 raw=0x3
2026-04-19 18:03:30.885 ,PASSED,traffic  NAC:0x8A1 TDU bch_err=0 raw=?
2026-04-19 18:03:30.887 ,PASSED,traffic  NAC:0x8A1 TDU_LC bch_err=0 raw=0xF
2026-04-19 18:03:30.888 ,PASSED,traffic  NAC:0x8A1 TDU_LC bch_err=0 raw=?
2026-04-19 18:03:30.891 ,PASSED,traffic  NAC:0x8A1 TDU_LC bch_err=0 raw=0xF
2026-04-19 18:03:30.891 ,PASSED,traffic  NAC:0x8A1 TDU_LC bch_err=0 raw=?
2026-04-19 18:03:30.895 ,PASSED,traffic  NAC:0x8A1 TDU_LC bch_err=0 raw=0xF
2026-04-19 18:03:30.895 ,PASSED,traffic  NAC:0x8A1 TDU_LC bch_err=0 raw=?
2026-04-19 18:03:30.899 ,PASSED,traffic  NAC:0x8A1 TDU_LC bch_err=0 raw=0xF
2026-04-19 18:03:30.899 ,PASSED,traffic  NAC:0x8A1 TDU_LC bch_err=0 raw=?
2026-04-19 18:03:30.902 ,PASSED,traffic  NAC:0x8A1 TDU_LC bch_err=0 raw=0xF
2026-04-19 18:03:30.902 ,PASSED,traffic  NAC:0x8A1 TDU_LC bch_err=0 raw=?
2026-04-19 18:03:30.904 ,PASSED,traffic  NAC:0x8A1 TDU_LC bch_err=0 raw=0xF
2026-04-19 18:03:30.905 ,PASSED,traffic  NAC:0x8A1 TDU_LC bch_err=0 raw=?
2026-04-19 18:03:30.907 ,PASSED,traffic  NAC:0x8A1 TDU_LC bch_err=0 raw=0xF
2026-04-19 18:03:30.907 ,PASSED,traffic  NAC:0x8A1 TDU_LC bch_err=0 raw=?
2026-04-19 18:03:30.910 ,PASSED,traffic  NAC:0x8A1 TDU_LC bch_err=0 raw=0xF
2026-04-19 18:03:30.910 ,PASSED,traffic  NAC:0x8A1 TDU_LC bch_err=0 raw=?
2026-04-19 18:03:30.913 ,PASSED,traffic  NAC:0x8A1 TDU_LC bch_err=0 raw=0xF
2026-04-19 18:03:30.913 ,PASSED,traffic  NAC:0x8A1 TDU_LC bch_err=0 raw=?
2026-04-19 18:03:30.916 ,PASSED,traffic  NAC:0x8A1 HDU bch_err=0 raw=0x0
2026-04-19 18:03:30.916 ,PASSED,traffic  NAC:0x8A1 HDU bch_err=0 raw=?
2026-04-19 18:03:30.919 ,PASSED,traffic  NAC:0x8A1 LDU1 bch_err=0 raw=0x5
2026-04-19 18:03:30.919 ,PASSED,traffic  NAC:0x8A1 LDU1 bch_err=0 raw=?
2026-04-19 18:03:30.922 ,PASSED,traffic  NAC:0x8A1 LDU2 bch_err=0 raw=0xA
2026-04-19 18:03:30.922 ,PASSED,traffic  NAC:0x8A1 LDU2 bch_err=0 raw=?
2026-04-19 18:03:30.925 ,PASSED,traffic  NAC:0x8A1 LDU1 bch_err=0 raw=0x5
2026-04-19 18:03:30.925 ,PASSED,traffic  NAC:0x8A1 LDU1 bch_err=0 raw=?
2026-04-19 18:03:30.927 ,PASSED,traffic  NAC:0x8A1 LDU2 bch_err=0 raw=0xA
2026-04-19 18:03:30.928 ,PASSED,traffic  NAC:0x8A1 LDU2 bch_err=0 raw=?
2026-04-19 18:03:30.931 ,PASSED,traffic  NAC:0x8A1 LDU1 bch_err=0 raw=0x5
2026-04-19 18:03:30.931 ,PASSED,traffic  NAC:0x8A1 LDU1 bch_err=0 raw=?
2026-04-19 18:03:30.934 ,PASSED,traffic  NAC:0x8A1 LDU2 bch_err=0 raw=0xA
2026-04-19 18:03:30.934 ,PASSED,traffic  NAC:0x8A1 LDU2 bch_err=0 raw=?
2026-04-19 18:03:30.939 ,CORRECTED,traffic  NAC:0x8A1 LDU1 bch_err=11 raw=0x3
2026-04-19 18:03:30.939 ,PASSED,traffic  NAC:0x8A1 LDU1 bch_err=0 raw=?
2026-04-19 18:03:30.943 ,PASSED,traffic  NAC:0x8A1 LDU2 bch_err=0 raw=0xA
2026-04-19 18:03:32.243 ,PASSED,control  NAC:0x8A1 TSDU bch_err=0 raw=0x7
2026-04-19 18:03:32.246 ,PASSED,control  NAC:0x8A1 TSDU bch_err=0 raw=0x7
2026-04-19 18:03:32.249 ,PASSED,control  NAC:0x8A1 TSDU bch_err=0 raw=0x7
2026-04-19 18:03:32.252 ,PASSED,control  NAC:0x8A1 TSDU bch_err=0 raw=0x7
2026-04-19 18:03:32.255 ,PASSED,control  NAC:0x8A1 TSDU bch_err=0 raw=0x7
2026-04-19 18:03:32.257 ,PASSED,control  NAC:0x8A1 TSDU bch_err=0 raw=0x7
2026-04-19 18:03:32.260 ,PASSED,control  NAC:0x8A1 TSDU bch_err=0 raw=0x7
2026-04-19 18:03:32.263 ,PASSED,control  NAC:0x8A1 TSDU bch_err=0 raw=0x7
2026-04-19 18:03:32.267 ,CORRECTED,control  NAC:0x8A1 TSDU bch_err=1 raw=0x7
2026-04-19 18:03:32.270 ,PASSED,control  NAC:0x8A1 TSDU bch_err=0 raw=0x7
2026-04-19 18:03:32.273 ,PASSED,control  NAC:0x8A1 TSDU bch_err=0 raw=0x7
2026-04-19 18:03:32.276 ,PASSED,control  NAC:0x8A1 TSDU bch_err=0 raw=0x7
2026-04-19 18:03:32.278 ,PASSED,control  NAC:0x8A1 TSDU bch_err=0 raw=0x7
2026-04-19 18:03:32.281 ,PASSED,control  NAC:0x8A1 TSDU bch_err=0 raw=0x7
2026-04-19 18:03:32.284 ,PASSED,control  NAC:0x8A1 TSDU bch_err=0 raw=0x7
2026-04-19 18:03:32.288 ,CORRECTED,control  NAC:0x8A1 TSDU bch_err=1 raw=0x7
2026-04-19 18:03:32.291 ,PASSED,control  NAC:0x8A1 TSDU bch_err=0 raw=0x7
2026-04-19 18:03:32.294 ,PASSED,control  NAC:0x8A1 TSDU bch_err=0 raw=0x7
2026-04-19 18:03:32.297 ,PASSED,control  NAC:0x8A1 TSDU bch_err=0 raw=0x7
2026-04-19 18:03:32.299 ,PASSED,control  NAC:0x8A1 TSDU bch_err=0 raw=0x7
2026-04-19 18:03:32.302 ,PASSED,control  NAC:0x8A1 TSDU bch_err=0 raw=0x7
2026-04-19 18:03:32.304 ,PASSED,control  NAC:0x8A1 TSDU bch_err=0 raw=0x7
2026-04-19 18:03:32.309 ,CORRECTED,control  NAC:0x8A1 TSDU bch_err=1 raw=0x7
2026-04-19 18:03:32.317 ,CORRECTED,control  NAC:0x8A1 TSDU bch_err=3 raw=0x3
2026-04-19 18:03:32.320 ,PASSED,control  NAC:0x8A1 TSDU bch_err=0 raw=0x7
2026-04-19 18:03:32.323 ,PASSED,control  NAC:0x8A1 TSDU bch_err=0 raw=0x7
2026-04-19 18:03:32.325 ,PASSED,control  NAC:0x8A1 TSDU bch_err=0 raw=0x7
2026-04-19 18:03:32.328 ,PASSED,control  NAC:0x8A1 TSDU bch_err=0 raw=0x7
2026-04-19 18:03:32.331 ,PASSED,control  NAC:0x8A1 TSDU bch_err=0 raw=0x7
2026-04-19 18:03:32.333 ,PASSED,control  NAC:0x8A1 TSDU bch_err=0 raw=0x7
2026-04-19 18:03:32.336 ,PASSED,control  NAC:0x8A1 TSDU bch_err=0 raw=0x7
2026-04-19 18:03:32.339 ,PASSED,control  NAC:0x8A1 TSDU bch_err=0 raw=0x7
2026-04-19 18:03:32.342 ,PASSED,control  NAC:0x8A1 TSDU bch_err=0 raw=0x7
2026-04-19 18:03:32.344 ,PASSED,control  NAC:0x8A1 TSDU bch_err=0 raw=0x7
2026-04-19 18:03:32.347 ,PASSED,control  NAC:0x8A1 TSDU bch_err=0 raw=0x7
2026-04-19 18:03:32.350 ,PASSED,control  NAC:0x8A1 TSDU bch_err=0 raw=0x7
2026-04-19 18:03:32.353 ,PASSED,control  NAC:0x8A1 TSDU bch_err=0 raw=0x7
2026-04-19 18:03:32.357 ,CORRECTED,control  NAC:0x8A1 TSDU bch_err=1 raw=0x7
2026-04-19 18:03:32.360 ,PASSED,control  NAC:0x8A1 TSDU bch_err=0 raw=0x7
2026-04-19 18:03:32.363 ,PASSED,control  NAC:0x8A1 TSDU bch_err=0 raw=0x7
2026-04-19 18:03:34.198 ,PASSED,traffic  NAC:0x8A1 LDU2 bch_err=0 raw=?
2026-04-19 18:03:34.201 ,PASSED,traffic  NAC:0x8A1 LDU1 bch_err=0 raw=0x5
2026-04-19 18:03:34.201 ,PASSED,traffic  NAC:0x8A1 LDU1 bch_err=0 raw=?
2026-04-19 18:03:34.203 ,PASSED,traffic  NAC:0x8A1 LDU2 bch_err=0 raw=0xA
2026-04-19 18:03:34.204 ,PASSED,traffic  NAC:0x8A1 LDU2 bch_err=0 raw=?
2026-04-19 18:03:34.206 ,PASSED,traffic  NAC:0x8A1 LDU1 bch_err=0 raw=0x5
2026-04-19 18:03:34.206 ,PASSED,traffic  NAC:0x8A1 LDU1 bch_err=0 raw=?
2026-04-19 18:03:34.209 ,PASSED,traffic  NAC:0x8A1 LDU2 bch_err=0 raw=0xA
2026-04-19 18:03:34.209 ,PASSED,traffic  NAC:0x8A1 LDU2 bch_err=0 raw=?
2026-04-19 18:03:34.213 ,CORRECTED,traffic  NAC:0x8A1 LDU1 bch_err=3 raw=0x5
2026-04-19 18:03:34.214 ,PASSED,traffic  NAC:0x8A1 LDU1 bch_err=0 raw=?
2026-04-19 18:03:34.216 ,PASSED,traffic  NAC:0x8A1 LDU2 bch_err=0 raw=0xA
2026-04-19 18:03:34.216 ,PASSED,traffic  NAC:0x8A1 LDU2 bch_err=0 raw=?
2026-04-19 18:03:34.219 ,PASSED,traffic  NAC:0x8A1 LDU1 bch_err=0 raw=0x5
2026-04-19 18:03:34.219 ,PASSED,traffic  NAC:0x8A1 LDU1 bch_err=0 raw=?
2026-04-19 18:03:34.221 ,PASSED,traffic  NAC:0x8A1 LDU2 bch_err=0 raw=0xA
2026-04-19 18:03:34.222 ,PASSED,traffic  NAC:0x8A1 LDU2 bch_err=0 raw=?
2026-04-19 18:03:34.224 ,PASSED,traffic  NAC:0x8A1 LDU1 bch_err=0 raw=0x5
2026-04-19 18:03:34.224 ,PASSED,traffic  NAC:0x8A1 LDU1 bch_err=0 raw=?
2026-04-19 18:03:34.227 ,PASSED,traffic  NAC:0x8A1 LDU2 bch_err=0 raw=0xA
2026-04-19 18:03:34.227 ,PASSED,traffic  NAC:0x8A1 LDU2 bch_err=0 raw=?
2026-04-19 18:03:34.229 ,PASSED,traffic  NAC:0x8A1 LDU1 bch_err=0 raw=0x5
2026-04-19 18:03:34.230 ,PASSED,traffic  NAC:0x8A1 LDU1 bch_err=0 raw=?
2026-04-19 18:03:34.232 ,PASSED,traffic  NAC:0x8A1 LDU2 bch_err=0 raw=0xA
2026-04-19 18:03:34.232 ,PASSED,traffic  NAC:0x8A1 LDU2 bch_err=0 raw=?
2026-04-19 18:03:34.235 ,PASSED,traffic  NAC:0x8A1 LDU1 bch_err=0 raw=0x5
2026-04-19 18:03:34.235 ,PASSED,traffic  NAC:0x8A1 LDU1 bch_err=0 raw=?
2026-04-19 18:03:34.237 ,PASSED,traffic  NAC:0x8A1 LDU2 bch_err=0 raw=0xA
2026-04-19 18:03:34.238 ,PASSED,traffic  NAC:0x8A1 LDU2 bch_err=0 raw=?
2026-04-19 18:03:34.240 ,PASSED,traffic  NAC:0x8A1 LDU1 bch_err=0 raw=0x5
2026-04-19 18:03:34.240 ,PASSED,traffic  NAC:0x8A1 LDU1 bch_err=0 raw=?
2026-04-19 18:03:34.243 ,PASSED,traffic  NAC:0x8A1 LDU2 bch_err=0 raw=0xA
2026-04-19 18:03:34.243 ,PASSED,traffic  NAC:0x8A1 LDU2 bch_err=0 raw=?
2026-04-19 18:03:34.245 ,PASSED,traffic  NAC:0x8A1 LDU1 bch_err=0 raw=0x5
2026-04-19 18:03:34.246 ,PASSED,traffic  NAC:0x8A1 LDU1 bch_err=0 raw=?
2026-04-19 18:03:34.248 ,PASSED,traffic  NAC:0x8A1 LDU2 bch_err=0 raw=0xA
2026-04-19 18:03:34.248 ,PASSED,traffic  NAC:0x8A1 LDU2 bch_err=0 raw=?
2026-04-19 18:03:34.250 ,PASSED,traffic  NAC:0x8A1 LDU1 bch_err=0 raw=0x5
2026-04-19 18:03:35.656 ,PASSED,control  NAC:0x8A1 TSDU bch_err=0 raw=0x7
2026-04-19 18:03:35.659 ,PASSED,control  NAC:0x8A1 TSDU bch_err=0 raw=0x7
2026-04-19 18:03:35.662 ,PASSED,control  NAC:0x8A1 TSDU bch_err=0 raw=0x7
2026-04-19 18:03:35.665 ,PASSED,control  NAC:0x8A1 TSDU bch_err=0 raw=0x7
2026-04-19 18:03:35.667 ,PASSED,control  NAC:0x8A1 TSDU bch_err=0 raw=0x7
2026-04-19 18:03:35.670 ,PASSED,control  NAC:0x8A1 TSDU bch_err=0 raw=0x7
2026-04-19 18:03:35.673 ,PASSED,control  NAC:0x8A1 TSDU bch_err=0 raw=0x7
2026-04-19 18:03:35.675 ,PASSED,control  NAC:0x8A1 TSDU bch_err=0 raw=0x7
2026-04-19 18:03:35.682 ,PASSED,control  NAC:0x8A1 TSDU bch_err=0 raw=0x7
2026-04-19 18:03:35.685 ,PASSED,control  NAC:0x8A1 TSDU bch_err=0 raw=0x7
2026-04-19 18:03:35.687 ,PASSED,control  NAC:0x8A1 TSDU bch_err=0 raw=0x7
2026-04-19 18:03:35.694 ,PASSED,control  NAC:0x8A1 TSDU bch_err=0 raw=0x7
2026-04-19 18:03:35.697 ,PASSED,control  NAC:0x8A1 TSDU bch_err=0 raw=0x7
2026-04-19 18:03:35.700 ,PASSED,control  NAC:0x8A1 TSDU bch_err=0 raw=0x7
2026-04-19 18:03:35.702 ,PASSED,control  NAC:0x8A1 TSDU bch_err=0 raw=0x7
2026-04-19 18:03:35.705 ,PASSED,control  NAC:0x8A1 TSDU bch_err=0 raw=0x7
2026-04-19 18:03:35.708 ,PASSED,control  NAC:0x8A1 TSDU bch_err=0 raw=0x7
2026-04-19 18:03:35.712 ,CORRECTED,control  NAC:0x8A1 TSDU bch_err=1 raw=0x7
2026-04-19 18:03:35.715 ,PASSED,control  NAC:0x8A1 TSDU bch_err=0 raw=0x7
2026-04-19 18:03:35.718 ,PASSED,control  NAC:0x8A1 TSDU bch_err=0 raw=0x7
2026-04-19 18:03:35.721 ,PASSED,control  NAC:0x8A1 TSDU bch_err=0 raw=0x7
2026-04-19 18:03:35.723 ,PASSED,control  NAC:0x8A1 TSDU bch_err=0 raw=0x7
2026-04-19 18:03:35.726 ,PASSED,control  NAC:0x8A1 TSDU bch_err=0 raw=0x7
2026-04-19 18:03:35.729 ,PASSED,control  NAC:0x8A1 TSDU bch_err=0 raw=0x7
2026-04-19 18:03:35.732 ,PASSED,control  NAC:0x8A1 TSDU bch_err=0 raw=0x7
2026-04-19 18:03:35.734 ,PASSED,control  NAC:0x8A1 TSDU bch_err=0 raw=0x7
2026-04-19 18:03:35.737 ,PASSED,control  NAC:0x8A1 TSDU bch_err=0 raw=0x7
2026-04-19 18:03:35.740 ,PASSED,control  NAC:0x8A1 TSDU bch_err=0 raw=0x7
2026-04-19 18:03:35.743 ,PASSED,control  NAC:0x8A1 TSDU bch_err=0 raw=0x7
2026-04-19 18:03:35.745 ,PASSED,control  NAC:0x8A1 TSDU bch_err=0 raw=0x7
2026-04-19 18:03:35.748 ,PASSED,control  NAC:0x8A1 TSDU bch_err=0 raw=0x7
2026-04-19 18:03:35.751 ,PASSED,control  NAC:0x8A1 TSDU bch_err=0 raw=0x7
2026-04-19 18:03:35.754 ,PASSED,control  NAC:0x8A1 TSDU bch_err=0 raw=0x7
2026-04-19 18:03:35.756 ,PASSED,control  NAC:0x8A1 TSDU bch_err=0 raw=0x7
2026-04-19 18:03:35.759 ,PASSED,control  NAC:0x8A1 TSDU bch_err=0 raw=0x7
2026-04-19 18:03:35.762 ,PASSED,control  NAC:0x8A1 TSDU bch_err=0 raw=0x7
2026-04-19 18:03:35.764 ,PASSED,control  NAC:0x8A1 TSDU bch_err=0 raw=0x7
2026-04-19 18:03:35.767 ,PASSED,control  NAC:0x8A1 TSDU bch_err=0 raw=0x7
2026-04-19 18:03:35.770 ,PASSED,control  NAC:0x8A1 TSDU bch_err=0 raw=0x7
2026-04-19 18:03:35.772 ,PASSED,control  NAC:0x8A1 TSDU bch_err=0 raw=0x7
2026-04-19 18:03:37.612 ,PASSED,traffic  NAC:0x8A1 LDU1 bch_err=0 raw=?
2026-04-19 18:03:37.615 ,PASSED,traffic  NAC:0x8A1 LDU2 bch_err=0 raw=0xA
2026-04-19 18:03:37.615 ,PASSED,traffic  NAC:0x8A1 LDU2 bch_err=0 raw=?
2026-04-19 18:03:37.617 ,PASSED,traffic  NAC:0x8A1 LDU1 bch_err=0 raw=0x5
2026-04-19 18:03:37.618 ,PASSED,traffic  NAC:0x8A1 LDU1 bch_err=0 raw=?
2026-04-19 18:03:37.622 ,PASSED,traffic  NAC:0x8A1 LDU2 bch_err=0 raw=0xA
2026-04-19 18:03:37.622 ,PASSED,traffic  NAC:0x8A1 LDU2 bch_err=0 raw=?
2026-04-19 18:03:37.625 ,PASSED,traffic  NAC:0x8A1 LDU1 bch_err=0 raw=0x5
2026-04-19 18:03:37.626 ,PASSED,traffic  NAC:0x8A1 LDU1 bch_err=0 raw=?
2026-04-19 18:03:37.629 ,PASSED,traffic  NAC:0x8A1 LDU2 bch_err=0 raw=0xA
2026-04-19 18:03:37.629 ,PASSED,traffic  NAC:0x8A1 LDU2 bch_err=0 raw=?
2026-04-19 18:03:37.635 ,CORRECTED,traffic  NAC:0x8A1 LDU1 bch_err=2 raw=0x7
2026-04-19 18:03:37.635 ,PASSED,traffic  NAC:0x8A1 LDU1 bch_err=0 raw=?
2026-04-19 18:03:37.638 ,PASSED,traffic  NAC:0x8A1 LDU2 bch_err=0 raw=0xA
2026-04-19 18:03:37.639 ,PASSED,traffic  NAC:0x8A1 LDU2 bch_err=0 raw=?
2026-04-19 18:03:37.641 ,PASSED,traffic  NAC:0x8A1 LDU1 bch_err=0 raw=0x5
2026-04-19 18:03:37.642 ,PASSED,traffic  NAC:0x8A1 LDU1 bch_err=0 raw=?
2026-04-19 18:03:37.645 ,PASSED,traffic  NAC:0x8A1 LDU2 bch_err=0 raw=0xA
2026-04-19 18:03:37.646 ,PASSED,traffic  NAC:0x8A1 LDU2 bch_err=0 raw=?
2026-04-19 18:03:37.648 ,PASSED,traffic  NAC:0x8A1 LDU1 bch_err=0 raw=0x5
2026-04-19 18:03:37.649 ,PASSED,traffic  NAC:0x8A1 LDU1 bch_err=0 raw=?
2026-04-19 18:03:37.652 ,PASSED,traffic  NAC:0x8A1 LDU2 bch_err=0 raw=0xA
2026-04-19 18:03:37.652 ,PASSED,traffic  NAC:0x8A1 LDU2 bch_err=0 raw=?
2026-04-19 18:03:37.661 ,PASSED,traffic  NAC:0x8A1 LDU1 bch_err=0 raw=0x5
2026-04-19 18:03:37.662 ,PASSED,traffic  NAC:0x8A1 LDU1 bch_err=0 raw=?
2026-04-19 18:03:37.665 ,PASSED,traffic  NAC:0x8A1 LDU2 bch_err=0 raw=0xA
2026-04-19 18:03:37.665 ,PASSED,traffic  NAC:0x8A1 LDU2 bch_err=0 raw=?
2026-04-19 18:03:37.667 ,PASSED,traffic  NAC:0x8A1 LDU1 bch_err=0 raw=0x5
2026-04-19 18:03:37.668 ,PASSED,traffic  NAC:0x8A1 LDU1 bch_err=0 raw=?
2026-04-19 18:03:37.670 ,PASSED,traffic  NAC:0x8A1 LDU2 bch_err=0 raw=0xA
2026-04-19 18:03:37.670 ,PASSED,traffic  NAC:0x8A1 LDU2 bch_err=0 raw=?
2026-04-19 18:03:37.673 ,PASSED,traffic  NAC:0x8A1 LDU1 bch_err=0 raw=0x5
2026-04-19 18:03:37.673 ,PASSED,traffic  NAC:0x8A1 LDU1 bch_err=0 raw=?
2026-04-19 18:03:37.678 ,CORRECTED,traffic  NAC:0x8A1 LDU2 bch_err=3 raw=0x2
2026-04-19 18:03:37.678 ,PASSED,traffic  NAC:0x8A1 LDU2 bch_err=0 raw=?
2026-04-19 18:03:37.680 ,PASSED,traffic  NAC:0x8A1 LDU1 bch_err=0 raw=0x5
2026-04-19 18:03:37.681 ,PASSED,traffic  NAC:0x8A1 LDU1 bch_err=0 raw=?
2026-04-19 18:03:37.683 ,PASSED,traffic  NAC:0x8A1 LDU2 bch_err=0 raw=0xA
2026-04-19 18:03:39.071 ,PASSED,control  NAC:0x8A1 TSDU bch_err=0 raw=0x7
2026-04-19 18:03:39.076 ,CORRECTED,control  NAC:0x8A1 TSDU bch_err=9 raw=0x6
2026-04-19 18:03:39.080 ,PASSED,control  NAC:0x8A1 TSDU bch_err=0 raw=0x7
2026-04-19 18:03:39.085 ,CORRECTED,control  NAC:0x8A1 TSDU bch_err=1 raw=0x7
2026-04-19 18:03:39.093 ,PASSED,control  NAC:0x8A1 TSDU bch_err=0 raw=0x7
2026-04-19 18:03:39.097 ,PASSED,control  NAC:0x8A1 TSDU bch_err=0 raw=0x7
2026-04-19 18:03:39.103 ,CORRECTED,control  NAC:0x8A1 TSDU bch_err=1 raw=0x7
2026-04-19 18:03:39.107 ,PASSED,control  NAC:0x8A1 TSDU bch_err=0 raw=0x7
2026-04-19 18:03:39.111 ,PASSED,control  NAC:0x8A1 TSDU bch_err=0 raw=0x7
2026-04-19 18:03:39.115 ,PASSED,control  NAC:0x8A1 TSDU bch_err=0 raw=0x7
2026-04-19 18:03:39.120 ,CORRECTED,control  NAC:0x8A1 TSDU bch_err=3 raw=0x7
2026-04-19 18:03:39.124 ,PASSED,control  NAC:0x8A1 TSDU bch_err=0 raw=0x7
2026-04-19 18:03:39.128 ,PASSED,control  NAC:0x8A1 TSDU bch_err=0 raw=0x7
2026-04-19 18:03:39.132 ,PASSED,control  NAC:0x8A1 TSDU bch_err=0 raw=0x7
2026-04-19 18:03:39.136 ,PASSED,control  NAC:0x8A1 TSDU bch_err=0 raw=0x7
2026-04-19 18:03:39.140 ,PASSED,control  NAC:0x8A1 TSDU bch_err=0 raw=0x7
2026-04-19 18:03:39.147 ,CORRECTED,control  NAC:0x8A1 TSDU bch_err=11 raw=0x7
2026-04-19 18:03:39.152 ,CORRECTED,control  NAC:0x8A1 TSDU bch_err=5 raw=0x7
2026-04-19 18:03:39.156 ,PASSED,control  NAC:0x8A1 TSDU bch_err=0 raw=0x7
2026-04-19 18:03:39.160 ,PASSED,control  NAC:0x8A1 TSDU bch_err=0 raw=0x7
2026-04-19 18:03:39.163 ,PASSED,control  NAC:0x8A1 TSDU bch_err=0 raw=0x7
2026-04-19 18:03:39.166 ,PASSED,control  NAC:0x8A1 TSDU bch_err=0 raw=0x7
2026-04-19 18:03:39.170 ,PASSED,control  NAC:0x8A1 TSDU bch_err=0 raw=0x7
2026-04-19 18:03:39.176 ,CORRECTED,control  NAC:0x8A1 TSDU bch_err=3 raw=0x3
2026-04-19 18:03:39.179 ,PASSED,control  NAC:0x8A1 TSDU bch_err=0 raw=0x7
2026-04-19 18:03:39.185 ,CORRECTED,control  NAC:0x8A1 TSDU bch_err=5 raw=0x3
2026-04-19 18:03:39.190 ,CORRECTED,control  NAC:0x8A1 TSDU bch_err=10 raw=0x1
2026-04-19 18:03:39.195 ,PASSED,control  NAC:0x8A1 TSDU bch_err=0 raw=0x7
2026-04-19 18:03:39.200 ,CORRECTED,control  NAC:0x8A1 TSDU bch_err=3 raw=0x2
2026-04-19 18:03:39.204 ,PASSED,control  NAC:0x8A1 TSDU bch_err=0 raw=0x7
2026-04-19 18:03:39.207 ,PASSED,control  NAC:0x8A1 TSDU bch_err=0 raw=0x7
2026-04-19 18:03:39.212 ,CORRECTED,control  NAC:0x8A1 TSDU bch_err=3 raw=0x7
2026-04-19 18:03:39.218 ,CORRECTED,control  NAC:0x8A1 TSDU bch_err=5 raw=0x7
2026-04-19 18:03:39.224 ,CORRECTED,control  NAC:0x8A1 TSDU bch_err=4 raw=0x6
2026-04-19 18:03:39.227 ,PASSED,control  NAC:0x8A1 TSDU bch_err=0 raw=0x7
2026-04-19 18:03:39.231 ,PASSED,control  NAC:0x8A1 TSDU bch_err=0 raw=0x7
2026-04-19 18:03:39.236 ,CORRECTED,control  NAC:0x8A1 TSDU bch_err=6 raw=0x7
2026-04-19 18:03:41.025 ,PASSED,traffic  NAC:0x8A1 LDU2 bch_err=0 raw=?
2026-04-19 18:03:41.027 ,PASSED,traffic  NAC:0x8A1 LDU1 bch_err=0 raw=0x5
2026-04-19 18:03:41.028 ,PASSED,traffic  NAC:0x8A1 LDU1 bch_err=0 raw=?
2026-04-19 18:03:41.032 ,CORRECTED,traffic  NAC:0x8A1 LDU2 bch_err=3 raw=0xA
2026-04-19 18:03:41.032 ,PASSED,traffic  NAC:0x8A1 LDU2 bch_err=0 raw=?
2026-04-19 18:03:41.035 ,PASSED,traffic  NAC:0x8A1 LDU1 bch_err=0 raw=0x5
2026-04-19 18:03:41.035 ,PASSED,traffic  NAC:0x8A1 LDU1 bch_err=0 raw=?
2026-04-19 18:03:41.037 ,PASSED,traffic  NAC:0x8A1 LDU2 bch_err=0 raw=0xA
2026-04-19 18:03:41.038 ,PASSED,traffic  NAC:0x8A1 LDU2 bch_err=0 raw=?
2026-04-19 18:03:41.042 ,CORRECTED,traffic  NAC:0x8A1 LDU1 bch_err=1 raw=0x5
2026-04-19 18:03:41.042 ,PASSED,traffic  NAC:0x8A1 LDU1 bch_err=0 raw=?
2026-04-19 18:03:41.045 ,PASSED,traffic  NAC:0x8A1 LDU2 bch_err=0 raw=0xA
2026-04-19 18:03:41.045 ,PASSED,traffic  NAC:0x8A1 LDU2 bch_err=0 raw=?
2026-04-19 18:03:41.047 ,PASSED,traffic  NAC:0x8A1 LDU1 bch_err=0 raw=0x5
2026-04-19 18:03:41.048 ,PASSED,traffic  NAC:0x8A1 LDU1 bch_err=0 raw=?
2026-04-19 18:03:41.050 ,PASSED,traffic  NAC:0x8A1 LDU2 bch_err=0 raw=0xA
2026-04-19 18:03:41.050 ,PASSED,traffic  NAC:0x8A1 LDU2 bch_err=0 raw=?
2026-04-19 18:03:41.053 ,PASSED,traffic  NAC:0x8A1 LDU1 bch_err=0 raw=0x5
2026-04-19 18:03:41.053 ,PASSED,traffic  NAC:0x8A1 LDU1 bch_err=0 raw=?
2026-04-19 18:03:41.055 ,PASSED,traffic  NAC:0x8A1 LDU2 bch_err=0 raw=0xA
2026-04-19 18:03:41.056 ,PASSED,traffic  NAC:0x8A1 LDU2 bch_err=0 raw=?
2026-04-19 18:03:41.058 ,PASSED,traffic  NAC:0x8A1 LDU1 bch_err=0 raw=0x5
2026-04-19 18:03:41.058 ,PASSED,traffic  NAC:0x8A1 LDU1 bch_err=0 raw=?
2026-04-19 18:03:41.061 ,PASSED,traffic  NAC:0x8A1 LDU2 bch_err=0 raw=0xA
2026-04-19 18:03:41.061 ,PASSED,traffic  NAC:0x8A1 LDU2 bch_err=0 raw=?
2026-04-19 18:03:41.065 ,CORRECTED,traffic  NAC:0x8A1 LDU1 bch_err=2 raw=0x7
2026-04-19 18:03:41.066 ,PASSED,traffic  NAC:0x8A1 LDU1 bch_err=0 raw=?
2026-04-19 18:03:41.069 ,PASSED,traffic  NAC:0x8A1 LDU2 bch_err=0 raw=0xA
2026-04-19 18:03:41.069 ,PASSED,traffic  NAC:0x8A1 LDU2 bch_err=0 raw=?
2026-04-19 18:03:41.074 ,CORRECTED,traffic  NAC:0x8A1 LDU1 bch_err=1 raw=0x5
2026-04-19 18:03:41.075 ,PASSED,traffic  NAC:0x8A1 LDU1 bch_err=0 raw=?
2026-04-19 18:03:41.079 ,CORRECTED,traffic  NAC:0x8A1 LDU2 bch_err=9 raw=0x8
2026-04-19 18:03:41.079 ,PASSED,traffic  NAC:0x8A1 LDU2 bch_err=0 raw=?
2026-04-19 18:03:41.082 ,PASSED,traffic  NAC:0x8A1 LDU1 bch_err=0 raw=0x5
2026-04-19 18:03:41.082 ,PASSED,traffic  NAC:0x8A1 LDU1 bch_err=0 raw=?
2026-04-19 18:03:41.085 ,PASSED,traffic  NAC:0x8A1 LDU2 bch_err=0 raw=0xA
2026-04-19 18:03:41.085 ,PASSED,traffic  NAC:0x8A1 LDU2 bch_err=0 raw=?
2026-04-19 18:03:41.087 ,PASSED,traffic  NAC:0x8A1 LDU1 bch_err=0 raw=0x5
2026-04-19 18:03:42.483 ,PASSED,control  NAC:0x8A1 TSDU bch_err=0 raw=0x7
2026-04-19 18:03:42.488 ,PASSED,control  NAC:0x8A1 TSDU bch_err=0 raw=0x7
2026-04-19 18:03:42.491 ,PASSED,control  NAC:0x8A1 TSDU bch_err=0 raw=0x7
2026-04-19 18:03:42.497 ,CORRECTED,control  NAC:0x8A1 TSDU bch_err=9 raw=0x7
2026-04-19 18:03:42.501 ,PASSED,control  NAC:0x8A1 TSDU bch_err=0 raw=0x7
2026-04-19 18:03:42.505 ,PASSED,control  NAC:0x8A1 TSDU bch_err=0 raw=0x7
2026-04-19 18:03:42.509 ,PASSED,control  NAC:0x8A1 TSDU bch_err=0 raw=0x7
2026-04-19 18:03:42.515 ,CORRECTED,control  NAC:0x8A1 TSDU bch_err=4 raw=0x6
2026-04-19 18:03:42.518 ,PASSED,control  NAC:0x8A1 TSDU bch_err=0 raw=0x7
2026-04-19 18:03:42.521 ,PASSED,control  NAC:0x8A1 TSDU bch_err=0 raw=0x7
2026-04-19 18:03:42.525 ,PASSED,control  NAC:0x8A1 TSDU bch_err=0 raw=0x7
2026-04-19 18:03:42.528 ,PASSED,control  NAC:0x8A1 TSDU bch_err=0 raw=0x7
2026-04-19 18:03:42.532 ,PASSED,control  NAC:0x8A1 TSDU bch_err=0 raw=0x7
2026-04-19 18:03:42.535 ,PASSED,control  NAC:0x8A1 TSDU bch_err=0 raw=0x7
2026-04-19 18:03:42.539 ,PASSED,control  NAC:0x8A1 TSDU bch_err=0 raw=0x7
2026-04-19 18:03:42.543 ,PASSED,control  NAC:0x8A1 TSDU bch_err=0 raw=0x7
2026-04-19 18:03:42.549 ,CORRECTED,control  NAC:0x8A1 TSDU bch_err=4 raw=0x7
2026-04-19 18:03:42.552 ,PASSED,control  NAC:0x8A1 TSDU bch_err=0 raw=0x7
2026-04-19 18:03:42.554 ,PASSED,control  NAC:0x8A1 TSDU bch_err=0 raw=0x7
2026-04-19 18:03:42.558 ,PASSED,control  NAC:0x8A1 TSDU bch_err=0 raw=0x7
2026-04-19 18:03:42.563 ,PASSED,control  NAC:0x8A1 TSDU bch_err=0 raw=0x7
2026-04-19 18:03:42.566 ,PASSED,control  NAC:0x8A1 TSDU bch_err=0 raw=0x7
2026-04-19 18:03:42.571 ,CORRECTED,control  NAC:0x8A1 TSDU bch_err=2 raw=0x7
2026-04-19 18:03:42.575 ,PASSED,control  NAC:0x8A1 TSDU bch_err=0 raw=0x7
2026-04-19 18:03:42.580 ,PASSED,control  NAC:0x8A1 TSDU bch_err=0 raw=0x7
2026-04-19 18:03:42.586 ,CORRECTED,control  NAC:0x8A1 TSDU bch_err=10 raw=0x2
2026-04-19 18:03:42.593 ,PASSED,control  NAC:0x8A1 TSDU bch_err=0 raw=0x7
2026-04-19 18:03:42.598 ,PASSED,control  NAC:0x8A1 TSDU bch_err=0 raw=0x7
2026-04-19 18:03:42.604 ,PASSED,control  NAC:0x8A1 TSDU bch_err=0 raw=0x7
2026-04-19 18:03:42.609 ,PASSED,control  NAC:0x8A1 TSDU bch_err=0 raw=0x7
2026-04-19 18:03:42.616 ,PASSED,control  NAC:0x8A1 TSDU bch_err=0 raw=0x7
2026-04-19 18:03:42.619 ,PASSED,control  NAC:0x8A1 TSDU bch_err=0 raw=0x7
2026-04-19 18:03:42.627 ,PASSED,control  NAC:0x8A1 TSDU bch_err=0 raw=0x7
2026-04-19 18:03:42.631 ,PASSED,control  NAC:0x8A1 TSDU bch_err=0 raw=0x7
2026-04-19 18:03:42.636 ,PASSED,control  NAC:0x8A1 TSDU bch_err=0 raw=0x7
2026-04-19 18:03:42.638 ,PASSED,control  NAC:0x8A1 TSDU bch_err=0 raw=0x7
2026-04-19 18:03:42.643 ,PASSED,control  NAC:0x8A1 TSDU bch_err=0 raw=0x7
2026-04-19 18:03:42.647 ,PASSED,control  NAC:0x8A1 TSDU bch_err=0 raw=0x7
2026-04-19 18:03:42.652 ,CORRECTED,control  NAC:0x8A1 TSDU bch_err=2 raw=0x3
2026-04-19 18:03:42.656 ,PASSED,control  NAC:0x8A1 TSDU bch_err=0 raw=0x7
2026-04-19 18:03:42.660 ,PASSED,control  NAC:0x8A1 TSDU bch_err=0 raw=0x7
2026-04-19 18:03:42.664 ,PASSED,control  NAC:0x8A1 TSDU bch_err=0 raw=0x7
2026-04-19 18:03:42.668 ,PASSED,control  NAC:0x8A1 TSDU bch_err=0 raw=0x7
2026-04-19 18:03:42.672 ,PASSED,control  NAC:0x8A1 TSDU bch_err=0 raw=0x7
2026-04-19 18:03:42.676 ,PASSED,control  NAC:0x8A1 TSDU bch_err=0 raw=0x7
2026-04-19 18:03:44.438 ,PASSED,traffic  NAC:0x8A1 LDU1 bch_err=0 raw=?
2026-04-19 18:03:44.441 ,PASSED,traffic  NAC:0x8A1 LDU2 bch_err=0 raw=0xA
2026-04-19 18:03:44.441 ,PASSED,traffic  NAC:0x8A1 LDU2 bch_err=0 raw=?
2026-04-19 18:03:44.445 ,CORRECTED,traffic  NAC:0x8A1 LDU1 bch_err=1 raw=0x5
2026-04-19 18:03:44.446 ,PASSED,traffic  NAC:0x8A1 LDU1 bch_err=0 raw=?
2026-04-19 18:03:44.448 ,PASSED,traffic  NAC:0x8A1 LDU2 bch_err=0 raw=0xA
2026-04-19 18:03:44.448 ,PASSED,traffic  NAC:0x8A1 LDU2 bch_err=0 raw=?
2026-04-19 18:03:44.451 ,PASSED,traffic  NAC:0x8A1 LDU1 bch_err=0 raw=0x5
2026-04-19 18:03:44.451 ,PASSED,traffic  NAC:0x8A1 LDU1 bch_err=0 raw=?
2026-04-19 18:03:44.453 ,PASSED,traffic  NAC:0x8A1 LDU2 bch_err=0 raw=0xA
2026-04-19 18:03:44.454 ,PASSED,traffic  NAC:0x8A1 LDU2 bch_err=0 raw=?
2026-04-19 18:03:44.458 ,CORRECTED,traffic  NAC:0x8A1 LDU1 bch_err=11 raw=0x5
2026-04-19 18:03:44.458 ,PASSED,traffic  NAC:0x8A1 LDU1 bch_err=0 raw=?
2026-04-19 18:03:44.461 ,PASSED,traffic  NAC:0x8A1 LDU1 bch_err=0 raw=0x5
2026-04-19 18:03:44.461 ,PASSED,traffic  NAC:0x8A1 LDU1 bch_err=0 raw=?
2026-04-19 18:03:44.463 ,PASSED,traffic  NAC:0x8A1 LDU2 bch_err=0 raw=0xA
2026-04-19 18:03:44.464 ,PASSED,traffic  NAC:0x8A1 LDU2 bch_err=0 raw=?
2026-04-19 18:03:44.466 ,PASSED,traffic  NAC:0x8A1 LDU1 bch_err=0 raw=0x5
2026-04-19 18:03:44.466 ,PASSED,traffic  NAC:0x8A1 LDU1 bch_err=0 raw=?
2026-04-19 18:03:44.469 ,PASSED,traffic  NAC:0x8A1 LDU2 bch_err=0 raw=0xA
2026-04-19 18:03:44.469 ,PASSED,traffic  NAC:0x8A1 LDU2 bch_err=0 raw=?
2026-04-19 18:03:44.471 ,PASSED,traffic  NAC:0x8A1 LDU1 bch_err=0 raw=0x5
2026-04-19 18:03:44.472 ,PASSED,traffic  NAC:0x8A1 LDU1 bch_err=0 raw=?
2026-04-19 18:03:44.474 ,PASSED,traffic  NAC:0x8A1 LDU2 bch_err=0 raw=0xA
2026-04-19 18:03:44.474 ,PASSED,traffic  NAC:0x8A1 LDU2 bch_err=0 raw=?
2026-04-19 18:03:44.477 ,PASSED,traffic  NAC:0x8A1 LDU1 bch_err=0 raw=0x5
2026-04-19 18:03:44.477 ,PASSED,traffic  NAC:0x8A1 LDU1 bch_err=0 raw=?
2026-04-19 18:03:44.479 ,PASSED,traffic  NAC:0x8A1 LDU2 bch_err=0 raw=0xA
2026-04-19 18:03:44.480 ,PASSED,traffic  NAC:0x8A1 LDU2 bch_err=0 raw=?
2026-04-19 18:03:44.482 ,PASSED,traffic  NAC:0x8A1 LDU1 bch_err=0 raw=0x5
2026-04-19 18:03:44.482 ,PASSED,traffic  NAC:0x8A1 LDU1 bch_err=0 raw=?
2026-04-19 18:03:44.485 ,PASSED,traffic  NAC:0x8A1 LDU2 bch_err=0 raw=0xA
2026-04-19 18:03:44.485 ,PASSED,traffic  NAC:0x8A1 LDU2 bch_err=0 raw=?
2026-04-19 18:03:44.488 ,PASSED,traffic  NAC:0x8A1 LDU1 bch_err=0 raw=0x5
2026-04-19 18:03:44.488 ,PASSED,traffic  NAC:0x8A1 LDU1 bch_err=0 raw=?
2026-04-19 18:03:44.490 ,PASSED,traffic  NAC:0x8A1 LDU2 bch_err=0 raw=0xA
2026-04-19 18:03:45.897 ,PASSED,control  NAC:0x8A1 TSDU bch_err=0 raw=0x7
2026-04-19 18:03:45.900 ,PASSED,control  NAC:0x8A1 TSDU bch_err=0 raw=0x7
2026-04-19 18:03:45.904 ,PASSED,control  NAC:0x8A1 TSDU bch_err=0 raw=0x7
2026-04-19 18:03:45.909 ,PASSED,control  NAC:0x8A1 TSDU bch_err=0 raw=0x7
2026-04-19 18:03:45.913 ,PASSED,control  NAC:0x8A1 TSDU bch_err=0 raw=0x7
2026-04-19 18:03:45.916 ,PASSED,control  NAC:0x8A1 TSDU bch_err=0 raw=0x7
2026-04-19 18:03:45.921 ,PASSED,control  NAC:0x8A1 TSDU bch_err=0 raw=0x7
2026-04-19 18:03:45.924 ,PASSED,control  NAC:0x8A1 TSDU bch_err=0 raw=0x7
2026-04-19 18:03:45.927 ,PASSED,control  NAC:0x8A1 TSDU bch_err=0 raw=0x7
2026-04-19 18:03:45.932 ,CORRECTED,control  NAC:0x8A1 TSDU bch_err=10 raw=0x7
2026-04-19 18:03:45.936 ,PASSED,control  NAC:0x8A1 TSDU bch_err=0 raw=0x7
2026-04-19 18:03:45.939 ,PASSED,control  NAC:0x8A1 TSDU bch_err=0 raw=0x7
2026-04-19 18:03:45.943 ,PASSED,control  NAC:0x8A1 TSDU bch_err=0 raw=0x7
2026-04-19 18:03:45.948 ,CORRECTED,control  NAC:0x8A1 TSDU bch_err=1 raw=0x7
2026-04-19 18:03:45.956 ,PASSED,control  NAC:0x8A1 TSDU bch_err=0 raw=0x7
2026-04-19 18:03:45.959 ,PASSED,control  NAC:0x8A1 TSDU bch_err=0 raw=0x7
2026-04-19 18:03:45.966 ,CORRECTED,control  NAC:0x8A1 TSDU bch_err=2 raw=0x7
2026-04-19 18:03:45.972 ,PASSED,control  NAC:0x8A1 TSDU bch_err=0 raw=0x7
2026-04-19 18:03:45.975 ,PASSED,control  NAC:0x8A1 TSDU bch_err=0 raw=0x7
2026-04-19 18:03:45.978 ,PASSED,control  NAC:0x8A1 TSDU bch_err=0 raw=0x7
2026-04-19 18:03:45.987 ,PASSED,control  NAC:0x8A1 TSDU bch_err=0 raw=0x7
2026-04-19 18:03:45.992 ,PASSED,control  NAC:0x8A1 TSDU bch_err=0 raw=0x7
2026-04-19 18:03:45.996 ,PASSED,control  NAC:0x8A1 TSDU bch_err=0 raw=0x7
2026-04-19 18:03:46.002 ,PASSED,control  NAC:0x8A1 TSDU bch_err=0 raw=0x7
2026-04-19 18:03:46.006 ,PASSED,control  NAC:0x8A1 TSDU bch_err=0 raw=0x7
2026-04-19 18:03:46.010 ,PASSED,control  NAC:0x8A1 TSDU bch_err=0 raw=0x7
2026-04-19 18:03:46.013 ,PASSED,control  NAC:0x8A1 TSDU bch_err=0 raw=0x7
2026-04-19 18:03:46.017 ,PASSED,control  NAC:0x8A1 TSDU bch_err=0 raw=0x7
2026-04-19 18:03:46.021 ,PASSED,control  NAC:0x8A1 TSDU bch_err=0 raw=0x7
2026-04-19 18:03:46.025 ,PASSED,control  NAC:0x8A1 TSDU bch_err=0 raw=0x7
2026-04-19 18:03:46.031 ,CORRECTED,control  NAC:0x8A1 TSDU bch_err=2 raw=0x7
2026-04-19 18:03:46.035 ,PASSED,control  NAC:0x8A1 TSDU bch_err=0 raw=0x7
2026-04-19 18:03:46.038 ,PASSED,control  NAC:0x8A1 TSDU bch_err=0 raw=0x7
2026-04-19 18:03:46.042 ,PASSED,control  NAC:0x8A1 TSDU bch_err=0 raw=0x7
2026-04-19 18:03:46.047 ,CORRECTED,control  NAC:0x8A1 TSDU bch_err=1 raw=0x3
2026-04-19 18:03:46.050 ,PASSED,control  NAC:0x8A1 TSDU bch_err=0 raw=0x7
2026-04-19 18:03:46.054 ,PASSED,control  NAC:0x8A1 TSDU bch_err=0 raw=0x7
2026-04-19 18:03:46.058 ,PASSED,control  NAC:0x8A1 TSDU bch_err=0 raw=0x7
2026-04-19 18:03:46.062 ,PASSED,control  NAC:0x8A1 TSDU bch_err=0 raw=0x7
2026-04-19 18:03:46.066 ,PASSED,control  NAC:0x8A1 TSDU bch_err=0 raw=0x7
2026-04-19 18:03:46.071 ,PASSED,control  NAC:0x8A1 TSDU bch_err=0 raw=0x7
2026-04-19 18:03:46.074 ,PASSED,control  NAC:0x8A1 TSDU bch_err=0 raw=0x7
2026-04-19 18:03:46.078 ,PASSED,control  NAC:0x8A1 TSDU bch_err=0 raw=0x7
2026-04-19 18:03:47.852 ,PASSED,traffic  NAC:0x8A1 LDU2 bch_err=0 raw=?
2026-04-19 18:03:47.854 ,PASSED,traffic  NAC:0x8A1 LDU1 bch_err=0 raw=0x5
2026-04-19 18:03:47.854 ,PASSED,traffic  NAC:0x8A1 LDU1 bch_err=0 raw=?
2026-04-19 18:03:47.857 ,PASSED,traffic  NAC:0x8A1 LDU2 bch_err=0 raw=0xA
2026-04-19 18:03:47.857 ,PASSED,traffic  NAC:0x8A1 LDU2 bch_err=0 raw=?
2026-04-19 18:03:47.861 ,CORRECTED,traffic  NAC:0x8A1 LDU1 bch_err=1 raw=0x5
2026-04-19 18:03:47.862 ,PASSED,traffic  NAC:0x8A1 LDU1 bch_err=0 raw=?
2026-04-19 18:03:47.864 ,PASSED,traffic  NAC:0x8A1 LDU2 bch_err=0 raw=0xA
2026-04-19 18:03:47.864 ,PASSED,traffic  NAC:0x8A1 LDU2 bch_err=0 raw=?
2026-04-19 18:03:47.867 ,PASSED,traffic  NAC:0x8A1 LDU1 bch_err=0 raw=0x5
2026-04-19 18:03:47.867 ,PASSED,traffic  NAC:0x8A1 LDU1 bch_err=0 raw=?
2026-04-19 18:03:47.869 ,PASSED,traffic  NAC:0x8A1 LDU2 bch_err=0 raw=0xA
2026-04-19 18:03:47.870 ,PASSED,traffic  NAC:0x8A1 LDU2 bch_err=0 raw=?
2026-04-19 18:03:47.872 ,PASSED,traffic  NAC:0x8A1 LDU1 bch_err=0 raw=0x5
2026-04-19 18:03:47.872 ,PASSED,traffic  NAC:0x8A1 LDU1 bch_err=0 raw=?
2026-04-19 18:03:47.875 ,PASSED,traffic  NAC:0x8A1 LDU2 bch_err=0 raw=0xA
2026-04-19 18:03:47.875 ,PASSED,traffic  NAC:0x8A1 LDU2 bch_err=0 raw=?
2026-04-19 18:03:47.877 ,PASSED,traffic  NAC:0x8A1 LDU1 bch_err=0 raw=0x5
2026-04-19 18:03:47.878 ,PASSED,traffic  NAC:0x8A1 LDU1 bch_err=0 raw=?
2026-04-19 18:03:47.882 ,CORRECTED,traffic  NAC:0x8A1 LDU2 bch_err=2 raw=0xA
2026-04-19 18:03:47.882 ,PASSED,traffic  NAC:0x8A1 LDU2 bch_err=0 raw=?
2026-04-19 18:03:47.889 ,PASSED,traffic  NAC:0x8A1 LDU1 bch_err=0 raw=0x5
2026-04-19 18:03:47.889 ,PASSED,traffic  NAC:0x8A1 LDU1 bch_err=0 raw=?
2026-04-19 18:03:47.892 ,PASSED,traffic  NAC:0x8A1 LDU2 bch_err=0 raw=0xA
2026-04-19 18:03:47.892 ,PASSED,traffic  NAC:0x8A1 LDU2 bch_err=0 raw=?
2026-04-19 18:03:47.894 ,PASSED,traffic  NAC:0x8A1 LDU1 bch_err=0 raw=0x5
2026-04-19 18:03:47.895 ,PASSED,traffic  NAC:0x8A1 LDU1 bch_err=0 raw=?
2026-04-19 18:03:47.897 ,PASSED,traffic  NAC:0x8A1 LDU2 bch_err=0 raw=0xA
2026-04-19 18:03:47.898 ,PASSED,traffic  NAC:0x8A1 LDU2 bch_err=0 raw=?
2026-04-19 18:03:47.902 ,CORRECTED,traffic  NAC:0x8A1 LDU1 bch_err=1 raw=0x5
2026-04-19 18:03:47.902 ,PASSED,traffic  NAC:0x8A1 LDU1 bch_err=0 raw=?
2026-04-19 18:03:47.905 ,PASSED,traffic  NAC:0x8A1 LDU2 bch_err=0 raw=0xA
2026-04-19 18:03:47.905 ,PASSED,traffic  NAC:0x8A1 LDU2 bch_err=0 raw=?
2026-04-19 18:03:47.907 ,PASSED,traffic  NAC:0x8A1 LDU1 bch_err=0 raw=0x5
2026-04-19 18:03:49.309 ,PASSED,control  NAC:0x8A1 TSDU bch_err=0 raw=0x7
2026-04-19 18:03:49.312 ,PASSED,control  NAC:0x8A1 TSDU bch_err=0 raw=0x7
2026-04-19 18:03:49.315 ,PASSED,control  NAC:0x8A1 TSDU bch_err=0 raw=0x7
2026-04-19 18:03:49.319 ,CORRECTED,control  NAC:0x8A1 TSDU bch_err=2 raw=0x7
2026-04-19 18:03:49.322 ,PASSED,control  NAC:0x8A1 TSDU bch_err=0 raw=0x7
2026-04-19 18:03:49.326 ,CORRECTED,control  NAC:0x8A1 TSDU bch_err=7 raw=0x3
2026-04-19 18:03:49.329 ,PASSED,control  NAC:0x8A1 TSDU bch_err=0 raw=0x7
2026-04-19 18:03:49.334 ,CORRECTED,control  NAC:0x8A1 TSDU bch_err=1 raw=0x7
2026-04-19 18:03:49.337 ,PASSED,control  NAC:0x8A1 TSDU bch_err=0 raw=0x7
2026-04-19 18:03:49.340 ,PASSED,control  NAC:0x8A1 TSDU bch_err=0 raw=0x7
2026-04-19 18:03:49.345 ,PASSED,control  NAC:0x8A1 TSDU bch_err=0 raw=0x7
2026-04-19 18:03:49.348 ,PASSED,control  NAC:0x8A1 TSDU bch_err=0 raw=0x7
2026-04-19 18:03:49.351 ,PASSED,control  NAC:0x8A1 TSDU bch_err=0 raw=0x7
2026-04-19 18:03:49.355 ,PASSED,control  NAC:0x8A1 TSDU bch_err=0 raw=0x7
2026-04-19 18:03:49.361 ,CORRECTED,control  NAC:0x8A1 TSDU bch_err=2 raw=0x3
2026-04-19 18:03:49.367 ,CORRECTED,control  NAC:0x8A1 TSDU bch_err=1 raw=0x6
2026-04-19 18:03:49.371 ,PASSED,control  NAC:0x8A1 TSDU bch_err=0 raw=0x7
2026-04-19 18:03:49.376 ,CORRECTED,control  NAC:0x8A1 TSDU bch_err=1 raw=0x3
2026-04-19 18:03:49.380 ,PASSED,control  NAC:0x8A1 TSDU bch_err=0 raw=0x7
2026-04-19 18:03:49.384 ,PASSED,control  NAC:0x8A1 TSDU bch_err=0 raw=0x7
2026-04-19 18:03:49.390 ,CORRECTED,control  NAC:0x8A1 TSDU bch_err=3 raw=0x3
2026-04-19 18:03:49.392 ,PASSED,control  NAC:0x8A1 TSDU bch_err=0 raw=0x7
2026-04-19 18:03:49.397 ,PASSED,control  NAC:0x8A1 TSDU bch_err=0 raw=0x7
2026-04-19 18:03:49.404 ,PASSED,control  NAC:0x8A1 TSDU bch_err=0 raw=0x7
2026-04-19 18:03:49.409 ,CORRECTED,control  NAC:0x8A1 TSDU bch_err=7 raw=0xB
2026-04-19 18:03:49.413 ,PASSED,control  NAC:0x8A1 TSDU bch_err=0 raw=0x7
2026-04-19 18:03:49.416 ,PASSED,control  NAC:0x8A1 TSDU bch_err=0 raw=0x7
2026-04-19 18:03:49.420 ,PASSED,control  NAC:0x8A1 TSDU bch_err=0 raw=0x7
2026-04-19 18:03:49.423 ,PASSED,control  NAC:0x8A1 TSDU bch_err=0 raw=0x7
2026-04-19 18:03:49.425 ,PASSED,control  NAC:0x8A1 TSDU bch_err=0 raw=0x7
2026-04-19 18:03:49.428 ,PASSED,control  NAC:0x8A1 TSDU bch_err=0 raw=0x7
2026-04-19 18:03:49.431 ,PASSED,control  NAC:0x8A1 TSDU bch_err=0 raw=0x7
2026-04-19 18:03:49.435 ,CORRECTED,control  NAC:0x8A1 TSDU bch_err=2 raw=0x7
2026-04-19 18:03:49.438 ,PASSED,control  NAC:0x8A1 TSDU bch_err=0 raw=0x7
2026-04-19 18:03:49.441 ,PASSED,control  NAC:0x8A1 TSDU bch_err=0 raw=0x7
2026-04-19 18:03:49.444 ,PASSED,control  NAC:0x8A1 TSDU bch_err=0 raw=0x7
2026-04-19 18:03:49.446 ,PASSED,control  NAC:0x8A1 TSDU bch_err=0 raw=0x7
2026-04-19 18:03:49.449 ,PASSED,control  NAC:0x8A1 TSDU bch_err=0 raw=0x7
2026-04-19 18:03:49.452 ,PASSED,control  NAC:0x8A1 TSDU bch_err=0 raw=0x7
2026-04-19 18:03:49.454 ,PASSED,control  NAC:0x8A1 TSDU bch_err=0 raw=0x7
2026-04-19 18:03:49.457 ,PASSED,control  NAC:0x8A1 TSDU bch_err=0 raw=0x7
2026-04-19 18:03:51.265 ,PASSED,traffic  NAC:0x8A1 LDU1 bch_err=0 raw=?
2026-04-19 18:03:51.268 ,PASSED,traffic  NAC:0x8A1 LDU2 bch_err=0 raw=0xA
2026-04-19 18:03:51.268 ,PASSED,traffic  NAC:0x8A1 LDU2 bch_err=0 raw=?
2026-04-19 18:03:51.274 ,CORRECTED,traffic  NAC:0x8A1 TDU_LC bch_err=1 raw=0xF
2026-04-19 18:03:51.274 ,PASSED,traffic  NAC:0x8A1 TDU_LC bch_err=0 raw=?
2026-04-19 18:03:51.279 ,PASSED,traffic  NAC:0x8A1 TDU_LC bch_err=0 raw=0xF
2026-04-19 18:03:51.279 ,PASSED,traffic  NAC:0x8A1 TDU_LC bch_err=0 raw=?
2026-04-19 18:03:51.283 ,PASSED,traffic  NAC:0x8A1 TDU_LC bch_err=0 raw=0xF
2026-04-19 18:03:51.283 ,PASSED,traffic  NAC:0x8A1 TDU_LC bch_err=0 raw=?
2026-04-19 18:03:51.286 ,PASSED,traffic  NAC:0x8A1 TDU_LC bch_err=0 raw=0xF
2026-04-19 18:03:51.286 ,PASSED,traffic  NAC:0x8A1 TDU_LC bch_err=0 raw=?
2026-04-19 18:03:51.291 ,PASSED,traffic  NAC:0x8A1 TDU_LC bch_err=0 raw=0xF
2026-04-19 18:03:51.291 ,PASSED,traffic  NAC:0x8A1 TDU_LC bch_err=0 raw=?
2026-04-19 18:03:51.294 ,PASSED,traffic  NAC:0x8A1 TDU_LC bch_err=0 raw=0xF
2026-04-19 18:03:51.294 ,PASSED,traffic  NAC:0x8A1 TDU_LC bch_err=0 raw=?
2026-04-19 18:03:51.299 ,CORRECTED,traffic  NAC:0x8A1 TDU_LC bch_err=1 raw=0xF
2026-04-19 18:03:51.299 ,PASSED,traffic  NAC:0x8A1 TDU_LC bch_err=0 raw=?
2026-04-19 18:03:51.303 ,PASSED,traffic  NAC:0x8A1 TDU_LC bch_err=0 raw=0xF
2026-04-19 18:03:51.303 ,PASSED,traffic  NAC:0x8A1 TDU_LC bch_err=0 raw=?
2026-04-19 18:03:51.309 ,CORRECTED,traffic  NAC:0x8A1 TDU_LC bch_err=4 raw=0xF
2026-04-19 18:03:51.309 ,PASSED,traffic  NAC:0x8A1 TDU_LC bch_err=0 raw=?
2026-04-19 18:03:51.313 ,PASSED,traffic  NAC:0x8A1 TDU_LC bch_err=0 raw=0xF
2026-04-19 18:03:51.313 ,PASSED,traffic  NAC:0x8A1 TDU_LC bch_err=0 raw=?
2026-04-19 18:03:51.318 ,PASSED,traffic  NAC:0x8A1 TDU_LC bch_err=0 raw=0xF
2026-04-19 18:03:51.318 ,PASSED,traffic  NAC:0x8A1 TDU_LC bch_err=0 raw=?
2026-04-19 18:03:51.321 ,PASSED,traffic  NAC:0x8A1 TDU_LC bch_err=0 raw=0xF
2026-04-19 18:03:51.321 ,PASSED,traffic  NAC:0x8A1 TDU_LC bch_err=0 raw=?
2026-04-19 18:03:51.324 ,PASSED,traffic  NAC:0x8A1 TDU_LC bch_err=0 raw=0xF
2026-04-19 18:03:51.324 ,PASSED,traffic  NAC:0x8A1 TDU_LC bch_err=0 raw=?
2026-04-19 18:03:51.327 ,PASSED,traffic  NAC:0x8A1 TDU_LC bch_err=0 raw=0xF
2026-04-19 18:03:51.328 ,PASSED,traffic  NAC:0x8A1 TDU_LC bch_err=0 raw=?
2026-04-19 18:03:51.333 ,PASSED,traffic  NAC:0x8A1 TDU_LC bch_err=0 raw=0xF
2026-04-19 18:03:51.333 ,PASSED,traffic  NAC:0x8A1 TDU_LC bch_err=0 raw=?
2026-04-19 18:03:51.336 ,PASSED,traffic  NAC:0x8A1 TDU_LC bch_err=0 raw=0xF
2026-04-19 18:03:51.336 ,PASSED,traffic  NAC:0x8A1 TDU_LC bch_err=0 raw=?
2026-04-19 18:03:51.341 ,CORRECTED,traffic  NAC:0x8A1 TDU_LC bch_err=4 raw=0xF
2026-04-19 18:03:51.343 ,PASSED,traffic  NAC:0x8A1 TDU_LC bch_err=0 raw=?
2026-04-19 18:03:51.346 ,PASSED,traffic  NAC:0x8A1 TDU_LC bch_err=0 raw=0xF
2026-04-19 18:03:51.347 ,PASSED,traffic  NAC:0x8A1 TDU_LC bch_err=0 raw=?
2026-04-19 18:03:51.349 ,PASSED,traffic  NAC:0x8A1 TDU_LC bch_err=0 raw=0xF
2026-04-19 18:03:51.350 ,PASSED,traffic  NAC:0x8A1 TDU_LC bch_err=0 raw=?
2026-04-19 18:03:51.353 ,PASSED,traffic  NAC:0x8A1 TDU bch_err=0 raw=0x3
2026-04-19 18:03:51.353 ,PASSED,traffic  NAC:0x8A1 TDU bch_err=0 raw=?
2026-04-19 18:03:51.356 ,PASSED,traffic  NAC:0x8A1 TDU_LC bch_err=0 raw=0xF
2026-04-19 18:03:51.357 ,PASSED,traffic  NAC:0x8A1 TDU_LC bch_err=0 raw=?
2026-04-19 18:03:51.363 ,CORRECTED,traffic  NAC:0x8A1 TDU_LC bch_err=9 raw=0xD
2026-04-19 18:03:51.364 ,PASSED,traffic  NAC:0x8A1 TDU_LC bch_err=0 raw=?
2026-04-19 18:03:51.367 ,PASSED,traffic  NAC:0x8A1 TDU_LC bch_err=0 raw=0xF
2026-04-19 18:03:51.367 ,PASSED,traffic  NAC:0x8A1 TDU_LC bch_err=0 raw=?
2026-04-19 18:03:51.371 ,PASSED,traffic  NAC:0x8A1 TDU_LC bch_err=0 raw=0xF
2026-04-19 18:03:51.372 ,PASSED,traffic  NAC:0x8A1 TDU_LC bch_err=0 raw=?
2026-04-19 18:03:51.376 ,CORRECTED,traffic  NAC:0x8A1 TDU_LC bch_err=2 raw=0xF
2026-04-19 18:03:51.377 ,PASSED,traffic  NAC:0x8A1 TDU_LC bch_err=0 raw=?
2026-04-19 18:03:51.380 ,PASSED,traffic  NAC:0x8A1 TDU_LC bch_err=0 raw=0xF
2026-04-19 18:03:51.380 ,PASSED,traffic  NAC:0x8A1 TDU_LC bch_err=0 raw=?
2026-04-19 18:03:51.384 ,PASSED,traffic  NAC:0x8A1 TDU_LC bch_err=0 raw=0xF
2026-04-19 18:03:51.384 ,PASSED,traffic  NAC:0x8A1 TDU_LC bch_err=0 raw=?
2026-04-19 18:03:51.390 ,CORRECTED,traffic  NAC:0x8A1 TDU_LC bch_err=1 raw=0xF
2026-04-19 18:03:51.391 ,PASSED,traffic  NAC:0x8A1 TDU_LC bch_err=0 raw=?
2026-04-19 18:03:51.394 ,PASSED,traffic  NAC:0x8A1 HDU bch_err=0 raw=0x0
2026-04-19 18:03:51.394 ,PASSED,traffic  NAC:0x8A1 HDU bch_err=0 raw=?
2026-04-19 18:03:51.399 ,PASSED,traffic  NAC:0x8A1 LDU1 bch_err=0 raw=0x5
2026-04-19 18:03:51.400 ,PASSED,traffic  NAC:0x8A1 LDU1 bch_err=0 raw=?
2026-04-19 18:03:51.402 ,PASSED,traffic  NAC:0x8A1 LDU2 bch_err=0 raw=0xA
2026-04-19 18:03:51.403 ,PASSED,traffic  NAC:0x8A1 LDU2 bch_err=0 raw=?
2026-04-19 18:03:51.407 ,CORRECTED,traffic  NAC:0x8A1 LDU1 bch_err=1 raw=0x5
2026-04-19 18:03:51.409 ,PASSED,traffic  NAC:0x8A1 LDU1 bch_err=0 raw=?
2026-04-19 18:03:51.413 ,PASSED,traffic  NAC:0x8A1 LDU2 bch_err=0 raw=0xA
2026-04-19 18:03:51.414 ,PASSED,traffic  NAC:0x8A1 LDU2 bch_err=0 raw=?
2026-04-19 18:03:51.416 ,PASSED,traffic  NAC:0x8A1 LDU1 bch_err=0 raw=0x5
2026-04-19 18:03:51.417 ,PASSED,traffic  NAC:0x8A1 LDU1 bch_err=0 raw=?
2026-04-19 18:03:51.420 ,PASSED,traffic  NAC:0x8A1 LDU2 bch_err=0 raw=0xA
2026-04-19 18:03:51.421 ,PASSED,traffic  NAC:0x8A1 LDU2 bch_err=0 raw=?
2026-04-19 18:03:51.425 ,CORRECTED,traffic  NAC:0x8A1 LDU1 bch_err=2 raw=0x7
2026-04-19 18:03:51.426 ,PASSED,traffic  NAC:0x8A1 LDU1 bch_err=0 raw=?
2026-04-19 18:03:51.429 ,PASSED,traffic  NAC:0x8A1 LDU2 bch_err=0 raw=0xA
2026-04-19 18:03:51.430 ,PASSED,traffic  NAC:0x8A1 LDU2 bch_err=0 raw=?
2026-04-19 18:03:51.433 ,PASSED,traffic  NAC:0x8A1 LDU1 bch_err=0 raw=0x5
2026-04-19 18:03:51.433 ,PASSED,traffic  NAC:0x8A1 LDU1 bch_err=0 raw=?
2026-04-19 18:03:51.437 ,PASSED,traffic  NAC:0x8A1 LDU2 bch_err=0 raw=0xA
2026-04-19 18:03:52.723 ,PASSED,control  NAC:0x8A1 TSDU bch_err=0 raw=0x7
2026-04-19 18:03:52.728 ,CORRECTED,control  NAC:0x8A1 TSDU bch_err=1 raw=0x3
2026-04-19 18:03:52.731 ,PASSED,control  NAC:0x8A1 TSDU bch_err=0 raw=0x7
2026-04-19 18:03:52.734 ,PASSED,control  NAC:0x8A1 TSDU bch_err=0 raw=0x7
2026-04-19 18:03:52.736 ,PASSED,control  NAC:0x8A1 TSDU bch_err=0 raw=0x7
2026-04-19 18:03:52.739 ,PASSED,control  NAC:0x8A1 TSDU bch_err=0 raw=0x7
2026-04-19 18:03:52.742 ,PASSED,control  NAC:0x8A1 TSDU bch_err=0 raw=0x7
2026-04-19 18:03:52.745 ,PASSED,control  NAC:0x8A1 TSDU bch_err=0 raw=0x7
2026-04-19 18:03:52.747 ,PASSED,control  NAC:0x8A1 TSDU bch_err=0 raw=0x7
2026-04-19 18:03:52.750 ,PASSED,control  NAC:0x8A1 TSDU bch_err=0 raw=0x7
2026-04-19 18:03:52.753 ,PASSED,control  NAC:0x8A1 TSDU bch_err=0 raw=0x7
2026-04-19 18:03:52.755 ,PASSED,control  NAC:0x8A1 TSDU bch_err=0 raw=0x7
2026-04-19 18:03:52.758 ,PASSED,control  NAC:0x8A1 TSDU bch_err=0 raw=0x7
2026-04-19 18:03:52.763 ,CORRECTED,control  NAC:0x8A1 TSDU bch_err=3 raw=0x7
2026-04-19 18:03:52.766 ,PASSED,control  NAC:0x8A1 TSDU bch_err=0 raw=0x7
2026-04-19 18:03:52.768 ,PASSED,control  NAC:0x8A1 TSDU bch_err=0 raw=0x7
2026-04-19 18:03:52.771 ,PASSED,control  NAC:0x8A1 TSDU bch_err=0 raw=0x7
2026-04-19 18:03:52.774 ,PASSED,control  NAC:0x8A1 TSDU bch_err=0 raw=0x7
2026-04-19 18:03:52.777 ,PASSED,control  NAC:0x8A1 TSDU bch_err=0 raw=0x7
2026-04-19 18:03:52.781 ,CORRECTED,control  NAC:0x8A1 TSDU bch_err=1 raw=0x7
2026-04-19 18:03:52.784 ,PASSED,control  NAC:0x8A1 TSDU bch_err=0 raw=0x7
2026-04-19 18:03:52.787 ,PASSED,control  NAC:0x8A1 TSDU bch_err=0 raw=0x7
2026-04-19 18:03:52.789 ,PASSED,control  NAC:0x8A1 TSDU bch_err=0 raw=0x7
2026-04-19 18:03:52.792 ,PASSED,control  NAC:0x8A1 TSDU bch_err=0 raw=0x7
2026-04-19 18:03:52.795 ,PASSED,control  NAC:0x8A1 TSDU bch_err=0 raw=0x7
2026-04-19 18:03:52.797 ,PASSED,control  NAC:0x8A1 TSDU bch_err=0 raw=0x7
2026-04-19 18:03:52.800 ,PASSED,control  NAC:0x8A1 TSDU bch_err=0 raw=0x7
2026-04-19 18:03:52.803 ,PASSED,control  NAC:0x8A1 TSDU bch_err=0 raw=0x7
2026-04-19 18:03:52.806 ,PASSED,control  NAC:0x8A1 TSDU bch_err=0 raw=0x7
2026-04-19 18:03:52.808 ,PASSED,control  NAC:0x8A1 TSDU bch_err=0 raw=0x7
2026-04-19 18:03:52.811 ,PASSED,control  NAC:0x8A1 TSDU bch_err=0 raw=0x7
2026-04-19 18:03:52.816 ,CORRECTED,control  NAC:0x8A1 TSDU bch_err=8 raw=0x6
2026-04-19 18:03:52.819 ,PASSED,control  NAC:0x8A1 TSDU bch_err=0 raw=0x7
2026-04-19 18:03:52.821 ,PASSED,control  NAC:0x8A1 TSDU bch_err=0 raw=0x7
2026-04-19 18:03:52.824 ,PASSED,control  NAC:0x8A1 TSDU bch_err=0 raw=0x7
2026-04-19 18:03:52.829 ,CORRECTED,control  NAC:0x8A1 TSDU bch_err=1 raw=0x7
2026-04-19 18:03:52.831 ,PASSED,control  NAC:0x8A1 TSDU bch_err=0 raw=0x7
2026-04-19 18:03:52.834 ,PASSED,control  NAC:0x8A1 TSDU bch_err=0 raw=0x7
2026-04-19 18:03:52.837 ,PASSED,control  NAC:0x8A1 TSDU bch_err=0 raw=0x7
2026-04-19 18:03:52.840 ,PASSED,control  NAC:0x8A1 TSDU bch_err=0 raw=0x7
2026-04-19 18:03:52.842 ,PASSED,control  NAC:0x8A1 TSDU bch_err=0 raw=0x7
2026-04-19 18:03:54.678 ,PASSED,traffic  NAC:0x8A1 LDU2 bch_err=0 raw=?
2026-04-19 18:03:54.681 ,PASSED,traffic  NAC:0x8A1 LDU1 bch_err=0 raw=0x5
2026-04-19 18:03:54.682 ,PASSED,traffic  NAC:0x8A1 LDU1 bch_err=0 raw=?
2026-04-19 18:03:54.685 ,PASSED,traffic  NAC:0x8A1 LDU2 bch_err=0 raw=0xA
2026-04-19 18:03:54.686 ,PASSED,traffic  NAC:0x8A1 LDU2 bch_err=0 raw=?
2026-04-19 18:03:54.688 ,PASSED,traffic  NAC:0x8A1 LDU1 bch_err=0 raw=0x5
2026-04-19 18:03:54.689 ,PASSED,traffic  NAC:0x8A1 LDU1 bch_err=0 raw=?
2026-04-19 18:03:54.692 ,PASSED,traffic  NAC:0x8A1 LDU2 bch_err=0 raw=0xA
2026-04-19 18:03:54.694 ,PASSED,traffic  NAC:0x8A1 LDU2 bch_err=0 raw=?
2026-04-19 18:03:54.697 ,PASSED,traffic  NAC:0x8A1 LDU1 bch_err=0 raw=0x5
2026-04-19 18:03:54.698 ,PASSED,traffic  NAC:0x8A1 LDU1 bch_err=0 raw=?
2026-04-19 18:03:54.701 ,PASSED,traffic  NAC:0x8A1 TDU_LC bch_err=0 raw=0xF
2026-04-19 18:03:54.701 ,PASSED,traffic  NAC:0x8A1 TDU_LC bch_err=0 raw=?
2026-04-19 18:03:54.706 ,PASSED,traffic  NAC:0x8A1 TDU_LC bch_err=0 raw=0xF
2026-04-19 18:03:54.707 ,PASSED,traffic  NAC:0x8A1 TDU_LC bch_err=0 raw=?
2026-04-19 18:03:54.711 ,CORRECTED,traffic  NAC:0x8A1 TDU_LC bch_err=1 raw=0xF
2026-04-19 18:03:54.712 ,PASSED,traffic  NAC:0x8A1 TDU_LC bch_err=0 raw=?
2026-04-19 18:03:54.714 ,PASSED,traffic  NAC:0x8A1 TDU_LC bch_err=0 raw=0xF
2026-04-19 18:03:54.715 ,PASSED,traffic  NAC:0x8A1 TDU_LC bch_err=0 raw=?
2026-04-19 18:03:54.718 ,PASSED,traffic  NAC:0x8A1 TDU_LC bch_err=0 raw=0xF
2026-04-19 18:03:54.719 ,PASSED,traffic  NAC:0x8A1 TDU_LC bch_err=0 raw=?
2026-04-19 18:03:54.725 ,CORRECTED,traffic  NAC:0x8A1 TDU_LC bch_err=1 raw=0xF
2026-04-19 18:03:54.726 ,PASSED,traffic  NAC:0x8A1 TDU_LC bch_err=0 raw=?
2026-04-19 18:03:54.732 ,CORRECTED,traffic  NAC:0x8A1 TDU_LC bch_err=3 raw=0xF
2026-04-19 18:03:54.732 ,PASSED,traffic  NAC:0x8A1 TDU_LC bch_err=0 raw=?
2026-04-19 18:03:54.735 ,PASSED,traffic  NAC:0x8A1 TDU_LC bch_err=0 raw=0xF
2026-04-19 18:03:54.736 ,PASSED,traffic  NAC:0x8A1 TDU_LC bch_err=0 raw=?
2026-04-19 18:03:54.739 ,PASSED,traffic  NAC:0x8A1 TDU_LC bch_err=0 raw=0xF
2026-04-19 18:03:54.739 ,PASSED,traffic  NAC:0x8A1 TDU_LC bch_err=0 raw=?
2026-04-19 18:03:54.745 ,CORRECTED,traffic  NAC:0x8A1 TDU_LC bch_err=4 raw=0x8
2026-04-19 18:03:54.745 ,PASSED,traffic  NAC:0x8A1 TDU_LC bch_err=0 raw=?
2026-04-19 18:03:54.751 ,CORRECTED,traffic  NAC:0x8A1 TDU_LC bch_err=1 raw=0xF
2026-04-19 18:03:54.752 ,PASSED,traffic  NAC:0x8A1 TDU_LC bch_err=0 raw=?
2026-04-19 18:03:54.755 ,PASSED,traffic  NAC:0x8A1 TDU_LC bch_err=0 raw=0xF
2026-04-19 18:03:54.755 ,PASSED,traffic  NAC:0x8A1 TDU_LC bch_err=0 raw=?
2026-04-19 18:03:54.760 ,PASSED,traffic  NAC:0x8A1 TDU_LC bch_err=0 raw=0xF
2026-04-19 18:03:54.760 ,PASSED,traffic  NAC:0x8A1 TDU_LC bch_err=0 raw=?
2026-04-19 18:03:54.763 ,PASSED,traffic  NAC:0x8A1 TDU_LC bch_err=0 raw=0xF
2026-04-19 18:03:54.763 ,PASSED,traffic  NAC:0x8A1 TDU_LC bch_err=0 raw=?
2026-04-19 18:03:54.766 ,PASSED,traffic  NAC:0x8A1 TDU_LC bch_err=0 raw=0xF
2026-04-19 18:03:54.766 ,PASSED,traffic  NAC:0x8A1 TDU_LC bch_err=0 raw=?
2026-04-19 18:03:54.769 ,PASSED,traffic  NAC:0x8A1 TDU_LC bch_err=0 raw=0xF
2026-04-19 18:03:54.771 ,PASSED,traffic  NAC:0x8A1 TDU_LC bch_err=0 raw=?
2026-04-19 18:03:54.777 ,CORRECTED,traffic  NAC:0x8A1 TDU_LC bch_err=1 raw=0xF
2026-04-19 18:03:54.778 ,PASSED,traffic  NAC:0x8A1 TDU_LC bch_err=0 raw=?
2026-04-19 18:03:54.783 ,CORRECTED,traffic  NAC:0x8A1 TDU_LC bch_err=3 raw=0xF
2026-04-19 18:03:54.783 ,PASSED,traffic  NAC:0x8A1 TDU_LC bch_err=0 raw=?
2026-04-19 18:03:54.788 ,PASSED,traffic  NAC:0x8A1 TDU_LC bch_err=0 raw=0xF
2026-04-19 18:03:54.788 ,PASSED,traffic  NAC:0x8A1 TDU_LC bch_err=0 raw=?
2026-04-19 18:03:54.791 ,PASSED,traffic  NAC:0x8A1 TDU_LC bch_err=0 raw=0xF
2026-04-19 18:03:54.791 ,PASSED,traffic  NAC:0x8A1 TDU_LC bch_err=0 raw=?
2026-04-19 18:03:54.796 ,CORRECTED,traffic  NAC:0x8A1 TDU_LC bch_err=1 raw=0xF
2026-04-19 18:03:54.796 ,PASSED,traffic  NAC:0x8A1 TDU_LC bch_err=0 raw=?
2026-04-19 18:03:54.803 ,CORRECTED,traffic  NAC:0x8A1 TDU_LC bch_err=1 raw=0xF
2026-04-19 18:03:54.803 ,PASSED,traffic  NAC:0x8A1 TDU_LC bch_err=0 raw=?
2026-04-19 18:03:54.806 ,PASSED,traffic  NAC:0x8A1 TDU_LC bch_err=0 raw=0xF
2026-04-19 18:03:54.806 ,PASSED,traffic  NAC:0x8A1 TDU_LC bch_err=0 raw=?
2026-04-19 18:03:54.809 ,PASSED,traffic  NAC:0x8A1 TDU_LC bch_err=0 raw=0xF
2026-04-19 18:03:54.809 ,PASSED,traffic  NAC:0x8A1 TDU_LC bch_err=0 raw=?
2026-04-19 18:03:54.812 ,PASSED,traffic  NAC:0x8A1 TDU_LC bch_err=0 raw=0xF
2026-04-19 18:03:54.812 ,PASSED,traffic  NAC:0x8A1 TDU_LC bch_err=0 raw=?
2026-04-19 18:03:54.815 ,PASSED,traffic  NAC:0x8A1 TDU_LC bch_err=0 raw=0xF
2026-04-19 18:03:54.816 ,PASSED,traffic  NAC:0x8A1 TDU_LC bch_err=0 raw=?
2026-04-19 18:03:54.821 ,CORRECTED,traffic  NAC:0x8A1 TDU_LC bch_err=2 raw=0x7
2026-04-19 18:03:54.821 ,PASSED,traffic  NAC:0x8A1 TDU_LC bch_err=0 raw=?
2026-04-19 18:03:54.824 ,PASSED,traffic  NAC:0x8A1 TDU_LC bch_err=0 raw=0xF
2026-04-19 18:03:54.824 ,PASSED,traffic  NAC:0x8A1 TDU_LC bch_err=0 raw=?
2026-04-19 18:03:54.827 ,PASSED,traffic  NAC:0x8A1 TDU_LC bch_err=0 raw=0xF
2026-04-19 18:03:54.827 ,PASSED,traffic  NAC:0x8A1 TDU_LC bch_err=0 raw=?
2026-04-19 18:03:54.830 ,PASSED,traffic  NAC:0x8A1 TDU_LC bch_err=0 raw=0xF
2026-04-19 18:03:54.830 ,PASSED,traffic  NAC:0x8A1 TDU_LC bch_err=0 raw=?
2026-04-19 18:03:54.833 ,PASSED,traffic  NAC:0x8A1 TDU_LC bch_err=0 raw=0xF
2026-04-19 18:03:54.834 ,PASSED,traffic  NAC:0x8A1 TDU_LC bch_err=0 raw=?
2026-04-19 18:03:54.836 ,PASSED,traffic  NAC:0x8A1 TDU_LC bch_err=0 raw=0xF
2026-04-19 18:03:54.837 ,PASSED,traffic  NAC:0x8A1 TDU_LC bch_err=0 raw=?
2026-04-19 18:03:54.840 ,PASSED,traffic  NAC:0x8A1 TDU_LC bch_err=0 raw=0xF
2026-04-19 18:03:54.840 ,PASSED,traffic  NAC:0x8A1 TDU_LC bch_err=0 raw=?
2026-04-19 18:03:54.843 ,PASSED,traffic  NAC:0x8A1 TDU_LC bch_err=0 raw=0xF
2026-04-19 18:03:54.843 ,PASSED,traffic  NAC:0x8A1 TDU_LC bch_err=0 raw=?
2026-04-19 18:03:54.846 ,PASSED,traffic  NAC:0x8A1 TDU_LC bch_err=0 raw=0xF
2026-04-19 18:03:54.846 ,PASSED,traffic  NAC:0x8A1 TDU_LC bch_err=0 raw=?
2026-04-19 18:03:54.849 ,PASSED,traffic  NAC:0x8A1 TDU_LC bch_err=0 raw=0xF
2026-04-19 18:03:54.849 ,PASSED,traffic  NAC:0x8A1 TDU_LC bch_err=0 raw=?
2026-04-19 18:03:54.854 ,CORRECTED,traffic  NAC:0x8A1 TDU_LC bch_err=1 raw=0xF
2026-04-19 18:03:54.854 ,PASSED,traffic  NAC:0x8A1 TDU_LC bch_err=0 raw=?
2026-04-19 18:03:54.858 ,PASSED,traffic  NAC:0x8A1 TDU_LC bch_err=0 raw=0xF
2026-04-19 18:03:54.858 ,PASSED,traffic  NAC:0x8A1 TDU_LC bch_err=0 raw=?
2026-04-19 18:03:54.861 ,PASSED,traffic  NAC:0x8A1 TDU_LC bch_err=0 raw=0xF
2026-04-19 18:03:54.862 ,PASSED,traffic  NAC:0x8A1 TDU_LC bch_err=0 raw=?
2026-04-19 18:03:54.865 ,PASSED,traffic  NAC:0x8A1 TDU_LC bch_err=0 raw=0xF
2026-04-19 18:03:54.865 ,PASSED,traffic  NAC:0x8A1 TDU_LC bch_err=0 raw=?
2026-04-19 18:03:56.136 ,PASSED,control  NAC:0x8A1 TSDU bch_err=0 raw=0x7
2026-04-19 18:03:56.141 ,CORRECTED,control  NAC:0x8A1 TSDU bch_err=10 raw=0x6
2026-04-19 18:03:56.145 ,CORRECTED,control  NAC:0x8A1 TSDU bch_err=3 raw=0x7
2026-04-19 18:03:56.148 ,PASSED,control  NAC:0x8A1 TSDU bch_err=0 raw=0x7
2026-04-19 18:03:56.150 ,PASSED,control  NAC:0x8A1 TSDU bch_err=0 raw=0x7
2026-04-19 18:03:56.153 ,PASSED,control  NAC:0x8A1 TSDU bch_err=0 raw=0x7
2026-04-19 18:03:56.156 ,PASSED,control  NAC:0x8A1 TSDU bch_err=0 raw=0x7
2026-04-19 18:03:56.159 ,PASSED,control  NAC:0x8A1 TSDU bch_err=0 raw=0x7
2026-04-19 18:03:56.161 ,PASSED,control  NAC:0x8A1 TSDU bch_err=0 raw=0x7
2026-04-19 18:03:56.164 ,PASSED,control  NAC:0x8A1 TSDU bch_err=0 raw=0x7
2026-04-19 18:03:56.168 ,CORRECTED,control  NAC:0x8A1 TSDU bch_err=2 raw=0x7
2026-04-19 18:03:56.171 ,PASSED,control  NAC:0x8A1 TSDU bch_err=0 raw=0x7
2026-04-19 18:03:56.176 ,CORRECTED,control  NAC:0x8A1 TSDU bch_err=4 raw=0x3
2026-04-19 18:03:56.178 ,PASSED,control  NAC:0x8A1 TSDU bch_err=0 raw=0x7
2026-04-19 18:03:56.181 ,PASSED,control  NAC:0x8A1 TSDU bch_err=0 raw=0x7
2026-04-19 18:03:56.184 ,PASSED,control  NAC:0x8A1 TSDU bch_err=0 raw=0x7
2026-04-19 18:03:56.187 ,PASSED,control  NAC:0x8A1 TSDU bch_err=0 raw=0x7
2026-04-19 18:03:56.189 ,PASSED,control  NAC:0x8A1 TSDU bch_err=0 raw=0x7
2026-04-19 18:03:56.192 ,PASSED,control  NAC:0x8A1 TSDU bch_err=0 raw=0x7
2026-04-19 18:03:56.195 ,PASSED,control  NAC:0x8A1 TSDU bch_err=0 raw=0x7
2026-04-19 18:03:56.197 ,PASSED,control  NAC:0x8A1 TSDU bch_err=0 raw=0x7
2026-04-19 18:03:56.200 ,PASSED,control  NAC:0x8A1 TSDU bch_err=0 raw=0x7
2026-04-19 18:03:56.203 ,PASSED,control  NAC:0x8A1 TSDU bch_err=0 raw=0x7
2026-04-19 18:03:56.205 ,PASSED,control  NAC:0x8A1 TSDU bch_err=0 raw=0x7
2026-04-19 18:03:56.208 ,PASSED,control  NAC:0x8A1 TSDU bch_err=0 raw=0x7
2026-04-19 18:03:56.211 ,PASSED,control  NAC:0x8A1 TSDU bch_err=0 raw=0x7
2026-04-19 18:03:56.213 ,PASSED,control  NAC:0x8A1 TSDU bch_err=0 raw=0x7
2026-04-19 18:03:56.216 ,PASSED,control  NAC:0x8A1 TSDU bch_err=0 raw=0x7
2026-04-19 18:03:56.219 ,PASSED,control  NAC:0x8A1 TSDU bch_err=0 raw=0x7
2026-04-19 18:03:56.221 ,PASSED,control  NAC:0x8A1 TSDU bch_err=0 raw=0x7
2026-04-19 18:03:56.224 ,PASSED,control  NAC:0x8A1 TSDU bch_err=0 raw=0x7
2026-04-19 18:03:56.227 ,PASSED,control  NAC:0x8A1 TSDU bch_err=0 raw=0x7
2026-04-19 18:03:56.229 ,PASSED,control  NAC:0x8A1 TSDU bch_err=0 raw=0x7
2026-04-19 18:03:56.232 ,PASSED,control  NAC:0x8A1 TSDU bch_err=0 raw=0x7
2026-04-19 18:03:56.235 ,PASSED,control  NAC:0x8A1 TSDU bch_err=0 raw=0x7
2026-04-19 18:03:56.238 ,PASSED,control  NAC:0x8A1 TSDU bch_err=0 raw=0x7
2026-04-19 18:03:56.240 ,PASSED,control  NAC:0x8A1 TSDU bch_err=0 raw=0x7
2026-04-19 18:03:56.243 ,PASSED,control  NAC:0x8A1 TSDU bch_err=0 raw=0x7
2026-04-19 18:03:56.246 ,PASSED,control  NAC:0x8A1 TSDU bch_err=0 raw=0x7
2026-04-19 18:03:56.249 ,PASSED,control  NAC:0x8A1 TSDU bch_err=0 raw=0x7
2026-04-19 18:03:56.253 ,PASSED,control  NAC:0x8A1 TSDU bch_err=0 raw=0x7
2026-04-19 18:03:56.256 ,PASSED,control  NAC:0x8A1 TSDU bch_err=0 raw=0x7
2026-04-19 18:03:56.262 ,CORRECTED,control  NAC:0x8A1 TSDU bch_err=1 raw=0x7
2026-04-19 18:03:56.265 ,PASSED,control  NAC:0x8A1 TSDU bch_err=0 raw=0x7
2026-04-19 18:03:56.268 ,PASSED,control  NAC:0x8A1 TSDU bch_err=0 raw=0x7
2026-04-19 18:03:59.550 ,PASSED,control  NAC:0x8A1 TSDU bch_err=0 raw=0x7
2026-04-19 18:03:59.552 ,PASSED,control  NAC:0x8A1 TSDU bch_err=0 raw=0x7
2026-04-19 18:03:59.557 ,CORRECTED,control  NAC:0x8A1 TSDU bch_err=4 raw=0x7
2026-04-19 18:03:59.559 ,PASSED,control  NAC:0x8A1 TSDU bch_err=0 raw=0x7
2026-04-19 18:03:59.562 ,PASSED,control  NAC:0x8A1 TSDU bch_err=0 raw=0x7
2026-04-19 18:03:59.564 ,PASSED,control  NAC:0x8A1 TSDU bch_err=0 raw=0x7
2026-04-19 18:03:59.571 ,PASSED,control  NAC:0x8A1 TSDU bch_err=0 raw=0x7
2026-04-19 18:03:59.574 ,PASSED,control  NAC:0x8A1 TSDU bch_err=0 raw=0x7
2026-04-19 18:03:59.576 ,PASSED,control  NAC:0x8A1 TSDU bch_err=0 raw=0x7
2026-04-19 18:03:59.579 ,PASSED,control  NAC:0x8A1 TSDU bch_err=0 raw=0x7
2026-04-19 18:03:59.582 ,PASSED,control  NAC:0x8A1 TSDU bch_err=0 raw=0x7
2026-04-19 18:03:59.584 ,PASSED,control  NAC:0x8A1 TSDU bch_err=0 raw=0x7
2026-04-19 18:03:59.587 ,PASSED,control  NAC:0x8A1 TSDU bch_err=0 raw=0x7
2026-04-19 18:03:59.590 ,PASSED,control  NAC:0x8A1 TSDU bch_err=0 raw=0x7
2026-04-19 18:03:59.593 ,PASSED,control  NAC:0x8A1 TSDU bch_err=0 raw=0x7
2026-04-19 18:03:59.595 ,PASSED,control  NAC:0x8A1 TSDU bch_err=0 raw=0x7
2026-04-19 18:03:59.598 ,PASSED,control  NAC:0x8A1 TSDU bch_err=0 raw=0x7
2026-04-19 18:03:59.600 ,PASSED,control  NAC:0x8A1 TSDU bch_err=0 raw=0x7
2026-04-19 18:03:59.603 ,PASSED,control  NAC:0x8A1 TSDU bch_err=0 raw=0x7
2026-04-19 18:03:59.606 ,PASSED,control  NAC:0x8A1 TSDU bch_err=0 raw=0x7
2026-04-19 18:03:59.608 ,PASSED,control  NAC:0x8A1 TSDU bch_err=0 raw=0x7
2026-04-19 18:03:59.611 ,PASSED,control  NAC:0x8A1 TSDU bch_err=0 raw=0x7
2026-04-19 18:03:59.614 ,PASSED,control  NAC:0x8A1 TSDU bch_err=0 raw=0x7
2026-04-19 18:03:59.616 ,PASSED,control  NAC:0x8A1 TSDU bch_err=0 raw=0x7
2026-04-19 18:03:59.621 ,CORRECTED,control  NAC:0x8A1 TSDU bch_err=3 raw=0x7
2026-04-19 18:03:59.623 ,PASSED,control  NAC:0x8A1 TSDU bch_err=0 raw=0x7
2026-04-19 18:03:59.626 ,PASSED,control  NAC:0x8A1 TSDU bch_err=0 raw=0x7
2026-04-19 18:03:59.629 ,PASSED,control  NAC:0x8A1 TSDU bch_err=0 raw=0x7
2026-04-19 18:03:59.632 ,PASSED,control  NAC:0x8A1 TSDU bch_err=0 raw=0x7
2026-04-19 18:03:59.634 ,PASSED,control  NAC:0x8A1 TSDU bch_err=0 raw=0x7
2026-04-19 18:03:59.637 ,PASSED,control  NAC:0x8A1 TSDU bch_err=0 raw=0x7
2026-04-19 18:03:59.639 ,PASSED,control  NAC:0x8A1 TSDU bch_err=0 raw=0x7
2026-04-19 18:03:59.642 ,PASSED,control  NAC:0x8A1 TSDU bch_err=0 raw=0x7
2026-04-19 18:03:59.644 ,PASSED,control  NAC:0x8A1 TSDU bch_err=0 raw=0x7
2026-04-19 18:03:59.647 ,PASSED,control  NAC:0x8A1 TSDU bch_err=0 raw=0x7
2026-04-19 18:03:59.652 ,CORRECTED,control  NAC:0x8A1 TSDU bch_err=1 raw=0x7
2026-04-19 18:03:59.655 ,PASSED,control  NAC:0x8A1 TSDU bch_err=0 raw=0x7
2026-04-19 18:03:59.657 ,PASSED,control  NAC:0x8A1 TSDU bch_err=0 raw=0x7
2026-04-19 18:03:59.660 ,PASSED,control  NAC:0x8A1 TSDU bch_err=0 raw=0x7
2026-04-19 18:03:59.663 ,PASSED,control  NAC:0x8A1 TSDU bch_err=0 raw=0x7
2026-04-19 18:03:59.665 ,PASSED,control  NAC:0x8A1 TSDU bch_err=0 raw=0x7
2026-04-19 18:03:59.668 ,PASSED,control  NAC:0x8A1 TSDU bch_err=0 raw=0x7
2026-04-19 18:04:02.963 ,PASSED,control  NAC:0x8A1 TSDU bch_err=0 raw=0x7
2026-04-19 18:04:02.965 ,PASSED,control  NAC:0x8A1 TSDU bch_err=0 raw=0x7
2026-04-19 18:04:02.970 ,CORRECTED,control  NAC:0x8A1 TSDU bch_err=5 raw=0x7
2026-04-19 18:04:02.973 ,PASSED,control  NAC:0x8A1 TSDU bch_err=0 raw=0x7
2026-04-19 18:04:02.977 ,CORRECTED,control  NAC:0x8A1 TSDU bch_err=2 raw=0x7
2026-04-19 18:04:02.980 ,PASSED,control  NAC:0x8A1 TSDU bch_err=0 raw=0x7
2026-04-19 18:04:02.982 ,PASSED,control  NAC:0x8A1 TSDU bch_err=0 raw=0x7
2026-04-19 18:04:02.985 ,PASSED,control  NAC:0x8A1 TSDU bch_err=0 raw=0x7
2026-04-19 18:04:02.990 ,CORRECTED,control  NAC:0x8A1 TSDU bch_err=1 raw=0x7
2026-04-19 18:04:02.992 ,PASSED,control  NAC:0x8A1 TSDU bch_err=0 raw=0x7
2026-04-19 18:04:02.995 ,PASSED,control  NAC:0x8A1 TSDU bch_err=0 raw=0x7
2026-04-19 18:04:02.998 ,PASSED,control  NAC:0x8A1 TSDU bch_err=0 raw=0x7
2026-04-19 18:04:03.001 ,PASSED,control  NAC:0x8A1 TSDU bch_err=0 raw=0x7
2026-04-19 18:04:03.004 ,PASSED,control  NAC:0x8A1 TSDU bch_err=0 raw=0x7
2026-04-19 18:04:03.007 ,PASSED,control  NAC:0x8A1 TSDU bch_err=0 raw=0x7
2026-04-19 18:04:03.009 ,PASSED,control  NAC:0x8A1 TSDU bch_err=0 raw=0x7
2026-04-19 18:04:03.012 ,PASSED,control  NAC:0x8A1 TSDU bch_err=0 raw=0x7
2026-04-19 18:04:03.015 ,PASSED,control  NAC:0x8A1 TSDU bch_err=0 raw=0x7
2026-04-19 18:04:03.017 ,PASSED,control  NAC:0x8A1 TSDU bch_err=0 raw=0x7
2026-04-19 18:04:03.022 ,CORRECTED,control  NAC:0x8A1 TSDU bch_err=1 raw=0x7
2026-04-19 18:04:03.024 ,PASSED,control  NAC:0x8A1 TSDU bch_err=0 raw=0x7
2026-04-19 18:04:03.027 ,PASSED,control  NAC:0x8A1 TSDU bch_err=0 raw=0x7
2026-04-19 18:04:03.030 ,PASSED,control  NAC:0x8A1 TSDU bch_err=0 raw=0x7
2026-04-19 18:04:03.033 ,PASSED,control  NAC:0x8A1 TSDU bch_err=0 raw=0x7
2026-04-19 18:04:03.036 ,PASSED,control  NAC:0x8A1 TSDU bch_err=0 raw=0x7
2026-04-19 18:04:03.039 ,PASSED,control  NAC:0x8A1 TSDU bch_err=0 raw=0x7
2026-04-19 18:04:03.041 ,PASSED,control  NAC:0x8A1 TSDU bch_err=0 raw=0x7
2026-04-19 18:04:03.044 ,PASSED,control  NAC:0x8A1 TSDU bch_err=0 raw=0x7
2026-04-19 18:04:03.047 ,PASSED,control  NAC:0x8A1 TSDU bch_err=0 raw=0x7
2026-04-19 18:04:03.050 ,PASSED,control  NAC:0x8A1 TSDU bch_err=0 raw=0x7
2026-04-19 18:04:03.052 ,PASSED,control  NAC:0x8A1 TSDU bch_err=0 raw=0x7
2026-04-19 18:04:03.057 ,CORRECTED,control  NAC:0x8A1 TSDU bch_err=1 raw=0x7
2026-04-19 18:04:03.060 ,PASSED,control  NAC:0x8A1 TSDU bch_err=0 raw=0x7
2026-04-19 18:04:03.062 ,PASSED,control  NAC:0x8A1 TSDU bch_err=0 raw=0x7
2026-04-19 18:04:03.065 ,PASSED,control  NAC:0x8A1 TSDU bch_err=0 raw=0x7
2026-04-19 18:04:03.068 ,PASSED,control  NAC:0x8A1 TSDU bch_err=0 raw=0x7
2026-04-19 18:04:03.071 ,PASSED,control  NAC:0x8A1 TSDU bch_err=0 raw=0x7
2026-04-19 18:04:03.073 ,PASSED,control  NAC:0x8A1 TSDU bch_err=0 raw=0x7
2026-04-19 18:04:03.076 ,PASSED,control  NAC:0x8A1 TSDU bch_err=0 raw=0x7
2026-04-19 18:04:03.079 ,PASSED,control  NAC:0x8A1 TSDU bch_err=0 raw=0x7
2026-04-19 18:04:03.082 ,PASSED,control  NAC:0x8A1 TSDU bch_err=0 raw=0x7
2026-04-19 18:04:03.085 ,PASSED,control  NAC:0x8A1 TSDU bch_err=0 raw=0x7
2026-04-19 18:04:03.088 ,PASSED,control  NAC:0x8A1 TSDU bch_err=0 raw=0x7
2026-04-19 18:04:03.090 ,PASSED,control  NAC:0x8A1 TSDU bch_err=0 raw=0x7
2026-04-19 18:04:03.094 ,PASSED,control  NAC:0x8A1 TSDU bch_err=0 raw=0x7
2026-04-19 18:04:03.096 ,PASSED,control  NAC:0x8A1 TSDU bch_err=0 raw=0x7
2026-04-19 18:04:06.377 ,PASSED,control  NAC:0x8A1 TSDU bch_err=0 raw=0x7
2026-04-19 18:04:06.380 ,PASSED,control  NAC:0x8A1 TSDU bch_err=0 raw=0x7
2026-04-19 18:04:06.396 ,PASSED,control  NAC:0x8A1 TSDU bch_err=0 raw=0x7
2026-04-19 18:04:06.399 ,PASSED,control  NAC:0x8A1 TSDU bch_err=0 raw=0x7
2026-04-19 18:04:06.402 ,PASSED,control  NAC:0x8A1 TSDU bch_err=0 raw=0x7
2026-04-19 18:04:06.407 ,CORRECTED,control  NAC:0x8A1 TSDU bch_err=2 raw=0x3
2026-04-19 18:04:06.410 ,PASSED,control  NAC:0x8A1 TSDU bch_err=0 raw=0x7
2026-04-19 18:04:06.414 ,PASSED,control  NAC:0x8A1 TSDU bch_err=0 raw=0x7
2026-04-19 18:04:06.418 ,PASSED,control  NAC:0x8A1 TSDU bch_err=0 raw=0x7
2026-04-19 18:04:06.422 ,PASSED,control  NAC:0x8A1 TSDU bch_err=0 raw=0x7
2026-04-19 18:04:06.426 ,PASSED,control  NAC:0x8A1 TSDU bch_err=0 raw=0x7
2026-04-19 18:04:06.430 ,PASSED,control  NAC:0x8A1 TSDU bch_err=0 raw=0x7
2026-04-19 18:04:06.433 ,PASSED,control  NAC:0x8A1 TSDU bch_err=0 raw=0x7
2026-04-19 18:04:06.438 ,PASSED,control  NAC:0x8A1 TSDU bch_err=0 raw=0x7
2026-04-19 18:04:06.441 ,PASSED,control  NAC:0x8A1 TSDU bch_err=0 raw=0x7
2026-04-19 18:04:06.445 ,PASSED,control  NAC:0x8A1 TSDU bch_err=0 raw=0x7
2026-04-19 18:04:06.452 ,CORRECTED,control  NAC:0x8A1 TSDU bch_err=4 raw=0x7
2026-04-19 18:04:06.458 ,CORRECTED,control  NAC:0x8A1 TSDU bch_err=5 raw=0x7
2026-04-19 18:04:06.467 ,PASSED,control  NAC:0x8A1 TSDU bch_err=0 raw=0x7
2026-04-19 18:04:06.473 ,PASSED,control  NAC:0x8A1 TSDU bch_err=0 raw=0x7
2026-04-19 18:04:06.478 ,PASSED,control  NAC:0x8A1 TSDU bch_err=0 raw=0x7
2026-04-19 18:04:06.484 ,PASSED,control  NAC:0x8A1 TSDU bch_err=0 raw=0x7
2026-04-19 18:04:06.488 ,PASSED,control  NAC:0x8A1 TSDU bch_err=0 raw=0x7
2026-04-19 18:04:06.492 ,PASSED,control  NAC:0x8A1 TSDU bch_err=0 raw=0x7
2026-04-19 18:04:06.497 ,CORRECTED,control  NAC:0x8A1 TSDU bch_err=1 raw=0x6
2026-04-19 18:04:06.501 ,PASSED,control  NAC:0x8A1 TSDU bch_err=0 raw=0x7
2026-04-19 18:04:06.505 ,PASSED,control  NAC:0x8A1 TSDU bch_err=0 raw=0x7
2026-04-19 18:04:06.509 ,PASSED,control  NAC:0x8A1 TSDU bch_err=0 raw=0x7
2026-04-19 18:04:06.515 ,CORRECTED,control  NAC:0x8A1 TSDU bch_err=3 raw=0x6
2026-04-19 18:04:06.519 ,PASSED,control  NAC:0x8A1 TSDU bch_err=0 raw=0x7
2026-04-19 18:04:06.523 ,PASSED,control  NAC:0x8A1 TSDU bch_err=0 raw=0x7
2026-04-19 18:04:06.530 ,PASSED,control  NAC:0x8A1 TSDU bch_err=0 raw=0x7
2026-04-19 18:04:06.533 ,PASSED,control  NAC:0x8A1 TSDU bch_err=0 raw=0x7
2026-04-19 18:04:06.537 ,PASSED,control  NAC:0x8A1 TSDU bch_err=0 raw=0x7
2026-04-19 18:04:06.542 ,PASSED,control  NAC:0x8A1 TSDU bch_err=0 raw=0x7
2026-04-19 18:04:06.545 ,PASSED,control  NAC:0x8A1 TSDU bch_err=0 raw=0x7
2026-04-19 18:04:06.552 ,PASSED,control  NAC:0x8A1 TSDU bch_err=0 raw=0x7
2026-04-19 18:04:06.557 ,PASSED,control  NAC:0x8A1 TSDU bch_err=0 raw=0x7
2026-04-19 18:04:06.560 ,PASSED,control  NAC:0x8A1 TSDU bch_err=0 raw=0x7
2026-04-19 18:04:06.565 ,PASSED,control  NAC:0x8A1 TSDU bch_err=0 raw=0x7
2026-04-19 18:04:06.570 ,PASSED,control  NAC:0x8A1 TSDU bch_err=0 raw=0x7
2026-04-19 18:04:06.573 ,PASSED,control  NAC:0x8A1 TSDU bch_err=0 raw=0x7
2026-04-19 18:04:06.577 ,PASSED,control  NAC:0x8A1 TSDU bch_err=0 raw=0x7
2026-04-19 18:04:06.914 ,CORRECTED,traffic  NAC:0x8A1 TDU_LC bch_err=3 raw=0xF
2026-04-19 18:04:06.915 ,PASSED,traffic  NAC:0x8A1 TDU_LC bch_err=0 raw=?
2026-04-19 18:04:06.917 ,PASSED,traffic  NAC:0x8A1 TDU_LC bch_err=0 raw=0xF
2026-04-19 18:04:06.917 ,PASSED,traffic  NAC:0x8A1 TDU_LC bch_err=0 raw=?
2026-04-19 18:04:06.920 ,PASSED,traffic  NAC:0x8A1 TDU_LC bch_err=0 raw=0xF
2026-04-19 18:04:06.920 ,PASSED,traffic  NAC:0x8A1 TDU_LC bch_err=0 raw=?
2026-04-19 18:04:06.924 ,PASSED,traffic  NAC:0x8A1 TDU_LC bch_err=0 raw=0xF
2026-04-19 18:04:06.925 ,PASSED,traffic  NAC:0x8A1 TDU_LC bch_err=0 raw=?
2026-04-19 18:04:06.927 ,PASSED,traffic  NAC:0x8A1 TDU_LC bch_err=0 raw=0xF
2026-04-19 18:04:06.928 ,PASSED,traffic  NAC:0x8A1 TDU_LC bch_err=0 raw=?
2026-04-19 18:04:06.931 ,PASSED,traffic  NAC:0x8A1 TDU_LC bch_err=0 raw=0xF
2026-04-19 18:04:06.931 ,PASSED,traffic  NAC:0x8A1 TDU_LC bch_err=0 raw=?
2026-04-19 18:04:06.934 ,PASSED,traffic  NAC:0x8A1 TDU_LC bch_err=0 raw=0xF
2026-04-19 18:04:06.934 ,PASSED,traffic  NAC:0x8A1 TDU_LC bch_err=0 raw=?
2026-04-19 18:04:06.937 ,PASSED,traffic  NAC:0x8A1 TDU_LC bch_err=0 raw=0xF
2026-04-19 18:04:06.938 ,PASSED,traffic  NAC:0x8A1 TDU_LC bch_err=0 raw=?
2026-04-19 18:04:06.941 ,PASSED,traffic  NAC:0x8A1 TDU_LC bch_err=0 raw=0xF
2026-04-19 18:04:06.941 ,PASSED,traffic  NAC:0x8A1 TDU_LC bch_err=0 raw=?
2026-04-19 18:04:06.946 ,CORRECTED,traffic  NAC:0x8A1 TDU_LC bch_err=1 raw=0xF
2026-04-19 18:04:06.946 ,PASSED,traffic  NAC:0x8A1 TDU_LC bch_err=0 raw=?
2026-04-19 18:04:06.949 ,PASSED,traffic  NAC:0x8A1 TDU_LC bch_err=0 raw=0xF
2026-04-19 18:04:06.949 ,PASSED,traffic  NAC:0x8A1 TDU_LC bch_err=0 raw=?
2026-04-19 18:04:06.952 ,PASSED,traffic  NAC:0x8A1 TDU_LC bch_err=0 raw=0xF
2026-04-19 18:04:06.953 ,PASSED,traffic  NAC:0x8A1 TDU_LC bch_err=0 raw=?
2026-04-19 18:04:06.955 ,PASSED,traffic  NAC:0x8A1 TDU_LC bch_err=0 raw=0xF
2026-04-19 18:04:06.956 ,PASSED,traffic  NAC:0x8A1 TDU_LC bch_err=0 raw=?
2026-04-19 18:04:06.960 ,PASSED,traffic  NAC:0x8A1 TDU_LC bch_err=0 raw=0xF
2026-04-19 18:04:06.960 ,PASSED,traffic  NAC:0x8A1 TDU_LC bch_err=0 raw=?
2026-04-19 18:04:06.963 ,PASSED,traffic  NAC:0x8A1 TDU_LC bch_err=0 raw=0xF
2026-04-19 18:04:06.963 ,PASSED,traffic  NAC:0x8A1 TDU_LC bch_err=0 raw=?
2026-04-19 18:04:06.966 ,PASSED,traffic  NAC:0x8A1 TDU_LC bch_err=0 raw=0xF
2026-04-19 18:04:06.967 ,PASSED,traffic  NAC:0x8A1 TDU_LC bch_err=0 raw=?
2026-04-19 18:04:06.970 ,PASSED,traffic  NAC:0x8A1 TDU_LC bch_err=0 raw=0xF
2026-04-19 18:04:06.970 ,PASSED,traffic  NAC:0x8A1 TDU_LC bch_err=0 raw=?
2026-04-19 18:04:06.974 ,PASSED,traffic  NAC:0x8A1 TDU_LC bch_err=0 raw=0xF
2026-04-19 18:04:06.974 ,PASSED,traffic  NAC:0x8A1 TDU_LC bch_err=0 raw=?
2026-04-19 18:04:06.977 ,PASSED,traffic  NAC:0x8A1 TDU_LC bch_err=0 raw=0xF
2026-04-19 18:04:06.977 ,PASSED,traffic  NAC:0x8A1 TDU_LC bch_err=0 raw=?
2026-04-19 18:04:09.789 ,PASSED,control  NAC:0x8A1 TSDU bch_err=0 raw=0x7
2026-04-19 18:04:09.794 ,PASSED,control  NAC:0x8A1 TSDU bch_err=0 raw=0x7
2026-04-19 18:04:09.802 ,PASSED,control  NAC:0x8A1 TSDU bch_err=0 raw=0x7
2026-04-19 18:04:09.808 ,CORRECTED,control  NAC:0x8A1 TSDU bch_err=3 raw=0x7
2026-04-19 18:04:09.813 ,PASSED,control  NAC:0x8A1 TSDU bch_err=0 raw=0x7
2026-04-19 18:04:09.817 ,PASSED,control  NAC:0x8A1 TSDU bch_err=0 raw=0x7
2026-04-19 18:04:09.820 ,PASSED,control  NAC:0x8A1 TSDU bch_err=0 raw=0x7
2026-04-19 18:04:09.825 ,PASSED,control  NAC:0x8A1 TSDU bch_err=0 raw=0x7
2026-04-19 18:04:09.843 ,PASSED,control  NAC:0x8A1 TSDU bch_err=0 raw=0x7
2026-04-19 18:04:09.846 ,PASSED,control  NAC:0x8A1 TSDU bch_err=0 raw=0x7
2026-04-19 18:04:09.852 ,CORRECTED,control  NAC:0x8A1 TSDU bch_err=2 raw=0x3
2026-04-19 18:04:09.859 ,CORRECTED,control  NAC:0x8A1 TSDU bch_err=1 raw=0x3
2026-04-19 18:04:09.864 ,PASSED,control  NAC:0x8A1 TSDU bch_err=0 raw=0x7
2026-04-19 18:04:09.868 ,PASSED,control  NAC:0x8A1 TSDU bch_err=0 raw=0x7
2026-04-19 18:04:09.873 ,PASSED,control  NAC:0x8A1 TSDU bch_err=0 raw=0x7
2026-04-19 18:04:09.882 ,PASSED,control  NAC:0x8A1 TSDU bch_err=0 raw=0x7
2026-04-19 18:04:09.886 ,PASSED,control  NAC:0x8A1 TSDU bch_err=0 raw=0x7
2026-04-19 18:04:09.892 ,PASSED,control  NAC:0x8A1 TSDU bch_err=0 raw=0x7
2026-04-19 18:04:09.896 ,PASSED,control  NAC:0x8A1 TSDU bch_err=0 raw=0x7
2026-04-19 18:04:09.900 ,PASSED,control  NAC:0x8A1 TSDU bch_err=0 raw=0x7
2026-04-19 18:04:09.910 ,PASSED,control  NAC:0x8A1 TSDU bch_err=0 raw=0x7
2026-04-19 18:04:09.917 ,CORRECTED,control  NAC:0x8A1 TSDU bch_err=10 raw=0x7
2026-04-19 18:04:09.923 ,PASSED,control  NAC:0x8A1 TSDU bch_err=0 raw=0x7
2026-04-19 18:04:09.927 ,CORRECTED,control  NAC:0x8A1 TSDU bch_err=2 raw=0x7
2026-04-19 18:04:09.931 ,PASSED,control  NAC:0x8A1 TSDU bch_err=0 raw=0x7
2026-04-19 18:04:09.934 ,PASSED,control  NAC:0x8A1 TSDU bch_err=0 raw=0x7
2026-04-19 18:04:09.937 ,PASSED,control  NAC:0x8A1 TSDU bch_err=0 raw=0x7
2026-04-19 18:04:09.941 ,PASSED,control  NAC:0x8A1 TSDU bch_err=0 raw=0x7
2026-04-19 18:04:09.945 ,PASSED,control  NAC:0x8A1 TSDU bch_err=0 raw=0x7
2026-04-19 18:04:09.949 ,PASSED,control  NAC:0x8A1 TSDU bch_err=0 raw=0x7
2026-04-19 18:04:09.953 ,PASSED,control  NAC:0x8A1 TSDU bch_err=0 raw=0x7
2026-04-19 18:04:09.957 ,PASSED,control  NAC:0x8A1 TSDU bch_err=0 raw=0x7
2026-04-19 18:04:09.962 ,PASSED,control  NAC:0x8A1 TSDU bch_err=0 raw=0x7
2026-04-19 18:04:09.967 ,PASSED,control  NAC:0x8A1 TSDU bch_err=0 raw=0x7
2026-04-19 18:04:09.971 ,PASSED,control  NAC:0x8A1 TSDU bch_err=0 raw=0x7
2026-04-19 18:04:09.974 ,PASSED,control  NAC:0x8A1 TSDU bch_err=0 raw=0x7
2026-04-19 18:04:09.977 ,PASSED,control  NAC:0x8A1 TSDU bch_err=0 raw=0x7
2026-04-19 18:04:09.984 ,CORRECTED,control  NAC:0x8A1 TSDU bch_err=3 raw=0x7
2026-04-19 18:04:09.990 ,CORRECTED,control  NAC:0x8A1 TSDU bch_err=6 raw=0x7
2026-04-19 18:04:09.994 ,PASSED,control  NAC:0x8A1 TSDU bch_err=0 raw=0x7
2026-04-19 18:04:09.997 ,PASSED,control  NAC:0x8A1 TSDU bch_err=0 raw=0x7
2026-04-19 18:04:10.001 ,PASSED,control  NAC:0x8A1 TSDU bch_err=0 raw=0x7
2026-04-19 18:04:10.005 ,PASSED,control  NAC:0x8A1 TSDU bch_err=0 raw=0x7
2026-04-19 18:04:13.204 ,PASSED,control  NAC:0x8A1 TSDU bch_err=0 raw=0x7
2026-04-19 18:04:13.208 ,PASSED,control  NAC:0x8A1 TSDU bch_err=0 raw=0x7
2026-04-19 18:04:13.211 ,PASSED,control  NAC:0x8A1 TSDU bch_err=0 raw=0x7
2026-04-19 18:04:13.222 ,CORRECTED,control  NAC:0x8A1 TSDU bch_err=1 raw=0x7
2026-04-19 18:04:13.228 ,CORRECTED,control  NAC:0x8A1 TSDU bch_err=11 raw=0x3
2026-04-19 18:04:13.232 ,PASSED,control  NAC:0x8A1 TSDU bch_err=0 raw=0x7
2026-04-19 18:04:13.236 ,PASSED,control  NAC:0x8A1 TSDU bch_err=0 raw=0x7
2026-04-19 18:04:13.240 ,PASSED,control  NAC:0x8A1 TSDU bch_err=0 raw=0x7
2026-04-19 18:04:13.244 ,PASSED,control  NAC:0x8A1 TSDU bch_err=0 raw=0x7
2026-04-19 18:04:13.248 ,PASSED,control  NAC:0x8A1 TSDU bch_err=0 raw=0x7
2026-04-19 18:04:13.252 ,PASSED,control  NAC:0x8A1 TSDU bch_err=0 raw=0x7
2026-04-19 18:04:13.256 ,PASSED,control  NAC:0x8A1 TSDU bch_err=0 raw=0x7
2026-04-19 18:04:13.259 ,PASSED,control  NAC:0x8A1 TSDU bch_err=0 raw=0x7
2026-04-19 18:04:13.263 ,PASSED,control  NAC:0x8A1 TSDU bch_err=0 raw=0x7
2026-04-19 18:04:13.265 ,PASSED,control  NAC:0x8A1 TSDU bch_err=0 raw=0x7
2026-04-19 18:04:13.268 ,PASSED,control  NAC:0x8A1 TSDU bch_err=0 raw=0x7
2026-04-19 18:04:13.273 ,CORRECTED,control  NAC:0x8A1 TSDU bch_err=3 raw=0x7
2026-04-19 18:04:13.275 ,PASSED,control  NAC:0x8A1 TSDU bch_err=0 raw=0x7
2026-04-19 18:04:13.278 ,PASSED,control  NAC:0x8A1 TSDU bch_err=0 raw=0x7
2026-04-19 18:04:13.281 ,PASSED,control  NAC:0x8A1 TSDU bch_err=0 raw=0x7
2026-04-19 18:04:13.283 ,PASSED,control  NAC:0x8A1 TSDU bch_err=0 raw=0x7
2026-04-19 18:04:13.288 ,CORRECTED,control  NAC:0x8A1 TSDU bch_err=1 raw=0x7
2026-04-19 18:04:13.291 ,PASSED,control  NAC:0x8A1 TSDU bch_err=0 raw=0x7
2026-04-19 18:04:13.293 ,PASSED,control  NAC:0x8A1 TSDU bch_err=0 raw=0x7
2026-04-19 18:04:13.296 ,PASSED,control  NAC:0x8A1 TSDU bch_err=0 raw=0x7
2026-04-19 18:04:13.299 ,PASSED,control  NAC:0x8A1 TSDU bch_err=0 raw=0x7
2026-04-19 18:04:13.302 ,PASSED,control  NAC:0x8A1 TSDU bch_err=0 raw=0x7
2026-04-19 18:04:13.304 ,PASSED,control  NAC:0x8A1 TSDU bch_err=0 raw=0x7
2026-04-19 18:04:13.307 ,PASSED,control  NAC:0x8A1 TSDU bch_err=0 raw=0x7
2026-04-19 18:04:13.310 ,PASSED,control  NAC:0x8A1 TSDU bch_err=0 raw=0x7
2026-04-19 18:04:13.314 ,CORRECTED,control  NAC:0x8A1 TSDU bch_err=2 raw=0x7
2026-04-19 18:04:13.317 ,PASSED,control  NAC:0x8A1 TSDU bch_err=0 raw=0x7
2026-04-19 18:04:13.320 ,PASSED,control  NAC:0x8A1 TSDU bch_err=0 raw=0x7
2026-04-19 18:04:13.322 ,PASSED,control  NAC:0x8A1 TSDU bch_err=0 raw=0x7
2026-04-19 18:04:13.325 ,PASSED,control  NAC:0x8A1 TSDU bch_err=0 raw=0x7
2026-04-19 18:04:13.328 ,PASSED,control  NAC:0x8A1 TSDU bch_err=0 raw=0x7
2026-04-19 18:04:13.330 ,PASSED,control  NAC:0x8A1 TSDU bch_err=0 raw=0x7
2026-04-19 18:04:13.333 ,PASSED,control  NAC:0x8A1 TSDU bch_err=0 raw=0x7
2026-04-19 18:04:13.337 ,CORRECTED,control  NAC:0x8A1 TSDU bch_err=2 raw=0x7
2026-04-19 18:04:13.340 ,PASSED,control  NAC:0x8A1 TSDU bch_err=0 raw=0x7
2026-04-19 18:04:13.343 ,PASSED,control  NAC:0x8A1 TSDU bch_err=0 raw=0x7
2026-04-19 18:04:13.345 ,PASSED,control  NAC:0x8A1 TSDU bch_err=0 raw=0x7
2026-04-19 18:04:13.348 ,PASSED,control  NAC:0x8A1 TSDU bch_err=0 raw=0x7
2026-04-19 18:04:13.351 ,PASSED,control  NAC:0x8A1 TSDU bch_err=0 raw=0x7
2026-04-19 18:04:16.616 ,PASSED,control  NAC:0x8A1 TSDU bch_err=0 raw=0x7
2026-04-19 18:04:16.619 ,PASSED,control  NAC:0x8A1 TSDU bch_err=0 raw=0x7
2026-04-19 18:04:16.621 ,PASSED,control  NAC:0x8A1 TSDU bch_err=0 raw=0x7
2026-04-19 18:04:16.624 ,PASSED,control  NAC:0x8A1 TSDU bch_err=0 raw=0x7
2026-04-19 18:04:16.627 ,PASSED,control  NAC:0x8A1 TSDU bch_err=0 raw=0x7
2026-04-19 18:04:16.631 ,CORRECTED,control  NAC:0x8A1 TSDU bch_err=1 raw=0x3
2026-04-19 18:04:16.634 ,PASSED,control  NAC:0x8A1 TSDU bch_err=0 raw=0x7
2026-04-19 18:04:16.637 ,PASSED,control  NAC:0x8A1 TSDU bch_err=0 raw=0x7
2026-04-19 18:04:16.640 ,PASSED,control  NAC:0x8A1 TSDU bch_err=0 raw=0x7
2026-04-19 18:04:16.642 ,PASSED,control  NAC:0x8A1 TSDU bch_err=0 raw=0x7
2026-04-19 18:04:16.647 ,CORRECTED,control  NAC:0x8A1 TSDU bch_err=1 raw=0x3
2026-04-19 18:04:16.650 ,PASSED,control  NAC:0x8A1 TSDU bch_err=0 raw=0x7
2026-04-19 18:04:16.653 ,PASSED,control  NAC:0x8A1 TSDU bch_err=0 raw=0x7
2026-04-19 18:04:16.655 ,PASSED,control  NAC:0x8A1 TSDU bch_err=0 raw=0x7
2026-04-19 18:04:16.658 ,PASSED,control  NAC:0x8A1 TSDU bch_err=0 raw=0x7
2026-04-19 18:04:16.661 ,PASSED,control  NAC:0x8A1 TSDU bch_err=0 raw=0x7
2026-04-19 18:04:16.664 ,PASSED,control  NAC:0x8A1 TSDU bch_err=0 raw=0x7
2026-04-19 18:04:16.666 ,PASSED,control  NAC:0x8A1 TSDU bch_err=0 raw=0x7
2026-04-19 18:04:16.669 ,PASSED,control  NAC:0x8A1 TSDU bch_err=0 raw=0x7
2026-04-19 18:04:16.672 ,PASSED,control  NAC:0x8A1 TSDU bch_err=0 raw=0x7
2026-04-19 18:04:16.675 ,PASSED,control  NAC:0x8A1 TSDU bch_err=0 raw=0x7
2026-04-19 18:04:16.677 ,PASSED,control  NAC:0x8A1 TSDU bch_err=0 raw=0x7
2026-04-19 18:04:16.680 ,PASSED,control  NAC:0x8A1 TSDU bch_err=0 raw=0x7
2026-04-19 18:04:16.682 ,PASSED,control  NAC:0x8A1 TSDU bch_err=0 raw=0x7
2026-04-19 18:04:16.685 ,PASSED,control  NAC:0x8A1 TSDU bch_err=0 raw=0x7
2026-04-19 18:04:16.688 ,PASSED,control  NAC:0x8A1 TSDU bch_err=0 raw=0x7
2026-04-19 18:04:16.691 ,PASSED,control  NAC:0x8A1 TSDU bch_err=0 raw=0x7
2026-04-19 18:04:16.693 ,PASSED,control  NAC:0x8A1 TSDU bch_err=0 raw=0x7
2026-04-19 18:04:16.696 ,PASSED,control  NAC:0x8A1 TSDU bch_err=0 raw=0x7
2026-04-19 18:04:16.701 ,CORRECTED,control  NAC:0x8A1 TSDU bch_err=1 raw=0x3
2026-04-19 18:04:16.704 ,PASSED,control  NAC:0x8A1 TSDU bch_err=0 raw=0x7
2026-04-19 18:04:16.706 ,PASSED,control  NAC:0x8A1 TSDU bch_err=0 raw=0x7
2026-04-19 18:04:16.709 ,PASSED,control  NAC:0x8A1 TSDU bch_err=0 raw=0x7
2026-04-19 18:04:16.712 ,PASSED,control  NAC:0x8A1 TSDU bch_err=0 raw=0x7
2026-04-19 18:04:16.714 ,PASSED,control  NAC:0x8A1 TSDU bch_err=0 raw=0x7
2026-04-19 18:04:16.717 ,PASSED,control  NAC:0x8A1 TSDU bch_err=0 raw=0x7
2026-04-19 18:04:16.720 ,PASSED,control  NAC:0x8A1 TSDU bch_err=0 raw=0x7
2026-04-19 18:04:16.723 ,PASSED,control  NAC:0x8A1 TSDU bch_err=0 raw=0x7
2026-04-19 18:04:16.727 ,CORRECTED,control  NAC:0x8A1 TSDU bch_err=3 raw=0x6
2026-04-19 18:04:16.730 ,PASSED,control  NAC:0x8A1 TSDU bch_err=0 raw=0x7
2026-04-19 18:04:16.733 ,PASSED,control  NAC:0x8A1 TSDU bch_err=0 raw=0x7
2026-04-19 18:04:16.736 ,PASSED,control  NAC:0x8A1 TSDU bch_err=0 raw=0x7
2026-04-19 18:04:16.738 ,PASSED,control  NAC:0x8A1 TSDU bch_err=0 raw=0x7
2026-04-19 18:04:16.741 ,PASSED,control  NAC:0x8A1 TSDU bch_err=0 raw=0x7
2026-04-19 18:04:20.029 ,PASSED,control  NAC:0x8A1 TSDU bch_err=0 raw=0x7
2026-04-19 18:04:20.034 ,CORRECTED,control  NAC:0x8A1 TSDU bch_err=7 raw=0x7
2026-04-19 18:04:20.036 ,PASSED,control  NAC:0x8A1 TSDU bch_err=0 raw=0x7
2026-04-19 18:04:20.039 ,PASSED,control  NAC:0x8A1 TSDU bch_err=0 raw=0x7
2026-04-19 18:04:20.042 ,PASSED,control  NAC:0x8A1 TSDU bch_err=0 raw=0x7
2026-04-19 18:04:20.045 ,PASSED,control  NAC:0x8A1 TSDU bch_err=0 raw=0x7
2026-04-19 18:04:20.048 ,PASSED,control  NAC:0x8A1 TSDU bch_err=0 raw=0x7
2026-04-19 18:04:20.050 ,PASSED,control  NAC:0x8A1 TSDU bch_err=0 raw=0x7
2026-04-19 18:04:20.053 ,PASSED,control  NAC:0x8A1 TSDU bch_err=0 raw=0x7
2026-04-19 18:04:20.056 ,PASSED,control  NAC:0x8A1 TSDU bch_err=0 raw=0x7
2026-04-19 18:04:20.060 ,CORRECTED,control  NAC:0x8A1 TSDU bch_err=9 raw=0x6
2026-04-19 18:04:20.063 ,PASSED,control  NAC:0x8A1 TSDU bch_err=0 raw=0x7
2026-04-19 18:04:20.068 ,CORRECTED,control  NAC:0x8A1 TSDU bch_err=7 raw=0x3
2026-04-19 18:04:20.070 ,PASSED,control  NAC:0x8A1 TSDU bch_err=0 raw=0x7
2026-04-19 18:04:20.073 ,PASSED,control  NAC:0x8A1 TSDU bch_err=0 raw=0x7
2026-04-19 18:04:20.076 ,PASSED,control  NAC:0x8A1 TSDU bch_err=0 raw=0x7
2026-04-19 18:04:20.079 ,PASSED,control  NAC:0x8A1 TSDU bch_err=0 raw=0x7
2026-04-19 18:04:20.084 ,CORRECTED,control  NAC:0x8A1 TSDU bch_err=3 raw=0x7
2026-04-19 18:04:20.086 ,PASSED,control  NAC:0x8A1 TSDU bch_err=0 raw=0x7
2026-04-19 18:04:20.089 ,PASSED,control  NAC:0x8A1 TSDU bch_err=0 raw=0x7
2026-04-19 18:04:20.092 ,PASSED,control  NAC:0x8A1 TSDU bch_err=0 raw=0x7
2026-04-19 18:04:20.094 ,PASSED,control  NAC:0x8A1 TSDU bch_err=0 raw=0x7
2026-04-19 18:04:20.097 ,PASSED,control  NAC:0x8A1 TSDU bch_err=0 raw=0x7
2026-04-19 18:04:20.100 ,PASSED,control  NAC:0x8A1 TSDU bch_err=0 raw=0x7
2026-04-19 18:04:20.103 ,PASSED,control  NAC:0x8A1 TSDU bch_err=0 raw=0x7
2026-04-19 18:04:20.105 ,PASSED,control  NAC:0x8A1 TSDU bch_err=0 raw=0x7
2026-04-19 18:04:20.108 ,PASSED,control  NAC:0x8A1 TSDU bch_err=0 raw=0x7
2026-04-19 18:04:20.112 ,CORRECTED,control  NAC:0x8A1 TSDU bch_err=1 raw=0x6
2026-04-19 18:04:20.115 ,PASSED,control  NAC:0x8A1 TSDU bch_err=0 raw=0x7
2026-04-19 18:04:20.118 ,PASSED,control  NAC:0x8A1 TSDU bch_err=0 raw=0x7
2026-04-19 18:04:20.121 ,PASSED,control  NAC:0x8A1 TSDU bch_err=0 raw=0x7
2026-04-19 18:04:20.123 ,PASSED,control  NAC:0x8A1 TSDU bch_err=0 raw=0x7
2026-04-19 18:04:20.128 ,CORRECTED,control  NAC:0x8A1 TSDU bch_err=2 raw=0x7
2026-04-19 18:04:20.131 ,PASSED,control  NAC:0x8A1 TSDU bch_err=0 raw=0x7
2026-04-19 18:04:20.133 ,PASSED,control  NAC:0x8A1 TSDU bch_err=0 raw=0x7
2026-04-19 18:04:20.136 ,PASSED,control  NAC:0x8A1 TSDU bch_err=0 raw=0x7
2026-04-19 18:04:20.139 ,PASSED,control  NAC:0x8A1 TSDU bch_err=0 raw=0x7
2026-04-19 18:04:20.143 ,CORRECTED,control  NAC:0x8A1 TSDU bch_err=5 raw=0x7
2026-04-19 18:04:20.146 ,PASSED,control  NAC:0x8A1 TSDU bch_err=0 raw=0x7
2026-04-19 18:04:20.151 ,CORRECTED,control  NAC:0x8A1 TSDU bch_err=6 raw=0x7
2026-04-19 18:04:20.154 ,PASSED,control  NAC:0x8A1 TSDU bch_err=0 raw=0x7
2026-04-19 18:04:20.156 ,PASSED,control  NAC:0x8A1 TSDU bch_err=0 raw=0x7
2026-04-19 18:04:23.442 ,PASSED,control  NAC:0x8A1 TSDU bch_err=0 raw=0x7
2026-04-19 18:04:23.445 ,PASSED,control  NAC:0x8A1 TSDU bch_err=0 raw=0x7
2026-04-19 18:04:23.448 ,PASSED,control  NAC:0x8A1 TSDU bch_err=0 raw=0x7
2026-04-19 18:04:23.450 ,PASSED,control  NAC:0x8A1 TSDU bch_err=0 raw=0x7
2026-04-19 18:04:23.453 ,PASSED,control  NAC:0x8A1 TSDU bch_err=0 raw=0x7
2026-04-19 18:04:23.456 ,PASSED,control  NAC:0x8A1 TSDU bch_err=0 raw=0x7
2026-04-19 18:04:23.458 ,PASSED,control  NAC:0x8A1 TSDU bch_err=0 raw=0x7
2026-04-19 18:04:23.461 ,PASSED,control  NAC:0x8A1 TSDU bch_err=0 raw=0x7
2026-04-19 18:04:23.464 ,PASSED,control  NAC:0x8A1 TSDU bch_err=0 raw=0x7
2026-04-19 18:04:23.466 ,PASSED,control  NAC:0x8A1 TSDU bch_err=0 raw=0x7
2026-04-19 18:04:23.469 ,PASSED,control  NAC:0x8A1 TSDU bch_err=0 raw=0x7
2026-04-19 18:04:23.472 ,PASSED,control  NAC:0x8A1 TSDU bch_err=0 raw=0x7
2026-04-19 18:04:23.475 ,PASSED,control  NAC:0x8A1 TSDU bch_err=0 raw=0x7
2026-04-19 18:04:23.479 ,CORRECTED,control  NAC:0x8A1 TSDU bch_err=3 raw=0x6
2026-04-19 18:04:23.482 ,PASSED,control  NAC:0x8A1 TSDU bch_err=0 raw=0x7
2026-04-19 18:04:23.484 ,PASSED,control  NAC:0x8A1 TSDU bch_err=0 raw=0x7
2026-04-19 18:04:23.487 ,PASSED,control  NAC:0x8A1 TSDU bch_err=0 raw=0x7
2026-04-19 18:04:23.490 ,PASSED,control  NAC:0x8A1 TSDU bch_err=0 raw=0x7
2026-04-19 18:04:23.493 ,PASSED,control  NAC:0x8A1 TSDU bch_err=0 raw=0x7
2026-04-19 18:04:23.495 ,PASSED,control  NAC:0x8A1 TSDU bch_err=0 raw=0x7
2026-04-19 18:04:23.498 ,PASSED,control  NAC:0x8A1 TSDU bch_err=0 raw=0x7
2026-04-19 18:04:23.500 ,PASSED,control  NAC:0x8A1 TSDU bch_err=0 raw=0x7
2026-04-19 18:04:23.503 ,PASSED,control  NAC:0x8A1 TSDU bch_err=0 raw=0x7
2026-04-19 18:04:23.506 ,PASSED,control  NAC:0x8A1 TSDU bch_err=0 raw=0x7
2026-04-19 18:04:23.510 ,CORRECTED,control  NAC:0x8A1 TSDU bch_err=4 raw=0x3
2026-04-19 18:04:23.513 ,PASSED,control  NAC:0x8A1 TSDU bch_err=0 raw=0x7
2026-04-19 18:04:23.515 ,PASSED,control  NAC:0x8A1 TSDU bch_err=0 raw=0x7
2026-04-19 18:04:23.518 ,PASSED,control  NAC:0x8A1 TSDU bch_err=0 raw=0x7
2026-04-19 18:04:23.521 ,PASSED,control  NAC:0x8A1 TSDU bch_err=0 raw=0x7
2026-04-19 18:04:23.523 ,PASSED,control  NAC:0x8A1 TSDU bch_err=0 raw=0x7
2026-04-19 18:04:23.526 ,PASSED,control  NAC:0x8A1 TSDU bch_err=0 raw=0x7
2026-04-19 18:04:23.528 ,PASSED,control  NAC:0x8A1 TSDU bch_err=0 raw=0x7
2026-04-19 18:04:23.531 ,PASSED,control  NAC:0x8A1 TSDU bch_err=0 raw=0x7
2026-04-19 18:04:23.534 ,PASSED,control  NAC:0x8A1 TSDU bch_err=0 raw=0x7
2026-04-19 18:04:23.538 ,CORRECTED,control  NAC:0x8A1 TSDU bch_err=1 raw=0x7
2026-04-19 18:04:23.541 ,PASSED,control  NAC:0x8A1 TSDU bch_err=0 raw=0x7
2026-04-19 18:04:23.544 ,PASSED,control  NAC:0x8A1 TSDU bch_err=0 raw=0x7
2026-04-19 18:04:23.547 ,PASSED,control  NAC:0x8A1 TSDU bch_err=0 raw=0x7
2026-04-19 18:04:23.549 ,PASSED,control  NAC:0x8A1 TSDU bch_err=0 raw=0x7
2026-04-19 18:04:23.552 ,PASSED,control  NAC:0x8A1 TSDU bch_err=0 raw=0x7
2026-04-19 18:04:23.555 ,PASSED,control  NAC:0x8A1 TSDU bch_err=0 raw=0x7
2026-04-19 18:04:23.559 ,CORRECTED,control  NAC:0x8A1 TSDU bch_err=1 raw=0x7
2026-04-19 18:04:26.856 ,PASSED,control  NAC:0x8A1 TSDU bch_err=0 raw=0x7
2026-04-19 18:04:26.859 ,PASSED,control  NAC:0x8A1 TSDU bch_err=0 raw=0x7
2026-04-19 18:04:26.862 ,PASSED,control  NAC:0x8A1 TSDU bch_err=0 raw=0x7
2026-04-19 18:04:26.864 ,PASSED,control  NAC:0x8A1 TSDU bch_err=0 raw=0x7
2026-04-19 18:04:26.867 ,PASSED,control  NAC:0x8A1 TSDU bch_err=0 raw=0x7
2026-04-19 18:04:26.870 ,PASSED,control  NAC:0x8A1 TSDU bch_err=0 raw=0x7
2026-04-19 18:04:26.873 ,PASSED,control  NAC:0x8A1 TSDU bch_err=0 raw=0x7
2026-04-19 18:04:26.876 ,PASSED,control  NAC:0x8A1 TSDU bch_err=0 raw=0x7
2026-04-19 18:04:26.878 ,PASSED,control  NAC:0x8A1 TSDU bch_err=0 raw=0x7
2026-04-19 18:04:26.881 ,PASSED,control  NAC:0x8A1 TSDU bch_err=0 raw=0x7
2026-04-19 18:04:26.884 ,PASSED,control  NAC:0x8A1 TSDU bch_err=0 raw=0x7
2026-04-19 18:04:26.887 ,PASSED,control  NAC:0x8A1 TSDU bch_err=0 raw=0x7
2026-04-19 18:04:26.890 ,PASSED,control  NAC:0x8A1 TSDU bch_err=0 raw=0x7
2026-04-19 18:04:26.892 ,PASSED,control  NAC:0x8A1 TSDU bch_err=0 raw=0x7
2026-04-19 18:04:26.895 ,PASSED,control  NAC:0x8A1 TSDU bch_err=0 raw=0x7
2026-04-19 18:04:26.898 ,PASSED,control  NAC:0x8A1 TSDU bch_err=0 raw=0x7
2026-04-19 18:04:26.901 ,PASSED,control  NAC:0x8A1 TSDU bch_err=0 raw=0x7
2026-04-19 18:04:26.903 ,PASSED,control  NAC:0x8A1 TSDU bch_err=0 raw=0x7
2026-04-19 18:04:26.906 ,PASSED,control  NAC:0x8A1 TSDU bch_err=0 raw=0x7
2026-04-19 18:04:26.909 ,PASSED,control  NAC:0x8A1 TSDU bch_err=0 raw=0x7
2026-04-19 18:04:26.912 ,PASSED,control  NAC:0x8A1 TSDU bch_err=0 raw=0x7
2026-04-19 18:04:26.915 ,PASSED,control  NAC:0x8A1 TSDU bch_err=0 raw=0x7
2026-04-19 18:04:26.917 ,PASSED,control  NAC:0x8A1 TSDU bch_err=0 raw=0x7
2026-04-19 18:04:26.920 ,PASSED,control  NAC:0x8A1 TSDU bch_err=0 raw=0x7
2026-04-19 18:04:26.922 ,PASSED,control  NAC:0x8A1 TSDU bch_err=0 raw=0x7
2026-04-19 18:04:26.925 ,PASSED,control  NAC:0x8A1 TSDU bch_err=0 raw=0x7
2026-04-19 18:04:26.928 ,PASSED,control  NAC:0x8A1 TSDU bch_err=0 raw=0x7
2026-04-19 18:04:26.930 ,PASSED,control  NAC:0x8A1 TSDU bch_err=0 raw=0x7
2026-04-19 18:04:26.935 ,CORRECTED,control  NAC:0x8A1 TSDU bch_err=8 raw=0x3
2026-04-19 18:04:26.938 ,PASSED,control  NAC:0x8A1 TSDU bch_err=0 raw=0x7
2026-04-19 18:04:26.941 ,PASSED,control  NAC:0x8A1 TSDU bch_err=0 raw=0x7
2026-04-19 18:04:26.943 ,PASSED,control  NAC:0x8A1 TSDU bch_err=0 raw=0x7
2026-04-19 18:04:26.946 ,PASSED,control  NAC:0x8A1 TSDU bch_err=0 raw=0x7
2026-04-19 18:04:26.949 ,PASSED,control  NAC:0x8A1 TSDU bch_err=0 raw=0x7
2026-04-19 18:04:26.954 ,CORRECTED,control  NAC:0x8A1 TSDU bch_err=3 raw=0x6
2026-04-19 18:04:26.958 ,CORRECTED,control  NAC:0x8A1 TSDU bch_err=1 raw=0x7
2026-04-19 18:04:26.961 ,PASSED,control  NAC:0x8A1 TSDU bch_err=0 raw=0x7
2026-04-19 18:04:26.964 ,PASSED,control  NAC:0x8A1 TSDU bch_err=0 raw=0x7
2026-04-19 18:04:27.889 ,CORRECTED,traffic  NAC:0x8A1 TDU_LC bch_err=5 raw=0xF
2026-04-19 18:04:27.890 ,PASSED,traffic  NAC:0x8A1 TDU_LC bch_err=0 raw=?
2026-04-19 18:04:27.897 ,CORRECTED,traffic  NAC:0x8A1 TDU_LC bch_err=2 raw=0xF
2026-04-19 18:04:27.898 ,PASSED,traffic  NAC:0x8A1 TDU_LC bch_err=0 raw=?
2026-04-19 18:04:27.901 ,PASSED,traffic  NAC:0x8A1 TDU_LC bch_err=0 raw=0xF
2026-04-19 18:04:27.901 ,PASSED,traffic  NAC:0x8A1 TDU_LC bch_err=0 raw=?
2026-04-19 18:04:27.908 ,CORRECTED,traffic  NAC:0x8A1 TDU_LC bch_err=1 raw=0xF
2026-04-19 18:04:27.908 ,PASSED,traffic  NAC:0x8A1 TDU_LC bch_err=0 raw=?
2026-04-19 18:04:27.913 ,CORRECTED,traffic  NAC:0x8A1 TDU_LC bch_err=4 raw=0xF
2026-04-19 18:04:27.913 ,PASSED,traffic  NAC:0x8A1 TDU_LC bch_err=0 raw=?
2026-04-19 18:04:27.918 ,CORRECTED,traffic  NAC:0x8A1 TDU_LC bch_err=7 raw=0xF
2026-04-19 18:04:27.919 ,PASSED,traffic  NAC:0x8A1 TDU_LC bch_err=0 raw=?
2026-04-19 18:04:27.925 ,CORRECTED,traffic  NAC:0x8A1 TDU_LC bch_err=10 raw=0xE
2026-04-19 18:04:27.926 ,PASSED,traffic  NAC:0x8A1 TDU_LC bch_err=0 raw=?
2026-04-19 18:04:27.931 ,CORRECTED,traffic  NAC:0x8A1 TDU_LC bch_err=1 raw=0xF
2026-04-19 18:04:27.931 ,PASSED,traffic  NAC:0x8A1 TDU_LC bch_err=0 raw=?
2026-04-19 18:04:27.934 ,PASSED,traffic  NAC:0x8A1 TDU_LC bch_err=0 raw=0xF
2026-04-19 18:04:27.934 ,PASSED,traffic  NAC:0x8A1 TDU_LC bch_err=0 raw=?
2026-04-19 18:04:27.945 ,CORRECTED,traffic  NAC:0x8A1 TDU_LC bch_err=7 raw=0xF
2026-04-19 18:04:27.945 ,PASSED,traffic  NAC:0x8A1 TDU_LC bch_err=0 raw=?
2026-04-19 18:04:27.950 ,CORRECTED,traffic  NAC:0x8A1 TDU_LC bch_err=2 raw=0xF
2026-04-19 18:04:27.950 ,PASSED,traffic  NAC:0x8A1 TDU_LC bch_err=0 raw=?
2026-04-19 18:04:27.958 ,CORRECTED,traffic  NAC:0x8A1 TDU_LC bch_err=5 raw=0xF
2026-04-19 18:04:27.958 ,PASSED,traffic  NAC:0x8A1 TDU_LC bch_err=0 raw=?
2026-04-19 18:04:27.963 ,CORRECTED,traffic  NAC:0x8A1 TDU_LC bch_err=1 raw=0xF
2026-04-19 18:04:27.964 ,PASSED,traffic  NAC:0x8A1 TDU_LC bch_err=0 raw=?
2026-04-19 18:04:27.968 ,CORRECTED,traffic  NAC:0x8A1 TDU_LC bch_err=3 raw=0xF
2026-04-19 18:04:27.969 ,PASSED,traffic  NAC:0x8A1 TDU_LC bch_err=0 raw=?
2026-04-19 18:04:27.974 ,PASSED,traffic  NAC:0x8A1 TDU_LC bch_err=0 raw=0xF
2026-04-19 18:04:27.974 ,PASSED,traffic  NAC:0x8A1 TDU_LC bch_err=0 raw=?
2026-04-19 18:04:27.978 ,PASSED,traffic  NAC:0x8A1 TDU_LC bch_err=0 raw=0xF
2026-04-19 18:04:27.978 ,PASSED,traffic  NAC:0x8A1 TDU_LC bch_err=0 raw=?
2026-04-19 18:04:30.269 ,PASSED,control  NAC:0x8A1 TSDU bch_err=0 raw=0x7
2026-04-19 18:04:30.274 ,PASSED,control  NAC:0x8A1 TSDU bch_err=0 raw=0x7
2026-04-19 18:04:30.278 ,PASSED,control  NAC:0x8A1 TSDU bch_err=0 raw=0x7
2026-04-19 18:04:30.282 ,PASSED,control  NAC:0x8A1 TSDU bch_err=0 raw=0x7
2026-04-19 18:04:30.285 ,PASSED,control  NAC:0x8A1 TSDU bch_err=0 raw=0x7
2026-04-19 18:04:30.291 ,PASSED,control  NAC:0x8A1 TSDU bch_err=0 raw=0x7
2026-04-19 18:04:30.295 ,PASSED,control  NAC:0x8A1 TSDU bch_err=0 raw=0x7
2026-04-19 18:04:30.300 ,PASSED,control  NAC:0x8A1 TSDU bch_err=0 raw=0x7
2026-04-19 18:04:30.304 ,PASSED,control  NAC:0x8A1 TSDU bch_err=0 raw=0x7
2026-04-19 18:04:30.312 ,PASSED,control  NAC:0x8A1 TSDU bch_err=0 raw=0x7
2026-04-19 18:04:30.320 ,PASSED,control  NAC:0x8A1 TSDU bch_err=0 raw=0x7
2026-04-19 18:04:30.327 ,PASSED,control  NAC:0x8A1 TSDU bch_err=0 raw=0x7
2026-04-19 18:04:30.330 ,PASSED,control  NAC:0x8A1 TSDU bch_err=0 raw=0x7
2026-04-19 18:04:30.334 ,PASSED,control  NAC:0x8A1 TSDU bch_err=0 raw=0x7
2026-04-19 18:04:30.340 ,CORRECTED,control  NAC:0x8A1 TSDU bch_err=9 raw=0x7
2026-04-19 18:04:30.345 ,PASSED,control  NAC:0x8A1 TSDU bch_err=0 raw=0x7
2026-04-19 18:04:30.351 ,PASSED,control  NAC:0x8A1 TSDU bch_err=0 raw=0x7
2026-04-19 18:04:30.358 ,PASSED,control  NAC:0x8A1 TSDU bch_err=0 raw=0x7
2026-04-19 18:04:30.363 ,PASSED,control  NAC:0x8A1 TSDU bch_err=0 raw=0x7
2026-04-19 18:04:30.372 ,CORRECTED,control  NAC:0x8A1 TSDU bch_err=2 raw=0x7
2026-04-19 18:04:30.377 ,CORRECTED,control  NAC:0x8A1 TSDU bch_err=7 raw=0x7
2026-04-19 18:04:30.381 ,PASSED,control  NAC:0x8A1 TSDU bch_err=0 raw=0x7
2026-04-19 18:04:30.386 ,PASSED,control  NAC:0x8A1 TSDU bch_err=0 raw=0x7
2026-04-19 18:04:30.390 ,PASSED,control  NAC:0x8A1 TSDU bch_err=0 raw=0x7
2026-04-19 18:04:30.395 ,PASSED,control  NAC:0x8A1 TSDU bch_err=0 raw=0x7
2026-04-19 18:04:30.401 ,PASSED,control  NAC:0x8A1 TSDU bch_err=0 raw=0x7
2026-04-19 18:04:30.404 ,PASSED,control  NAC:0x8A1 TSDU bch_err=0 raw=0x7
2026-04-19 18:04:30.409 ,PASSED,control  NAC:0x8A1 TSDU bch_err=0 raw=0x7
2026-04-19 18:04:30.414 ,PASSED,control  NAC:0x8A1 TSDU bch_err=0 raw=0x7
2026-04-19 18:04:30.418 ,PASSED,control  NAC:0x8A1 TSDU bch_err=0 raw=0x7
2026-04-19 18:04:30.424 ,PASSED,control  NAC:0x8A1 TSDU bch_err=0 raw=0x7
2026-04-19 18:04:30.428 ,PASSED,control  NAC:0x8A1 TSDU bch_err=0 raw=0x7
2026-04-19 18:04:30.432 ,PASSED,control  NAC:0x8A1 TSDU bch_err=0 raw=0x7
2026-04-19 18:04:30.437 ,PASSED,control  NAC:0x8A1 TSDU bch_err=0 raw=0x7
2026-04-19 18:04:30.440 ,PASSED,control  NAC:0x8A1 TSDU bch_err=0 raw=0x7
2026-04-19 18:04:30.445 ,PASSED,control  NAC:0x8A1 TSDU bch_err=0 raw=0x7
2026-04-19 18:04:30.448 ,PASSED,control  NAC:0x8A1 TSDU bch_err=0 raw=0x7
2026-04-19 18:04:30.452 ,PASSED,control  NAC:0x8A1 TSDU bch_err=0 raw=0x7
2026-04-19 18:04:30.458 ,PASSED,control  NAC:0x8A1 TSDU bch_err=0 raw=0x7
2026-04-19 18:04:30.462 ,PASSED,control  NAC:0x8A1 TSDU bch_err=0 raw=0x7
2026-04-19 18:04:30.467 ,PASSED,control  NAC:0x8A1 TSDU bch_err=0 raw=0x7
2026-04-19 18:04:30.470 ,PASSED,control  NAC:0x8A1 TSDU bch_err=0 raw=0x7
2026-04-19 18:04:30.474 ,PASSED,control  NAC:0x8A1 TSDU bch_err=0 raw=0x7
2026-04-19 18:04:30.479 ,PASSED,control  NAC:0x8A1 TSDU bch_err=0 raw=0x7
2026-04-19 18:04:30.486 ,CORRECTED,control  NAC:0x8A1 TSDU bch_err=1 raw=0x6
2026-04-19 18:04:31.315 ,CORRECTED,traffic  NAC:0x8A1 TDU_LC bch_err=10 raw=0xF
2026-04-19 18:04:31.315 ,PASSED,traffic  NAC:0x8A1 TDU_LC bch_err=0 raw=?
2026-04-19 18:04:31.324 ,CORRECTED,traffic  NAC:0x8A1 TDU_LC bch_err=11 raw=0xF
2026-04-19 18:04:31.324 ,PASSED,traffic  NAC:0x8A1 TDU_LC bch_err=0 raw=?
2026-04-19 18:04:31.328 ,CORRECTED,traffic  NAC:0x8A1 TDU_LC bch_err=5 raw=0xF
2026-04-19 18:04:31.328 ,PASSED,traffic  NAC:0x8A1 TDU_LC bch_err=0 raw=?
2026-04-19 18:04:31.334 ,CORRECTED,traffic  NAC:0x8A1 LDU2 bch_err=6 raw=0xA
2026-04-19 18:04:31.334 ,PASSED,traffic  NAC:0x8A1 LDU2 bch_err=0 raw=?
2026-04-19 18:04:31.343 ,CORRECTED,traffic  NAC:0x8A1 TDU_LC bch_err=7 raw=0xF
2026-04-19 18:04:31.343 ,PASSED,traffic  NAC:0x8A1 TDU_LC bch_err=0 raw=?
2026-04-19 18:04:31.347 ,CORRECTED,traffic  NAC:0x8A1 TDU_LC bch_err=6 raw=0xF
2026-04-19 18:04:31.348 ,PASSED,traffic  NAC:0x8A1 TDU_LC bch_err=0 raw=?
2026-04-19 18:04:31.352 ,CORRECTED,traffic  NAC:0x8A1 TDU_LC bch_err=7 raw=0xF
2026-04-19 18:04:31.352 ,PASSED,traffic  NAC:0x8A1 TDU_LC bch_err=0 raw=?
2026-04-19 18:04:31.355 ,PASSED,traffic  NAC:0x8A1 TDU_LC bch_err=0 raw=0xF
2026-04-19 18:04:31.355 ,PASSED,traffic  NAC:0x8A1 TDU_LC bch_err=0 raw=?
2026-04-19 18:04:31.360 ,CORRECTED,traffic  NAC:0x8A1 TDU_LC bch_err=6 raw=0xF
2026-04-19 18:04:31.360 ,PASSED,traffic  NAC:0x8A1 TDU_LC bch_err=0 raw=?
2026-04-19 18:04:31.368 ,CORRECTED,traffic  NAC:0x8A1 TDU_LC bch_err=4 raw=0xF
2026-04-19 18:04:31.368 ,PASSED,traffic  NAC:0x8A1 TDU_LC bch_err=0 raw=?
2026-04-19 18:04:31.373 ,CORRECTED,traffic  NAC:0x8A1 TDU_LC bch_err=1 raw=0xF
2026-04-19 18:04:31.373 ,PASSED,traffic  NAC:0x8A1 TDU_LC bch_err=0 raw=?
2026-04-19 18:04:33.683 ,PASSED,control  NAC:0x8A1 TSDU bch_err=0 raw=0x7
2026-04-19 18:04:33.686 ,PASSED,control  NAC:0x8A1 TSDU bch_err=0 raw=0x7
2026-04-19 18:04:33.695 ,CORRECTED,control  NAC:0x8A1 TSDU bch_err=2 raw=0x3
2026-04-19 18:04:33.705 ,PASSED,control  NAC:0x8A1 TSDU bch_err=0 raw=0x7
2026-04-19 18:04:33.709 ,PASSED,control  NAC:0x8A1 TSDU bch_err=0 raw=0x7
2026-04-19 18:04:33.712 ,PASSED,control  NAC:0x8A1 TSDU bch_err=0 raw=0x7
2026-04-19 18:04:33.721 ,PASSED,control  NAC:0x8A1 TSDU bch_err=0 raw=0x7
2026-04-19 18:04:33.726 ,PASSED,control  NAC:0x8A1 TSDU bch_err=0 raw=0x7
2026-04-19 18:04:33.732 ,PASSED,control  NAC:0x8A1 TSDU bch_err=0 raw=0x7
2026-04-19 18:04:33.740 ,PASSED,control  NAC:0x8A1 TSDU bch_err=0 raw=0x7
2026-04-19 18:04:33.743 ,PASSED,control  NAC:0x8A1 TSDU bch_err=0 raw=0x7
2026-04-19 18:04:33.746 ,PASSED,control  NAC:0x8A1 TSDU bch_err=0 raw=0x7
2026-04-19 18:04:33.749 ,PASSED,control  NAC:0x8A1 TSDU bch_err=0 raw=0x7
2026-04-19 18:04:33.752 ,PASSED,control  NAC:0x8A1 TSDU bch_err=0 raw=0x7
2026-04-19 18:04:33.755 ,PASSED,control  NAC:0x8A1 TSDU bch_err=0 raw=0x7
2026-04-19 18:04:33.759 ,PASSED,control  NAC:0x8A1 TSDU bch_err=0 raw=0x7
2026-04-19 18:04:33.763 ,CORRECTED,control  NAC:0x8A1 TSDU bch_err=4 raw=0x7
2026-04-19 18:04:33.768 ,CORRECTED,control  NAC:0x8A1 TSDU bch_err=2 raw=0x6
2026-04-19 18:04:33.771 ,PASSED,control  NAC:0x8A1 TSDU bch_err=0 raw=0x7
2026-04-19 18:04:33.775 ,PASSED,control  NAC:0x8A1 TSDU bch_err=0 raw=0x7
2026-04-19 18:04:33.778 ,PASSED,control  NAC:0x8A1 TSDU bch_err=0 raw=0x7
2026-04-19 18:04:33.783 ,CORRECTED,control  NAC:0x8A1 TSDU bch_err=1 raw=0x7
2026-04-19 18:04:33.787 ,PASSED,control  NAC:0x8A1 TSDU bch_err=0 raw=0x7
2026-04-19 18:04:33.791 ,PASSED,control  NAC:0x8A1 TSDU bch_err=0 raw=0x7
2026-04-19 18:04:33.796 ,CORRECTED,control  NAC:0x8A1 TSDU bch_err=2 raw=0x7
2026-04-19 18:04:33.801 ,CORRECTED,control  NAC:0x8A1 TSDU bch_err=3 raw=0x7
2026-04-19 18:04:33.805 ,PASSED,control  NAC:0x8A1 TSDU bch_err=0 raw=0x7
2026-04-19 18:04:33.808 ,PASSED,control  NAC:0x8A1 TSDU bch_err=0 raw=0x7
2026-04-19 18:04:33.812 ,PASSED,control  NAC:0x8A1 TSDU bch_err=0 raw=0x7
2026-04-19 18:04:33.817 ,CORRECTED,control  NAC:0x8A1 TSDU bch_err=2 raw=0x7
2026-04-19 18:04:33.821 ,PASSED,control  NAC:0x8A1 TSDU bch_err=0 raw=0x7
2026-04-19 18:04:33.824 ,PASSED,control  NAC:0x8A1 TSDU bch_err=0 raw=0x7
2026-04-19 18:04:33.828 ,PASSED,control  NAC:0x8A1 TSDU bch_err=0 raw=0x7
2026-04-19 18:04:33.831 ,PASSED,control  NAC:0x8A1 TSDU bch_err=0 raw=0x7
2026-04-19 18:04:33.835 ,PASSED,control  NAC:0x8A1 TSDU bch_err=0 raw=0x7
2026-04-19 18:04:33.838 ,PASSED,control  NAC:0x8A1 TSDU bch_err=0 raw=0x7
2026-04-19 18:04:33.841 ,PASSED,control  NAC:0x8A1 TSDU bch_err=0 raw=0x7
2026-04-19 18:04:33.847 ,CORRECTED,control  NAC:0x8A1 TSDU bch_err=1 raw=0x6
2026-04-19 18:04:33.851 ,PASSED,control  NAC:0x8A1 TSDU bch_err=0 raw=0x7
2026-04-19 18:04:33.854 ,PASSED,control  NAC:0x8A1 TSDU bch_err=0 raw=0x7
2026-04-19 18:04:33.858 ,PASSED,control  NAC:0x8A1 TSDU bch_err=0 raw=0x7
2026-04-19 18:04:33.862 ,PASSED,control  NAC:0x8A1 TSDU bch_err=0 raw=0x7
2026-04-19 18:04:33.866 ,PASSED,control  NAC:0x8A1 TSDU bch_err=0 raw=0x7
2026-04-19 18:04:33.869 ,PASSED,control  NAC:0x8A1 TSDU bch_err=0 raw=0x7
2026-04-19 18:04:33.873 ,PASSED,control  NAC:0x8A1 TSDU bch_err=0 raw=0x7
2026-04-19 18:04:35.676 ,CORRECTED,traffic  NAC:0x8A1 TDU_LC bch_err=10 raw=0x6
2026-04-19 18:04:35.676 ,PASSED,traffic  NAC:0x8A1 TDU_LC bch_err=0 raw=?
2026-04-19 18:04:35.681 ,CORRECTED,traffic  NAC:0x8A1 TDU_LC bch_err=7 raw=0xF
2026-04-19 18:04:35.681 ,PASSED,traffic  NAC:0x8A1 TDU_LC bch_err=0 raw=?
2026-04-19 18:04:35.685 ,CORRECTED,traffic  NAC:0x8A1 TDU_LC bch_err=6 raw=0xF
2026-04-19 18:04:35.686 ,PASSED,traffic  NAC:0x8A1 TDU_LC bch_err=0 raw=?
2026-04-19 18:04:35.690 ,CORRECTED,traffic  NAC:0x8A1 TDU_LC bch_err=2 raw=0xF
2026-04-19 18:04:35.690 ,PASSED,traffic  NAC:0x8A1 TDU_LC bch_err=0 raw=?
2026-04-19 18:04:37.095 ,PASSED,control  NAC:0x8A1 TSDU bch_err=0 raw=0x7
2026-04-19 18:04:37.098 ,PASSED,control  NAC:0x8A1 TSDU bch_err=0 raw=0x7
2026-04-19 18:04:37.101 ,PASSED,control  NAC:0x8A1 TSDU bch_err=0 raw=0x7
2026-04-19 18:04:37.105 ,PASSED,control  NAC:0x8A1 TSDU bch_err=0 raw=0x7
2026-04-19 18:04:37.108 ,PASSED,control  NAC:0x8A1 TSDU bch_err=0 raw=0x7
2026-04-19 18:04:37.113 ,CORRECTED,control  NAC:0x8A1 TSDU bch_err=7 raw=0x7
2026-04-19 18:04:37.117 ,PASSED,control  NAC:0x8A1 TSDU bch_err=0 raw=0x7
2026-04-19 18:04:37.123 ,CORRECTED,control  NAC:0x8A1 TSDU bch_err=1 raw=0x3
2026-04-19 18:04:37.129 ,CORRECTED,control  NAC:0x8A1 TSDU bch_err=6 raw=0x6
2026-04-19 18:04:37.133 ,PASSED,control  NAC:0x8A1 TSDU bch_err=0 raw=0x7
2026-04-19 18:04:37.137 ,PASSED,control  NAC:0x8A1 TSDU bch_err=0 raw=0x7
2026-04-19 18:04:37.141 ,PASSED,control  NAC:0x8A1 TSDU bch_err=0 raw=0x7
2026-04-19 18:04:37.144 ,PASSED,control  NAC:0x8A1 TSDU bch_err=0 raw=0x7
2026-04-19 18:04:37.147 ,PASSED,control  NAC:0x8A1 TSDU bch_err=0 raw=0x7
2026-04-19 18:04:37.151 ,PASSED,control  NAC:0x8A1 TSDU bch_err=0 raw=0x7
2026-04-19 18:04:37.156 ,PASSED,control  NAC:0x8A1 TSDU bch_err=0 raw=0x7
2026-04-19 18:04:37.159 ,PASSED,control  NAC:0x8A1 TSDU bch_err=0 raw=0x7
2026-04-19 18:04:37.163 ,PASSED,control  NAC:0x8A1 TSDU bch_err=0 raw=0x7
2026-04-19 18:04:37.166 ,PASSED,control  NAC:0x8A1 TSDU bch_err=0 raw=0x7
2026-04-19 18:04:37.169 ,PASSED,control  NAC:0x8A1 TSDU bch_err=0 raw=0x7
2026-04-19 18:04:37.174 ,PASSED,control  NAC:0x8A1 TSDU bch_err=0 raw=0x7
2026-04-19 18:04:37.178 ,PASSED,control  NAC:0x8A1 TSDU bch_err=0 raw=0x7
2026-04-19 18:04:37.182 ,PASSED,control  NAC:0x8A1 TSDU bch_err=0 raw=0x7
2026-04-19 18:04:37.185 ,PASSED,control  NAC:0x8A1 TSDU bch_err=0 raw=0x7
2026-04-19 18:04:37.190 ,CORRECTED,control  NAC:0x8A1 TSDU bch_err=2 raw=0x7
2026-04-19 18:04:37.193 ,PASSED,control  NAC:0x8A1 TSDU bch_err=0 raw=0x7
2026-04-19 18:04:37.196 ,PASSED,control  NAC:0x8A1 TSDU bch_err=0 raw=0x7
2026-04-19 18:04:37.199 ,PASSED,control  NAC:0x8A1 TSDU bch_err=0 raw=0x7
2026-04-19 18:04:37.203 ,PASSED,control  NAC:0x8A1 TSDU bch_err=0 raw=0x7
2026-04-19 18:04:37.206 ,PASSED,control  NAC:0x8A1 TSDU bch_err=0 raw=0x7
2026-04-19 18:04:37.209 ,PASSED,control  NAC:0x8A1 TSDU bch_err=0 raw=0x7
2026-04-19 18:04:37.213 ,PASSED,control  NAC:0x8A1 TSDU bch_err=0 raw=0x7
2026-04-19 18:04:37.216 ,PASSED,control  NAC:0x8A1 TSDU bch_err=0 raw=0x7
2026-04-19 18:04:37.219 ,PASSED,control  NAC:0x8A1 TSDU bch_err=0 raw=0x7
2026-04-19 18:04:37.222 ,PASSED,control  NAC:0x8A1 TSDU bch_err=0 raw=0x7
2026-04-19 18:04:37.226 ,PASSED,control  NAC:0x8A1 TSDU bch_err=0 raw=0x7
2026-04-19 18:04:37.229 ,PASSED,control  NAC:0x8A1 TSDU bch_err=0 raw=0x7
2026-04-19 18:04:37.232 ,PASSED,control  NAC:0x8A1 TSDU bch_err=0 raw=0x7
2026-04-19 18:04:37.237 ,PASSED,control  NAC:0x8A1 TSDU bch_err=0 raw=0x7
2026-04-19 18:04:37.240 ,PASSED,control  NAC:0x8A1 TSDU bch_err=0 raw=0x7
2026-04-19 18:04:37.244 ,PASSED,control  NAC:0x8A1 TSDU bch_err=0 raw=0x7
2026-04-19 18:04:37.248 ,PASSED,control  NAC:0x8A1 TSDU bch_err=0 raw=0x7
2026-04-19 18:04:37.251 ,PASSED,control  NAC:0x8A1 TSDU bch_err=0 raw=0x7
2026-04-19 18:04:40.509 ,PASSED,control  NAC:0x8A1 TSDU bch_err=0 raw=0x7
2026-04-19 18:04:40.512 ,PASSED,control  NAC:0x8A1 TSDU bch_err=0 raw=0x7
2026-04-19 18:04:40.514 ,PASSED,control  NAC:0x8A1 TSDU bch_err=0 raw=0x7
2026-04-19 18:04:40.517 ,PASSED,control  NAC:0x8A1 TSDU bch_err=0 raw=0x7
2026-04-19 18:04:40.520 ,PASSED,control  NAC:0x8A1 TSDU bch_err=0 raw=0x7
2026-04-19 18:04:40.525 ,CORRECTED,control  NAC:0x8A1 TSDU bch_err=3 raw=0x7
2026-04-19 18:04:40.527 ,PASSED,control  NAC:0x8A1 TSDU bch_err=0 raw=0x7
2026-04-19 18:04:40.530 ,PASSED,control  NAC:0x8A1 TSDU bch_err=0 raw=0x7
2026-04-19 18:04:40.533 ,PASSED,control  NAC:0x8A1 TSDU bch_err=0 raw=0x7
2026-04-19 18:04:40.536 ,PASSED,control  NAC:0x8A1 TSDU bch_err=0 raw=0x7
2026-04-19 18:04:40.539 ,PASSED,control  NAC:0x8A1 TSDU bch_err=0 raw=0x7
2026-04-19 18:04:40.541 ,PASSED,control  NAC:0x8A1 TSDU bch_err=0 raw=0x7
2026-04-19 18:04:40.544 ,PASSED,control  NAC:0x8A1 TSDU bch_err=0 raw=0x7
2026-04-19 18:04:40.547 ,PASSED,control  NAC:0x8A1 TSDU bch_err=0 raw=0x7
2026-04-19 18:04:40.550 ,PASSED,control  NAC:0x8A1 TSDU bch_err=0 raw=0x7
2026-04-19 18:04:40.552 ,PASSED,control  NAC:0x8A1 TSDU bch_err=0 raw=0x7
2026-04-19 18:04:40.555 ,PASSED,control  NAC:0x8A1 TSDU bch_err=0 raw=0x7
2026-04-19 18:04:40.557 ,PASSED,control  NAC:0x8A1 TSDU bch_err=0 raw=0x7
2026-04-19 18:04:40.560 ,PASSED,control  NAC:0x8A1 TSDU bch_err=0 raw=0x7
2026-04-19 18:04:40.563 ,PASSED,control  NAC:0x8A1 TSDU bch_err=0 raw=0x7
2026-04-19 18:04:40.566 ,PASSED,control  NAC:0x8A1 TSDU bch_err=0 raw=0x7
2026-04-19 18:04:40.569 ,PASSED,control  NAC:0x8A1 TSDU bch_err=0 raw=0x7
2026-04-19 18:04:40.572 ,PASSED,control  NAC:0x8A1 TSDU bch_err=0 raw=0x7
2026-04-19 18:04:40.574 ,PASSED,control  NAC:0x8A1 TSDU bch_err=0 raw=0x7
2026-04-19 18:04:40.577 ,PASSED,control  NAC:0x8A1 TSDU bch_err=0 raw=0x7
2026-04-19 18:04:40.580 ,PASSED,control  NAC:0x8A1 TSDU bch_err=0 raw=0x7
2026-04-19 18:04:40.582 ,PASSED,control  NAC:0x8A1 TSDU bch_err=0 raw=0x7
2026-04-19 18:04:40.585 ,PASSED,control  NAC:0x8A1 TSDU bch_err=0 raw=0x7
2026-04-19 18:04:40.587 ,PASSED,control  NAC:0x8A1 TSDU bch_err=0 raw=0x7
2026-04-19 18:04:40.592 ,CORRECTED,control  NAC:0x8A1 TSDU bch_err=5 raw=0x6
2026-04-19 18:04:40.595 ,PASSED,control  NAC:0x8A1 TSDU bch_err=0 raw=0x7
2026-04-19 18:04:40.599 ,CORRECTED,control  NAC:0x8A1 TSDU bch_err=1 raw=0x7
2026-04-19 18:04:40.602 ,PASSED,control  NAC:0x8A1 TSDU bch_err=0 raw=0x7
2026-04-19 18:04:40.605 ,PASSED,control  NAC:0x8A1 TSDU bch_err=0 raw=0x7
2026-04-19 18:04:40.609 ,CORRECTED,control  NAC:0x8A1 TSDU bch_err=6 raw=0x6
2026-04-19 18:04:40.614 ,CORRECTED,control  NAC:0x8A1 TSDU bch_err=1 raw=0x3
2026-04-19 18:04:40.617 ,PASSED,control  NAC:0x8A1 TSDU bch_err=0 raw=0x7
2026-04-19 18:04:40.619 ,PASSED,control  NAC:0x8A1 TSDU bch_err=0 raw=0x7
2026-04-19 18:04:40.624 ,CORRECTED,control  NAC:0x8A1 TSDU bch_err=1 raw=0x7
2026-04-19 18:04:40.627 ,PASSED,control  NAC:0x8A1 TSDU bch_err=0 raw=0x7
2026-04-19 18:04:40.629 ,PASSED,control  NAC:0x8A1 TSDU bch_err=0 raw=0x7
2026-04-19 18:04:40.632 ,PASSED,control  NAC:0x8A1 TSDU bch_err=0 raw=0x7
2026-04-19 18:04:40.635 ,PASSED,control  NAC:0x8A1 TSDU bch_err=0 raw=0x7
2026-04-19 18:04:43.922 ,PASSED,control  NAC:0x8A1 TSDU bch_err=0 raw=0x7
2026-04-19 18:04:43.925 ,PASSED,control  NAC:0x8A1 TSDU bch_err=0 raw=0x7
2026-04-19 18:04:43.928 ,PASSED,control  NAC:0x8A1 TSDU bch_err=0 raw=0x7
2026-04-19 18:04:43.931 ,PASSED,control  NAC:0x8A1 TSDU bch_err=0 raw=0x7
2026-04-19 18:04:43.933 ,PASSED,control  NAC:0x8A1 TSDU bch_err=0 raw=0x7
2026-04-19 18:04:43.936 ,PASSED,control  NAC:0x8A1 TSDU bch_err=0 raw=0x7
2026-04-19 18:04:43.939 ,PASSED,control  NAC:0x8A1 TSDU bch_err=0 raw=0x7
2026-04-19 18:04:43.943 ,CORRECTED,control  NAC:0x8A1 TSDU bch_err=2 raw=0x6
2026-04-19 18:04:43.946 ,PASSED,control  NAC:0x8A1 TSDU bch_err=0 raw=0x7
2026-04-19 18:04:43.949 ,PASSED,control  NAC:0x8A1 TSDU bch_err=0 raw=0x7
2026-04-19 18:04:43.951 ,PASSED,control  NAC:0x8A1 TSDU bch_err=0 raw=0x7
2026-04-19 18:04:43.956 ,CORRECTED,control  NAC:0x8A1 TSDU bch_err=2 raw=0x7
2026-04-19 18:04:43.959 ,PASSED,control  NAC:0x8A1 TSDU bch_err=0 raw=0x7
2026-04-19 18:04:43.961 ,PASSED,control  NAC:0x8A1 TSDU bch_err=0 raw=0x7
2026-04-19 18:04:43.964 ,PASSED,control  NAC:0x8A1 TSDU bch_err=0 raw=0x7
2026-04-19 18:04:43.967 ,PASSED,control  NAC:0x8A1 TSDU bch_err=0 raw=0x7
2026-04-19 18:04:43.969 ,PASSED,control  NAC:0x8A1 TSDU bch_err=0 raw=0x7
2026-04-19 18:04:43.972 ,PASSED,control  NAC:0x8A1 TSDU bch_err=0 raw=0x7
2026-04-19 18:04:43.975 ,PASSED,control  NAC:0x8A1 TSDU bch_err=0 raw=0x7
2026-04-19 18:04:43.978 ,PASSED,control  NAC:0x8A1 TSDU bch_err=0 raw=0x7
2026-04-19 18:04:43.980 ,PASSED,control  NAC:0x8A1 TSDU bch_err=0 raw=0x7
2026-04-19 18:04:43.983 ,PASSED,control  NAC:0x8A1 TSDU bch_err=0 raw=0x7
2026-04-19 18:04:43.986 ,PASSED,control  NAC:0x8A1 TSDU bch_err=0 raw=0x7
2026-04-19 18:04:43.989 ,PASSED,control  NAC:0x8A1 TSDU bch_err=0 raw=0x7
2026-04-19 18:04:43.991 ,PASSED,control  NAC:0x8A1 TSDU bch_err=0 raw=0x7
2026-04-19 18:04:43.994 ,PASSED,control  NAC:0x8A1 TSDU bch_err=0 raw=0x7
2026-04-19 18:04:43.999 ,CORRECTED,control  NAC:0x8A1 TSDU bch_err=1 raw=0x7
2026-04-19 18:04:44.001 ,PASSED,control  NAC:0x8A1 TSDU bch_err=0 raw=0x7
2026-04-19 18:04:44.004 ,PASSED,control  NAC:0x8A1 TSDU bch_err=0 raw=0x7
2026-04-19 18:04:44.007 ,PASSED,control  NAC:0x8A1 TSDU bch_err=0 raw=0x7
2026-04-19 18:04:44.010 ,PASSED,control  NAC:0x8A1 TSDU bch_err=0 raw=0x7
2026-04-19 18:04:44.012 ,PASSED,control  NAC:0x8A1 TSDU bch_err=0 raw=0x7
2026-04-19 18:04:44.015 ,PASSED,control  NAC:0x8A1 TSDU bch_err=0 raw=0x7
2026-04-19 18:04:44.018 ,PASSED,control  NAC:0x8A1 TSDU bch_err=0 raw=0x7
2026-04-19 18:04:44.020 ,PASSED,control  NAC:0x8A1 TSDU bch_err=0 raw=0x7
2026-04-19 18:04:44.023 ,PASSED,control  NAC:0x8A1 TSDU bch_err=0 raw=0x7
2026-04-19 18:04:44.026 ,PASSED,control  NAC:0x8A1 TSDU bch_err=0 raw=0x7
2026-04-19 18:04:44.029 ,PASSED,control  NAC:0x8A1 TSDU bch_err=0 raw=0x7
2026-04-19 18:04:44.031 ,PASSED,control  NAC:0x8A1 TSDU bch_err=0 raw=0x7
2026-04-19 18:04:44.034 ,PASSED,control  NAC:0x8A1 TSDU bch_err=0 raw=0x7
2026-04-19 18:04:44.037 ,PASSED,control  NAC:0x8A1 TSDU bch_err=0 raw=0x7
2026-04-19 18:04:44.039 ,PASSED,control  NAC:0x8A1 TSDU bch_err=0 raw=0x7
2026-04-19 18:04:44.042 ,PASSED,control  NAC:0x8A1 TSDU bch_err=0 raw=0x7
2026-04-19 18:04:44.045 ,PASSED,control  NAC:0x8A1 TSDU bch_err=0 raw=0x7
2026-04-19 18:04:44.048 ,PASSED,control  NAC:0x8A1 TSDU bch_err=0 raw=0x7
2026-04-19 18:04:47.336 ,PASSED,control  NAC:0x8A1 TSDU bch_err=0 raw=0x7
2026-04-19 18:04:47.338 ,PASSED,control  NAC:0x8A1 TSDU bch_err=0 raw=0x7
2026-04-19 18:04:47.341 ,PASSED,control  NAC:0x8A1 TSDU bch_err=0 raw=0x7
2026-04-19 18:04:47.344 ,PASSED,control  NAC:0x8A1 TSDU bch_err=0 raw=0x7
2026-04-19 18:04:47.347 ,PASSED,control  NAC:0x8A1 TSDU bch_err=0 raw=0x7
2026-04-19 18:04:47.349 ,PASSED,control  NAC:0x8A1 TSDU bch_err=0 raw=0x7
2026-04-19 18:04:47.352 ,PASSED,control  NAC:0x8A1 TSDU bch_err=0 raw=0x7
2026-04-19 18:04:47.357 ,CORRECTED,control  NAC:0x8A1 TSDU bch_err=1 raw=0x6
2026-04-19 18:04:47.360 ,PASSED,control  NAC:0x8A1 TSDU bch_err=0 raw=0x7
2026-04-19 18:04:47.363 ,PASSED,control  NAC:0x8A1 TSDU bch_err=0 raw=0x7
2026-04-19 18:04:47.365 ,PASSED,control  NAC:0x8A1 TSDU bch_err=0 raw=0x7
2026-04-19 18:04:47.368 ,PASSED,control  NAC:0x8A1 TSDU bch_err=0 raw=0x7
2026-04-19 18:04:47.373 ,CORRECTED,control  NAC:0x8A1 TSDU bch_err=1 raw=0x3
2026-04-19 18:04:47.376 ,PASSED,control  NAC:0x8A1 TSDU bch_err=0 raw=0x7
2026-04-19 18:04:47.378 ,PASSED,control  NAC:0x8A1 TSDU bch_err=0 raw=0x7
2026-04-19 18:04:47.383 ,CORRECTED,control  NAC:0x8A1 TSDU bch_err=1 raw=0x3
2026-04-19 18:04:47.386 ,PASSED,control  NAC:0x8A1 TSDU bch_err=0 raw=0x7
2026-04-19 18:04:47.389 ,PASSED,control  NAC:0x8A1 TSDU bch_err=0 raw=0x7
2026-04-19 18:04:47.391 ,PASSED,control  NAC:0x8A1 TSDU bch_err=0 raw=0x7
2026-04-19 18:04:47.394 ,PASSED,control  NAC:0x8A1 TSDU bch_err=0 raw=0x7
2026-04-19 18:04:47.397 ,PASSED,control  NAC:0x8A1 TSDU bch_err=0 raw=0x7
2026-04-19 18:04:47.399 ,PASSED,control  NAC:0x8A1 TSDU bch_err=0 raw=0x7
2026-04-19 18:04:47.402 ,PASSED,control  NAC:0x8A1 TSDU bch_err=0 raw=0x7
2026-04-19 18:04:47.407 ,CORRECTED,control  NAC:0x8A1 TSDU bch_err=1 raw=0x6
2026-04-19 18:04:47.410 ,PASSED,control  NAC:0x8A1 TSDU bch_err=0 raw=0x7
2026-04-19 18:04:47.413 ,PASSED,control  NAC:0x8A1 TSDU bch_err=0 raw=0x7
2026-04-19 18:04:47.415 ,PASSED,control  NAC:0x8A1 TSDU bch_err=0 raw=0x7
2026-04-19 18:04:47.418 ,PASSED,control  NAC:0x8A1 TSDU bch_err=0 raw=0x7
2026-04-19 18:04:47.421 ,PASSED,control  NAC:0x8A1 TSDU bch_err=0 raw=0x7
2026-04-19 18:04:47.424 ,PASSED,control  NAC:0x8A1 TSDU bch_err=0 raw=0x7
2026-04-19 18:04:47.426 ,PASSED,control  NAC:0x8A1 TSDU bch_err=0 raw=0x7
2026-04-19 18:04:47.429 ,PASSED,control  NAC:0x8A1 TSDU bch_err=0 raw=0x7
2026-04-19 18:04:47.432 ,PASSED,control  NAC:0x8A1 TSDU bch_err=0 raw=0x7
2026-04-19 18:04:47.435 ,PASSED,control  NAC:0x8A1 TSDU bch_err=0 raw=0x7
2026-04-19 18:04:47.438 ,PASSED,control  NAC:0x8A1 TSDU bch_err=0 raw=0x7
2026-04-19 18:04:47.440 ,PASSED,control  NAC:0x8A1 TSDU bch_err=0 raw=0x7
2026-04-19 18:04:47.445 ,CORRECTED,control  NAC:0x8A1 TSDU bch_err=1 raw=0x6
2026-04-19 18:04:47.448 ,PASSED,control  NAC:0x8A1 TSDU bch_err=0 raw=0x7
2026-04-19 18:04:47.451 ,PASSED,control  NAC:0x8A1 TSDU bch_err=0 raw=0x7
2026-04-19 18:04:47.453 ,PASSED,control  NAC:0x8A1 TSDU bch_err=0 raw=0x7
2026-04-19 18:04:47.458 ,PASSED,control  NAC:0x8A1 TSDU bch_err=0 raw=0x7
2026-04-19 18:04:47.462 ,PASSED,control  NAC:0x8A1 TSDU bch_err=0 raw=0x7
2026-04-19 18:04:47.466 ,PASSED,control  NAC:0x8A1 TSDU bch_err=0 raw=0x7
2026-04-19 18:04:47.469 ,PASSED,control  NAC:0x8A1 TSDU bch_err=0 raw=0x7
2026-04-19 18:04:47.473 ,PASSED,control  NAC:0x8A1 TSDU bch_err=0 raw=0x7
2026-04-19 18:04:47.477 ,PASSED,control  NAC:0x8A1 TSDU bch_err=0 raw=0x7
2026-04-19 18:04:50.749 ,PASSED,control  NAC:0x8A1 TSDU bch_err=0 raw=0x7
2026-04-19 18:04:50.752 ,PASSED,control  NAC:0x8A1 TSDU bch_err=0 raw=0x7
2026-04-19 18:04:50.755 ,PASSED,control  NAC:0x8A1 TSDU bch_err=0 raw=0x7
2026-04-19 18:04:50.758 ,PASSED,control  NAC:0x8A1 TSDU bch_err=0 raw=0x7
2026-04-19 18:04:50.760 ,PASSED,control  NAC:0x8A1 TSDU bch_err=0 raw=0x7
2026-04-19 18:04:50.764 ,PASSED,control  NAC:0x8A1 TSDU bch_err=0 raw=0x7
2026-04-19 18:04:50.768 ,PASSED,control  NAC:0x8A1 TSDU bch_err=0 raw=0x7
2026-04-19 18:04:50.772 ,PASSED,control  NAC:0x8A1 TSDU bch_err=0 raw=0x7
2026-04-19 18:04:50.775 ,PASSED,control  NAC:0x8A1 TSDU bch_err=0 raw=0x7
2026-04-19 18:04:50.779 ,PASSED,control  NAC:0x8A1 TSDU bch_err=0 raw=0x7
2026-04-19 18:04:50.783 ,PASSED,control  NAC:0x8A1 TSDU bch_err=0 raw=0x7
2026-04-19 18:04:50.787 ,PASSED,control  NAC:0x8A1 TSDU bch_err=0 raw=0x7
2026-04-19 18:04:50.793 ,CORRECTED,control  NAC:0x8A1 TSDU bch_err=1 raw=0x6
2026-04-19 18:04:50.797 ,PASSED,control  NAC:0x8A1 TSDU bch_err=0 raw=0x7
2026-04-19 18:04:50.801 ,PASSED,control  NAC:0x8A1 TSDU bch_err=0 raw=0x7
2026-04-19 18:04:50.805 ,PASSED,control  NAC:0x8A1 TSDU bch_err=0 raw=0x7
2026-04-19 18:04:50.808 ,PASSED,control  NAC:0x8A1 TSDU bch_err=0 raw=0x7
2026-04-19 18:04:50.812 ,PASSED,control  NAC:0x8A1 TSDU bch_err=0 raw=0x7
2026-04-19 18:04:50.816 ,PASSED,control  NAC:0x8A1 TSDU bch_err=0 raw=0x7
2026-04-19 18:04:50.819 ,PASSED,control  NAC:0x8A1 TSDU bch_err=0 raw=0x7
2026-04-19 18:04:50.827 ,PASSED,control  NAC:0x8A1 TSDU bch_err=0 raw=0x7
2026-04-19 18:04:50.829 ,PASSED,control  NAC:0x8A1 TSDU bch_err=0 raw=0x7
2026-04-19 18:04:50.832 ,PASSED,control  NAC:0x8A1 TSDU bch_err=0 raw=0x7
2026-04-19 18:04:50.835 ,PASSED,control  NAC:0x8A1 TSDU bch_err=0 raw=0x7
2026-04-19 18:04:50.838 ,PASSED,control  NAC:0x8A1 TSDU bch_err=0 raw=0x7
2026-04-19 18:04:50.840 ,PASSED,control  NAC:0x8A1 TSDU bch_err=0 raw=0x7
2026-04-19 18:04:50.843 ,PASSED,control  NAC:0x8A1 TSDU bch_err=0 raw=0x7
2026-04-19 18:04:50.846 ,PASSED,control  NAC:0x8A1 TSDU bch_err=0 raw=0x7
2026-04-19 18:04:50.849 ,PASSED,control  NAC:0x8A1 TSDU bch_err=0 raw=0x7
2026-04-19 18:04:50.851 ,PASSED,control  NAC:0x8A1 TSDU bch_err=0 raw=0x7
2026-04-19 18:04:50.854 ,PASSED,control  NAC:0x8A1 TSDU bch_err=0 raw=0x7
2026-04-19 18:04:50.857 ,PASSED,control  NAC:0x8A1 TSDU bch_err=0 raw=0x7
2026-04-19 18:04:50.860 ,PASSED,control  NAC:0x8A1 TSDU bch_err=0 raw=0x7
2026-04-19 18:04:50.862 ,PASSED,control  NAC:0x8A1 TSDU bch_err=0 raw=0x7
2026-04-19 18:04:50.865 ,PASSED,control  NAC:0x8A1 TSDU bch_err=0 raw=0x7
2026-04-19 18:04:50.868 ,PASSED,control  NAC:0x8A1 TSDU bch_err=0 raw=0x7
2026-04-19 18:04:50.870 ,PASSED,control  NAC:0x8A1 TSDU bch_err=0 raw=0x7
2026-04-19 18:04:50.873 ,PASSED,control  NAC:0x8A1 TSDU bch_err=0 raw=0x7
2026-04-19 18:04:50.876 ,PASSED,control  NAC:0x8A1 TSDU bch_err=0 raw=0x7
2026-04-19 18:04:50.878 ,PASSED,control  NAC:0x8A1 TSDU bch_err=0 raw=0x7
2026-04-19 18:04:50.883 ,CORRECTED,control  NAC:0x8A1 TSDU bch_err=5 raw=0x6
2026-04-19 18:04:50.886 ,PASSED,control  NAC:0x8A1 TSDU bch_err=0 raw=0x7
2026-04-19 18:04:54.162 ,PASSED,control  NAC:0x8A1 TSDU bch_err=0 raw=0x7
2026-04-19 18:04:54.167 ,CORRECTED,control  NAC:0x8A1 TSDU bch_err=1 raw=0x7
2026-04-19 18:04:54.170 ,PASSED,control  NAC:0x8A1 TSDU bch_err=0 raw=0x7
2026-04-19 18:04:54.173 ,PASSED,control  NAC:0x8A1 TSDU bch_err=0 raw=0x7
2026-04-19 18:04:54.177 ,CORRECTED,control  NAC:0x8A1 TSDU bch_err=6 raw=0x6
2026-04-19 18:04:54.180 ,PASSED,control  NAC:0x8A1 TSDU bch_err=0 raw=0x7
2026-04-19 18:04:54.183 ,PASSED,control  NAC:0x8A1 TSDU bch_err=0 raw=0x7
2026-04-19 18:04:54.186 ,PASSED,control  NAC:0x8A1 TSDU bch_err=0 raw=0x7
2026-04-19 18:04:54.190 ,PASSED,control  NAC:0x8A1 TSDU bch_err=0 raw=0x7
2026-04-19 18:04:54.194 ,PASSED,control  NAC:0x8A1 TSDU bch_err=0 raw=0x7
2026-04-19 18:04:54.197 ,PASSED,control  NAC:0x8A1 TSDU bch_err=0 raw=0x7
2026-04-19 18:04:54.202 ,PASSED,control  NAC:0x8A1 TSDU bch_err=0 raw=0x7
2026-04-19 18:04:54.205 ,PASSED,control  NAC:0x8A1 TSDU bch_err=0 raw=0x7
2026-04-19 18:04:54.208 ,PASSED,control  NAC:0x8A1 TSDU bch_err=0 raw=0x7
2026-04-19 18:04:54.211 ,PASSED,control  NAC:0x8A1 TSDU bch_err=0 raw=0x7
2026-04-19 18:04:54.214 ,PASSED,control  NAC:0x8A1 TSDU bch_err=0 raw=0x7
2026-04-19 18:04:54.217 ,PASSED,control  NAC:0x8A1 TSDU bch_err=0 raw=0x7
2026-04-19 18:04:54.222 ,PASSED,control  NAC:0x8A1 TSDU bch_err=0 raw=0x7
2026-04-19 18:04:54.225 ,PASSED,control  NAC:0x8A1 TSDU bch_err=0 raw=0x7
2026-04-19 18:04:54.228 ,PASSED,control  NAC:0x8A1 TSDU bch_err=0 raw=0x7
2026-04-19 18:04:54.233 ,PASSED,control  NAC:0x8A1 TSDU bch_err=0 raw=0x7
2026-04-19 18:04:54.236 ,PASSED,control  NAC:0x8A1 TSDU bch_err=0 raw=0x7
2026-04-19 18:04:54.239 ,PASSED,control  NAC:0x8A1 TSDU bch_err=0 raw=0x7
2026-04-19 18:04:54.242 ,PASSED,control  NAC:0x8A1 TSDU bch_err=0 raw=0x7
2026-04-19 18:04:54.245 ,PASSED,control  NAC:0x8A1 TSDU bch_err=0 raw=0x7
2026-04-19 18:04:54.248 ,PASSED,control  NAC:0x8A1 TSDU bch_err=0 raw=0x7
2026-04-19 18:04:54.253 ,PASSED,control  NAC:0x8A1 TSDU bch_err=0 raw=0x7
2026-04-19 18:04:54.256 ,PASSED,control  NAC:0x8A1 TSDU bch_err=0 raw=0x7
2026-04-19 18:04:54.261 ,CORRECTED,control  NAC:0x8A1 TSDU bch_err=4 raw=0x2
2026-04-19 18:04:54.267 ,PASSED,control  NAC:0x8A1 TSDU bch_err=0 raw=0x7
2026-04-19 18:04:54.271 ,PASSED,control  NAC:0x8A1 TSDU bch_err=0 raw=0x7
2026-04-19 18:04:54.274 ,PASSED,control  NAC:0x8A1 TSDU bch_err=0 raw=0x7
2026-04-19 18:04:54.278 ,PASSED,control  NAC:0x8A1 TSDU bch_err=0 raw=0x7
2026-04-19 18:04:54.283 ,PASSED,control  NAC:0x8A1 TSDU bch_err=0 raw=0x7
2026-04-19 18:04:54.286 ,PASSED,control  NAC:0x8A1 TSDU bch_err=0 raw=0x7
2026-04-19 18:04:54.290 ,PASSED,control  NAC:0x8A1 TSDU bch_err=0 raw=0x7
2026-04-19 18:04:54.294 ,PASSED,control  NAC:0x8A1 TSDU bch_err=0 raw=0x7
2026-04-19 18:04:54.298 ,PASSED,control  NAC:0x8A1 TSDU bch_err=0 raw=0x7
2026-04-19 18:04:54.302 ,PASSED,control  NAC:0x8A1 TSDU bch_err=0 raw=0x7
2026-04-19 18:04:54.306 ,PASSED,control  NAC:0x8A1 TSDU bch_err=0 raw=0x7
2026-04-19 18:04:54.310 ,PASSED,control  NAC:0x8A1 TSDU bch_err=0 raw=0x7
2026-04-19 18:04:54.314 ,PASSED,control  NAC:0x8A1 TSDU bch_err=0 raw=0x7
2026-04-19 18:04:54.318 ,PASSED,control  NAC:0x8A1 TSDU bch_err=0 raw=0x7
2026-04-19 18:04:54.322 ,PASSED,control  NAC:0x8A1 TSDU bch_err=0 raw=0x7
2026-04-19 18:04:57.576 ,PASSED,control  NAC:0x8A1 TSDU bch_err=0 raw=0x7
2026-04-19 18:04:57.580 ,PASSED,control  NAC:0x8A1 TSDU bch_err=0 raw=0x7
2026-04-19 18:04:57.586 ,PASSED,control  NAC:0x8A1 TSDU bch_err=0 raw=0x7
2026-04-19 18:04:57.590 ,PASSED,control  NAC:0x8A1 TSDU bch_err=0 raw=0x7
2026-04-19 18:04:57.596 ,PASSED,control  NAC:0x8A1 TSDU bch_err=0 raw=0x7
2026-04-19 18:04:57.600 ,PASSED,control  NAC:0x8A1 TSDU bch_err=0 raw=0x7
2026-04-19 18:04:57.603 ,PASSED,control  NAC:0x8A1 TSDU bch_err=0 raw=0x7
2026-04-19 18:04:57.608 ,PASSED,control  NAC:0x8A1 TSDU bch_err=0 raw=0x7
2026-04-19 18:04:57.616 ,CORRECTED,control  NAC:0x8A1 TSDU bch_err=1 raw=0x7
2026-04-19 18:04:57.621 ,PASSED,control  NAC:0x8A1 TSDU bch_err=0 raw=0x7
2026-04-19 18:04:57.625 ,PASSED,control  NAC:0x8A1 TSDU bch_err=0 raw=0x7
2026-04-19 18:04:57.630 ,CORRECTED,control  NAC:0x8A1 TSDU bch_err=2 raw=0x7
2026-04-19 18:04:57.634 ,PASSED,control  NAC:0x8A1 TSDU bch_err=0 raw=0x7
2026-04-19 18:04:57.638 ,PASSED,control  NAC:0x8A1 TSDU bch_err=0 raw=0x7
2026-04-19 18:04:57.642 ,PASSED,control  NAC:0x8A1 TSDU bch_err=0 raw=0x7
2026-04-19 18:04:57.648 ,CORRECTED,control  NAC:0x8A1 TSDU bch_err=4 raw=0x6
2026-04-19 18:04:57.652 ,PASSED,control  NAC:0x8A1 TSDU bch_err=0 raw=0x7
2026-04-19 18:04:57.655 ,PASSED,control  NAC:0x8A1 TSDU bch_err=0 raw=0x7
2026-04-19 18:04:57.658 ,PASSED,control  NAC:0x8A1 TSDU bch_err=0 raw=0x7
2026-04-19 18:04:57.664 ,CORRECTED,control  NAC:0x8A1 TSDU bch_err=1 raw=0x6
2026-04-19 18:04:57.668 ,PASSED,control  NAC:0x8A1 TSDU bch_err=0 raw=0x7
2026-04-19 18:04:57.671 ,PASSED,control  NAC:0x8A1 TSDU bch_err=0 raw=0x7
2026-04-19 18:04:57.674 ,PASSED,control  NAC:0x8A1 TSDU bch_err=0 raw=0x7
2026-04-19 18:04:57.678 ,PASSED,control  NAC:0x8A1 TSDU bch_err=0 raw=0x7
2026-04-19 18:04:57.682 ,PASSED,control  NAC:0x8A1 TSDU bch_err=0 raw=0x7
2026-04-19 18:04:57.686 ,PASSED,control  NAC:0x8A1 TSDU bch_err=0 raw=0x7
2026-04-19 18:04:57.690 ,PASSED,control  NAC:0x8A1 TSDU bch_err=0 raw=0x7
2026-04-19 18:04:57.693 ,PASSED,control  NAC:0x8A1 TSDU bch_err=0 raw=0x7
2026-04-19 18:04:57.697 ,PASSED,control  NAC:0x8A1 TSDU bch_err=0 raw=0x7
2026-04-19 18:04:57.701 ,PASSED,control  NAC:0x8A1 TSDU bch_err=0 raw=0x7
2026-04-19 18:04:57.704 ,PASSED,control  NAC:0x8A1 TSDU bch_err=0 raw=0x7
2026-04-19 18:04:57.708 ,PASSED,control  NAC:0x8A1 TSDU bch_err=0 raw=0x7
2026-04-19 18:04:57.712 ,PASSED,control  NAC:0x8A1 TSDU bch_err=0 raw=0x7
2026-04-19 18:04:57.716 ,PASSED,control  NAC:0x8A1 TSDU bch_err=0 raw=0x7
2026-04-19 18:04:57.721 ,CORRECTED,control  NAC:0x8A1 TSDU bch_err=1 raw=0x3
2026-04-19 18:04:57.725 ,PASSED,control  NAC:0x8A1 TSDU bch_err=0 raw=0x7
2026-04-19 18:04:57.729 ,PASSED,control  NAC:0x8A1 TSDU bch_err=0 raw=0x7
2026-04-19 18:04:57.733 ,PASSED,control  NAC:0x8A1 TSDU bch_err=0 raw=0x7
2026-04-19 18:04:57.736 ,PASSED,control  NAC:0x8A1 TSDU bch_err=0 raw=0x7
2026-04-19 18:04:57.740 ,PASSED,control  NAC:0x8A1 TSDU bch_err=0 raw=0x7
2026-04-19 18:04:57.744 ,PASSED,control  NAC:0x8A1 TSDU bch_err=0 raw=0x7
2026-04-19 18:04:57.748 ,PASSED,control  NAC:0x8A1 TSDU bch_err=0 raw=0x7
2026-04-19 18:04:57.751 ,PASSED,control  NAC:0x8A1 TSDU bch_err=0 raw=0x7
2026-04-19 18:04:57.754 ,PASSED,control  NAC:0x8A1 TSDU bch_err=0 raw=0x7
2026-04-19 18:05:00.990 ,PASSED,control  NAC:0x8A1 TSDU bch_err=0 raw=0x7
2026-04-19 18:05:00.995 ,PASSED,control  NAC:0x8A1 TSDU bch_err=0 raw=0x7
2026-04-19 18:05:00.998 ,PASSED,control  NAC:0x8A1 TSDU bch_err=0 raw=0x7
2026-04-19 18:05:01.002 ,PASSED,control  NAC:0x8A1 TSDU bch_err=0 raw=0x7
2026-04-19 18:05:01.007 ,PASSED,control  NAC:0x8A1 TSDU bch_err=0 raw=0x7
2026-04-19 18:05:01.012 ,CORRECTED,control  NAC:0x8A1 TSDU bch_err=2 raw=0x6
2026-04-19 18:05:01.015 ,PASSED,control  NAC:0x8A1 TSDU bch_err=0 raw=0x7
2026-04-19 18:05:01.019 ,PASSED,control  NAC:0x8A1 TSDU bch_err=0 raw=0x7
2026-04-19 18:05:01.024 ,CORRECTED,control  NAC:0x8A1 TSDU bch_err=1 raw=0x6
2026-04-19 18:05:01.029 ,CORRECTED,control  NAC:0x8A1 TSDU bch_err=1 raw=0x7
2026-04-19 18:05:01.033 ,PASSED,control  NAC:0x8A1 TSDU bch_err=0 raw=0x7
2026-04-19 18:05:01.036 ,PASSED,control  NAC:0x8A1 TSDU bch_err=0 raw=0x7
2026-04-19 18:05:01.039 ,PASSED,control  NAC:0x8A1 TSDU bch_err=0 raw=0x7
2026-04-19 18:05:01.042 ,PASSED,control  NAC:0x8A1 TSDU bch_err=0 raw=0x7
2026-04-19 18:05:01.045 ,PASSED,control  NAC:0x8A1 TSDU bch_err=0 raw=0x7
2026-04-19 18:05:01.049 ,PASSED,control  NAC:0x8A1 TSDU bch_err=0 raw=0x7
2026-04-19 18:05:01.053 ,PASSED,control  NAC:0x8A1 TSDU bch_err=0 raw=0x7
2026-04-19 18:05:01.056 ,PASSED,control  NAC:0x8A1 TSDU bch_err=0 raw=0x7
2026-04-19 18:05:01.065 ,PASSED,control  NAC:0x8A1 TSDU bch_err=0 raw=0x7
2026-04-19 18:05:01.069 ,PASSED,control  NAC:0x8A1 TSDU bch_err=0 raw=0x7
2026-04-19 18:05:01.079 ,PASSED,control  NAC:0x8A1 TSDU bch_err=0 raw=0x7
2026-04-19 18:05:01.083 ,PASSED,control  NAC:0x8A1 TSDU bch_err=0 raw=0x7
2026-04-19 18:05:01.088 ,PASSED,control  NAC:0x8A1 TSDU bch_err=0 raw=0x7
2026-04-19 18:05:01.093 ,PASSED,control  NAC:0x8A1 TSDU bch_err=0 raw=0x7
2026-04-19 18:05:01.097 ,PASSED,control  NAC:0x8A1 TSDU bch_err=0 raw=0x7
2026-04-19 18:05:01.101 ,PASSED,control  NAC:0x8A1 TSDU bch_err=0 raw=0x7
2026-04-19 18:05:01.105 ,PASSED,control  NAC:0x8A1 TSDU bch_err=0 raw=0x7
2026-04-19 18:05:01.111 ,PASSED,control  NAC:0x8A1 TSDU bch_err=0 raw=0x7
2026-04-19 18:05:01.115 ,PASSED,control  NAC:0x8A1 TSDU bch_err=0 raw=0x7
2026-04-19 18:05:01.118 ,PASSED,control  NAC:0x8A1 TSDU bch_err=0 raw=0x7
2026-04-19 18:05:01.123 ,PASSED,control  NAC:0x8A1 TSDU bch_err=0 raw=0x7
2026-04-19 18:05:01.128 ,PASSED,control  NAC:0x8A1 TSDU bch_err=0 raw=0x7
2026-04-19 18:05:01.132 ,PASSED,control  NAC:0x8A1 TSDU bch_err=0 raw=0x7
2026-04-19 18:05:01.136 ,PASSED,control  NAC:0x8A1 TSDU bch_err=0 raw=0x7
2026-04-19 18:05:01.139 ,PASSED,control  NAC:0x8A1 TSDU bch_err=0 raw=0x7
2026-04-19 18:05:01.143 ,PASSED,control  NAC:0x8A1 TSDU bch_err=0 raw=0x7
2026-04-19 18:05:01.148 ,CORRECTED,control  NAC:0x8A1 TSDU bch_err=1 raw=0x6
2026-04-19 18:05:01.152 ,PASSED,control  NAC:0x8A1 TSDU bch_err=0 raw=0x7
2026-04-19 18:05:01.155 ,PASSED,control  NAC:0x8A1 TSDU bch_err=0 raw=0x7
2026-04-19 18:05:01.158 ,PASSED,control  NAC:0x8A1 TSDU bch_err=0 raw=0x7
2026-04-19 18:05:01.162 ,PASSED,control  NAC:0x8A1 TSDU bch_err=0 raw=0x7
2026-04-19 18:05:01.165 ,PASSED,control  NAC:0x8A1 TSDU bch_err=0 raw=0x7
2026-04-19 18:05:01.168 ,PASSED,control  NAC:0x8A1 TSDU bch_err=0 raw=0x7
2026-04-19 18:05:01.171 ,PASSED,control  NAC:0x8A1 TSDU bch_err=0 raw=0x7
2026-04-19 18:05:04.402 ,PASSED,control  NAC:0x8A1 TSDU bch_err=0 raw=0x7
2026-04-19 18:05:04.405 ,PASSED,control  NAC:0x8A1 TSDU bch_err=0 raw=0x7
2026-04-19 18:05:04.408 ,PASSED,control  NAC:0x8A1 TSDU bch_err=0 raw=0x7
2026-04-19 18:05:04.411 ,PASSED,control  NAC:0x8A1 TSDU bch_err=0 raw=0x7
2026-04-19 18:05:04.413 ,PASSED,control  NAC:0x8A1 TSDU bch_err=0 raw=0x7
2026-04-19 18:05:04.416 ,PASSED,control  NAC:0x8A1 TSDU bch_err=0 raw=0x7
2026-04-19 18:05:04.419 ,PASSED,control  NAC:0x8A1 TSDU bch_err=0 raw=0x7
2026-04-19 18:05:04.421 ,PASSED,control  NAC:0x8A1 TSDU bch_err=0 raw=0x7
2026-04-19 18:05:04.424 ,PASSED,control  NAC:0x8A1 TSDU bch_err=0 raw=0x7
2026-04-19 18:05:04.427 ,PASSED,control  NAC:0x8A1 TSDU bch_err=0 raw=0x7
2026-04-19 18:05:04.430 ,PASSED,control  NAC:0x8A1 TSDU bch_err=0 raw=0x7
2026-04-19 18:05:04.432 ,PASSED,control  NAC:0x8A1 TSDU bch_err=0 raw=0x7
2026-04-19 18:05:04.435 ,PASSED,control  NAC:0x8A1 TSDU bch_err=0 raw=0x7
2026-04-19 18:05:04.438 ,PASSED,control  NAC:0x8A1 TSDU bch_err=0 raw=0x7
2026-04-19 18:05:04.440 ,PASSED,control  NAC:0x8A1 TSDU bch_err=0 raw=0x7
2026-04-19 18:05:04.443 ,PASSED,control  NAC:0x8A1 TSDU bch_err=0 raw=0x7
2026-04-19 18:05:04.446 ,PASSED,control  NAC:0x8A1 TSDU bch_err=0 raw=0x7
2026-04-19 18:05:04.449 ,PASSED,control  NAC:0x8A1 TSDU bch_err=0 raw=0x7
2026-04-19 18:05:04.451 ,PASSED,control  NAC:0x8A1 TSDU bch_err=0 raw=0x7
2026-04-19 18:05:04.454 ,PASSED,control  NAC:0x8A1 TSDU bch_err=0 raw=0x7
2026-04-19 18:05:04.457 ,PASSED,control  NAC:0x8A1 TSDU bch_err=0 raw=0x7
2026-04-19 18:05:04.459 ,PASSED,control  NAC:0x8A1 TSDU bch_err=0 raw=0x7
2026-04-19 18:05:04.462 ,PASSED,control  NAC:0x8A1 TSDU bch_err=0 raw=0x7
2026-04-19 18:05:04.465 ,PASSED,control  NAC:0x8A1 TSDU bch_err=0 raw=0x7
2026-04-19 18:05:04.467 ,PASSED,control  NAC:0x8A1 TSDU bch_err=0 raw=0x7
2026-04-19 18:05:04.470 ,PASSED,control  NAC:0x8A1 TSDU bch_err=0 raw=0x7
2026-04-19 18:05:04.473 ,PASSED,control  NAC:0x8A1 TSDU bch_err=0 raw=0x7
2026-04-19 18:05:04.476 ,PASSED,control  NAC:0x8A1 TSDU bch_err=0 raw=0x7
2026-04-19 18:05:04.478 ,PASSED,control  NAC:0x8A1 TSDU bch_err=0 raw=0x7
2026-04-19 18:05:04.481 ,PASSED,control  NAC:0x8A1 TSDU bch_err=0 raw=0x7
2026-04-19 18:05:04.484 ,PASSED,control  NAC:0x8A1 TSDU bch_err=0 raw=0x7
2026-04-19 18:05:04.487 ,PASSED,control  NAC:0x8A1 TSDU bch_err=0 raw=0x7
2026-04-19 18:05:04.489 ,PASSED,control  NAC:0x8A1 TSDU bch_err=0 raw=0x7
2026-04-19 18:05:04.492 ,PASSED,control  NAC:0x8A1 TSDU bch_err=0 raw=0x7
2026-04-19 18:05:04.495 ,PASSED,control  NAC:0x8A1 TSDU bch_err=0 raw=0x7
2026-04-19 18:05:04.498 ,PASSED,control  NAC:0x8A1 TSDU bch_err=0 raw=0x7
2026-04-19 18:05:04.500 ,PASSED,control  NAC:0x8A1 TSDU bch_err=0 raw=0x7
2026-04-19 18:05:04.503 ,PASSED,control  NAC:0x8A1 TSDU bch_err=0 raw=0x7
2026-04-19 18:05:04.506 ,PASSED,control  NAC:0x8A1 TSDU bch_err=0 raw=0x7
2026-04-19 18:05:04.508 ,PASSED,control  NAC:0x8A1 TSDU bch_err=0 raw=0x7
2026-04-19 18:05:04.511 ,PASSED,control  NAC:0x8A1 TSDU bch_err=0 raw=0x7
2026-04-19 18:05:04.514 ,PASSED,control  NAC:0x8A1 TSDU bch_err=0 raw=0x7
2026-04-19 18:05:04.516 ,PASSED,control  NAC:0x8A1 TSDU bch_err=0 raw=0x7
2026-04-19 18:05:04.519 ,PASSED,control  NAC:0x8A1 TSDU bch_err=0 raw=0x7
2026-04-19 18:05:04.522 ,PASSED,control  NAC:0x8A1 TSDU bch_err=0 raw=0x7
2026-04-19 18:05:07.816 ,PASSED,control  NAC:0x8A1 TSDU bch_err=0 raw=0x7
2026-04-19 18:05:07.818 ,PASSED,control  NAC:0x8A1 TSDU bch_err=0 raw=0x7
2026-04-19 18:05:07.821 ,PASSED,control  NAC:0x8A1 TSDU bch_err=0 raw=0x7
2026-04-19 18:05:07.824 ,PASSED,control  NAC:0x8A1 TSDU bch_err=0 raw=0x7
2026-04-19 18:05:07.827 ,PASSED,control  NAC:0x8A1 TSDU bch_err=0 raw=0x7
2026-04-19 18:05:07.829 ,PASSED,control  NAC:0x8A1 TSDU bch_err=0 raw=0x7
2026-04-19 18:05:07.832 ,PASSED,control  NAC:0x8A1 TSDU bch_err=0 raw=0x7
2026-04-19 18:05:07.835 ,PASSED,control  NAC:0x8A1 TSDU bch_err=0 raw=0x7
2026-04-19 18:05:07.838 ,PASSED,control  NAC:0x8A1 TSDU bch_err=0 raw=0x7
2026-04-19 18:05:07.841 ,PASSED,control  NAC:0x8A1 TSDU bch_err=0 raw=0x7
2026-04-19 18:05:07.844 ,PASSED,control  NAC:0x8A1 TSDU bch_err=0 raw=0x7
2026-04-19 18:05:07.847 ,PASSED,control  NAC:0x8A1 TSDU bch_err=0 raw=0x7
2026-04-19 18:05:07.849 ,PASSED,control  NAC:0x8A1 TSDU bch_err=0 raw=0x7
2026-04-19 18:05:07.852 ,PASSED,control  NAC:0x8A1 TSDU bch_err=0 raw=0x7
2026-04-19 18:05:07.855 ,PASSED,control  NAC:0x8A1 TSDU bch_err=0 raw=0x7
2026-04-19 18:05:07.857 ,PASSED,control  NAC:0x8A1 TSDU bch_err=0 raw=0x7
2026-04-19 18:05:07.860 ,PASSED,control  NAC:0x8A1 TSDU bch_err=0 raw=0x7
2026-04-19 18:05:07.863 ,PASSED,control  NAC:0x8A1 TSDU bch_err=0 raw=0x7
2026-04-19 18:05:07.866 ,PASSED,control  NAC:0x8A1 TSDU bch_err=0 raw=0x7
2026-04-19 18:05:07.868 ,PASSED,control  NAC:0x8A1 TSDU bch_err=0 raw=0x7
2026-04-19 18:05:07.871 ,PASSED,control  NAC:0x8A1 TSDU bch_err=0 raw=0x7
2026-04-19 18:05:07.874 ,PASSED,control  NAC:0x8A1 TSDU bch_err=0 raw=0x7
2026-04-19 18:05:07.877 ,PASSED,control  NAC:0x8A1 TSDU bch_err=0 raw=0x7
2026-04-19 18:05:07.879 ,PASSED,control  NAC:0x8A1 TSDU bch_err=0 raw=0x7
2026-04-19 18:05:07.882 ,PASSED,control  NAC:0x8A1 TSDU bch_err=0 raw=0x7
2026-04-19 18:05:07.885 ,PASSED,control  NAC:0x8A1 TSDU bch_err=0 raw=0x7
2026-04-19 18:05:07.888 ,PASSED,control  NAC:0x8A1 TSDU bch_err=0 raw=0x7
2026-04-19 18:05:07.892 ,PASSED,control  NAC:0x8A1 TSDU bch_err=0 raw=0x7
2026-04-19 18:05:07.896 ,PASSED,control  NAC:0x8A1 TSDU bch_err=0 raw=0x7
2026-04-19 18:05:07.899 ,PASSED,control  NAC:0x8A1 TSDU bch_err=0 raw=0x7
2026-04-19 18:05:07.903 ,PASSED,control  NAC:0x8A1 TSDU bch_err=0 raw=0x7
2026-04-19 18:05:07.908 ,PASSED,control  NAC:0x8A1 TSDU bch_err=0 raw=0x7
2026-04-19 18:05:07.911 ,PASSED,control  NAC:0x8A1 TSDU bch_err=0 raw=0x7
2026-04-19 18:05:07.915 ,PASSED,control  NAC:0x8A1 TSDU bch_err=0 raw=0x7
2026-04-19 18:05:07.919 ,PASSED,control  NAC:0x8A1 TSDU bch_err=0 raw=0x7
2026-04-19 18:05:07.924 ,PASSED,control  NAC:0x8A1 TSDU bch_err=0 raw=0x7
2026-04-19 18:05:07.927 ,PASSED,control  NAC:0x8A1 TSDU bch_err=0 raw=0x7
2026-04-19 18:05:07.931 ,PASSED,control  NAC:0x8A1 TSDU bch_err=0 raw=0x7
2026-04-19 18:05:07.935 ,PASSED,control  NAC:0x8A1 TSDU bch_err=0 raw=0x7
2026-04-19 18:05:07.941 ,CORRECTED,control  NAC:0x8A1 TSDU bch_err=1 raw=0x6
2026-04-19 18:05:07.944 ,PASSED,control  NAC:0x8A1 TSDU bch_err=0 raw=0x7
2026-04-19 18:05:07.948 ,PASSED,control  NAC:0x8A1 TSDU bch_err=0 raw=0x7
2026-04-19 18:05:07.951 ,PASSED,control  NAC:0x8A1 TSDU bch_err=0 raw=0x7
2026-04-19 18:05:07.954 ,PASSED,control  NAC:0x8A1 TSDU bch_err=0 raw=0x7
2026-04-19 18:05:07.957 ,PASSED,control  NAC:0x8A1 TSDU bch_err=0 raw=0x7
2026-04-19 18:05:11.229 ,PASSED,control  NAC:0x8A1 TSDU bch_err=0 raw=0x7
2026-04-19 18:05:11.233 ,PASSED,control  NAC:0x8A1 TSDU bch_err=0 raw=0x7
2026-04-19 18:05:11.236 ,PASSED,control  NAC:0x8A1 TSDU bch_err=0 raw=0x7
2026-04-19 18:05:11.240 ,PASSED,control  NAC:0x8A1 TSDU bch_err=0 raw=0x7
2026-04-19 18:05:11.244 ,PASSED,control  NAC:0x8A1 TSDU bch_err=0 raw=0x7
2026-04-19 18:05:11.247 ,PASSED,control  NAC:0x8A1 TSDU bch_err=0 raw=0x7
2026-04-19 18:05:11.251 ,PASSED,control  NAC:0x8A1 TSDU bch_err=0 raw=0x7
2026-04-19 18:05:11.255 ,PASSED,control  NAC:0x8A1 TSDU bch_err=0 raw=0x7
2026-04-19 18:05:11.259 ,PASSED,control  NAC:0x8A1 TSDU bch_err=0 raw=0x7
2026-04-19 18:05:11.264 ,CORRECTED,control  NAC:0x8A1 TSDU bch_err=3 raw=0x5
2026-04-19 18:05:11.267 ,PASSED,control  NAC:0x8A1 TSDU bch_err=0 raw=0x7
2026-04-19 18:05:11.270 ,PASSED,control  NAC:0x8A1 TSDU bch_err=0 raw=0x7
2026-04-19 18:05:11.274 ,CORRECTED,control  NAC:0x8A1 TSDU bch_err=2 raw=0x7
2026-04-19 18:05:11.277 ,PASSED,control  NAC:0x8A1 TSDU bch_err=0 raw=0x7
2026-04-19 18:05:11.280 ,PASSED,control  NAC:0x8A1 TSDU bch_err=0 raw=0x7
2026-04-19 18:05:11.282 ,PASSED,control  NAC:0x8A1 TSDU bch_err=0 raw=0x7
2026-04-19 18:05:11.287 ,CORRECTED,control  NAC:0x8A1 TSDU bch_err=1 raw=0x7
2026-04-19 18:05:11.289 ,PASSED,control  NAC:0x8A1 TSDU bch_err=0 raw=0x7
2026-04-19 18:05:11.292 ,PASSED,control  NAC:0x8A1 TSDU bch_err=0 raw=0x7
2026-04-19 18:05:11.295 ,PASSED,control  NAC:0x8A1 TSDU bch_err=0 raw=0x7
2026-04-19 18:05:11.297 ,PASSED,control  NAC:0x8A1 TSDU bch_err=0 raw=0x7
2026-04-19 18:05:11.300 ,PASSED,control  NAC:0x8A1 TSDU bch_err=0 raw=0x7
2026-04-19 18:05:11.303 ,PASSED,control  NAC:0x8A1 TSDU bch_err=0 raw=0x7
2026-04-19 18:05:11.307 ,CORRECTED,control  NAC:0x8A1 TSDU bch_err=1 raw=0x6
2026-04-19 18:05:11.310 ,PASSED,control  NAC:0x8A1 TSDU bch_err=0 raw=0x7
2026-04-19 18:05:11.314 ,CORRECTED,control  NAC:0x8A1 TSDU bch_err=3 raw=0x7
2026-04-19 18:05:11.317 ,PASSED,control  NAC:0x8A1 TSDU bch_err=0 raw=0x7
2026-04-19 18:05:11.320 ,PASSED,control  NAC:0x8A1 TSDU bch_err=0 raw=0x7
2026-04-19 18:05:11.323 ,PASSED,control  NAC:0x8A1 TSDU bch_err=0 raw=0x7
2026-04-19 18:05:11.325 ,PASSED,control  NAC:0x8A1 TSDU bch_err=0 raw=0x7
2026-04-19 18:05:11.328 ,PASSED,control  NAC:0x8A1 TSDU bch_err=0 raw=0x7
2026-04-19 18:05:11.331 ,PASSED,control  NAC:0x8A1 TSDU bch_err=0 raw=0x7
2026-04-19 18:05:11.333 ,PASSED,control  NAC:0x8A1 TSDU bch_err=0 raw=0x7
2026-04-19 18:05:11.336 ,PASSED,control  NAC:0x8A1 TSDU bch_err=0 raw=0x7
2026-04-19 18:05:11.339 ,PASSED,control  NAC:0x8A1 TSDU bch_err=0 raw=0x7
2026-04-19 18:05:11.343 ,CORRECTED,control  NAC:0x8A1 TSDU bch_err=2 raw=0x7
2026-04-19 18:05:11.346 ,PASSED,control  NAC:0x8A1 TSDU bch_err=0 raw=0x7
2026-04-19 18:05:11.350 ,CORRECTED,control  NAC:0x8A1 TSDU bch_err=9 raw=0x7
2026-04-19 18:05:11.353 ,PASSED,control  NAC:0x8A1 TSDU bch_err=0 raw=0x7
2026-04-19 18:05:13.850 ,PASSED,traffic  NAC:0x8A1 TDU_LC bch_err=0 raw=0xF
2026-04-19 18:05:13.850 ,PASSED,traffic  NAC:0x8A1 TDU_LC bch_err=0 raw=?
2026-04-19 18:05:13.853 ,PASSED,traffic  NAC:0x8A1 TDU_LC bch_err=0 raw=0xF
2026-04-19 18:05:13.853 ,PASSED,traffic  NAC:0x8A1 TDU_LC bch_err=0 raw=?
2026-04-19 18:05:13.855 ,PASSED,traffic  NAC:0x8A1 TDU_LC bch_err=0 raw=0xF
2026-04-19 18:05:13.855 ,PASSED,traffic  NAC:0x8A1 TDU_LC bch_err=0 raw=?
2026-04-19 18:05:13.858 ,PASSED,traffic  NAC:0x8A1 TDU_LC bch_err=0 raw=0xF
2026-04-19 18:05:13.858 ,PASSED,traffic  NAC:0x8A1 TDU_LC bch_err=0 raw=?
2026-04-19 18:05:13.860 ,PASSED,traffic  NAC:0x8A1 TDU_LC bch_err=0 raw=0xF
2026-04-19 18:05:13.860 ,PASSED,traffic  NAC:0x8A1 TDU_LC bch_err=0 raw=?
2026-04-19 18:05:13.863 ,PASSED,traffic  NAC:0x8A1 TDU_LC bch_err=0 raw=0xF
2026-04-19 18:05:13.863 ,PASSED,traffic  NAC:0x8A1 TDU_LC bch_err=0 raw=?
2026-04-19 18:05:13.865 ,PASSED,traffic  NAC:0x8A1 TDU_LC bch_err=0 raw=0xF
2026-04-19 18:05:13.865 ,PASSED,traffic  NAC:0x8A1 TDU_LC bch_err=0 raw=?
2026-04-19 18:05:13.868 ,PASSED,traffic  NAC:0x8A1 TDU_LC bch_err=0 raw=0xF
2026-04-19 18:05:13.868 ,PASSED,traffic  NAC:0x8A1 TDU_LC bch_err=0 raw=?
2026-04-19 18:05:13.870 ,PASSED,traffic  NAC:0x8A1 HDU bch_err=0 raw=0x0
2026-04-19 18:05:13.870 ,PASSED,traffic  NAC:0x8A1 HDU bch_err=0 raw=?
2026-04-19 18:05:13.873 ,PASSED,traffic  NAC:0x8A1 LDU1 bch_err=0 raw=0x5
2026-04-19 18:05:13.873 ,PASSED,traffic  NAC:0x8A1 LDU1 bch_err=0 raw=?
2026-04-19 18:05:13.876 ,PASSED,traffic  NAC:0x8A1 LDU2 bch_err=0 raw=0xA
2026-04-19 18:05:14.642 ,PASSED,control  NAC:0x8A1 TSDU bch_err=0 raw=0x7
2026-04-19 18:05:14.644 ,PASSED,control  NAC:0x8A1 TSDU bch_err=0 raw=0x7
2026-04-19 18:05:14.647 ,PASSED,control  NAC:0x8A1 TSDU bch_err=0 raw=0x7
2026-04-19 18:05:14.650 ,PASSED,control  NAC:0x8A1 TSDU bch_err=0 raw=0x7
2026-04-19 18:05:14.653 ,PASSED,control  NAC:0x8A1 TSDU bch_err=0 raw=0x7
2026-04-19 18:05:14.655 ,PASSED,control  NAC:0x8A1 TSDU bch_err=0 raw=0x7
2026-04-19 18:05:14.658 ,PASSED,control  NAC:0x8A1 TSDU bch_err=0 raw=0x7
2026-04-19 18:05:14.663 ,CORRECTED,control  NAC:0x8A1 TSDU bch_err=6 raw=0x3
2026-04-19 18:05:14.665 ,PASSED,control  NAC:0x8A1 TSDU bch_err=0 raw=0x7
2026-04-19 18:05:14.668 ,PASSED,control  NAC:0x8A1 TSDU bch_err=0 raw=0x7
2026-04-19 18:05:14.671 ,PASSED,control  NAC:0x8A1 TSDU bch_err=0 raw=0x7
2026-04-19 18:05:14.673 ,PASSED,control  NAC:0x8A1 TSDU bch_err=0 raw=0x7
2026-04-19 18:05:14.678 ,CORRECTED,control  NAC:0x8A1 TSDU bch_err=2 raw=0x7
2026-04-19 18:05:14.680 ,PASSED,control  NAC:0x8A1 TSDU bch_err=0 raw=0x7
2026-04-19 18:05:14.683 ,PASSED,control  NAC:0x8A1 TSDU bch_err=0 raw=0x7
2026-04-19 18:05:14.686 ,PASSED,control  NAC:0x8A1 TSDU bch_err=0 raw=0x7
2026-04-19 18:05:14.689 ,PASSED,control  NAC:0x8A1 TSDU bch_err=0 raw=0x7
2026-04-19 18:05:14.691 ,PASSED,control  NAC:0x8A1 TSDU bch_err=0 raw=0x7
2026-04-19 18:05:14.694 ,PASSED,control  NAC:0x8A1 TSDU bch_err=0 raw=0x7
2026-04-19 18:05:14.696 ,PASSED,control  NAC:0x8A1 TSDU bch_err=0 raw=0x7
2026-04-19 18:05:14.699 ,PASSED,control  NAC:0x8A1 TSDU bch_err=0 raw=0x7
2026-04-19 18:05:14.702 ,PASSED,control  NAC:0x8A1 TSDU bch_err=0 raw=0x7
2026-04-19 18:05:14.706 ,CORRECTED,control  NAC:0x8A1 TSDU bch_err=1 raw=0x7
2026-04-19 18:05:14.709 ,PASSED,control  NAC:0x8A1 TSDU bch_err=0 raw=0x7
2026-04-19 18:05:14.712 ,PASSED,control  NAC:0x8A1 TSDU bch_err=0 raw=0x7
2026-04-19 18:05:14.715 ,PASSED,control  NAC:0x8A1 TSDU bch_err=0 raw=0x7
2026-04-19 18:05:14.717 ,PASSED,control  NAC:0x8A1 TSDU bch_err=0 raw=0x7
2026-04-19 18:05:14.720 ,PASSED,control  NAC:0x8A1 TSDU bch_err=0 raw=0x7
2026-04-19 18:05:14.723 ,PASSED,control  NAC:0x8A1 TSDU bch_err=0 raw=0x7
2026-04-19 18:05:14.725 ,PASSED,control  NAC:0x8A1 TSDU bch_err=0 raw=0x7
2026-04-19 18:05:14.728 ,PASSED,control  NAC:0x8A1 TSDU bch_err=0 raw=0x7
2026-04-19 18:05:14.731 ,PASSED,control  NAC:0x8A1 TSDU bch_err=0 raw=0x7
2026-04-19 18:05:14.734 ,PASSED,control  NAC:0x8A1 TSDU bch_err=0 raw=0x7
2026-04-19 18:05:14.736 ,PASSED,control  NAC:0x8A1 TSDU bch_err=0 raw=0x7
2026-04-19 18:05:14.739 ,PASSED,control  NAC:0x8A1 TSDU bch_err=0 raw=0x7
2026-04-19 18:05:14.743 ,CORRECTED,control  NAC:0x8A1 TSDU bch_err=1 raw=0x7
2026-04-19 18:05:14.746 ,PASSED,control  NAC:0x8A1 TSDU bch_err=0 raw=0x7
2026-04-19 18:05:14.749 ,PASSED,control  NAC:0x8A1 TSDU bch_err=0 raw=0x7
2026-04-19 18:05:14.751 ,PASSED,control  NAC:0x8A1 TSDU bch_err=0 raw=0x7
2026-04-19 18:05:14.754 ,PASSED,control  NAC:0x8A1 TSDU bch_err=0 raw=0x7
2026-04-19 18:05:14.757 ,PASSED,control  NAC:0x8A1 TSDU bch_err=0 raw=0x7
2026-04-19 18:05:14.759 ,PASSED,control  NAC:0x8A1 TSDU bch_err=0 raw=0x7
2026-04-19 18:05:14.764 ,CORRECTED,control  NAC:0x8A1 TSDU bch_err=2 raw=0x7
2026-04-19 18:05:14.768 ,CORRECTED,control  NAC:0x8A1 TSDU bch_err=1 raw=0x7
2026-04-19 18:05:17.259 ,PASSED,traffic  NAC:0x8A1 LDU2 bch_err=0 raw=?
2026-04-19 18:05:17.262 ,PASSED,traffic  NAC:0x8A1 LDU1 bch_err=0 raw=0x5
2026-04-19 18:05:17.262 ,PASSED,traffic  NAC:0x8A1 LDU1 bch_err=0 raw=?
2026-04-19 18:05:17.265 ,PASSED,traffic  NAC:0x8A1 LDU2 bch_err=0 raw=0xA
2026-04-19 18:05:17.265 ,PASSED,traffic  NAC:0x8A1 LDU2 bch_err=0 raw=?
2026-04-19 18:05:17.268 ,PASSED,traffic  NAC:0x8A1 LDU1 bch_err=0 raw=0x5
2026-04-19 18:05:17.268 ,PASSED,traffic  NAC:0x8A1 LDU1 bch_err=0 raw=?
2026-04-19 18:05:17.270 ,PASSED,traffic  NAC:0x8A1 TDU_LC bch_err=0 raw=0xF
2026-04-19 18:05:17.270 ,PASSED,traffic  NAC:0x8A1 TDU_LC bch_err=0 raw=?
2026-04-19 18:05:17.273 ,PASSED,traffic  NAC:0x8A1 TDU_LC bch_err=0 raw=0xF
2026-04-19 18:05:17.273 ,PASSED,traffic  NAC:0x8A1 TDU_LC bch_err=0 raw=?
2026-04-19 18:05:17.275 ,PASSED,traffic  NAC:0x8A1 TDU_LC bch_err=0 raw=0xF
2026-04-19 18:05:17.275 ,PASSED,traffic  NAC:0x8A1 TDU_LC bch_err=0 raw=?
2026-04-19 18:05:17.278 ,PASSED,traffic  NAC:0x8A1 TDU_LC bch_err=0 raw=0xF
2026-04-19 18:05:17.278 ,PASSED,traffic  NAC:0x8A1 TDU_LC bch_err=0 raw=?
2026-04-19 18:05:17.280 ,PASSED,traffic  NAC:0x8A1 TDU_LC bch_err=0 raw=0xF
2026-04-19 18:05:17.280 ,PASSED,traffic  NAC:0x8A1 TDU_LC bch_err=0 raw=?
2026-04-19 18:05:17.283 ,PASSED,traffic  NAC:0x8A1 TDU bch_err=0 raw=0x3
2026-04-19 18:05:17.283 ,PASSED,traffic  NAC:0x8A1 TDU bch_err=0 raw=?
2026-04-19 18:05:17.285 ,PASSED,traffic  NAC:0x8A1 TDU_LC bch_err=0 raw=0xF
2026-04-19 18:05:17.285 ,PASSED,traffic  NAC:0x8A1 TDU_LC bch_err=0 raw=?
2026-04-19 18:05:17.288 ,PASSED,traffic  NAC:0x8A1 TDU_LC bch_err=0 raw=0xF
2026-04-19 18:05:17.289 ,PASSED,traffic  NAC:0x8A1 TDU_LC bch_err=0 raw=?
2026-04-19 18:05:17.291 ,PASSED,traffic  NAC:0x8A1 TDU_LC bch_err=0 raw=0xF
2026-04-19 18:05:17.291 ,PASSED,traffic  NAC:0x8A1 TDU_LC bch_err=0 raw=?
2026-04-19 18:05:17.294 ,PASSED,traffic  NAC:0x8A1 TDU_LC bch_err=0 raw=0xF
2026-04-19 18:05:17.294 ,PASSED,traffic  NAC:0x8A1 TDU_LC bch_err=0 raw=?
2026-04-19 18:05:17.296 ,PASSED,traffic  NAC:0x8A1 TDU_LC bch_err=0 raw=0xF
2026-04-19 18:05:17.296 ,PASSED,traffic  NAC:0x8A1 TDU_LC bch_err=0 raw=?
2026-04-19 18:05:17.298 ,PASSED,traffic  NAC:0x8A1 HDU bch_err=0 raw=0x0
2026-04-19 18:05:17.299 ,PASSED,traffic  NAC:0x8A1 HDU bch_err=0 raw=?
2026-04-19 18:05:17.308 ,PASSED,traffic  NAC:0x8A1 LDU1 bch_err=0 raw=0x5
2026-04-19 18:05:17.308 ,PASSED,traffic  NAC:0x8A1 LDU1 bch_err=0 raw=?
2026-04-19 18:05:17.311 ,PASSED,traffic  NAC:0x8A1 LDU2 bch_err=0 raw=0xA
2026-04-19 18:05:17.311 ,PASSED,traffic  NAC:0x8A1 LDU2 bch_err=0 raw=?
2026-04-19 18:05:17.314 ,PASSED,traffic  NAC:0x8A1 LDU1 bch_err=0 raw=0x5
2026-04-19 18:05:17.314 ,PASSED,traffic  NAC:0x8A1 LDU1 bch_err=0 raw=?
2026-04-19 18:05:17.318 ,PASSED,traffic  NAC:0x8A1 LDU2 bch_err=0 raw=0xA
2026-04-19 18:05:17.318 ,PASSED,traffic  NAC:0x8A1 LDU2 bch_err=0 raw=?
2026-04-19 18:05:17.321 ,PASSED,traffic  NAC:0x8A1 LDU1 bch_err=0 raw=0x5
2026-04-19 18:05:17.321 ,PASSED,traffic  NAC:0x8A1 LDU1 bch_err=0 raw=?
2026-04-19 18:05:17.324 ,PASSED,traffic  NAC:0x8A1 LDU2 bch_err=0 raw=0xA
2026-04-19 18:05:17.324 ,PASSED,traffic  NAC:0x8A1 LDU2 bch_err=0 raw=?
2026-04-19 18:05:17.326 ,PASSED,traffic  NAC:0x8A1 LDU1 bch_err=0 raw=0x5
2026-04-19 18:05:17.326 ,PASSED,traffic  NAC:0x8A1 LDU1 bch_err=0 raw=?
2026-04-19 18:05:17.329 ,PASSED,traffic  NAC:0x8A1 LDU2 bch_err=0 raw=0xA
2026-04-19 18:05:17.329 ,PASSED,traffic  NAC:0x8A1 LDU2 bch_err=0 raw=?
2026-04-19 18:05:17.338 ,PASSED,traffic  NAC:0x8A1 LDU1 bch_err=0 raw=0x5
2026-04-19 18:05:17.338 ,PASSED,traffic  NAC:0x8A1 LDU1 bch_err=0 raw=?
2026-04-19 18:05:17.340 ,PASSED,traffic  NAC:0x8A1 LDU2 bch_err=0 raw=0xA
2026-04-19 18:05:17.341 ,PASSED,traffic  NAC:0x8A1 LDU2 bch_err=0 raw=?
2026-04-19 18:05:17.343 ,PASSED,traffic  NAC:0x8A1 LDU1 bch_err=0 raw=0x5
2026-04-19 18:05:17.344 ,PASSED,traffic  NAC:0x8A1 LDU1 bch_err=0 raw=?
2026-04-19 18:05:17.346 ,PASSED,traffic  NAC:0x8A1 LDU2 bch_err=0 raw=0xA
2026-04-19 18:05:17.347 ,PASSED,traffic  NAC:0x8A1 LDU2 bch_err=0 raw=?
2026-04-19 18:05:18.057 ,CORRECTED,control  NAC:0x8A1 TSDU bch_err=7 raw=0x7
2026-04-19 18:05:18.060 ,PASSED,control  NAC:0x8A1 TSDU bch_err=0 raw=0x7
2026-04-19 18:05:18.062 ,PASSED,control  NAC:0x8A1 TSDU bch_err=0 raw=0x7
2026-04-19 18:05:18.067 ,CORRECTED,control  NAC:0x8A1 TSDU bch_err=6 raw=0x7
2026-04-19 18:05:18.069 ,PASSED,control  NAC:0x8A1 TSDU bch_err=0 raw=0x7
2026-04-19 18:05:18.072 ,PASSED,control  NAC:0x8A1 TSDU bch_err=0 raw=0x7
2026-04-19 18:05:18.075 ,PASSED,control  NAC:0x8A1 TSDU bch_err=0 raw=0x7
2026-04-19 18:05:18.077 ,PASSED,control  NAC:0x8A1 TSDU bch_err=0 raw=0x7
2026-04-19 18:05:18.080 ,PASSED,control  NAC:0x8A1 TSDU bch_err=0 raw=0x7
2026-04-19 18:05:18.082 ,PASSED,control  NAC:0x8A1 TSDU bch_err=0 raw=0x7
2026-04-19 18:05:18.089 ,PASSED,control  NAC:0x8A1 TSDU bch_err=0 raw=0x7
2026-04-19 18:05:18.093 ,CORRECTED,control  NAC:0x8A1 TSDU bch_err=10 raw=0x6
2026-04-19 18:05:18.095 ,PASSED,control  NAC:0x8A1 TSDU bch_err=0 raw=0x7
2026-04-19 18:05:18.098 ,PASSED,control  NAC:0x8A1 TSDU bch_err=0 raw=0x7
2026-04-19 18:05:18.101 ,PASSED,control  NAC:0x8A1 TSDU bch_err=0 raw=0x7
2026-04-19 18:05:18.103 ,PASSED,control  NAC:0x8A1 TSDU bch_err=0 raw=0x7
2026-04-19 18:05:18.106 ,PASSED,control  NAC:0x8A1 TSDU bch_err=0 raw=0x7
2026-04-19 18:05:18.108 ,PASSED,control  NAC:0x8A1 TSDU bch_err=0 raw=0x7
2026-04-19 18:05:18.111 ,PASSED,control  NAC:0x8A1 TSDU bch_err=0 raw=0x7
2026-04-19 18:05:18.114 ,PASSED,control  NAC:0x8A1 TSDU bch_err=0 raw=0x7
2026-04-19 18:05:18.116 ,PASSED,control  NAC:0x8A1 TSDU bch_err=0 raw=0x7
2026-04-19 18:05:18.121 ,PASSED,control  NAC:0x8A1 TSDU bch_err=0 raw=0x7
2026-04-19 18:05:18.124 ,PASSED,control  NAC:0x8A1 TSDU bch_err=0 raw=0x7
2026-04-19 18:05:18.127 ,PASSED,control  NAC:0x8A1 TSDU bch_err=0 raw=0x7
2026-04-19 18:05:18.133 ,PASSED,control  NAC:0x8A1 TSDU bch_err=0 raw=0x7
2026-04-19 18:05:18.135 ,PASSED,control  NAC:0x8A1 TSDU bch_err=0 raw=0x7
2026-04-19 18:05:18.139 ,CORRECTED,control  NAC:0x8A1 TSDU bch_err=9 raw=0x7
2026-04-19 18:05:18.147 ,PASSED,control  NAC:0x8A1 TSDU bch_err=0 raw=0x7
2026-04-19 18:05:18.150 ,PASSED,control  NAC:0x8A1 TSDU bch_err=0 raw=0x7
2026-04-19 18:05:18.152 ,PASSED,control  NAC:0x8A1 TSDU bch_err=0 raw=0x7
2026-04-19 18:05:18.155 ,PASSED,control  NAC:0x8A1 TSDU bch_err=0 raw=0x7
2026-04-19 18:05:18.157 ,PASSED,control  NAC:0x8A1 TSDU bch_err=0 raw=0x7
2026-04-19 18:05:18.160 ,PASSED,control  NAC:0x8A1 TSDU bch_err=0 raw=0x7
2026-04-19 18:05:18.165 ,PASSED,control  NAC:0x8A1 TSDU bch_err=0 raw=0x7
2026-04-19 18:05:18.168 ,PASSED,control  NAC:0x8A1 TSDU bch_err=0 raw=0x7
2026-04-19 18:05:18.170 ,PASSED,control  NAC:0x8A1 TSDU bch_err=0 raw=0x7
2026-04-19 18:05:18.175 ,CORRECTED,control  NAC:0x8A1 TSDU bch_err=10 raw=0x3
2026-04-19 18:05:20.674 ,PASSED,traffic  NAC:0x8A1 LDU1 bch_err=0 raw=0x5
2026-04-19 18:05:20.675 ,PASSED,traffic  NAC:0x8A1 LDU1 bch_err=0 raw=?
2026-04-19 18:05:20.677 ,PASSED,traffic  NAC:0x8A1 LDU2 bch_err=0 raw=0xA
2026-04-19 18:05:20.677 ,PASSED,traffic  NAC:0x8A1 LDU2 bch_err=0 raw=?
2026-04-19 18:05:20.680 ,PASSED,traffic  NAC:0x8A1 LDU1 bch_err=0 raw=0x5
2026-04-19 18:05:20.680 ,PASSED,traffic  NAC:0x8A1 LDU1 bch_err=0 raw=?
2026-04-19 18:05:20.683 ,PASSED,traffic  NAC:0x8A1 LDU2 bch_err=0 raw=0xA
2026-04-19 18:05:20.683 ,PASSED,traffic  NAC:0x8A1 LDU2 bch_err=0 raw=?
2026-04-19 18:05:20.685 ,PASSED,traffic  NAC:0x8A1 LDU1 bch_err=0 raw=0x5
2026-04-19 18:05:20.686 ,PASSED,traffic  NAC:0x8A1 LDU1 bch_err=0 raw=?
2026-04-19 18:05:20.688 ,PASSED,traffic  NAC:0x8A1 LDU2 bch_err=0 raw=0xA
2026-04-19 18:05:20.688 ,PASSED,traffic  NAC:0x8A1 LDU2 bch_err=0 raw=?
2026-04-19 18:05:20.691 ,PASSED,traffic  NAC:0x8A1 LDU1 bch_err=0 raw=0x5
2026-04-19 18:05:20.691 ,PASSED,traffic  NAC:0x8A1 LDU1 bch_err=0 raw=?
2026-04-19 18:05:20.693 ,PASSED,traffic  NAC:0x8A1 LDU2 bch_err=0 raw=0xA
2026-04-19 18:05:20.694 ,PASSED,traffic  NAC:0x8A1 LDU2 bch_err=0 raw=?
2026-04-19 18:05:20.696 ,PASSED,traffic  NAC:0x8A1 LDU1 bch_err=0 raw=0x5
2026-04-19 18:05:20.696 ,PASSED,traffic  NAC:0x8A1 LDU1 bch_err=0 raw=?
2026-04-19 18:05:20.699 ,PASSED,traffic  NAC:0x8A1 LDU2 bch_err=0 raw=0xA
2026-04-19 18:05:20.699 ,PASSED,traffic  NAC:0x8A1 LDU2 bch_err=0 raw=?
2026-04-19 18:05:20.701 ,PASSED,traffic  NAC:0x8A1 LDU1 bch_err=0 raw=0x5
2026-04-19 18:05:20.702 ,PASSED,traffic  NAC:0x8A1 LDU1 bch_err=0 raw=?
2026-04-19 18:05:20.704 ,PASSED,traffic  NAC:0x8A1 TDU_LC bch_err=0 raw=0xF
2026-04-19 18:05:20.704 ,PASSED,traffic  NAC:0x8A1 TDU_LC bch_err=0 raw=?
2026-04-19 18:05:20.707 ,PASSED,traffic  NAC:0x8A1 TDU_LC bch_err=0 raw=0xF
2026-04-19 18:05:20.707 ,PASSED,traffic  NAC:0x8A1 TDU_LC bch_err=0 raw=?
2026-04-19 18:05:20.709 ,PASSED,traffic  NAC:0x8A1 TDU_LC bch_err=0 raw=0xF
2026-04-19 18:05:20.709 ,PASSED,traffic  NAC:0x8A1 TDU_LC bch_err=0 raw=?
2026-04-19 18:05:20.711 ,PASSED,traffic  NAC:0x8A1 TDU_LC bch_err=0 raw=0xF
2026-04-19 18:05:20.712 ,PASSED,traffic  NAC:0x8A1 TDU_LC bch_err=0 raw=?
2026-04-19 18:05:20.714 ,PASSED,traffic  NAC:0x8A1 TDU_LC bch_err=0 raw=0xF
2026-04-19 18:05:20.714 ,PASSED,traffic  NAC:0x8A1 TDU_LC bch_err=0 raw=?
2026-04-19 18:05:20.716 ,PASSED,traffic  NAC:0x8A1 TDU_LC bch_err=0 raw=0xF
2026-04-19 18:05:20.716 ,PASSED,traffic  NAC:0x8A1 TDU_LC bch_err=0 raw=?
2026-04-19 18:05:20.719 ,PASSED,traffic  NAC:0x8A1 TDU_LC bch_err=0 raw=0xF
2026-04-19 18:05:20.719 ,PASSED,traffic  NAC:0x8A1 TDU_LC bch_err=0 raw=?
2026-04-19 18:05:20.721 ,PASSED,traffic  NAC:0x8A1 TDU_LC bch_err=0 raw=0xF
2026-04-19 18:05:20.721 ,PASSED,traffic  NAC:0x8A1 TDU_LC bch_err=0 raw=?
2026-04-19 18:05:20.724 ,PASSED,traffic  NAC:0x8A1 TDU_LC bch_err=0 raw=0xF
2026-04-19 18:05:20.724 ,PASSED,traffic  NAC:0x8A1 TDU_LC bch_err=0 raw=?
2026-04-19 18:05:20.726 ,PASSED,traffic  NAC:0x8A1 TDU_LC bch_err=0 raw=0xF
2026-04-19 18:05:20.726 ,PASSED,traffic  NAC:0x8A1 TDU_LC bch_err=0 raw=?
2026-04-19 18:05:20.729 ,PASSED,traffic  NAC:0x8A1 TDU_LC bch_err=0 raw=0xF
2026-04-19 18:05:20.729 ,PASSED,traffic  NAC:0x8A1 TDU_LC bch_err=0 raw=?
2026-04-19 18:05:20.731 ,PASSED,traffic  NAC:0x8A1 TDU_LC bch_err=0 raw=0xF
2026-04-19 18:05:20.731 ,PASSED,traffic  NAC:0x8A1 TDU_LC bch_err=0 raw=?
2026-04-19 18:05:20.734 ,PASSED,traffic  NAC:0x8A1 TDU_LC bch_err=0 raw=0xF
2026-04-19 18:05:20.734 ,PASSED,traffic  NAC:0x8A1 TDU_LC bch_err=0 raw=?
2026-04-19 18:05:20.736 ,PASSED,traffic  NAC:0x8A1 TDU_LC bch_err=0 raw=0xF
2026-04-19 18:05:20.736 ,PASSED,traffic  NAC:0x8A1 TDU_LC bch_err=0 raw=?
2026-04-19 18:05:20.738 ,PASSED,traffic  NAC:0x8A1 TDU_LC bch_err=0 raw=0xF
2026-04-19 18:05:20.739 ,PASSED,traffic  NAC:0x8A1 TDU_LC bch_err=0 raw=?
2026-04-19 18:05:20.741 ,PASSED,traffic  NAC:0x8A1 TDU_LC bch_err=0 raw=0xF
2026-04-19 18:05:20.741 ,PASSED,traffic  NAC:0x8A1 TDU_LC bch_err=0 raw=?
2026-04-19 18:05:20.743 ,PASSED,traffic  NAC:0x8A1 TDU_LC bch_err=0 raw=0xF
2026-04-19 18:05:20.744 ,PASSED,traffic  NAC:0x8A1 TDU_LC bch_err=0 raw=?
2026-04-19 18:05:20.746 ,PASSED,traffic  NAC:0x8A1 TDU_LC bch_err=0 raw=0xF
2026-04-19 18:05:20.746 ,PASSED,traffic  NAC:0x8A1 TDU_LC bch_err=0 raw=?
2026-04-19 18:05:20.748 ,PASSED,traffic  NAC:0x8A1 TDU_LC bch_err=0 raw=0xF
2026-04-19 18:05:20.749 ,PASSED,traffic  NAC:0x8A1 TDU_LC bch_err=0 raw=?
2026-04-19 18:05:20.751 ,PASSED,traffic  NAC:0x8A1 TDU_LC bch_err=0 raw=0xF
2026-04-19 18:05:20.751 ,PASSED,traffic  NAC:0x8A1 TDU_LC bch_err=0 raw=?
2026-04-19 18:05:20.753 ,PASSED,traffic  NAC:0x8A1 TDU_LC bch_err=0 raw=0xF
2026-04-19 18:05:20.753 ,PASSED,traffic  NAC:0x8A1 TDU_LC bch_err=0 raw=?
2026-04-19 18:05:20.756 ,PASSED,traffic  NAC:0x8A1 TDU_LC bch_err=0 raw=0xF
2026-04-19 18:05:20.756 ,PASSED,traffic  NAC:0x8A1 TDU_LC bch_err=0 raw=?
2026-04-19 18:05:20.758 ,PASSED,traffic  NAC:0x8A1 TDU_LC bch_err=0 raw=0xF
2026-04-19 18:05:20.758 ,PASSED,traffic  NAC:0x8A1 TDU_LC bch_err=0 raw=?
2026-04-19 18:05:20.761 ,PASSED,traffic  NAC:0x8A1 TDU_LC bch_err=0 raw=0xF
2026-04-19 18:05:20.761 ,PASSED,traffic  NAC:0x8A1 TDU_LC bch_err=0 raw=?
2026-04-19 18:05:20.763 ,PASSED,traffic  NAC:0x8A1 TDU_LC bch_err=0 raw=0xF
2026-04-19 18:05:20.763 ,PASSED,traffic  NAC:0x8A1 TDU_LC bch_err=0 raw=?
2026-04-19 18:05:20.766 ,PASSED,traffic  NAC:0x8A1 TDU_LC bch_err=0 raw=0xF
2026-04-19 18:05:20.766 ,PASSED,traffic  NAC:0x8A1 TDU_LC bch_err=0 raw=?
2026-04-19 18:05:20.768 ,PASSED,traffic  NAC:0x8A1 TDU_LC bch_err=0 raw=0xF
2026-04-19 18:05:20.768 ,PASSED,traffic  NAC:0x8A1 TDU_LC bch_err=0 raw=?
2026-04-19 18:05:20.771 ,PASSED,traffic  NAC:0x8A1 TDU_LC bch_err=0 raw=0xF
2026-04-19 18:05:20.771 ,PASSED,traffic  NAC:0x8A1 TDU_LC bch_err=0 raw=?
2026-04-19 18:05:20.774 ,PASSED,traffic  NAC:0x8A1 TDU_LC bch_err=0 raw=0xF
2026-04-19 18:05:20.774 ,PASSED,traffic  NAC:0x8A1 TDU_LC bch_err=0 raw=?
2026-04-19 18:05:20.776 ,PASSED,traffic  NAC:0x8A1 TDU_LC bch_err=0 raw=0xF
2026-04-19 18:05:20.776 ,PASSED,traffic  NAC:0x8A1 TDU_LC bch_err=0 raw=?
2026-04-19 18:05:20.780 ,PASSED,traffic  NAC:0x8A1 TDU_LC bch_err=0 raw=0xF
2026-04-19 18:05:20.781 ,PASSED,traffic  NAC:0x8A1 TDU_LC bch_err=0 raw=?
2026-04-19 18:05:20.783 ,PASSED,traffic  NAC:0x8A1 TDU_LC bch_err=0 raw=0xF
2026-04-19 18:05:20.783 ,PASSED,traffic  NAC:0x8A1 TDU_LC bch_err=0 raw=?
2026-04-19 18:05:21.469 ,PASSED,control  NAC:0x8A1 TSDU bch_err=0 raw=0x7
2026-04-19 18:05:21.472 ,PASSED,control  NAC:0x8A1 TSDU bch_err=0 raw=0x7
2026-04-19 18:05:21.474 ,PASSED,control  NAC:0x8A1 TSDU bch_err=0 raw=0x7
2026-04-19 18:05:21.477 ,PASSED,control  NAC:0x8A1 TSDU bch_err=0 raw=0x7
2026-04-19 18:05:21.485 ,PASSED,control  NAC:0x8A1 TSDU bch_err=0 raw=0x7
2026-04-19 18:05:21.487 ,PASSED,control  NAC:0x8A1 TSDU bch_err=0 raw=0x7
2026-04-19 18:05:21.490 ,PASSED,control  NAC:0x8A1 TSDU bch_err=0 raw=0x7
2026-04-19 18:05:21.497 ,PASSED,control  NAC:0x8A1 TSDU bch_err=0 raw=0x7
2026-04-19 18:05:21.500 ,PASSED,control  NAC:0x8A1 TSDU bch_err=0 raw=0x7
2026-04-19 18:05:21.503 ,PASSED,control  NAC:0x8A1 TSDU bch_err=0 raw=0x7
2026-04-19 18:05:21.505 ,PASSED,control  NAC:0x8A1 TSDU bch_err=0 raw=0x7
2026-04-19 18:05:21.509 ,CORRECTED,control  NAC:0x8A1 TSDU bch_err=5 raw=0x7
2026-04-19 18:05:21.515 ,PASSED,control  NAC:0x8A1 TSDU bch_err=0 raw=0x7
2026-04-19 18:05:21.518 ,PASSED,control  NAC:0x8A1 TSDU bch_err=0 raw=0x7
2026-04-19 18:05:21.531 ,PASSED,control  NAC:0x8A1 TSDU bch_err=0 raw=0x7
2026-04-19 18:05:21.535 ,CORRECTED,control  NAC:0x8A1 TSDU bch_err=1 raw=0x3
2026-04-19 18:05:21.540 ,CORRECTED,control  NAC:0x8A1 TSDU bch_err=2 raw=0x6
2026-04-19 18:05:21.545 ,CORRECTED,control  NAC:0x8A1 TSDU bch_err=3 raw=0x2
2026-04-19 18:05:21.548 ,PASSED,control  NAC:0x8A1 TSDU bch_err=0 raw=0x7
2026-04-19 18:05:21.555 ,PASSED,control  NAC:0x8A1 TSDU bch_err=0 raw=0x7
2026-04-19 18:05:21.558 ,PASSED,control  NAC:0x8A1 TSDU bch_err=0 raw=0x7
2026-04-19 18:05:21.561 ,PASSED,control  NAC:0x8A1 TSDU bch_err=0 raw=0x7
2026-04-19 18:05:21.564 ,PASSED,control  NAC:0x8A1 TSDU bch_err=0 raw=0x7
2026-04-19 18:05:21.566 ,PASSED,control  NAC:0x8A1 TSDU bch_err=0 raw=0x7
2026-04-19 18:05:21.569 ,PASSED,control  NAC:0x8A1 TSDU bch_err=0 raw=0x7
2026-04-19 18:05:21.578 ,CORRECTED,control  NAC:0x8A1 TSDU bch_err=2 raw=0x3
2026-04-19 18:05:21.581 ,PASSED,control  NAC:0x8A1 TSDU bch_err=0 raw=0x7
2026-04-19 18:05:21.584 ,PASSED,control  NAC:0x8A1 TSDU bch_err=0 raw=0x7
2026-04-19 18:05:21.586 ,PASSED,control  NAC:0x8A1 TSDU bch_err=0 raw=0x7
2026-04-19 18:05:21.589 ,PASSED,control  NAC:0x8A1 TSDU bch_err=0 raw=0x7
2026-04-19 18:05:21.592 ,PASSED,control  NAC:0x8A1 TSDU bch_err=0 raw=0x7
2026-04-19 18:05:21.594 ,PASSED,control  NAC:0x8A1 TSDU bch_err=0 raw=0x7
2026-04-19 18:05:21.597 ,PASSED,control  NAC:0x8A1 TSDU bch_err=0 raw=0x7
2026-04-19 18:05:21.612 ,CORRECTED,control  NAC:0x8A1 TSDU bch_err=3 raw=0x6
2026-04-19 18:05:21.614 ,PASSED,control  NAC:0x8A1 TSDU bch_err=0 raw=0x7
2026-04-19 18:05:21.617 ,PASSED,control  NAC:0x8A1 TSDU bch_err=0 raw=0x7
2026-04-19 18:05:21.625 ,CORRECTED,control  NAC:0x8A1 TSDU bch_err=10 raw=0x7
2026-04-19 18:05:21.628 ,PASSED,control  NAC:0x8A1 TSDU bch_err=0 raw=0x7
2026-04-19 18:05:21.631 ,PASSED,control  NAC:0x8A1 TSDU bch_err=0 raw=0x7
2026-04-19 18:05:21.634 ,PASSED,control  NAC:0x8A1 TSDU bch_err=0 raw=0x7
2026-04-19 18:05:21.636 ,PASSED,control  NAC:0x8A1 TSDU bch_err=0 raw=0x7
2026-04-19 18:05:21.639 ,PASSED,control  NAC:0x8A1 TSDU bch_err=0 raw=0x7
2026-04-19 18:05:21.642 ,PASSED,control  NAC:0x8A1 TSDU bch_err=0 raw=0x7
2026-04-19 18:05:24.397 ,CORRECTED,traffic  NAC:0x8A1 TDU_LC bch_err=1 raw=0xF
2026-04-19 18:05:24.398 ,PASSED,traffic  NAC:0x8A1 TDU_LC bch_err=0 raw=?
2026-04-19 18:05:24.402 ,CORRECTED,traffic  NAC:0x8A1 TDU_LC bch_err=1 raw=0xF
2026-04-19 18:05:24.402 ,PASSED,traffic  NAC:0x8A1 TDU_LC bch_err=0 raw=?
2026-04-19 18:05:24.406 ,CORRECTED,traffic  NAC:0x8A1 TDU_LC bch_err=1 raw=0xF
2026-04-19 18:05:24.406 ,PASSED,traffic  NAC:0x8A1 TDU_LC bch_err=0 raw=?
2026-04-19 18:05:24.411 ,CORRECTED,traffic  NAC:0x8A1 TDU_LC bch_err=2 raw=0xF
2026-04-19 18:05:24.411 ,PASSED,traffic  NAC:0x8A1 TDU_LC bch_err=0 raw=?
2026-04-19 18:05:24.415 ,CORRECTED,traffic  NAC:0x8A1 TDU_LC bch_err=2 raw=0xF
2026-04-19 18:05:24.415 ,PASSED,traffic  NAC:0x8A1 TDU_LC bch_err=0 raw=?
2026-04-19 18:05:24.417 ,PASSED,traffic  NAC:0x8A1 TDU_LC bch_err=0 raw=0xF
2026-04-19 18:05:24.418 ,PASSED,traffic  NAC:0x8A1 TDU_LC bch_err=0 raw=?
2026-04-19 18:05:24.422 ,CORRECTED,traffic  NAC:0x8A1 HDU bch_err=1 raw=0x0
2026-04-19 18:05:24.422 ,PASSED,traffic  NAC:0x8A1 HDU bch_err=0 raw=?
2026-04-19 18:05:24.424 ,PASSED,traffic  NAC:0x8A1 LDU1 bch_err=0 raw=0x5
2026-04-19 18:05:24.425 ,PASSED,traffic  NAC:0x8A1 LDU1 bch_err=0 raw=?
2026-04-19 18:05:24.428 ,PASSED,traffic  NAC:0x8A1 LDU1 bch_err=0 raw=0x5
2026-04-19 18:05:24.428 ,PASSED,traffic  NAC:0x8A1 LDU1 bch_err=0 raw=?
2026-04-19 18:05:24.431 ,PASSED,traffic  NAC:0x8A1 TDU_LC bch_err=0 raw=0xF
2026-04-19 18:05:24.431 ,PASSED,traffic  NAC:0x8A1 TDU_LC bch_err=0 raw=?
2026-04-19 18:05:24.434 ,PASSED,traffic  NAC:0x8A1 TDU_LC bch_err=0 raw=0xF
2026-04-19 18:05:24.434 ,PASSED,traffic  NAC:0x8A1 TDU_LC bch_err=0 raw=?
2026-04-19 18:05:24.436 ,PASSED,traffic  NAC:0x8A1 TDU_LC bch_err=0 raw=0xF
2026-04-19 18:05:24.436 ,PASSED,traffic  NAC:0x8A1 TDU_LC bch_err=0 raw=?
2026-04-19 18:05:24.439 ,PASSED,traffic  NAC:0x8A1 TDU_LC bch_err=0 raw=0xF
2026-04-19 18:05:24.439 ,PASSED,traffic  NAC:0x8A1 TDU_LC bch_err=0 raw=?
2026-04-19 18:05:24.441 ,PASSED,traffic  NAC:0x8A1 TDU_LC bch_err=0 raw=0xF
2026-04-19 18:05:24.441 ,PASSED,traffic  NAC:0x8A1 TDU_LC bch_err=0 raw=?
2026-04-19 18:05:24.444 ,PASSED,traffic  NAC:0x8A1 TDU_LC bch_err=0 raw=0xF
2026-04-19 18:05:24.444 ,PASSED,traffic  NAC:0x8A1 TDU_LC bch_err=0 raw=?
2026-04-19 18:05:24.446 ,PASSED,traffic  NAC:0x8A1 TDU_LC bch_err=0 raw=0xF
2026-04-19 18:05:24.446 ,PASSED,traffic  NAC:0x8A1 TDU_LC bch_err=0 raw=?
2026-04-19 18:05:24.449 ,PASSED,traffic  NAC:0x8A1 TDU_LC bch_err=0 raw=0xF
2026-04-19 18:05:24.449 ,PASSED,traffic  NAC:0x8A1 TDU_LC bch_err=0 raw=?
2026-04-19 18:05:24.451 ,PASSED,traffic  NAC:0x8A1 TDU_LC bch_err=0 raw=0xF
2026-04-19 18:05:24.451 ,PASSED,traffic  NAC:0x8A1 TDU_LC bch_err=0 raw=?
2026-04-19 18:05:24.454 ,PASSED,traffic  NAC:0x8A1 TDU_LC bch_err=0 raw=0xF
2026-04-19 18:05:24.454 ,PASSED,traffic  NAC:0x8A1 TDU_LC bch_err=0 raw=?
2026-04-19 18:05:24.456 ,PASSED,traffic  NAC:0x8A1 TDU_LC bch_err=0 raw=0xF
2026-04-19 18:05:24.456 ,PASSED,traffic  NAC:0x8A1 TDU_LC bch_err=0 raw=?
2026-04-19 18:05:24.460 ,CORRECTED,traffic  NAC:0x8A1 TDU_LC bch_err=1 raw=0xF
2026-04-19 18:05:24.460 ,PASSED,traffic  NAC:0x8A1 TDU_LC bch_err=0 raw=?
2026-04-19 18:05:24.463 ,PASSED,traffic  NAC:0x8A1 TDU_LC bch_err=0 raw=0xF
2026-04-19 18:05:24.463 ,PASSED,traffic  NAC:0x8A1 TDU_LC bch_err=0 raw=?
2026-04-19 18:05:24.468 ,CORRECTED,traffic  NAC:0x8A1 TDU_LC bch_err=1 raw=0xF
2026-04-19 18:05:24.468 ,PASSED,traffic  NAC:0x8A1 TDU_LC bch_err=0 raw=?
2026-04-19 18:05:24.470 ,PASSED,traffic  NAC:0x8A1 TDU_LC bch_err=0 raw=0xF
2026-04-19 18:05:24.470 ,PASSED,traffic  NAC:0x8A1 TDU_LC bch_err=0 raw=?
2026-04-19 18:05:24.883 ,PASSED,control  NAC:0x8A1 TSDU bch_err=0 raw=0x7
2026-04-19 18:05:24.887 ,PASSED,control  NAC:0x8A1 TSDU bch_err=0 raw=0x7
2026-04-19 18:05:24.892 ,PASSED,control  NAC:0x8A1 TSDU bch_err=0 raw=0x7
2026-04-19 18:05:24.896 ,PASSED,control  NAC:0x8A1 TSDU bch_err=0 raw=0x7
2026-04-19 18:05:24.903 ,PASSED,control  NAC:0x8A1 TSDU bch_err=0 raw=0x7
2026-04-19 18:05:24.907 ,PASSED,control  NAC:0x8A1 TSDU bch_err=0 raw=0x7
2026-04-19 18:05:24.913 ,CORRECTED,control  NAC:0x8A1 TSDU bch_err=1 raw=0x7
2026-04-19 18:05:24.918 ,PASSED,control  NAC:0x8A1 TSDU bch_err=0 raw=0x7
2026-04-19 18:05:24.922 ,PASSED,control  NAC:0x8A1 TSDU bch_err=0 raw=0x7
2026-04-19 18:05:24.928 ,PASSED,control  NAC:0x8A1 TSDU bch_err=0 raw=0x7
2026-04-19 18:05:24.932 ,PASSED,control  NAC:0x8A1 TSDU bch_err=0 raw=0x7
2026-04-19 18:05:24.937 ,CORRECTED,control  NAC:0x8A1 TSDU bch_err=4 raw=0x7
2026-04-19 18:05:24.941 ,PASSED,control  NAC:0x8A1 TSDU bch_err=0 raw=0x7
2026-04-19 18:05:24.947 ,PASSED,control  NAC:0x8A1 TSDU bch_err=0 raw=0x7
2026-04-19 18:05:24.951 ,PASSED,control  NAC:0x8A1 TSDU bch_err=0 raw=0x7
2026-04-19 18:05:24.956 ,PASSED,control  NAC:0x8A1 TSDU bch_err=0 raw=0x7
2026-04-19 18:05:24.960 ,PASSED,control  NAC:0x8A1 TSDU bch_err=0 raw=0x7
2026-04-19 18:05:24.964 ,PASSED,control  NAC:0x8A1 TSDU bch_err=0 raw=0x7
2026-04-19 18:05:24.971 ,PASSED,control  NAC:0x8A1 TSDU bch_err=0 raw=0x7
2026-04-19 18:05:24.975 ,PASSED,control  NAC:0x8A1 TSDU bch_err=0 raw=0x7
2026-04-19 18:05:24.983 ,CORRECTED,control  NAC:0x8A1 TSDU bch_err=1 raw=0x3
2026-04-19 18:05:24.986 ,PASSED,control  NAC:0x8A1 TSDU bch_err=0 raw=0x7
2026-04-19 18:05:24.990 ,PASSED,control  NAC:0x8A1 TSDU bch_err=0 raw=0x7
2026-04-19 18:05:24.995 ,PASSED,control  NAC:0x8A1 TSDU bch_err=0 raw=0x7
2026-04-19 18:05:25.000 ,PASSED,control  NAC:0x8A1 TSDU bch_err=0 raw=0x7
2026-04-19 18:05:25.003 ,PASSED,control  NAC:0x8A1 TSDU bch_err=0 raw=0x7
2026-04-19 18:05:25.007 ,PASSED,control  NAC:0x8A1 TSDU bch_err=0 raw=0x7
2026-04-19 18:05:25.013 ,PASSED,control  NAC:0x8A1 TSDU bch_err=0 raw=0x7
2026-04-19 18:05:25.024 ,PASSED,control  NAC:0x8A1 TSDU bch_err=0 raw=0x7
2026-04-19 18:05:25.026 ,PASSED,control  NAC:0x8A1 TSDU bch_err=0 raw=0x7
2026-04-19 18:05:25.031 ,CORRECTED,control  NAC:0x8A1 TSDU bch_err=1 raw=0x7
2026-04-19 18:05:25.034 ,PASSED,control  NAC:0x8A1 TSDU bch_err=0 raw=0x7
2026-04-19 18:05:25.037 ,PASSED,control  NAC:0x8A1 TSDU bch_err=0 raw=0x7
2026-04-19 18:05:25.041 ,PASSED,control  NAC:0x8A1 TSDU bch_err=0 raw=0x7
2026-04-19 18:05:25.045 ,PASSED,control  NAC:0x8A1 TSDU bch_err=0 raw=0x7
2026-04-19 18:05:25.048 ,PASSED,control  NAC:0x8A1 TSDU bch_err=0 raw=0x7
2026-04-19 18:05:25.052 ,PASSED,control  NAC:0x8A1 TSDU bch_err=0 raw=0x7
2026-04-19 18:05:25.057 ,CORRECTED,control  NAC:0x8A1 TSDU bch_err=1 raw=0x7
2026-04-19 18:05:25.061 ,PASSED,control  NAC:0x8A1 TSDU bch_err=0 raw=0x7
2026-04-19 18:05:25.065 ,PASSED,control  NAC:0x8A1 TSDU bch_err=0 raw=0x7
2026-04-19 18:05:25.069 ,PASSED,control  NAC:0x8A1 TSDU bch_err=0 raw=0x7
2026-04-19 18:05:25.075 ,CORRECTED,control  NAC:0x8A1 TSDU bch_err=1 raw=0x7
2026-04-19 18:05:25.079 ,PASSED,control  NAC:0x8A1 TSDU bch_err=0 raw=0x7
2026-04-19 18:05:25.083 ,PASSED,control  NAC:0x8A1 TSDU bch_err=0 raw=0x7
2026-04-19 18:05:28.295 ,PASSED,control  NAC:0x8A1 TSDU bch_err=0 raw=0x7
2026-04-19 18:05:28.298 ,PASSED,control  NAC:0x8A1 TSDU bch_err=0 raw=0x7
2026-04-19 18:05:28.303 ,CORRECTED,control  NAC:0x8A1 TSDU bch_err=2 raw=0x3
2026-04-19 18:05:28.306 ,PASSED,control  NAC:0x8A1 TSDU bch_err=0 raw=0x7
2026-04-19 18:05:28.310 ,PASSED,control  NAC:0x8A1 TSDU bch_err=0 raw=0x7
2026-04-19 18:05:28.312 ,PASSED,control  NAC:0x8A1 TSDU bch_err=0 raw=0x7
2026-04-19 18:05:28.316 ,PASSED,control  NAC:0x8A1 TSDU bch_err=0 raw=0x7
2026-04-19 18:05:28.319 ,PASSED,control  NAC:0x8A1 TSDU bch_err=0 raw=0x7
2026-04-19 18:05:28.322 ,PASSED,control  NAC:0x8A1 TSDU bch_err=0 raw=0x7
2026-04-19 18:05:28.325 ,PASSED,control  NAC:0x8A1 TSDU bch_err=0 raw=0x7
2026-04-19 18:05:28.328 ,PASSED,control  NAC:0x8A1 TSDU bch_err=0 raw=0x7
2026-04-19 18:05:28.332 ,PASSED,control  NAC:0x8A1 TSDU bch_err=0 raw=0x7
2026-04-19 18:05:28.336 ,CORRECTED,control  NAC:0x8A1 TSDU bch_err=9 raw=0x3
2026-04-19 18:05:28.339 ,PASSED,control  NAC:0x8A1 TSDU bch_err=0 raw=0x7
2026-04-19 18:05:28.342 ,PASSED,control  NAC:0x8A1 TSDU bch_err=0 raw=0x7
2026-04-19 18:05:28.346 ,PASSED,control  NAC:0x8A1 TSDU bch_err=0 raw=0x7
2026-04-19 18:05:28.349 ,PASSED,control  NAC:0x8A1 TSDU bch_err=0 raw=0x7
2026-04-19 18:05:28.352 ,PASSED,control  NAC:0x8A1 TSDU bch_err=0 raw=0x7
2026-04-19 18:05:28.355 ,PASSED,control  NAC:0x8A1 TSDU bch_err=0 raw=0x7
2026-04-19 18:05:28.359 ,PASSED,control  NAC:0x8A1 TSDU bch_err=0 raw=0x7
2026-04-19 18:05:28.362 ,PASSED,control  NAC:0x8A1 TSDU bch_err=0 raw=0x7
2026-04-19 18:05:28.365 ,PASSED,control  NAC:0x8A1 TSDU bch_err=0 raw=0x7
2026-04-19 18:05:28.368 ,PASSED,control  NAC:0x8A1 TSDU bch_err=0 raw=0x7
2026-04-19 18:05:28.373 ,CORRECTED,control  NAC:0x8A1 TSDU bch_err=1 raw=0x7
2026-04-19 18:05:28.376 ,PASSED,control  NAC:0x8A1 TSDU bch_err=0 raw=0x7
2026-04-19 18:05:28.381 ,CORRECTED,control  NAC:0x8A1 TSDU bch_err=2 raw=0x7
2026-04-19 18:05:28.384 ,PASSED,control  NAC:0x8A1 TSDU bch_err=0 raw=0x7
2026-04-19 18:05:28.387 ,PASSED,control  NAC:0x8A1 TSDU bch_err=0 raw=0x7
2026-04-19 18:05:28.391 ,PASSED,control  NAC:0x8A1 TSDU bch_err=0 raw=0x7
2026-04-19 18:05:28.394 ,PASSED,control  NAC:0x8A1 TSDU bch_err=0 raw=0x7
2026-04-19 18:05:28.399 ,CORRECTED,control  NAC:0x8A1 TSDU bch_err=1 raw=0x7
2026-04-19 18:05:28.402 ,PASSED,control  NAC:0x8A1 TSDU bch_err=0 raw=0x7
2026-04-19 18:05:28.405 ,PASSED,control  NAC:0x8A1 TSDU bch_err=0 raw=0x7
2026-04-19 18:05:28.408 ,PASSED,control  NAC:0x8A1 TSDU bch_err=0 raw=0x7
2026-04-19 18:05:28.412 ,PASSED,control  NAC:0x8A1 TSDU bch_err=0 raw=0x7
2026-04-19 18:05:28.415 ,PASSED,control  NAC:0x8A1 TSDU bch_err=0 raw=0x7
2026-04-19 18:05:28.418 ,PASSED,control  NAC:0x8A1 TSDU bch_err=0 raw=0x7
2026-04-19 18:05:28.421 ,PASSED,control  NAC:0x8A1 TSDU bch_err=0 raw=0x7
2026-04-19 18:05:28.425 ,PASSED,control  NAC:0x8A1 TSDU bch_err=0 raw=0x7
2026-04-19 18:05:28.428 ,PASSED,control  NAC:0x8A1 TSDU bch_err=0 raw=0x7
2026-04-19 18:05:28.431 ,PASSED,control  NAC:0x8A1 TSDU bch_err=0 raw=0x7
2026-04-19 18:05:28.433 ,PASSED,control  NAC:0x8A1 TSDU bch_err=0 raw=0x7
2026-04-19 18:05:28.437 ,PASSED,control  NAC:0x8A1 TSDU bch_err=0 raw=0x7
2026-04-19 18:05:31.711 ,CORRECTED,control  NAC:0x8A1 TSDU bch_err=2 raw=0x7
2026-04-19 18:05:31.713 ,PASSED,control  NAC:0x8A1 TSDU bch_err=0 raw=0x7
2026-04-19 18:05:31.716 ,PASSED,control  NAC:0x8A1 TSDU bch_err=0 raw=0x7
2026-04-19 18:05:31.719 ,PASSED,control  NAC:0x8A1 TSDU bch_err=0 raw=0x7
2026-04-19 18:05:31.722 ,PASSED,control  NAC:0x8A1 TSDU bch_err=0 raw=0x7
2026-04-19 18:05:31.724 ,PASSED,control  NAC:0x8A1 TSDU bch_err=0 raw=0x7
2026-04-19 18:05:31.727 ,PASSED,control  NAC:0x8A1 TSDU bch_err=0 raw=0x7
2026-04-19 18:05:31.730 ,PASSED,control  NAC:0x8A1 TSDU bch_err=0 raw=0x7
2026-04-19 18:05:31.732 ,PASSED,control  NAC:0x8A1 TSDU bch_err=0 raw=0x7
2026-04-19 18:05:31.735 ,PASSED,control  NAC:0x8A1 TSDU bch_err=0 raw=0x7
2026-04-19 18:05:31.738 ,PASSED,control  NAC:0x8A1 TSDU bch_err=0 raw=0x7
2026-04-19 18:05:31.741 ,PASSED,control  NAC:0x8A1 TSDU bch_err=0 raw=0x7
2026-04-19 18:05:31.743 ,PASSED,control  NAC:0x8A1 TSDU bch_err=0 raw=0x7
2026-04-19 18:05:31.746 ,PASSED,control  NAC:0x8A1 TSDU bch_err=0 raw=0x7
2026-04-19 18:05:31.749 ,PASSED,control  NAC:0x8A1 TSDU bch_err=0 raw=0x7
2026-04-19 18:05:31.752 ,PASSED,control  NAC:0x8A1 TSDU bch_err=0 raw=0x7
2026-04-19 18:05:31.754 ,PASSED,control  NAC:0x8A1 TSDU bch_err=0 raw=0x7
2026-04-19 18:05:31.757 ,PASSED,control  NAC:0x8A1 TSDU bch_err=0 raw=0x7
2026-04-19 18:05:31.760 ,PASSED,control  NAC:0x8A1 TSDU bch_err=0 raw=0x7
2026-04-19 18:05:31.763 ,PASSED,control  NAC:0x8A1 TSDU bch_err=0 raw=0x7
2026-04-19 18:05:31.766 ,PASSED,control  NAC:0x8A1 TSDU bch_err=0 raw=0x7
2026-04-19 18:05:31.768 ,PASSED,control  NAC:0x8A1 TSDU bch_err=0 raw=0x7
2026-04-19 18:05:31.771 ,PASSED,control  NAC:0x8A1 TSDU bch_err=0 raw=0x7
2026-04-19 18:05:31.774 ,PASSED,control  NAC:0x8A1 TSDU bch_err=0 raw=0x7
2026-04-19 18:05:31.776 ,PASSED,control  NAC:0x8A1 TSDU bch_err=0 raw=0x7
2026-04-19 18:05:31.779 ,PASSED,control  NAC:0x8A1 TSDU bch_err=0 raw=0x7
2026-04-19 18:05:31.782 ,PASSED,control  NAC:0x8A1 TSDU bch_err=0 raw=0x7
2026-04-19 18:05:31.785 ,PASSED,control  NAC:0x8A1 TSDU bch_err=0 raw=0x7
2026-04-19 18:05:31.787 ,PASSED,control  NAC:0x8A1 TSDU bch_err=0 raw=0x7
2026-04-19 18:05:31.790 ,PASSED,control  NAC:0x8A1 TSDU bch_err=0 raw=0x7
2026-04-19 18:05:31.793 ,PASSED,control  NAC:0x8A1 TSDU bch_err=0 raw=0x7
2026-04-19 18:05:31.795 ,PASSED,control  NAC:0x8A1 TSDU bch_err=0 raw=0x7
2026-04-19 18:05:31.798 ,PASSED,control  NAC:0x8A1 TSDU bch_err=0 raw=0x7
2026-04-19 18:05:31.801 ,PASSED,control  NAC:0x8A1 TSDU bch_err=0 raw=0x7
2026-04-19 18:05:31.804 ,PASSED,control  NAC:0x8A1 TSDU bch_err=0 raw=0x7
2026-04-19 18:05:31.808 ,CORRECTED,control  NAC:0x8A1 TSDU bch_err=10 raw=0x3
2026-04-19 18:05:31.811 ,PASSED,control  NAC:0x8A1 TSDU bch_err=0 raw=0x7
2026-04-19 18:05:31.813 ,PASSED,control  NAC:0x8A1 TSDU bch_err=0 raw=0x7
2026-04-19 18:05:31.816 ,PASSED,control  NAC:0x8A1 TSDU bch_err=0 raw=0x7
2026-04-19 18:05:31.819 ,PASSED,control  NAC:0x8A1 TSDU bch_err=0 raw=0x7
2026-04-19 18:05:31.821 ,PASSED,control  NAC:0x8A1 TSDU bch_err=0 raw=0x7
2026-04-19 18:05:31.824 ,PASSED,control  NAC:0x8A1 TSDU bch_err=0 raw=0x7
2026-04-19 18:05:31.827 ,PASSED,control  NAC:0x8A1 TSDU bch_err=0 raw=0x7
2026-04-19 18:05:31.829 ,PASSED,control  NAC:0x8A1 TSDU bch_err=0 raw=0x7
2026-04-19 18:05:35.122 ,PASSED,control  NAC:0x8A1 TSDU bch_err=0 raw=0x7
2026-04-19 18:05:35.124 ,PASSED,control  NAC:0x8A1 TSDU bch_err=0 raw=0x7
2026-04-19 18:05:35.129 ,CORRECTED,control  NAC:0x8A1 TSDU bch_err=2 raw=0x7
2026-04-19 18:05:35.131 ,PASSED,control  NAC:0x8A1 TSDU bch_err=0 raw=0x7
2026-04-19 18:05:35.134 ,PASSED,control  NAC:0x8A1 TSDU bch_err=0 raw=0x7
2026-04-19 18:05:35.137 ,PASSED,control  NAC:0x8A1 TSDU bch_err=0 raw=0x7
2026-04-19 18:05:35.139 ,PASSED,control  NAC:0x8A1 TSDU bch_err=0 raw=0x7
2026-04-19 18:05:35.144 ,CORRECTED,control  NAC:0x8A1 TSDU bch_err=2 raw=0x7
2026-04-19 18:05:35.146 ,PASSED,control  NAC:0x8A1 TSDU bch_err=0 raw=0x7
2026-04-19 18:05:35.149 ,PASSED,control  NAC:0x8A1 TSDU bch_err=0 raw=0x7
2026-04-19 18:05:35.152 ,PASSED,control  NAC:0x8A1 TSDU bch_err=0 raw=0x7
2026-04-19 18:05:35.155 ,PASSED,control  NAC:0x8A1 TSDU bch_err=0 raw=0x7
2026-04-19 18:05:35.157 ,PASSED,control  NAC:0x8A1 TSDU bch_err=0 raw=0x7
2026-04-19 18:05:35.160 ,PASSED,control  NAC:0x8A1 TSDU bch_err=0 raw=0x7
2026-04-19 18:05:35.163 ,PASSED,control  NAC:0x8A1 TSDU bch_err=0 raw=0x7
2026-04-19 18:05:35.165 ,PASSED,control  NAC:0x8A1 TSDU bch_err=0 raw=0x7
2026-04-19 18:05:35.168 ,PASSED,control  NAC:0x8A1 TSDU bch_err=0 raw=0x7
2026-04-19 18:05:35.171 ,PASSED,control  NAC:0x8A1 TSDU bch_err=0 raw=0x7
2026-04-19 18:05:35.174 ,PASSED,control  NAC:0x8A1 TSDU bch_err=0 raw=0x7
2026-04-19 18:05:35.177 ,PASSED,control  NAC:0x8A1 TSDU bch_err=0 raw=0x7
2026-04-19 18:05:35.179 ,PASSED,control  NAC:0x8A1 TSDU bch_err=0 raw=0x7
2026-04-19 18:05:35.182 ,PASSED,control  NAC:0x8A1 TSDU bch_err=0 raw=0x7
2026-04-19 18:05:35.185 ,PASSED,control  NAC:0x8A1 TSDU bch_err=0 raw=0x7
2026-04-19 18:05:35.188 ,PASSED,control  NAC:0x8A1 TSDU bch_err=0 raw=0x7
2026-04-19 18:05:35.190 ,PASSED,control  NAC:0x8A1 TSDU bch_err=0 raw=0x7
2026-04-19 18:05:35.193 ,PASSED,control  NAC:0x8A1 TSDU bch_err=0 raw=0x7
2026-04-19 18:05:35.196 ,PASSED,control  NAC:0x8A1 TSDU bch_err=0 raw=0x7
2026-04-19 18:05:35.199 ,PASSED,control  NAC:0x8A1 TSDU bch_err=0 raw=0x7
2026-04-19 18:05:35.201 ,PASSED,control  NAC:0x8A1 TSDU bch_err=0 raw=0x7
2026-04-19 18:05:35.204 ,PASSED,control  NAC:0x8A1 TSDU bch_err=0 raw=0x7
2026-04-19 18:05:35.207 ,PASSED,control  NAC:0x8A1 TSDU bch_err=0 raw=0x7
2026-04-19 18:05:35.209 ,PASSED,control  NAC:0x8A1 TSDU bch_err=0 raw=0x7
2026-04-19 18:05:35.212 ,PASSED,control  NAC:0x8A1 TSDU bch_err=0 raw=0x7
2026-04-19 18:05:35.215 ,PASSED,control  NAC:0x8A1 TSDU bch_err=0 raw=0x7
2026-04-19 18:05:35.217 ,PASSED,control  NAC:0x8A1 TSDU bch_err=0 raw=0x7
2026-04-19 18:05:35.220 ,PASSED,control  NAC:0x8A1 TSDU bch_err=0 raw=0x7
2026-04-19 18:05:35.225 ,CORRECTED,control  NAC:0x8A1 TSDU bch_err=2 raw=0x7
2026-04-19 18:05:35.227 ,PASSED,control  NAC:0x8A1 TSDU bch_err=0 raw=0x7
2026-04-19 18:05:35.230 ,PASSED,control  NAC:0x8A1 TSDU bch_err=0 raw=0x7
2026-04-19 18:05:35.233 ,PASSED,control  NAC:0x8A1 TSDU bch_err=0 raw=0x7
2026-04-19 18:05:35.235 ,PASSED,control  NAC:0x8A1 TSDU bch_err=0 raw=0x7
2026-04-19 18:05:35.238 ,PASSED,control  NAC:0x8A1 TSDU bch_err=0 raw=0x7
2026-04-19 18:05:35.243 ,CORRECTED,control  NAC:0x8A1 TSDU bch_err=1 raw=0x7